,1990,2005,2010,2015,2020,2025,2030,2035,2040,2045,2050,2055,2060,SSP,Version,GCAM,sector,subsector,technology,output,concentration,input,product,fuel,LandLeaf,GHG,Units,categorization
0,16.3092,27.1534,33.3563,38.5175,41.7875,,,,0.23029908168565844,0.08868426421889862,0.14029643693323704,0.15726296790403327,0.15613450924166045,SSP1,Lower CI,Eastern Africa,missing,Corn,Corn,missing,missing,missing,missing,missing,missing,missing,Pcal,Eastern AfricaCorn
1,16.3092,27.1534,33.3563,38.5175,41.7875,,,,0.24660000000000082,0.1845999999999961,0.1634999999999991,0.16480000000000672,0.16149999999999665,SSP1,Median,Eastern Africa,missing,Corn,Corn,missing,missing,missing,missing,missing,missing,missing,Pcal,Eastern AfricaCorn
2,16.3092,27.1534,33.3563,38.5175,41.7875,,,,0.271700918314347,0.23888906911443203,0.17042987885623986,0.17010545314860498,0.16658128023201957,SSP1,Upper CI,Eastern Africa,missing,Corn,Corn,missing,missing,missing,missing,missing,missing,missing,Pcal,Eastern AfricaCorn
21,8.42815,12.700809999999999,13.58373,13.46642,16.37451,,,,-0.019855265502764424,-0.11257463466368434,-0.04959020664977757,-0.05851223580005474,-0.0758647706690404,SSP1,Lower CI,Eastern Africa,missingmissing,Fruits and Vegetables,FruitsVegetables,missingmissing,missingmissing,missingmissing,missingmissing,missingmissing,missingmissing,missingmissing,Pcal,Eastern AfricaFruits and Vegetables
22,8.42815,12.700809999999999,13.58373,13.46642,16.37451,,,,-0.013359999999998706,-0.029960000000000875,-0.03790000000000404,-0.049900000000000944,-0.06359999999999744,SSP1,Median,Eastern Africa,missingmissing,Fruits and Vegetables,FruitsVegetables,missingmissing,missingmissing,missingmissing,missingmissing,missingmissing,missingmissing,missingmissing,Pcal,Eastern AfricaFruits and Vegetables
23,8.42815,12.700809999999999,13.58373,13.46642,16.37451,,,,-0.004644734497234302,0.01446530133034931,-0.02825189861338514,-0.035445658936789026,-0.04748259775200972,SSP1,Upper CI,Eastern Africa,missingmissing,Fruits and Vegetables,FruitsVegetables,missingmissing,missingmissing,missingmissing,missingmissing,missingmissing,missingmissing,missingmissing,Pcal,Eastern AfricaFruits and Vegetables
42,0.224861,0.338275,0.768787,1.2261,1.49083,,,,-0.001452895427445258,-0.009452828435177682,-0.003424161151404417,-0.003984669350414409,-0.005480500286171513,SSP1,Lower CI,Eastern Africa,missing,Other Crops,MiscCrop,missing,missing,missing,missing,missing,missing,missing,Pcal,Eastern AfricaOther Crops
43,0.224861,0.338275,0.768787,1.2261,1.49083,,,,-0.0009899999999998244,-0.0018799999999998818,-0.00246999999999975,-0.0032799999999992835,-0.0044800000000000395,SSP1,Median,Eastern Africa,missing,Other Crops,MiscCrop,missing,missing,missing,missing,missing,missing,missing,Pcal,Eastern AfricaOther Crops
44,0.224861,0.338275,0.768787,1.2261,1.49083,,,,-0.00045853314398289343,0.0019728284351779425,-0.0018095230591211261,-0.002289014860111029,-0.003316341819091262,SSP1,Upper CI,Eastern Africa,missing,Other Crops,MiscCrop,missing,missing,missing,missing,missing,missing,missing,Pcal,Eastern AfricaOther Crops
63,4.717325,10.381689,15.527987000000001,10.910256,13.31747,,,,0.020556515319889813,-0.02216850833363456,0.0645845189753346,0.07526566071361307,0.075705179307836,SSP1,Lower CI,Eastern Africa,missingmissingmissingmissing,Plant Oils,FiberCropOilCropOilPalmSoybean,missingmissingmissingmissing,missingmissingmissingmissing,missingmissingmissingmissing,missingmissingmissingmissing,missingmissingmissingmissing,missingmissingmissingmissing,missingmissingmissingmissing,Pcal,Eastern AfricaPlant Oils
64,4.717325,10.381689,15.527987000000001,10.910256,13.31747,,,,0.04205099999999684,0.0798399999999998,0.08972599999999609,0.08927699999999483,0.08622199999999824,SSP1,Median,Eastern Africa,missingmissingmissingmissing,Plant Oils,FiberCropOilCropOilPalmSoybean,missingmissingmissingmissing,missingmissingmissingmissing,missingmissingmissingmissing,missingmissingmissingmissing,missingmissingmissingmissing,missingmissingmissingmissing,missingmissingmissingmissing,Pcal,Eastern AfricaPlant Oils
65,4.717325,10.381689,15.527987000000001,10.910256,13.31747,,,,0.05209234182296226,0.09443050833363453,0.10322748102466048,0.10120318139164289,0.09278587332374062,SSP1,Upper CI,Eastern Africa,missingmissingmissingmissing,Plant Oils,FiberCropOilCropOilPalmSoybean,missingmissingmissingmissing,missingmissingmissingmissing,missingmissingmissingmissing,missingmissingmissingmissing,missingmissingmissingmissing,missingmissingmissingmissing,missingmissingmissingmissing,Pcal,Eastern AfricaPlant Oils
84,22.3899,32.6778,35.6094,44.9129,48.7445,,,,0.24895153194220718,0.11037328258781513,0.19020857837740024,0.21613492078934732,0.22609824709510842,SSP1,Lower CI,Eastern Africa,missing,Other Grains,OtherGrain,missing,missing,missing,missing,missing,missing,missing,Pcal,Eastern AfricaOther Grains
85,22.3899,32.6778,35.6094,44.9129,48.7445,,,,0.25739999999999696,0.2319000000000031,0.21699999999999875,0.22359999999999758,0.23329999999999984,SSP1,Median,Eastern Africa,missing,Other Grains,OtherGrain,missing,missing,missing,missing,missing,missing,missing,Pcal,Eastern AfricaOther Grains
86,22.3899,32.6778,35.6094,44.9129,48.7445,,,,0.2675056109149339,0.2804933840788534,0.2268019479383897,0.2301282371053902,0.23748070027330778,SSP1,Upper CI,Eastern Africa,missing,Other Grains,OtherGrain,missing,missing,missing,missing,missing,missing,missing,Pcal,Eastern AfricaOther Grains
105,19.71925,32.57479,37.207412,43.150037,52.921302999999995,,,,-0.0074394877499270665,-0.025222406301090322,0.1203298622858266,0.1618644583983655,0.21587949922336835,SSP1,Lower CI,Eastern Africa,missingmissingmissingmissingmissingmissingmissingmissing,Protein,BeefDairyOtherMeat_FishPorkPoultrySheepGoatLegumesNutsSeeds,missingmissingmissingmissingmissingmissingmissingmissing,missingmissingmissingmissingmissingmissingmissingmissing,missingmissingmissingmissingmissingmissingmissingmissing,missingmissingmissingmissingmissingmissingmissingmissing,missingmissingmissingmissingmissingmissingmissingmissing,missingmissingmissingmissingmissingmissingmissingmissing,missingmissingmissingmissingmissingmissingmissingmissing,Pcal,Eastern AfricaProtein
106,19.71925,32.57479,37.207412,43.150037,52.921302999999995,,,,0.05302000000000007,0.13484000000000584,0.1765599999999996,0.23376200000000513,0.30759699999999257,SSP1,Median,Eastern Africa,missingmissingmissingmissingmissingmissingmissingmissing,Protein,BeefDairyOtherMeat_FishPorkPoultrySheepGoatLegumesNutsSeeds,missingmissingmissingmissingmissingmissingmissingmissing,missingmissingmissingmissingmissingmissingmissingmissing,missingmissingmissingmissingmissingmissingmissingmissing,missingmissingmissingmissingmissingmissingmissingmissing,missingmissingmissingmissingmissingmissingmissingmissing,missingmissingmissingmissingmissingmissingmissingmissing,missingmissingmissingmissingmissingmissingmissingmissing,Pcal,Eastern AfricaProtein
107,19.71925,32.57479,37.207412,43.150037,52.921302999999995,,,,0.11613091632136605,0.18412107296775188,0.24124697981943233,0.29522933107532545,0.38199513235557103,SSP1,Upper CI,Eastern Africa,missingmissingmissingmissingmissingmissingmissingmissing,Protein,BeefDairyOtherMeat_FishPorkPoultrySheepGoatLegumesNutsSeeds,missingmissingmissingmissingmissingmissingmissingmissing,missingmissingmissingmissingmissingmissingmissingmissing,missingmissingmissingmissingmissingmissingmissingmissing,missingmissingmissingmissingmissingmissingmissingmissing,missingmissingmissingmissingmissingmissingmissingmissing,missingmissingmissingmissingmissingmissingmissingmissing,missingmissingmissingmissingmissingmissingmissingmissing,Pcal,Eastern AfricaProtein
126,5.7171,10.1405,12.0387,14.354,15.6023,,,,-0.7176789512760802,-0.6923348132256197,-0.5649279068207156,-0.542581798183825,-0.5410653344628933,SSP1,Lower CI,Eastern Africa,missing,Rice,Rice,missing,missing,missing,missing,missing,missing,missing,Pcal,Eastern AfricaRice
127,5.7171,10.1405,12.0387,14.354,15.6023,,,,-0.7099000000000011,-0.6246000000000009,-0.5456000000000003,-0.5409000000000006,-0.5385999999999989,SSP1,Median,Eastern Africa,missing,Rice,Rice,missing,missing,missing,missing,missing,missing,missing,Pcal,Eastern AfricaRice
128,5.7171,10.1405,12.0387,14.354,15.6023,,,,-0.6985781915810629,-0.47187852010771564,-0.5019773563371799,-0.5381129386582792,-0.5369451918528958,SSP1,Upper CI,Eastern Africa,missing,Rice,Rice,missing,missing,missing,missing,missing,missing,missing,Pcal,Eastern AfricaRice
147,12.1522,16.6494,17.8417,23.33,25.3047,,,,0.0829377973589655,-0.008511724155367974,0.02122050548955285,0.031675079384380814,0.03285253315518451,SSP1,Lower CI,Eastern Africa,missing,Roots and Tubers,RootTuber,missing,missing,missing,missing,missing,missing,missing,Pcal,Eastern AfricaRoots and Tubers
148,12.1522,16.6494,17.8417,23.33,25.3047,,,,0.09759999999999991,0.04910000000000281,0.031500000000001194,0.03870000000000218,0.03719999999999857,SSP1,Median,Eastern Africa,missing,Roots and Tubers,RootTuber,missing,missing,missing,missing,missing,missing,missing,Pcal,Eastern AfricaRoots and Tubers
149,12.1522,16.6494,17.8417,23.33,25.3047,,,,0.11626220264103412,0.09008505748870446,0.049063705036764806,0.047851236405095254,0.044200098423762796,SSP1,Upper CI,Eastern Africa,missing,Roots and Tubers,RootTuber,missing,missing,missing,missing,missing,missing,missing,Pcal,Eastern AfricaRoots and Tubers
168,1.11038,1.90977,8.48235,13.0304,15.7235,,,,-0.08261829454472754,-0.26966673140299635,-0.1186287453933352,-0.1479417070169204,-0.1657436973775227,SSP1,Lower CI,Eastern Africa,missing,Sugar Crops,SugarCrop,missing,missing,missing,missing,missing,missing,missing,Pcal,Eastern AfricaSugar Crops
169,1.11038,1.90977,8.48235,13.0304,15.7235,,,,-0.06579999999999586,-0.0899999999999963,-0.1121000000000052,-0.13179999999999836,-0.14920000000000044,SSP1,Median,Eastern Africa,missing,Sugar Crops,SugarCrop,missing,missing,missing,missing,missing,missing,missing,Pcal,Eastern AfricaSugar Crops
170,1.11038,1.90977,8.48235,13.0304,15.7235,,,,-0.04603884831240883,0.3932933980696658,-0.09579230723824889,-0.11970039824624051,-0.1302036710435287,SSP1,Upper CI,Eastern Africa,missing,Sugar Crops,SugarCrop,missing,missing,missing,missing,missing,missing,missing,Pcal,Eastern AfricaSugar Crops
189,10.724,19.2566,25.083,27.8979,30.3696,,,,0.05396370763479045,0.00502223844526184,0.10349484992219661,0.1040159818527854,0.10312039850073089,SSP1,Lower CI,Eastern Africa,missing,Wheat,Wheat,missing,missing,missing,missing,missing,missing,missing,Pcal,Eastern AfricaWheat
190,10.724,19.2566,25.083,27.8979,30.3696,,,,0.11899999999999977,0.13659999999999428,0.12760000000000105,0.1109999999999971,0.11020000000000607,SSP1,Median,Eastern Africa,missing,Wheat,Wheat,missing,missing,missing,missing,missing,missing,missing,Pcal,Eastern AfricaWheat
191,10.724,19.2566,25.083,27.8979,30.3696,,,,0.14717914950806485,0.3583377615547317,0.16717883428832792,0.12744717604195163,0.11699539097295976,SSP1,Upper CI,Eastern Africa,missing,Wheat,Wheat,missing,missing,missing,missing,missing,missing,missing,Pcal,Eastern AfricaWheat
210,13.1097,21.7038,24.4581,26.7655,27.7532,,,,-0.07500833867932724,-0.147979219977696,-0.03855910001178828,-0.009266955961986565,0.00357529935702483,SSP1,Lower CI,Northern Africa,missing,Corn,Corn,missing,missing,missing,missing,missing,missing,missing,Pcal,Northern AfricaCorn
211,13.1097,21.7038,24.4581,26.7655,27.7532,,,,-0.01640000000000086,-0.019700000000000273,-0.00829999999999842,0.0010000000000012221,0.007799999999999585,SSP1,Median,Northern Africa,missing,Corn,Corn,missing,missing,missing,missing,missing,missing,missing,Pcal,Northern AfricaCorn
212,13.1097,21.7038,24.4581,26.7655,27.7532,,,,0.005065481536467645,0.08919255331102849,-0.0043040578829459004,0.0034774822777790607,0.010919437485080683,SSP1,Upper CI,Northern Africa,missing,Corn,Corn,missing,missing,missing,missing,missing,missing,missing,Pcal,Northern AfricaCorn
231,7.91572,14.32713,17.22494,19.433030000000002,22.52823,,,,0.14813307929067296,0.06324697466133321,0.1586609729669479,0.1729188802715294,0.18025440223653152,SSP1,Lower CI,Northern Africa,missingmissing,Fruits and Vegetables,FruitsVegetables,missingmissing,missingmissing,missingmissing,missingmissing,missingmissing,missingmissing,missingmissing,Pcal,Northern AfricaFruits and Vegetables
232,7.91572,14.32713,17.22494,19.433030000000002,22.52823,,,,0.15390000000000015,0.1517999999999997,0.17040000000000077,0.18079999999999785,0.18500000000000227,SSP1,Median,Northern Africa,missingmissing,Fruits and Vegetables,FruitsVegetables,missingmissing,missingmissing,missingmissing,missingmissing,missingmissing,missingmissing,missingmissing,Pcal,Northern AfricaFruits and Vegetables
233,7.91572,14.32713,17.22494,19.433030000000002,22.52823,,,,0.16280977785218323,0.2035930253386657,0.17702323755936752,0.1879126986758365,0.19027191355294584,SSP1,Upper CI,Northern Africa,missingmissing,Fruits and Vegetables,FruitsVegetables,missingmissing,missingmissing,missingmissing,missingmissing,missingmissing,missingmissing,missingmissing,Pcal,Northern AfricaFruits and Vegetables
252,0.465486,0.966104,0.943095,0.837106,0.973457,,,,0.0006456484453919661,-0.003041823903918958,0.0007044916851159286,0.0009788480621658548,0.0009647121623957835,SSP1,Lower CI,Northern Africa,missing,Other Crops,MiscCrop,missing,missing,missing,missing,missing,missing,missing,Pcal,Northern AfricaOther Crops
253,0.465486,0.966104,0.943095,0.837106,0.973457,,,,0.0008799999999999919,0.0005800000000000249,0.0011099999999999444,0.0012699999999998823,0.0011200000000000099,SSP1,Median,Northern Africa,missing,Other Crops,MiscCrop,missing,missing,missing,missing,missing,missing,missing,Pcal,Northern AfricaOther Crops
254,0.465486,0.966104,0.943095,0.837106,0.973457,,,,0.0010143515546080604,0.0027044905705855757,0.0014249819990944544,0.0015158887799393906,0.0012679194165514862,SSP1,Upper CI,Northern Africa,missing,Other Crops,MiscCrop,missing,missing,missing,missing,missing,missing,missing,Pcal,Northern AfricaOther Crops
273,6.4914931,9.446298,13.143022,16.9650124,19.64513754,,,,-0.06053211878345621,-0.08543796304498044,0.012735947965126154,0.029336060830679453,0.051426793444324964,SSP1,Lower CI,Northern Africa,missingmissingmissingmissing,Plant Oils,FiberCropOilCropOilPalmSoybean,missingmissingmissingmissing,missingmissingmissingmissing,missingmissingmissingmissing,missingmissingmissingmissing,missingmissingmissingmissing,missingmissingmissingmissing,missingmissingmissingmissing,Pcal,Northern AfricaPlant Oils
274,6.4914931,9.446298,13.143022,16.9650124,19.64513754,,,,-0.037661539999997634,0.03274943999999911,0.040747300000001936,0.04688300000000049,0.061016000000001375,SSP1,Median,Northern Africa,missingmissingmissingmissing,Plant Oils,FiberCropOilCropOilPalmSoybean,missingmissingmissingmissing,missingmissingmissingmissing,missingmissingmissingmissing,missingmissingmissingmissing,missingmissingmissingmissing,missingmissingmissingmissing,missingmissingmissingmissing,Pcal,Northern AfricaPlant Oils
275,6.4914931,9.446298,13.143022,16.9650124,19.64513754,,,,0.00028406449774428036,0.08524860171164564,0.0747282625611932,0.07382128653774202,0.07629504866093992,SSP1,Upper CI,Northern Africa,missingmissingmissingmissing,Plant Oils,FiberCropOilCropOilPalmSoybean,missingmissingmissingmissing,missingmissingmissingmissing,missingmissingmissingmissing,missingmissingmissingmissing,missingmissingmissingmissing,missingmissingmissingmissing,missingmissingmissingmissing,Pcal,Northern AfricaPlant Oils
294,7.51345,6.76551,6.47635,6.47365,6.73564,,,,0.017252243602890318,0.0019085619488430003,0.031163271555636994,0.0360547588202384,0.035604939414634176,SSP1,Lower CI,Northern Africa,missing,Other Grains,OtherGrain,missing,missing,missing,missing,missing,missing,missing,Pcal,Northern AfricaOther Grains
295,7.51345,6.76551,6.47635,6.47365,6.73564,,,,0.04202999999999957,0.04173000000000027,0.03940999999999928,0.03786999999999985,0.035800000000000054,SSP1,Median,Northern Africa,missing,Other Grains,OtherGrain,missing,missing,missing,missing,missing,missing,missing,Pcal,Northern AfricaOther Grains
296,7.51345,6.76551,6.47635,6.47365,6.73564,,,,0.04937632782568037,0.05298477138449089,0.03918199160225711,0.03798313591660371,0.03626979742747155,SSP1,Upper CI,Northern Africa,missing,Other Grains,OtherGrain,missing,missing,missing,missing,missing,missing,missing,Pcal,Northern AfricaOther Grains
315,13.9068433,23.5464056,26.0660441,29.2123956,34.04684758,,,,0.04907885805361706,0.04930450421543105,0.06416285193391282,0.05581822713898395,0.04283045157323883,SSP1,Lower CI,Northern Africa,missingmissingmissingmissingmissingmissingmissingmissing,Protein,BeefDairyOtherMeat_FishPorkPoultrySheepGoatLegumesNutsSeeds,missingmissingmissingmissingmissingmissingmissingmissing,missingmissingmissingmissingmissingmissingmissingmissing,missingmissingmissingmissingmissingmissingmissingmissing,missingmissingmissingmissingmissingmissingmissingmissing,missingmissingmissingmissingmissingmissingmissingmissing,missingmissingmissingmissingmissingmissingmissingmissing,missingmissingmissingmissingmissingmissingmissingmissing,Pcal,Northern AfricaProtein
316,13.9068433,23.5464056,26.0660441,29.2123956,34.04684758,,,,0.06241155999999731,0.06995391000000141,0.07475724000000095,0.06707302000000259,0.05227298999999533,SSP1,Median,Northern Africa,missingmissingmissingmissingmissingmissingmissingmissing,Protein,BeefDairyOtherMeat_FishPorkPoultrySheepGoatLegumesNutsSeeds,missingmissingmissingmissingmissingmissingmissingmissing,missingmissingmissingmissingmissingmissingmissingmissing,missingmissingmissingmissingmissingmissingmissingmissing,missingmissingmissingmissingmissingmissingmissingmissing,missingmissingmissingmissingmissingmissingmissingmissing,missingmissingmissingmissingmissingmissingmissingmissing,missingmissingmissingmissingmissingmissingmissingmissing,Pcal,Northern AfricaProtein
317,13.9068433,23.5464056,26.0660441,29.2123956,34.04684758,,,,0.07930223051780916,0.09191308111790379,0.08960644806609468,0.07322929812417546,0.0611467326372807,SSP1,Upper CI,Northern Africa,missingmissingmissingmissingmissingmissingmissingmissing,Protein,BeefDairyOtherMeat_FishPorkPoultrySheepGoatLegumesNutsSeeds,missingmissingmissingmissingmissingmissingmissingmissing,missingmissingmissingmissingmissingmissingmissingmissing,missingmissingmissingmissingmissingmissingmissingmissing,missingmissingmissingmissingmissingmissingmissingmissing,missingmissingmissingmissingmissingmissingmissingmissing,missingmissingmissingmissingmissingmissingmissingmissing,missingmissingmissingmissingmissingmissingmissingmissing,Pcal,Northern AfricaProtein
336,7.30542,12.5605,13.2946,14.0422,14.4901,,,,-0.3007441193499801,-0.3315210682312436,-0.25391760180330214,-0.23472142858883577,-0.2206942969450798,SSP1,Lower CI,Northern Africa,missing,Rice,Rice,missing,missing,missing,missing,missing,missing,missing,Pcal,Northern AfricaRice
337,7.30542,12.5605,13.2946,14.0422,14.4901,,,,-0.26119999999999877,-0.25900000000000034,-0.24230000000000018,-0.2301000000000002,-0.21799999999999997,SSP1,Median,Northern Africa,missing,Rice,Rice,missing,missing,missing,missing,missing,missing,missing,Pcal,Northern AfricaRice
338,7.30542,12.5605,13.2946,14.0422,14.4901,,,,-0.24605588065001943,-0.2239055984354232,-0.23398766135459348,-0.22849962404274515,-0.21718991358123546,SSP1,Upper CI,Northern Africa,missing,Rice,Rice,missing,missing,missing,missing,missing,missing,missing,Pcal,Northern AfricaRice
357,2.42319,4.1154,5.17383,5.76874,5.9801,,,,7.661785089397351e-05,-0.040385297821306496,-0.004432969021341119,0.0028312083292500985,0.005418425363522418,SSP1,Lower CI,Northern Africa,missing,Roots and Tubers,RootTuber,missing,missing,missing,missing,missing,missing,missing,Pcal,Northern AfricaRoots and Tubers
358,2.42319,4.1154,5.17383,5.76874,5.9801,,,,0.0036800000000001276,-0.0005099999999993443,0.0011099999999997223,0.005819999999999936,0.007220000000000226,SSP1,Median,Northern Africa,missing,Roots and Tubers,RootTuber,missing,missing,missing,missing,missing,missing,missing,Pcal,Northern AfricaRoots and Tubers
359,2.42319,4.1154,5.17383,5.76874,5.9801,,,,0.01562338214910598,0.020601297821307395,0.006864547968709296,0.008468791670749463,0.009036311478582646,SSP1,Upper CI,Northern Africa,missing,Roots and Tubers,RootTuber,missing,missing,missing,missing,missing,missing,missing,Pcal,Northern AfricaRoots and Tubers
378,1.8968,2.99135,9.32895,14.2947,16.4616,,,,-0.22776752853837992,-0.36384354736286856,-0.283427187370652,-0.2988568642761603,-0.29646903564864696,SSP1,Lower CI,Northern Africa,missing,Sugar Crops,SugarCrop,missing,missing,missing,missing,missing,missing,missing,Pcal,Northern AfricaSugar Crops
379,1.8968,2.99135,9.32895,14.2947,16.4616,,,,-0.21969999999999956,-0.25319999999999965,-0.27890000000000015,-0.2884999999999991,-0.2896000000000001,SSP1,Median,Northern Africa,missing,Sugar Crops,SugarCrop,missing,missing,missing,missing,missing,missing,missing,Pcal,Northern AfricaSugar Crops
380,1.8968,2.99135,9.32895,14.2947,16.4616,,,,-0.20366104289019296,0.03825688069620087,-0.27253070736618945,-0.2849641883554166,-0.28390991171977303,SSP1,Upper CI,Northern Africa,missing,Sugar Crops,SugarCrop,missing,missing,missing,missing,missing,missing,missing,Pcal,Northern AfricaSugar Crops
399,67.7341,83.7821,83.5762,85.7957,89.581,,,,0.1804746965064984,0.07685715234882196,0.19960928237685224,0.18134174480071444,0.16287134836283726,SSP1,Lower CI,Northern Africa,missing,Wheat,Wheat,missing,missing,missing,missing,missing,missing,missing,Pcal,Northern AfricaWheat
400,67.7341,83.7821,83.5762,85.7957,89.581,,,,0.21930000000000405,0.2301000000000073,0.21309999999999718,0.18789999999999907,0.16860000000001207,SSP1,Median,Northern Africa,missing,Wheat,Wheat,missing,missing,missing,missing,missing,missing,missing,Pcal,Northern AfricaWheat
401,67.7341,83.7821,83.5762,85.7957,89.581,,,,0.3538110177792213,0.5041961809845134,0.25922229657051676,0.2029529920413987,0.1752023358477018,SSP1,Upper CI,Northern Africa,missing,Wheat,Wheat,missing,missing,missing,missing,missing,missing,missing,Pcal,Northern AfricaWheat
420,24.813,33.285,34.8272,37.9047,40.8664,,,,0.05082282954152657,-0.05384367227274572,0.02848567514074626,0.040103566647686224,0.04251000175233288,SSP1,Lower CI,Southern Africa,missing,Corn,Corn,missing,missing,missing,missing,missing,missing,missing,Pcal,Southern AfricaCorn
421,24.813,33.285,34.8272,37.9047,40.8664,,,,0.05820000000000647,0.044400000000003104,0.040500000000001535,0.045000000000001705,0.045000000000001705,SSP1,Median,Southern Africa,missing,Corn,Corn,missing,missing,missing,missing,missing,missing,missing,Pcal,Southern AfricaCorn
422,24.813,33.285,34.8272,37.9047,40.8664,,,,0.07646288474419456,0.08140367227275017,0.04931432485925753,0.05361222282600508,0.0511952614055671,SSP1,Upper CI,Southern Africa,missing,Corn,Corn,missing,missing,missing,missing,missing,missing,missing,Pcal,Southern AfricaCorn
441,1.867835,3.636795,4.7165,6.73442,8.25681,,,,-0.018691641164385864,-0.0422728016802522,-0.04052608553790926,-0.042931830077013566,-0.04646450092655214,SSP1,Lower CI,Southern Africa,missingmissing,Fruits and Vegetables,FruitsVegetables,missingmissing,missingmissing,missingmissing,missingmissing,missingmissing,missingmissing,missingmissing,Pcal,Southern AfricaFruits and Vegetables
442,1.867835,3.636795,4.7165,6.73442,8.25681,,,,-0.01566999999999963,-0.024840000000001083,-0.03311999999999937,-0.038079999999999004,-0.04238999999999926,SSP1,Median,Southern Africa,missingmissing,Fruits and Vegetables,FruitsVegetables,missingmissing,missingmissing,missingmissing,missingmissing,missingmissing,missingmissing,missingmissing,Pcal,Southern AfricaFruits and Vegetables
443,1.867835,3.636795,4.7165,6.73442,8.25681,,,,-0.010076930264186247,-0.011765864986416233,-0.029109703935772283,-0.03292606465982817,-0.03781970959976121,SSP1,Upper CI,Southern Africa,missingmissing,Fruits and Vegetables,FruitsVegetables,missingmissing,missingmissing,missingmissing,missingmissing,missingmissing,missingmissing,missingmissing,Pcal,Southern AfricaFruits and Vegetables
462,0.0449481,0.152493,0.191099,0.193953,0.238028,,,,-0.00016720711632503378,-0.0006376561803483954,-0.0005293646980592248,-0.0005120111831957916,-0.0005214312131987831,SSP1,Lower CI,Southern Africa,missing,Other Crops,MiscCrop,missing,missing,missing,missing,missing,missing,missing,Pcal,Southern AfricaOther Crops
463,0.0449481,0.152493,0.191099,0.193953,0.238028,,,,-0.00011100000000002774,-0.00023399999999995647,-0.0003369999999999207,-0.0003829999999999112,-0.0004250000000000087,SSP1,Median,Southern Africa,missing,Other Crops,MiscCrop,missing,missing,missing,missing,missing,missing,missing,Pcal,Southern AfricaOther Crops
464,0.0449481,0.152493,0.191099,0.193953,0.238028,,,,-2.450716938927713e-05,0.00010112284701507324,-0.00023042477562493335,-0.0002576730273304175,-0.00033046352364337066,SSP1,Upper CI,Southern Africa,missing,Other Crops,MiscCrop,missing,missing,missing,missing,missing,missing,missing,Pcal,Southern AfricaOther Crops
483,3.26286,5.272019,8.980416,11.850923,14.492958,,,,0.007579407094759832,-0.06262136200137412,0.03364855087994942,0.031210268717999222,0.03763018463094915,SSP1,Lower CI,Southern Africa,missingmissingmissingmissing,Plant Oils,FiberCropOilCropOilPalmSoybean,missingmissingmissingmissing,missingmissingmissingmissing,missingmissingmissingmissing,missingmissingmissingmissing,missingmissingmissingmissing,missingmissingmissingmissing,missingmissingmissingmissing,Pcal,Southern AfricaPlant Oils
484,3.26286,5.272019,8.980416,11.850923,14.492958,,,,0.020479999999999388,0.03754999999999775,0.04940999999999818,0.05080999999999891,0.04749000000000092,SSP1,Median,Southern Africa,missingmissingmissingmissing,Plant Oils,FiberCropOilCropOilPalmSoybean,missingmissingmissingmissing,missingmissingmissingmissing,missingmissingmissingmissing,missingmissingmissingmissing,missingmissingmissingmissing,missingmissingmissingmissing,missingmissingmissingmissing,Pcal,Southern AfricaPlant Oils
485,3.26286,5.272019,8.980416,11.850923,14.492958,,,,0.027794878619525492,0.08125069533470548,0.06960302806741732,0.07471604707147314,0.05833718379010833,SSP1,Upper CI,Southern Africa,missingmissingmissingmissing,Plant Oils,FiberCropOilCropOilPalmSoybean,missingmissingmissingmissing,missingmissingmissingmissing,missingmissingmissingmissing,missingmissingmissingmissing,missingmissingmissingmissing,missingmissingmissingmissing,missingmissingmissingmissing,Pcal,Southern AfricaPlant Oils
504,2.14267,2.57722,3.72765,4.18978,4.51663,,,,0.004745369642661333,-0.00689086608089385,0.0028739153852461773,0.0040168531002814315,0.004351489070305076,SSP1,Lower CI,Southern Africa,missing,Other Grains,OtherGrain,missing,missing,missing,missing,missing,missing,missing,Pcal,Southern AfricaOther Grains
505,2.14267,2.57722,3.72765,4.18978,4.51663,,,,0.006839999999999513,0.0049600000000005195,0.0044599999999999085,0.0048200000000004906,0.005069999999999908,SSP1,Median,Southern Africa,missing,Other Grains,OtherGrain,missing,missing,missing,missing,missing,missing,missing,Pcal,Southern AfricaOther Grains
506,2.14267,2.57722,3.72765,4.18978,4.51663,,,,0.008431773214480555,0.008112199414227724,0.005322926720016782,0.005235778478666436,0.005562195140221209,SSP1,Upper CI,Southern Africa,missing,Other Grains,OtherGrain,missing,missing,missing,missing,missing,missing,missing,Pcal,Southern AfricaOther Grains
525,7.728655000000001,13.543220999999999,16.780631,20.945041,26.04399,,,,-0.05026620608214734,-0.11207832708185195,-0.06330526336338933,-0.07019802010569942,-0.06977314205072181,SSP1,Lower CI,Southern Africa,missingmissingmissingmissingmissingmissingmissingmissing,Protein,BeefDairyOtherMeat_FishPorkPoultrySheepGoatLegumesNutsSeeds,missingmissingmissingmissingmissingmissingmissingmissing,missingmissingmissingmissingmissingmissingmissingmissing,missingmissingmissingmissingmissingmissingmissingmissing,missingmissingmissingmissingmissingmissingmissingmissing,missingmissingmissingmissingmissingmissingmissingmissing,missingmissingmissingmissingmissingmissingmissingmissing,missingmissingmissingmissingmissingmissingmissingmissing,Pcal,Southern AfricaProtein
526,7.728655000000001,13.543220999999999,16.780631,20.945041,26.04399,,,,-0.025092000000001502,-0.03778099999999762,-0.045128999999998975,-0.04688600000000398,-0.0420360000000074,SSP1,Median,Southern Africa,missingmissingmissingmissingmissingmissingmissingmissing,Protein,BeefDairyOtherMeat_FishPorkPoultrySheepGoatLegumesNutsSeeds,missingmissingmissingmissingmissingmissingmissingmissing,missingmissingmissingmissingmissingmissingmissingmissing,missingmissingmissingmissingmissingmissingmissingmissing,missingmissingmissingmissingmissingmissingmissingmissing,missingmissingmissingmissingmissingmissingmissingmissing,missingmissingmissingmissingmissingmissingmissingmissing,missingmissingmissingmissingmissingmissingmissingmissing,Pcal,Southern AfricaProtein
527,7.728655000000001,13.543220999999999,16.780631,20.945041,26.04399,,,,0.0013047775107182767,-0.009823272918144672,-0.018169999794497262,-0.025936085157463925,-0.016192226370337334,SSP1,Upper CI,Southern Africa,missingmissingmissingmissingmissingmissingmissingmissing,Protein,BeefDairyOtherMeat_FishPorkPoultrySheepGoatLegumesNutsSeeds,missingmissingmissingmissingmissingmissingmissingmissing,missingmissingmissingmissingmissingmissingmissingmissing,missingmissingmissingmissingmissingmissingmissingmissing,missingmissingmissingmissingmissingmissingmissingmissing,missingmissingmissingmissingmissingmissingmissingmissing,missingmissingmissingmissingmissingmissingmissingmissing,missingmissingmissingmissingmissingmissingmissingmissing,Pcal,Southern AfricaProtein
546,2.66978,5.66145,7.13586,9.18397,9.86017,,,,-0.08890542752625191,-0.09147280968366157,-0.07745846791260394,-0.06221223293037555,-0.0622814216920038,SSP1,Lower CI,Southern Africa,missing,Rice,Rice,missing,missing,missing,missing,missing,missing,missing,Pcal,Southern AfricaRice
547,2.66978,5.66145,7.13586,9.18397,9.86017,,,,-0.08070000000000022,-0.06899999999999906,-0.06290000000000084,-0.058699999999999974,-0.05879999999999974,SSP1,Median,Southern Africa,missing,Rice,Rice,missing,missing,missing,missing,missing,missing,missing,Pcal,Southern AfricaRice
548,2.66978,5.66145,7.13586,9.18397,9.86017,,,,-0.07392314390232069,-0.007953856983004534,-0.020962584718976367,-0.053019346016991334,-0.0574869993606267,SSP1,Upper CI,Southern Africa,missing,Rice,Rice,missing,missing,missing,missing,missing,missing,missing,Pcal,Southern AfricaRice
567,11.7668,16.8945,21.286,22.3032,23.8671,,,,0.02072941013070628,-0.022503281356382868,-0.022454972055452133,-0.0015850041197575798,0.003406248231738137,SSP1,Lower CI,Southern Africa,missing,Roots and Tubers,RootTuber,missing,missing,missing,missing,missing,missing,missing,Pcal,Southern AfricaRoots and Tubers
568,11.7668,16.8945,21.286,22.3032,23.8671,,,,0.03020000000000067,0.0057000000000009265,0.001300000000000523,0.006799999999998363,0.006999999999997897,SSP1,Median,Southern Africa,missing,Roots and Tubers,RootTuber,missing,missing,missing,missing,missing,missing,missing,Pcal,Southern AfricaRoots and Tubers
569,11.7668,16.8945,21.286,22.3032,23.8671,,,,0.04744201844072379,0.034729948023050405,0.015686551002820244,0.011721846225019551,0.011488488610364573,SSP1,Upper CI,Southern Africa,missing,Roots and Tubers,RootTuber,missing,missing,missing,missing,missing,missing,missing,Pcal,Southern AfricaRoots and Tubers
588,0.476173,0.819943,4.12431,7.27644,8.87435,,,,0.029590869205936503,-0.007297184103192161,0.08180738049950263,0.08756120338492783,0.10190317998202221,SSP1,Lower CI,Southern Africa,missing,Sugar Crops,SugarCrop,missing,missing,missing,missing,missing,missing,missing,Pcal,Southern AfricaSugar Crops
589,0.476173,0.819943,4.12431,7.27644,8.87435,,,,0.034600000000001074,0.058200000000002916,0.08480000000000132,0.0990000000000002,0.1103999999999985,SSP1,Median,Southern Africa,missing,Sugar Crops,SugarCrop,missing,missing,missing,missing,missing,missing,missing,Pcal,Southern AfricaSugar Crops
590,0.476173,0.819943,4.12431,7.27644,8.87435,,,,0.041209130794066996,0.23721718410319634,0.09040314581628751,0.10541774398349261,0.11663366212323985,SSP1,Upper CI,Southern Africa,missing,Sugar Crops,SugarCrop,missing,missing,missing,missing,missing,missing,missing,Pcal,Southern AfricaSugar Crops
609,3.62989,8.0571,8.9488,9.81566,10.5405,,,,-0.04653940288180125,-0.04540575630854901,-0.009859287718260142,-0.006214923515309395,-0.0016727750781619561,SSP1,Lower CI,Southern Africa,missing,Wheat,Wheat,missing,missing,missing,missing,missing,missing,missing,Pcal,Southern AfricaWheat
610,3.62989,8.0571,8.9488,9.81566,10.5405,,,,-0.018499999999999517,0.012299999999999756,0.012100000000000222,0.0005999999999986017,0.0030000000000001137,SSP1,Median,Southern Africa,missing,Wheat,Wheat,missing,missing,missing,missing,missing,missing,missing,Pcal,Southern AfricaWheat
611,3.62989,8.0571,8.9488,9.81566,10.5405,,,,0.001453688596087483,0.10460575630854793,0.030796129823523123,0.010867555094255457,0.005967511920267307,SSP1,Upper CI,Southern Africa,missing,Wheat,Wheat,missing,missing,missing,missing,missing,missing,missing,Pcal,Southern AfricaWheat
630,19.8843,27.341,37.4724,45.7606,49.6681,,,,0.09656277218761922,0.06785821958985885,-0.035454873461991526,0.029156648482230173,0.05875824203670057,SSP1,Lower CI,Western Africa,missing,Corn,Corn,missing,missing,missing,missing,missing,missing,missing,Pcal,Western AfricaCorn
631,19.8843,27.341,37.4724,45.7606,49.6681,,,,0.10770000000000124,0.10309999999999775,0.11360000000000525,0.12390000000000612,0.12430000000000518,SSP1,Median,Western Africa,missing,Corn,Corn,missing,missing,missing,missing,missing,missing,missing,Pcal,Western AfricaCorn
632,19.8843,27.341,37.4724,45.7606,49.6681,,,,0.1299800849552388,0.20091511374346768,0.16551803135673265,0.15350650941251215,0.14702070533172593,SSP1,Upper CI,Western Africa,missing,Corn,Corn,missing,missing,missing,missing,missing,missing,missing,Pcal,Western AfricaCorn
651,11.51402,17.83771,21.839309999999998,26.63989,32.724419999999995,,,,-0.04595004480700155,-0.8106529988365079,-0.08240695930406824,-0.09378583397769294,-0.1117150991666174,SSP1,Lower CI,Western Africa,missingmissing,Fruits and Vegetables,FruitsVegetables,missingmissing,missingmissing,missingmissing,missingmissing,missingmissing,missingmissing,missingmissing,Pcal,Western AfricaFruits and Vegetables
652,11.51402,17.83771,21.839309999999998,26.63989,32.724419999999995,,,,-0.024900000000002365,-0.04549999999999699,-0.058400000000006,-0.07280000000000086,-0.09149999999999636,SSP1,Median,Western Africa,missingmissing,Fruits and Vegetables,FruitsVegetables,missingmissing,missingmissing,missingmissing,missingmissing,missingmissing,missingmissing,missingmissing,Pcal,Western AfricaFruits and Vegetables
653,11.51402,17.83771,21.839309999999998,26.63989,32.724419999999995,,,,-0.001764240907290708,0.19351966550318173,-0.04110883016962204,-0.013119429180210689,-0.056379637675489154,SSP1,Upper CI,Western Africa,missingmissing,Fruits and Vegetables,FruitsVegetables,missingmissing,missingmissing,missingmissing,missingmissing,missingmissing,missingmissing,missingmissing,Pcal,Western AfricaFruits and Vegetables
672,0.416325,0.959525,1.73581,1.55956,1.91912,,,,-0.000815280172046102,-0.0442150535049805,-0.0016552423998708087,-0.001982559590142011,-0.0026530072983272134,SSP1,Lower CI,Western Africa,missing,Other Crops,MiscCrop,missing,missing,missing,missing,missing,missing,missing,Pcal,Western AfricaOther Crops
673,0.416325,0.959525,1.73581,1.55956,1.91912,,,,0.00027000000000043656,-9.000000000014552e-05,-0.0003599999999996939,-0.0008699999999999264,-0.0016800000000003479,SSP1,Median,Western Africa,missing,Other Crops,MiscCrop,missing,missing,missing,missing,missing,missing,missing,Pcal,Western AfricaOther Crops
674,0.416325,0.959525,1.73581,1.55956,1.91912,,,,0.0010181373149036857,0.013444386838314162,0.0002605055577654304,0.002303612221721425,1.0902035169025161e-05,SSP1,Upper CI,Western Africa,missing,Other Crops,MiscCrop,missing,missing,missing,missing,missing,missing,missing,Pcal,Western AfricaOther Crops
693,14.102097,20.19725,27.34357,36.01872,44.30761,,,,0.031225484739766135,-0.31428081565426086,-0.041840569459979125,-0.008669442463533995,-0.002250898626723702,SSP1,Lower CI,Western Africa,missingmissingmissingmissing,Plant Oils,FiberCropOilCropOilPalmSoybean,missingmissingmissingmissing,missingmissingmissingmissing,missingmissingmissingmissing,missingmissingmissingmissing,missingmissingmissingmissing,missingmissingmissingmissing,missingmissingmissingmissing,Pcal,Western AfricaPlant Oils
694,14.102097,20.19725,27.34357,36.01872,44.30761,,,,0.04808999999999308,0.08801999999999932,0.09473999999999805,0.08225999999999001,0.06386999999999787,SSP1,Median,Western Africa,missingmissingmissingmissing,Plant Oils,FiberCropOilCropOilPalmSoybean,missingmissingmissingmissing,missingmissingmissingmissing,missingmissingmissingmissing,missingmissingmissingmissing,missingmissingmissingmissing,missingmissingmissingmissing,missingmissingmissingmissing,Pcal,Western AfricaPlant Oils
695,14.102097,20.19725,27.34357,36.01872,44.30761,,,,0.05994880097450822,0.21207414898759044,0.16039741156522938,0.1266104950951026,0.09199616178461888,SSP1,Upper CI,Western Africa,missingmissingmissingmissing,Plant Oils,FiberCropOilCropOilPalmSoybean,missingmissingmissingmissing,missingmissingmissingmissing,missingmissingmissingmissing,missingmissingmissingmissing,missingmissingmissingmissing,missingmissingmissingmissing,missingmissingmissingmissing,Pcal,Western AfricaPlant Oils
714,40.7443,58.9316,56.2399,54.8499,59.6255,,,,0.15056384554733981,-0.45510648776144474,0.08354753512453131,0.14574402686351218,0.15364118692920642,SSP1,Lower CI,Western Africa,missing,Other Grains,OtherGrain,missing,missing,missing,missing,missing,missing,missing,Pcal,Western AfricaOther Grains
715,40.7443,58.9316,56.2399,54.8499,59.6255,,,,0.18949999999999534,0.14390000000000214,0.14470000000000027,0.15699999999999648,0.1629999999999967,SSP1,Median,Western Africa,missing,Other Grains,OtherGrain,missing,missing,missing,missing,missing,missing,missing,Pcal,Western AfricaOther Grains
716,40.7443,58.9316,56.2399,54.8499,59.6255,,,,0.20115044016694433,0.3394931544281142,0.171968254349161,0.1812980783996498,0.1817272341234169,SSP1,Upper CI,Western Africa,missing,Other Grains,OtherGrain,missing,missing,missing,missing,missing,missing,missing,Pcal,Western AfricaOther Grains
735,19.371048,39.96513,52.6666,59.90906,74.96137,,,,0.028753605748863986,0.021202210467731963,0.21448036811834095,0.26524363547428315,0.37542757115620423,SSP1,Lower CI,Western Africa,missingmissingmissingmissingmissingmissingmissingmissing,Protein,BeefDairyOtherMeat_FishPorkPoultrySheepGoatLegumesNutsSeeds,missingmissingmissingmissingmissingmissingmissingmissing,missingmissingmissingmissingmissingmissingmissingmissing,missingmissingmissingmissingmissingmissingmissingmissing,missingmissingmissingmissingmissingmissingmissingmissing,missingmissingmissingmissingmissingmissingmissingmissing,missingmissingmissingmissingmissingmissingmissingmissing,missingmissingmissingmissingmissingmissingmissingmissing,Pcal,Western AfricaProtein
736,19.371048,39.96513,52.6666,59.90906,74.96137,,,,0.16048999999998692,0.2397700000000107,0.2852100000000086,0.37335999999997815,0.48243000000001546,SSP1,Median,Western Africa,missingmissingmissingmissingmissingmissingmissingmissing,Protein,BeefDairyOtherMeat_FishPorkPoultrySheepGoatLegumesNutsSeeds,missingmissingmissingmissingmissingmissingmissingmissing,missingmissingmissingmissingmissingmissingmissingmissing,missingmissingmissingmissingmissingmissingmissingmissing,missingmissingmissingmissingmissingmissingmissingmissing,missingmissingmissingmissingmissingmissingmissingmissing,missingmissingmissingmissingmissingmissingmissingmissing,missingmissingmissingmissingmissingmissingmissingmissing,Pcal,Western AfricaProtein
737,19.371048,39.96513,52.6666,59.90906,74.96137,,,,0.279349251393973,0.705088456198948,0.4227512108290381,0.4387511013678194,0.5771166393701064,SSP1,Upper CI,Western Africa,missingmissingmissingmissingmissingmissingmissingmissing,Protein,BeefDairyOtherMeat_FishPorkPoultrySheepGoatLegumesNutsSeeds,missingmissingmissingmissingmissingmissingmissingmissing,missingmissingmissingmissingmissingmissingmissingmissing,missingmissingmissingmissingmissingmissingmissingmissing,missingmissingmissingmissingmissingmissingmissingmissing,missingmissingmissingmissingmissingmissingmissingmissing,missingmissingmissingmissingmissingmissingmissingmissing,missingmissingmissingmissingmissingmissingmissingmissing,Pcal,Western AfricaProtein
756,23.0979,38.0403,49.419,56.2881,61.2301,,,,-0.4158815922155954,-1.0404972406612607,-0.46164736927387706,-0.3605802648470153,-0.3431860197005619,SSP1,Lower CI,Western Africa,missing,Rice,Rice,missing,missing,missing,missing,missing,missing,missing,Pcal,Western AfricaRice
757,23.0979,38.0403,49.419,56.2881,61.2301,,,,-0.3773000000000053,-0.33049999999998647,-0.31630000000001246,-0.3141999999999996,-0.3225999999999942,SSP1,Median,Western Africa,missing,Rice,Rice,missing,missing,missing,missing,missing,missing,missing,Pcal,Western AfricaRice
758,23.0979,38.0403,49.419,56.2881,61.2301,,,,-0.34651840778441423,1.8958705739946093,0.046173685063341435,-0.3069249983108799,-0.31310871714153815,SSP1,Upper CI,Western Africa,missing,Rice,Rice,missing,missing,missing,missing,missing,missing,missing,Pcal,Western AfricaRice
777,43.9432,65.7427,87.3078,110.774,120.082,,,,0.07786056680217093,-1.6026389790810676,-0.12680258063294914,-0.01248600117855761,-0.0049783361945452825,SSP1,Lower CI,Western Africa,missing,Roots and Tubers,RootTuber,missing,missing,missing,missing,missing,missing,missing,Pcal,Western AfricaRoots and Tubers
778,43.9432,65.7427,87.3078,110.774,120.082,,,,0.132000000000005,0.008000000000009777,0.007000000000005002,0.020999999999986585,0.02199999999999136,SSP1,Median,Western Africa,missing,Roots and Tubers,RootTuber,missing,missing,missing,missing,missing,missing,missing,Pcal,Western AfricaRoots and Tubers
779,43.9432,65.7427,87.3078,110.774,120.082,,,,0.19385371891212103,0.5199723124144269,0.08332889642242466,0.12480179065222463,0.085715178299811,SSP1,Upper CI,Western Africa,missing,Roots and Tubers,RootTuber,missing,missing,missing,missing,missing,missing,missing,Pcal,Western AfricaRoots and Tubers
798,1.37545,2.21515,9.58323,15.9619,19.4718,,,,-0.11963017974950439,-0.8349130819959906,-0.18656626755011035,-0.21581967921459277,-0.20400175461604056,SSP1,Lower CI,Western Africa,missing,Sugar Crops,SugarCrop,missing,missing,missing,missing,missing,missing,missing,Pcal,Western AfricaSugar Crops
799,1.37545,2.21515,9.58323,15.9619,19.4718,,,,-0.08929999999999438,-0.1373000000000033,-0.1472000000000051,-0.16510000000000957,-0.18540000000000134,SSP1,Median,Western Africa,missing,Sugar Crops,SugarCrop,missing,missing,missing,missing,missing,missing,missing,Pcal,Western AfricaSugar Crops
800,1.37545,2.21515,9.58323,15.9619,19.4718,,,,-0.07862696310763014,2.2997797486626532,-0.04630741666042108,-0.15159084710120502,-0.166745613805013,SSP1,Upper CI,Western Africa,missing,Sugar Crops,SugarCrop,missing,missing,missing,missing,missing,missing,missing,Pcal,Western AfricaSugar Crops
819,8.01998,21.4085,23.0997,26.5133,28.8472,,,,-0.11241852746471385,-0.17756494582100055,-0.015978138612708734,0.005894701082573409,0.01152633724713878,SSP1,Lower CI,Western Africa,missing,Wheat,Wheat,missing,missing,missing,missing,missing,missing,missing,Pcal,Western AfricaWheat
820,8.01998,21.4085,23.0997,26.5133,28.8472,,,,-0.027700000000002944,0.035899999999998045,0.04629999999999512,0.019300000000001205,0.02179999999999893,SSP1,Median,Western Africa,missing,Wheat,Wheat,missing,missing,missing,missing,missing,missing,missing,Pcal,Western AfricaWheat
821,8.01998,21.4085,23.0997,26.5133,28.8472,,,,0.02838995603613627,0.26404494582099514,0.09738866492849023,0.04876845681216954,0.03444208380549075,SSP1,Upper CI,Western Africa,missing,Wheat,Wheat,missing,missing,missing,missing,missing,missing,missing,Pcal,Western AfricaWheat
840,0.547027,1.24921,1.46279,1.6579,1.67685,,,,0.0017256135735304403,-0.0002739672389982977,-0.00035657990579740105,0.0005211311842243547,0.0006607155073370888,SSP1,Lower CI,Argentina,missing,Corn,Corn,missing,missing,missing,missing,missing,missing,missing,Pcal,ArgentinaCorn
841,0.547027,1.24921,1.46279,1.6579,1.67685,,,,0.0023699999999999832,0.0014399999999998858,0.0007900000000000684,0.0010799999999999699,0.0009899999999998244,SSP1,Median,Argentina,missing,Corn,Corn,missing,missing,missing,missing,missing,missing,missing,Pcal,ArgentinaCorn
842,0.547027,1.24921,1.46279,1.6579,1.67685,,,,0.005262957855041094,0.004675300572331481,0.0019207904321133875,0.0013820267105122404,0.0011582318610837729,SSP1,Upper CI,Argentina,missing,Corn,Corn,missing,missing,missing,missing,missing,missing,missing,Pcal,ArgentinaCorn
861,1.687119,1.956256,2.04665,2.223146,2.398115,,,,-0.002328560442292827,-0.003654518926799681,-0.002960670668873468,-0.0025873586786663433,-0.0022928224630460506,SSP1,Lower CI,Argentina,missingmissing,Fruits and Vegetables,FruitsVegetables,missingmissing,missingmissing,missingmissing,missingmissing,missingmissing,missingmissing,missingmissing,Pcal,ArgentinaFruits and Vegetables
862,1.687119,1.956256,2.04665,2.223146,2.398115,,,,-0.0012000000000000899,-0.0022599999999997067,-0.0022100000000000453,-0.0019400000000000528,-0.0017800000000001148,SSP1,Median,Argentina,missingmissing,Fruits and Vegetables,FruitsVegetables,missingmissing,missingmissing,missingmissing,missingmissing,missingmissing,missingmissing,missingmissing,Pcal,ArgentinaFruits and Vegetables
863,1.687119,1.956256,2.04665,2.223146,2.398115,,,,-0.00019143955770737817,0.0009731855934667227,-0.0016603819627055082,-0.0013757992160707288,-0.001377703852743255,SSP1,Upper CI,Argentina,missingmissing,Fruits and Vegetables,FruitsVegetables,missingmissing,missingmissing,missingmissing,missingmissing,missingmissing,missingmissing,missingmissing,Pcal,ArgentinaFruits and Vegetables
882,0.156044,0.229105,0.214691,0.231057,0.249305,,,,0.00043006149296424665,0.0003931061806364249,0.0004870283102846319,0.0005091449967829121,0.0005147150133423731,SSP1,Lower CI,Argentina,missing,Other Crops,MiscCrop,missing,missing,missing,missing,missing,missing,missing,Pcal,ArgentinaOther Crops
883,0.156044,0.229105,0.214691,0.231057,0.249305,,,,0.0005669999999999842,0.00048800000000004395,0.0005469999999999642,0.0005709999999999882,0.0005650000000000377,SSP1,Median,Argentina,missing,Other Crops,MiscCrop,missing,missing,missing,missing,missing,missing,missing,Pcal,ArgentinaOther Crops
884,0.156044,0.229105,0.214691,0.231057,0.249305,,,,0.0006422242213214694,0.0008118271526969477,0.0006054980055047863,0.0006229602663749784,0.0006028639340260876,SSP1,Upper CI,Argentina,missing,Other Crops,MiscCrop,missing,missing,missing,missing,missing,missing,missing,Pcal,ArgentinaOther Crops
903,2.9781008,3.7379124999999997,4.4805627,5.1222707000000005,5.5423688,,,,0.005894853650400631,0.00031361833509083517,0.022132647309487483,0.022695000067129593,0.023987051705429595,SSP1,Lower CI,Argentina,missingmissingmissing,Plant Oils,FiberCropOilCropSoybean,missingmissingmissing,missingmissingmissing,missingmissingmissing,missingmissingmissing,missingmissingmissing,missingmissingmissing,missingmissingmissing,Pcal,ArgentinaPlant Oils
904,2.9781008,3.7379124999999997,4.4805627,5.1222707000000005,5.5423688,,,,0.01682979999999959,0.024526600000000093,0.027148599999999343,0.026150400000000566,0.02696630000000009,SSP1,Median,Argentina,missingmissingmissing,Plant Oils,FiberCropOilCropSoybean,missingmissingmissing,missingmissingmissing,missingmissingmissing,missingmissingmissing,missingmissingmissing,missingmissingmissing,missingmissingmissing,Pcal,ArgentinaPlant Oils
905,2.9781008,3.7379124999999997,4.4805627,5.1222707000000005,5.5423688,,,,0.021680317778170786,0.03340838166490975,0.03196455269051169,0.030284873617081293,0.028795232505097492,SSP1,Upper CI,Argentina,missingmissingmissing,Plant Oils,FiberCropOilCropSoybean,missingmissingmissing,missingmissingmissing,missingmissingmissing,missingmissingmissing,missingmissingmissing,missingmissingmissing,missingmissingmissing,Pcal,ArgentinaPlant Oils
924,0.0406141,0.113812,0.604625,0.991133,1.00455,,,,0.0033651600950669516,0.00268768994055204,0.0025688687092947993,0.0030171372558347024,0.003024311350299768,SSP1,Lower CI,Argentina,missing,Other Grains,OtherGrain,missing,missing,missing,missing,missing,missing,missing,Pcal,ArgentinaOther Grains
925,0.0406141,0.113812,0.604625,0.991133,1.00455,,,,0.003710000000000102,0.003430000000000044,0.003170000000000117,0.0031800000000001827,0.0030850000000000044,SSP1,Median,Argentina,missing,Other Grains,OtherGrain,missing,missing,missing,missing,missing,missing,missing,Pcal,ArgentinaOther Grains
926,0.0406141,0.113812,0.604625,0.991133,1.00455,,,,0.006354839904933157,0.004640310059448124,0.0036511312907053037,0.0032797048494286178,0.0031392675970686756,SSP1,Upper CI,Argentina,missing,Other Grains,OtherGrain,missing,missing,missing,missing,missing,missing,missing,Pcal,ArgentinaOther Grains
945,13.3697301,15.5880022,15.1982953,15.6156233,16.772443,,,,-0.011483072971573107,-0.01055645399504857,-0.014062347406866372,-0.015742328369947163,-0.017050973624895976,SSP1,Lower CI,Argentina,missingmissingmissingmissingmissingmissingmissingmissing,Protein,BeefDairyOtherMeat_FishPorkPoultrySheepGoatLegumesNutsSeeds,missingmissingmissingmissingmissingmissingmissingmissing,missingmissingmissingmissingmissingmissingmissingmissing,missingmissingmissingmissingmissingmissingmissingmissing,missingmissingmissingmissingmissingmissingmissingmissing,missingmissingmissingmissingmissingmissingmissingmissing,missingmissingmissingmissingmissingmissingmissingmissing,missingmissingmissingmissingmissingmissingmissingmissing,Pcal,ArgentinaProtein
946,13.3697301,15.5880022,15.1982953,15.6156233,16.772443,,,,-0.006999999999999507,-0.0103970000000006,-0.012271000000001059,-0.0144039999999995,-0.016320999999999586,SSP1,Median,Argentina,missingmissingmissingmissingmissingmissingmissingmissing,Protein,BeefDairyOtherMeat_FishPorkPoultrySheepGoatLegumesNutsSeeds,missingmissingmissingmissingmissingmissingmissingmissing,missingmissingmissingmissingmissingmissingmissingmissing,missingmissingmissingmissingmissingmissingmissingmissing,missingmissingmissingmissingmissingmissingmissingmissing,missingmissingmissingmissingmissingmissingmissingmissing,missingmissingmissingmissingmissingmissingmissingmissing,missingmissingmissingmissingmissingmissingmissingmissing,Pcal,ArgentinaProtein
947,13.3697301,15.5880022,15.1982953,15.6156233,16.772443,,,,0.010769644400144496,-0.002588212671618982,-0.009315968382608513,-0.012604197945841314,-0.014670289532997111,SSP1,Upper CI,Argentina,missingmissingmissingmissingmissingmissingmissingmissing,Protein,BeefDairyOtherMeat_FishPorkPoultrySheepGoatLegumesNutsSeeds,missingmissingmissingmissingmissingmissingmissingmissing,missingmissingmissingmissingmissingmissingmissingmissing,missingmissingmissingmissingmissingmissingmissingmissing,missingmissingmissingmissingmissingmissingmissingmissing,missingmissingmissingmissingmissingmissingmissingmissing,missingmissingmissingmissingmissingmissingmissingmissing,missingmissingmissingmissingmissingmissingmissingmissing,Pcal,ArgentinaProtein
966,0.760084,1.09608,1.21121,1.47569,1.49744,,,,-0.024320312027868107,-0.021685987836559933,-0.022440361572050146,-0.021230131299779045,-0.02046815225525798,SSP1,Lower CI,Argentina,missing,Rice,Rice,missing,missing,missing,missing,missing,missing,missing,Pcal,ArgentinaRice
967,0.760084,1.09608,1.21121,1.47569,1.49744,,,,-0.02151000000000014,-0.02106000000000008,-0.021660000000000013,-0.021079999999999988,-0.02035000000000009,SSP1,Median,Argentina,missing,Rice,Rice,missing,missing,missing,missing,missing,missing,missing,Pcal,ArgentinaRice
968,0.760084,1.09608,1.21121,1.47569,1.49744,,,,-0.019576830829274937,-0.016780678830106848,-0.01992700684900225,-0.02074671080548408,-0.020208689850005342,SSP1,Upper CI,Argentina,missing,Rice,Rice,missing,missing,missing,missing,missing,missing,missing,Pcal,ArgentinaRice
987,1.45874,1.29045,1.33853,1.47863,1.49961,,,,0.0013531855373084202,-0.0019140462134979714,-0.0009527876832664684,-2.6972703820792336e-05,9.404459056177407e-05,SSP1,Lower CI,Argentina,missing,Roots and Tubers,RootTuber,missing,missing,missing,missing,missing,missing,missing,Pcal,ArgentinaRoots and Tubers
988,1.45874,1.29045,1.33853,1.47863,1.49961,,,,0.0027300000000001212,0.0004199999999998649,0.00018999999999991246,0.0006800000000000139,0.0005500000000000504,SSP1,Median,Argentina,missing,Roots and Tubers,RootTuber,missing,missing,missing,missing,missing,missing,missing,Pcal,ArgentinaRoots and Tubers
989,1.45874,1.29045,1.33853,1.47863,1.49961,,,,0.0052868144626917486,0.006254046213497715,0.0015791034727399551,0.0013511832301363986,0.0010227975147013145,SSP1,Upper CI,Argentina,missing,Roots and Tubers,RootTuber,missing,missing,missing,missing,missing,missing,missing,Pcal,ArgentinaRoots and Tubers
1008,0.685236,0.982164,4.00093,6.20968,6.67868,,,,-0.020190234339459386,-0.01815216289944387,-0.01962649596840684,-0.019709153422235972,-0.01884679032551608,SSP1,Lower CI,Argentina,missing,Sugar Crops,SugarCrop,missing,missing,missing,missing,missing,missing,missing,Pcal,ArgentinaSugar Crops
1009,0.685236,0.982164,4.00093,6.20968,6.67868,,,,-0.01731999999999978,-0.017330000000001178,-0.01857000000000042,-0.017949999999999022,-0.017239999999999256,SSP1,Median,Argentina,missing,Sugar Crops,SugarCrop,missing,missing,missing,missing,missing,missing,missing,Pcal,ArgentinaSugar Crops
1010,0.685236,0.982164,4.00093,6.20968,6.67868,,,,-0.01435833708911151,-0.014059837100556662,-0.01547350403159232,-0.014801372893552356,-0.014101630727114215,SSP1,Upper CI,Argentina,missing,Sugar Crops,SugarCrop,missing,missing,missing,missing,missing,missing,missing,Pcal,ArgentinaSugar Crops
1029,13.16,12.8091,16.3451,13.9396,14.2281,,,,0.005296137073520814,0.002193917743679774,0.01339103319622132,0.01489595410446412,0.015090967784134763,SSP1,Lower CI,Argentina,missing,Wheat,Wheat,missing,missing,missing,missing,missing,missing,missing,Pcal,ArgentinaWheat
1030,13.16,12.8091,16.3451,13.9396,14.2281,,,,0.011699999999999378,0.01630000000000109,0.017499999999998295,0.015900000000000247,0.015700000000000713,SSP1,Median,Argentina,missing,Wheat,Wheat,missing,missing,missing,missing,missing,missing,missing,Pcal,ArgentinaWheat
1031,13.16,12.8091,16.3451,13.9396,14.2281,,,,0.015075291497906974,0.02001941558965437,0.020503703645881798,0.01734615115869286,0.01630903221586554,SSP1,Upper CI,Argentina,missing,Wheat,Wheat,missing,missing,missing,missing,missing,missing,missing,Pcal,ArgentinaWheat
1050,0.276547,0.399771,0.399807,0.391666,0.409024,,,,-0.00029173275867619224,0.00014317713835834082,-0.0005386176054954863,6.656371285706153e-05,0.0001592297283537925,SSP1,Lower CI,Australia and New Zealand,missing,Corn,Corn,missing,missing,missing,missing,missing,missing,missing,Pcal,Australia and New ZealandCorn
1051,0.276547,0.399771,0.399807,0.391666,0.409024,,,,0.0005000000000000004,0.0005410000000000137,0.0003809999999999647,0.0004950000000000232,0.0004470000000000862,SSP1,Median,Australia and New Zealand,missing,Corn,Corn,missing,missing,missing,missing,missing,missing,missing,Pcal,Australia and New ZealandCorn
1052,0.276547,0.399771,0.399807,0.391666,0.409024,,,,0.001800018472961932,0.0028038895283084126,0.0007575649739165826,0.0005963836555640289,0.0005692965874357699,SSP1,Upper CI,Australia and New Zealand,missing,Corn,Corn,missing,missing,missing,missing,missing,missing,missing,Pcal,Australia and New ZealandCorn
1071,1.150746,1.6398730000000001,1.846756,1.958162,2.145697,,,,0.0007710941915948417,0.0004295607756015336,0.0014516119025570293,0.002453092889843295,0.002640219555010188,SSP1,Lower CI,Australia and New Zealand,missingmissing,Fruits and Vegetables,FruitsVegetables,missingmissing,missingmissing,missingmissing,missingmissing,missingmissing,missingmissing,missingmissing,Pcal,Australia and New ZealandFruits and Vegetables
1072,1.150746,1.6398730000000001,1.846756,1.958162,2.145697,,,,0.0025800000000000267,0.0023199999999998777,0.00258999999999987,0.0028400000000001757,0.0028999999999999027,SSP1,Median,Australia and New Zealand,missingmissing,Fruits and Vegetables,FruitsVegetables,missingmissing,missingmissing,missingmissing,missingmissing,missingmissing,missingmissing,missingmissing,Pcal,Australia and New ZealandFruits and Vegetables
1073,1.150746,1.6398730000000001,1.846756,1.958162,2.145697,,,,0.003803191522690896,0.0040957725577317515,0.0030115459921797655,0.0033700650048937844,0.003378727813411006,SSP1,Upper CI,Australia and New Zealand,missingmissing,Fruits and Vegetables,FruitsVegetables,missingmissing,missingmissing,missingmissing,missingmissing,missingmissing,missingmissing,missingmissing,Pcal,Australia and New ZealandFruits and Vegetables
1092,0.223436,0.341644,0.346542,0.411725,0.451344,,,,0.0001551599964381704,0.0003724805039133931,0.0005460340067287483,0.0007929846250259757,0.0008501028148516548,SSP1,Lower CI,Australia and New Zealand,missing,Other Crops,MiscCrop,missing,missing,missing,missing,missing,missing,missing,Pcal,Australia and New ZealandOther Crops
1093,0.223436,0.341644,0.346542,0.411725,0.451344,,,,0.0006539999999999324,0.0006800000000000139,0.0008029999999999982,0.0008740000000000414,0.0008939999999999504,SSP1,Median,Australia and New Zealand,missing,Other Crops,MiscCrop,missing,missing,missing,missing,missing,missing,missing,Pcal,Australia and New ZealandOther Crops
1094,0.223436,0.341644,0.346542,0.411725,0.451344,,,,0.0008594114321331546,0.0009291194960866281,0.0008583870459028503,0.0009434364276056336,0.000965160343043007,SSP1,Upper CI,Australia and New Zealand,missing,Other Crops,MiscCrop,missing,missing,missing,missing,missing,missing,missing,Pcal,Australia and New ZealandOther Crops
1113,1.789162,2.051178,3.1151780000000002,4.339897,4.749285,,,,-0.024331412637075375,-0.022352394514855562,-0.018878675797473914,-0.019076528165524312,-0.01949745005180182,SSP1,Lower CI,Australia and New Zealand,missingmissingmissingmissing,Plant Oils,FiberCropOilCropOilPalmSoybean,missingmissingmissingmissing,missingmissingmissingmissing,missingmissingmissingmissing,missingmissingmissingmissing,missingmissingmissingmissing,missingmissingmissingmissing,missingmissingmissingmissing,Pcal,Australia and New ZealandPlant Oils
1114,1.789162,2.051178,3.1151780000000002,4.339897,4.749285,,,,-0.016306000000000376,-0.013421999999999823,-0.015558000000000571,-0.017345000000000332,-0.018107000000000262,SSP1,Median,Australia and New Zealand,missingmissingmissingmissing,Plant Oils,FiberCropOilCropOilPalmSoybean,missingmissingmissingmissing,missingmissingmissingmissing,missingmissingmissingmissing,missingmissingmissingmissing,missingmissingmissingmissing,missingmissingmissingmissing,missingmissingmissingmissing,Pcal,Australia and New ZealandPlant Oils
1115,1.789162,2.051178,3.1151780000000002,4.339897,4.749285,,,,-0.0009254445057819572,-0.008376805485144346,-0.005969429465685087,-0.013587787623949922,-0.01588244468504018,SSP1,Upper CI,Australia and New Zealand,missingmissingmissingmissing,Plant Oils,FiberCropOilCropOilPalmSoybean,missingmissingmissingmissing,missingmissingmissingmissing,missingmissingmissingmissing,missingmissingmissingmissing,missingmissingmissingmissing,missingmissingmissingmissing,missingmissingmissingmissing,Pcal,Australia and New ZealandPlant Oils
1134,0.261537,0.214254,0.745907,1.28473,1.38286,,,,0.0021942466906665708,-0.00030381500156972507,0.000510208396108366,0.0014946789933445235,0.0018142419435460805,SSP1,Lower CI,Australia and New Zealand,missing,Other Grains,OtherGrain,missing,missing,missing,missing,missing,missing,missing,Pcal,Australia and New ZealandOther Grains
1135,0.261537,0.214254,0.745907,1.28473,1.38286,,,,0.0038799999999998835,0.0018899999999999473,0.0015199999999999658,0.0020400000000000418,0.0020500000000001073,SSP1,Median,Australia and New Zealand,missing,Other Grains,OtherGrain,missing,missing,missing,missing,missing,missing,missing,Pcal,Australia and New ZealandOther Grains
1136,0.261537,0.214254,0.745907,1.28473,1.38286,,,,0.0077543247379046245,0.005966481668236422,0.0028897916038917505,0.002487426269813304,0.0023794422669801752,SSP1,Upper CI,Australia and New Zealand,missing,Other Grains,OtherGrain,missing,missing,missing,missing,missing,missing,missing,Pcal,Australia and New ZealandOther Grains
1155,9.852254,11.185545,11.91916,11.929696999999999,13.05235,,,,0.019868767361326943,0.032252659062512457,0.03320381449904257,0.03773931551192607,0.04066080740587972,SSP1,Lower CI,Australia and New Zealand,missingmissingmissingmissingmissingmissingmissingmissing,Protein,BeefDairyOtherMeat_FishPorkPoultrySheepGoatLegumesNutsSeeds,missingmissingmissingmissingmissingmissingmissingmissing,missingmissingmissingmissingmissingmissingmissingmissing,missingmissingmissingmissingmissingmissingmissingmissing,missingmissingmissingmissingmissingmissingmissingmissing,missingmissingmissingmissingmissingmissingmissingmissing,missingmissingmissingmissingmissingmissingmissingmissing,missingmissingmissingmissingmissingmissingmissingmissing,Pcal,Australia and New ZealandProtein
1156,9.852254,11.185545,11.91916,11.929696999999999,13.05235,,,,0.03159300000000065,0.03398499999999982,0.03728999999999949,0.03960199999999908,0.04210299999999956,SSP1,Median,Australia and New Zealand,missingmissingmissingmissingmissingmissingmissingmissing,Protein,BeefDairyOtherMeat_FishPorkPoultrySheepGoatLegumesNutsSeeds,missingmissingmissingmissingmissingmissingmissingmissing,missingmissingmissingmissingmissingmissingmissingmissing,missingmissingmissingmissingmissingmissingmissingmissing,missingmissingmissingmissingmissingmissingmissingmissing,missingmissingmissingmissingmissingmissingmissingmissing,missingmissingmissingmissingmissingmissingmissingmissing,missingmissingmissingmissingmissingmissingmissingmissing,Pcal,Australia and New ZealandProtein
1157,9.852254,11.185545,11.91916,11.929696999999999,13.05235,,,,0.037713518352959816,0.03832120760415442,0.040723869711482744,0.041980895014389,0.0445229820678038,SSP1,Upper CI,Australia and New Zealand,missingmissingmissingmissingmissingmissingmissingmissing,Protein,BeefDairyOtherMeat_FishPorkPoultrySheepGoatLegumesNutsSeeds,missingmissingmissingmissingmissingmissingmissingmissing,missingmissingmissingmissingmissingmissingmissingmissing,missingmissingmissingmissingmissingmissingmissingmissing,missingmissingmissingmissingmissingmissingmissingmissing,missingmissingmissingmissingmissingmissingmissingmissing,missingmissingmissingmissingmissingmissingmissingmissing,missingmissingmissingmissingmissingmissingmissingmissing,Pcal,Australia and New ZealandProtein
1176,0.505474,0.958629,1.0218,0.910797,0.963269,,,,-0.01184532769306429,-0.006464905613026355,-0.005040151495547511,-0.003908202285011872,-0.003862589701391505,SSP1,Lower CI,Australia and New Zealand,missing,Rice,Rice,missing,missing,missing,missing,missing,missing,missing,Pcal,Australia and New ZealandRice
1177,0.505474,0.958629,1.0218,0.910797,0.963269,,,,-0.005749999999999922,-0.0038199999999999346,-0.003630000000000022,-0.0034799999999999276,-0.0031799999999999606,SSP1,Median,Australia and New Zealand,missing,Rice,Rice,missing,missing,missing,missing,missing,missing,missing,Pcal,Australia and New ZealandRice
1178,0.505474,0.958629,1.0218,0.910797,0.963269,,,,-0.0011146723069357283,0.004926238946359794,0.0015496251797582391,-0.0022802187676195323,-0.0026847787196609897,SSP1,Upper CI,Australia and New Zealand,missing,Rice,Rice,missing,missing,missing,missing,missing,missing,missing,Pcal,Australia and New ZealandRice
1197,0.769449,0.908445,1.05732,1.05726,1.12283,,,,-0.0031130606264776,-0.005718572097677977,-0.00579241364619044,-0.003684104972973298,-0.0035964029526521883,SSP1,Lower CI,Australia and New Zealand,missing,Roots and Tubers,RootTuber,missing,missing,missing,missing,missing,missing,missing,Pcal,Australia and New ZealandRoots and Tubers
1198,0.769449,0.908445,1.05732,1.05726,1.12283,,,,-0.0008200000000000429,-0.0037599999999999856,-0.0032200000000000006,-0.003069999999999906,-0.003230000000000066,SSP1,Median,Australia and New Zealand,missing,Roots and Tubers,RootTuber,missing,missing,missing,missing,missing,missing,missing,Pcal,Australia and New ZealandRoots and Tubers
1199,0.769449,0.908445,1.05732,1.05726,1.12283,,,,0.0009302034836204309,0.0015999054310112102,-0.0019823231959147803,-0.002487473974395025,-0.002726754942084661,SSP1,Upper CI,Australia and New Zealand,missing,Roots and Tubers,RootTuber,missing,missing,missing,missing,missing,missing,missing,Pcal,Australia and New ZealandRoots and Tubers
1218,0.64015,0.759083,2.72082,3.96949,4.35736,,,,-0.019074426894300958,-0.021558865162044465,-0.020308907311343827,-0.023161904263417733,-0.023669928091191367,SSP1,Lower CI,Australia and New Zealand,missing,Sugar Crops,SugarCrop,missing,missing,missing,missing,missing,missing,missing,Pcal,Australia and New ZealandSugar Crops
1219,0.64015,0.759083,2.72082,3.96949,4.35736,,,,-0.016950000000000465,-0.018810000000000215,-0.01933000000000007,-0.019999999999999574,-0.020800000000000374,SSP1,Median,Australia and New Zealand,missing,Sugar Crops,SugarCrop,missing,missing,missing,missing,missing,missing,missing,Pcal,Australia and New ZealandSugar Crops
1220,0.64015,0.759083,2.72082,3.96949,4.35736,,,,-0.014819858819985399,-0.011523801504622691,-0.019057408478129527,-0.01901704310500253,-0.019798492961440907,SSP1,Upper CI,Australia and New Zealand,missing,Sugar Crops,SugarCrop,missing,missing,missing,missing,missing,missing,missing,Pcal,Australia and New ZealandSugar Crops
1239,4.95008,6.3089,5.59963,6.4845,6.95563,,,,-0.0024114683314781487,-0.008460110631130186,0.0007182032963169551,0.0029834209622858167,0.0036635826069832456,SSP1,Lower CI,Australia and New Zealand,missing,Wheat,Wheat,missing,missing,missing,missing,missing,missing,missing,Pcal,Australia and New ZealandWheat
1240,4.95008,6.3089,5.59963,6.4845,6.95563,,,,0.0032800000000001717,0.0037700000000011613,0.004729999999998569,0.004020000000000579,0.0039999999999995595,SSP1,Median,Australia and New Zealand,missing,Wheat,Wheat,missing,missing,missing,missing,missing,missing,missing,Pcal,Australia and New ZealandWheat
1241,4.95008,6.3089,5.59963,6.4845,6.95563,,,,0.00616861118862037,0.005714777297797518,0.007173375651050576,0.004916579037715218,0.004557470024594867,SSP1,Upper CI,Australia and New Zealand,missing,Wheat,Wheat,missing,missing,missing,missing,missing,missing,missing,Pcal,Australia and New ZealandWheat
1260,11.8677,16.3606,17.0448,18.1037,18.396,,,,0.059150588488366566,0.04228437946284061,0.04202027670534142,0.045187084208722715,0.04375452129539752,SSP1,Lower CI,Brazil,missing,Corn,Corn,missing,missing,missing,missing,missing,missing,missing,Pcal,BrazilCorn
1261,11.8677,16.3606,17.0448,18.1037,18.396,,,,0.0663000000000018,0.053300000000000125,0.04860000000000042,0.04899999999999949,0.04649999999999821,SSP1,Median,Brazil,missing,Corn,Corn,missing,missing,missing,missing,missing,missing,missing,Pcal,BrazilCorn
1262,11.8677,16.3606,17.0448,18.1037,18.396,,,,0.07513512579734842,0.06464895387049456,0.052474460136766876,0.050539231580751874,0.04758232080986294,SSP1,Upper CI,Brazil,missing,Corn,Corn,missing,missing,missing,missing,missing,missing,missing,Pcal,BrazilCorn
1281,7.95368,10.69643,13.34697,11.66841,12.74044,,,,-0.017292136318368394,-0.02564819264849863,-0.0223558040871097,-0.019977249323207873,-0.01957229599540763,SSP1,Lower CI,Brazil,missingmissing,Fruits and Vegetables,FruitsVegetables,missingmissing,missingmissing,missingmissing,missingmissing,missingmissing,missingmissing,missingmissing,Pcal,BrazilFruits and Vegetables
1282,7.95368,10.69643,13.34697,11.66841,12.74044,,,,-0.015190000000000481,-0.016659999999999897,-0.018649999999998723,-0.01782999999999868,-0.01782000000000039,SSP1,Median,Brazil,missingmissing,Fruits and Vegetables,FruitsVegetables,missingmissing,missingmissing,missingmissing,missingmissing,missingmissing,missingmissing,missingmissing,Pcal,BrazilFruits and Vegetables
1283,7.95368,10.69643,13.34697,11.66841,12.74044,,,,-0.009942149395917976,-0.006650474018166881,-0.016912616965521418,-0.015563803308369433,-0.01599507242564573,SSP1,Upper CI,Brazil,missingmissing,Fruits and Vegetables,FruitsVegetables,missingmissing,missingmissing,missingmissing,missingmissing,missingmissing,missingmissing,missingmissing,Pcal,BrazilFruits and Vegetables
1302,0.335285,0.797174,0.85829,0.770617,0.841941,,,,-0.000696225692190615,-0.0011287325282504715,-0.0008138049282514962,-0.0006653882073438727,-0.000649455792527326,SSP1,Lower CI,Brazil,missing,Other Crops,MiscCrop,missing,missing,missing,missing,missing,missing,missing,Pcal,BrazilOther Crops
1303,0.335285,0.797174,0.85829,0.770617,0.841941,,,,-0.0004899999999998794,-0.000560000000000116,-0.0005800000000000249,-0.0005199999999998539,-0.0005299999999999194,SSP1,Median,Brazil,missing,Other Crops,MiscCrop,missing,missing,missing,missing,missing,missing,missing,Pcal,BrazilOther Crops
1304,0.335285,0.797174,0.85829,0.770617,0.841941,,,,-0.00033520287923792535,3.273252825042642e-05,-0.0004977740191169393,-0.0004072433716033472,-0.0004547547337883116,SSP1,Upper CI,Brazil,missing,Other Crops,MiscCrop,missing,missing,missing,missing,missing,missing,missing,Pcal,BrazilOther Crops
1323,21.703300000000002,35.563379999999995,35.65151,36.89486,40.49053,,,,0.05454025554600687,0.022026355224314828,0.08488132539685053,0.0735000977908553,0.07597943244586135,SSP1,Lower CI,Brazil,missingmissingmissingmissing,Plant Oils,FiberCropOilCropOilPalmSoybean,missingmissingmissingmissing,missingmissingmissingmissing,missingmissingmissingmissing,missingmissingmissingmissing,missingmissingmissingmissing,missingmissingmissingmissing,missingmissingmissingmissing,Pcal,BrazilPlant Oils
1324,21.703300000000002,35.563379999999995,35.65151,36.89486,40.49053,,,,0.0952299999999977,0.10321999999999809,0.09752000000000427,0.08962000000000447,0.08873000000000397,SSP1,Median,Brazil,missingmissingmissingmissing,Plant Oils,FiberCropOilCropOilPalmSoybean,missingmissingmissingmissing,missingmissingmissingmissing,missingmissingmissingmissing,missingmissingmissingmissing,missingmissingmissingmissing,missingmissingmissingmissing,missingmissingmissingmissing,Pcal,BrazilPlant Oils
1325,21.703300000000002,35.563379999999995,35.65151,36.89486,40.49053,,,,0.1093568873111326,0.18800431144234908,0.15739551670841856,0.13552200747230503,0.12034688334361655,SSP1,Upper CI,Brazil,missingmissingmissingmissing,Plant Oils,FiberCropOilCropOilPalmSoybean,missingmissingmissingmissing,missingmissingmissingmissing,missingmissingmissingmissing,missingmissingmissingmissing,missingmissingmissingmissing,missingmissingmissingmissing,missingmissingmissingmissing,Pcal,BrazilPlant Oils
1344,0.735156,1.67302,4.54588,7.25053,7.3528,,,,0.02031938782639939,0.02556014656732287,0.027678049983515213,0.026676368881269223,0.026431842498494954,SSP1,Lower CI,Brazil,missing,Other Grains,OtherGrain,missing,missing,missing,missing,missing,missing,missing,Pcal,BrazilOther Grains
1345,0.735156,1.67302,4.54588,7.25053,7.3528,,,,0.03153999999999968,0.030359999999999943,0.029139999999999944,0.02815000000000012,0.026839999999999975,SSP1,Median,Brazil,missing,Other Grains,OtherGrain,missing,missing,missing,missing,missing,missing,missing,Pcal,BrazilOther Grains
1346,0.735156,1.67302,4.54588,7.25053,7.3528,,,,0.053066326459315416,0.0363105200993437,0.031011423700695127,0.028797315329256452,0.027894473290978616,SSP1,Upper CI,Brazil,missing,Other Grains,OtherGrain,missing,missing,missing,missing,missing,missing,missing,Pcal,BrazilOther Grains
1365,30.958499,52.366386999999996,61.220389,71.149266,77.658391,,,,0.01720425225762351,0.008211771838906728,0.010038828500420122,0.01637688213821064,0.02464442093144064,SSP1,Lower CI,Brazil,missingmissingmissingmissingmissingmissingmissingmissing,Protein,BeefDairyOtherMeat_FishPorkPoultrySheepGoatLegumesNutsSeeds,missingmissingmissingmissingmissingmissingmissingmissing,missingmissingmissingmissingmissingmissingmissingmissing,missingmissingmissingmissingmissingmissingmissingmissing,missingmissingmissingmissingmissingmissingmissingmissing,missingmissingmissingmissingmissingmissingmissingmissing,missingmissingmissingmissingmissingmissingmissingmissing,missingmissingmissingmissingmissingmissingmissingmissing,Pcal,BrazilProtein
1366,30.958499,52.366386999999996,61.220389,71.149266,77.658391,,,,0.03853300000000298,0.05422400000000177,0.062346999999998653,0.0641339999999957,0.06914500000000079,SSP1,Median,Brazil,missingmissingmissingmissingmissingmissingmissingmissing,Protein,BeefDairyOtherMeat_FishPorkPoultrySheepGoatLegumesNutsSeeds,missingmissingmissingmissingmissingmissingmissingmissing,missingmissingmissingmissingmissingmissingmissingmissing,missingmissingmissingmissingmissingmissingmissingmissing,missingmissingmissingmissingmissingmissingmissingmissing,missingmissingmissingmissingmissingmissingmissingmissing,missingmissingmissingmissingmissingmissingmissingmissing,missingmissingmissingmissingmissingmissingmissingmissing,Pcal,BrazilProtein
1367,30.958499,52.366386999999996,61.220389,71.149266,77.658391,,,,0.08855831917095022,0.09259676149442606,0.08452569781536556,0.09225880207230774,0.09570084222645664,SSP1,Upper CI,Brazil,missingmissingmissingmissingmissingmissingmissingmissing,Protein,BeefDairyOtherMeat_FishPorkPoultrySheepGoatLegumesNutsSeeds,missingmissingmissingmissingmissingmissingmissingmissing,missingmissingmissingmissingmissingmissingmissingmissing,missingmissingmissingmissingmissingmissingmissingmissing,missingmissingmissingmissingmissingmissingmissingmissing,missingmissingmissingmissingmissingmissingmissingmissing,missingmissingmissingmissingmissingmissingmissingmissing,missingmissingmissingmissingmissingmissingmissingmissing,Pcal,BrazilProtein
1386,24.9277,28.2388,24.611,23.088,23.4574,,,,-0.24570812343077555,-0.21621556645521897,-0.2065908456367863,-0.1952214044729599,-0.1873262989705522,SSP1,Lower CI,Brazil,missing,Rice,Rice,missing,missing,missing,missing,missing,missing,missing,Pcal,BrazilRice
1387,24.9277,28.2388,24.611,23.088,23.4574,,,,-0.22059999999999746,-0.2068000000000012,-0.20139999999999958,-0.19299999999999784,-0.18499999999999872,SSP1,Median,Brazil,missing,Rice,Rice,missing,missing,missing,missing,missing,missing,missing,Pcal,BrazilRice
1388,24.9277,28.2388,24.611,23.088,23.4574,,,,-0.19574901942636466,-0.16695776687811711,-0.18948283857374137,-0.18961017447440656,-0.1835368589241842,SSP1,Upper CI,Brazil,missing,Rice,Rice,missing,missing,missing,missing,missing,missing,missing,Pcal,BrazilRice
1407,7.71872,9.07711,9.53714,9.29148,9.4,,,,0.014305965260946506,0.006512143041027178,0.0143677310884632,0.016990468582182894,0.016187353106676086,SSP1,Lower CI,Brazil,missing,Roots and Tubers,RootTuber,missing,missing,missing,missing,missing,missing,missing,Pcal,BrazilRoots and Tubers
1408,7.71872,9.07711,9.53714,9.29148,9.4,,,,0.02750999999999948,0.020150000000001,0.018400000000001526,0.019669999999999632,0.01829000000000036,SSP1,Median,Brazil,missing,Roots and Tubers,RootTuber,missing,missing,missing,missing,missing,missing,missing,Pcal,BrazilRoots and Tubers
1409,7.71872,9.07711,9.53714,9.29148,9.4,,,,0.039408320453339384,0.03463585695897327,0.021683847858907066,0.0221621629967641,0.020247383735429413,SSP1,Upper CI,Brazil,missing,Roots and Tubers,RootTuber,missing,missing,missing,missing,missing,missing,missing,Pcal,BrazilRoots and Tubers
1428,4.62785,5.67475,20.012,31.3984,34.1211,,,,-0.08469268255371738,-0.10021822816435624,-0.08916138012078992,-0.08762653147787348,-0.08253986908023254,SSP1,Lower CI,Brazil,missing,Sugar Crops,SugarCrop,missing,missing,missing,missing,missing,missing,missing,Pcal,BrazilSugar Crops
1429,4.62785,5.67475,20.012,31.3984,34.1211,,,,-0.07949999999999591,-0.07739999999999725,-0.07700000000000529,-0.07630000000000337,-0.07520000000000238,SSP1,Median,Brazil,missing,Sugar Crops,SugarCrop,missing,missing,missing,missing,missing,missing,missing,Pcal,BrazilSugar Crops
1430,4.62785,5.67475,20.012,31.3984,34.1211,,,,-0.0699358888748469,-0.06662177183564288,-0.07503861987921745,-0.07371031062739399,-0.070460130919774,SSP1,Upper CI,Brazil,missing,Sugar Crops,SugarCrop,missing,missing,missing,missing,missing,missing,missing,Pcal,BrazilSugar Crops
1449,23.2633,34.3473,32.0687,28.0585,28.5191,,,,0.07428274264194418,0.057368400197305644,0.09432323664728125,0.09355277973696433,0.09291547297895048,SSP1,Lower CI,Brazil,missing,Wheat,Wheat,missing,missing,missing,missing,missing,missing,missing,Pcal,BrazilWheat
1450,23.2633,34.3473,32.0687,28.0585,28.5191,,,,0.09469999999999956,0.10070000000000334,0.10529999999999973,0.09759999999999991,0.0948999999999991,SSP1,Median,Brazil,missing,Wheat,Wheat,missing,missing,missing,missing,missing,missing,missing,Pcal,BrazilWheat
1451,23.2633,34.3473,32.0687,28.0585,28.5191,,,,0.10757440021519812,0.1181649331360307,0.11490834230008422,0.10318406236829619,0.09824242175788964,SSP1,Upper CI,Brazil,missing,Wheat,Wheat,missing,missing,missing,missing,missing,missing,missing,Pcal,BrazilWheat
1470,0.464998,2.66246,2.27288,2.04935,2.12932,,,,0.004291406447405232,0.0031886284984260884,0.0011430679216247784,0.003403009590839682,0.003858872440119579,SSP1,Lower CI,Canada,missing,Corn,Corn,missing,missing,missing,missing,missing,missing,missing,Pcal,CanadaCorn
1471,0.464998,2.66246,2.27288,2.04935,2.12932,,,,0.006279999999999841,0.004649999999999821,0.0038199999999997125,0.00486999999999993,0.0048200000000000465,SSP1,Median,Canada,missing,Corn,Corn,missing,missing,missing,missing,missing,missing,missing,Pcal,CanadaCorn
1472,0.464998,2.66246,2.27288,2.04935,2.12932,,,,0.010642879266880493,0.011703371501573537,0.00630219523626979,0.005386464093370835,0.005242180191459623,SSP1,Upper CI,Canada,missing,Corn,Corn,missing,missing,missing,missing,missing,missing,missing,Pcal,CanadaCorn
1491,1.8886990000000001,2.369612,2.58763,2.78993,2.99774,,,,-0.004280299134683557,-0.01396462941640604,-0.005612168597331722,-0.00498943538752418,-0.0048866837067387025,SSP1,Lower CI,Canada,missingmissing,Fruits and Vegetables,FruitsVegetables,missingmissing,missingmissing,missingmissing,missingmissing,missingmissing,missingmissing,missingmissing,Pcal,CanadaFruits and Vegetables
1492,1.8886990000000001,2.369612,2.58763,2.78993,2.99774,,,,-0.0026600000000003288,-0.004170000000000007,-0.0043400000000002326,-0.004129999999999967,-0.004349999999999854,SSP1,Median,Canada,missingmissing,Fruits and Vegetables,FruitsVegetables,missingmissing,missingmissing,missingmissing,missingmissing,missingmissing,missingmissing,missingmissing,Pcal,CanadaFruits and Vegetables
1493,1.8886990000000001,2.369612,2.58763,2.78993,2.99774,,,,-0.0008139865796027309,0.002244629416406384,-0.0034836208763528486,-0.003294775138791726,-0.0037817373458927514,SSP1,Upper CI,Canada,missingmissing,Fruits and Vegetables,FruitsVegetables,missingmissing,missingmissing,missingmissing,missingmissing,missingmissing,missingmissing,missingmissing,Pcal,CanadaFruits and Vegetables
1512,0.178183,0.240172,0.304169,0.332627,0.35795,,,,-0.0003627059964881611,-0.001350838397249545,-0.00032317103038661746,-0.00023805402821647242,-0.00021377729222681098,SSP1,Lower CI,Canada,missing,Other Crops,MiscCrop,missing,missing,missing,missing,missing,missing,missing,Pcal,CanadaOther Crops
1513,0.178183,0.240172,0.304169,0.332627,0.35795,,,,-0.00018200000000001548,-0.00028600000000000847,-0.00020199999999997997,-0.00014300000000000423,-0.00015899999999990921,SSP1,Median,Canada,missing,Other Crops,MiscCrop,missing,missing,missing,missing,missing,missing,missing,Pcal,CanadaOther Crops
1514,0.178183,0.240172,0.304169,0.332627,0.35795,,,,-3.586543208327752e-05,0.00043617173058288136,-0.00012188160119227247,-7.078807704657947e-05,-0.00011295954987835825,SSP1,Upper CI,Canada,missing,Other Crops,MiscCrop,missing,missing,missing,missing,missing,missing,missing,Pcal,CanadaOther Crops
1533,2.9617712999999997,4.247142500000001,4.4143404,5.6750885,6.092282969999999,,,,-0.002212235832097954,-0.011183016186033505,0.017602133714718114,0.018249066773400158,0.02107479179431145,SSP1,Lower CI,Canada,missingmissingmissingmissing,Plant Oils,FiberCropOilCropOilPalmSoybean,missingmissingmissingmissing,missingmissingmissingmissing,missingmissingmissingmissing,missingmissingmissingmissing,missingmissingmissingmissing,missingmissingmissingmissing,missingmissingmissingmissing,Pcal,CanadaPlant Oils
1534,2.9617712999999997,4.247142500000001,4.4143404,5.6750885,6.092282969999999,,,,0.005244229999999941,0.023023179999999668,0.024895250000000146,0.022209520000000125,0.023344280000000397,SSP1,Median,Canada,missingmissingmissingmissing,Plant Oils,FiberCropOilCropOilPalmSoybean,missingmissingmissingmissing,missingmissingmissingmissing,missingmissingmissingmissing,missingmissingmissingmissing,missingmissingmissingmissing,missingmissingmissingmissing,missingmissingmissingmissing,Pcal,CanadaPlant Oils
1535,2.9617712999999997,4.247142500000001,4.4143404,5.6750885,6.092282969999999,,,,0.0167150872606689,0.028668692186032824,0.03256870523264912,0.029574045858180145,0.02780834399516358,SSP1,Upper CI,Canada,missingmissingmissingmissing,Plant Oils,FiberCropOilCropOilPalmSoybean,missingmissingmissingmissing,missingmissingmissingmissing,missingmissingmissingmissing,missingmissingmissingmissing,missingmissingmissingmissing,missingmissingmissingmissing,missingmissingmissingmissing,Pcal,CanadaPlant Oils
1554,0.267445,0.152424,0.923221,1.31923,1.38576,,,,0.0011864413561329917,6.204423518170075e-05,0.0018271262334216398,0.002431595482544256,0.0026418610388053007,SSP1,Lower CI,Canada,missing,Other Grains,OtherGrain,missing,missing,missing,missing,missing,missing,missing,Pcal,CanadaOther Grains
1555,0.267445,0.152424,0.923221,1.31923,1.38576,,,,0.0023300000000001653,0.0029399999999999427,0.0027800000000000047,0.00266999999999995,0.0027300000000001212,SSP1,Median,Canada,missing,Other Grains,OtherGrain,missing,missing,missing,missing,missing,missing,missing,Pcal,CanadaOther Grains
1556,0.267445,0.152424,0.923221,1.31923,1.38576,,,,0.0040364157867243625,0.004491289098151472,0.0033812948192097486,0.0028010360964032216,0.002887612645405292,SSP1,Upper CI,Canada,missing,Other Grains,OtherGrain,missing,missing,missing,missing,missing,missing,missing,Pcal,CanadaOther Grains
1575,14.880282199999998,17.1840402,14.515977099999999,13.4036375,14.4106853,,,,0.0008423155200092455,-0.021246883003651486,-0.003709322375633928,-0.0019974021085384422,-0.0016840136476159748,SSP1,Lower CI,Canada,missingmissingmissingmissingmissingmissingmissingmissing,Protein,BeefDairyOtherMeat_FishPorkPoultrySheepGoatLegumesNutsSeeds,missingmissingmissingmissingmissingmissingmissingmissing,missingmissingmissingmissingmissingmissingmissingmissing,missingmissingmissingmissingmissingmissingmissingmissing,missingmissingmissingmissingmissingmissingmissingmissing,missingmissingmissingmissingmissingmissingmissingmissing,missingmissingmissingmissingmissingmissingmissingmissing,missingmissingmissingmissingmissingmissingmissingmissing,Pcal,CanadaProtein
1576,14.880282199999998,17.1840402,14.515977099999999,13.4036375,14.4106853,,,,0.00679199999999959,0.0011019999999999225,0.001647999999999275,0.0023519999999989244,0.002264999999999212,SSP1,Median,Canada,missingmissingmissingmissingmissingmissingmissingmissing,Protein,BeefDairyOtherMeat_FishPorkPoultrySheepGoatLegumesNutsSeeds,missingmissingmissingmissingmissingmissingmissingmissing,missingmissingmissingmissingmissingmissingmissingmissing,missingmissingmissingmissingmissingmissingmissingmissing,missingmissingmissingmissingmissingmissingmissingmissing,missingmissingmissingmissingmissingmissingmissingmissing,missingmissingmissingmissingmissingmissingmissingmissing,missingmissingmissingmissingmissingmissingmissingmissing,Pcal,CanadaProtein
1577,14.880282199999998,17.1840402,14.515977099999999,13.4036375,14.4106853,,,,0.015171113051419357,0.013260483003652578,0.006722059217738899,0.005451823161169291,0.005063487331824365,SSP1,Upper CI,Canada,missingmissingmissingmissingmissingmissingmissingmissing,Protein,BeefDairyOtherMeat_FishPorkPoultrySheepGoatLegumesNutsSeeds,missingmissingmissingmissingmissingmissingmissingmissing,missingmissingmissingmissingmissingmissingmissingmissing,missingmissingmissingmissingmissingmissingmissingmissing,missingmissingmissingmissingmissingmissingmissingmissing,missingmissingmissingmissingmissingmissingmissingmissing,missingmissingmissingmissingmissingmissingmissingmissing,missingmissingmissingmissingmissingmissingmissingmissing,Pcal,CanadaProtein
1596,0.552241,1.06665,1.25637,1.38852,1.45586,,,,-0.02494970490349304,-0.031207791221114948,-0.02595059799920065,-0.02289790846309543,-0.023034044637577966,SSP1,Lower CI,Canada,missing,Rice,Rice,missing,missing,missing,missing,missing,missing,missing,Pcal,CanadaRice
1597,0.552241,1.06665,1.25637,1.38852,1.45586,,,,-0.02100000000000013,-0.022250000000000103,-0.022680000000000033,-0.02255000000000007,-0.022860000000000102,SSP1,Median,Canada,missing,Rice,Rice,missing,missing,missing,missing,missing,missing,missing,Pcal,CanadaRice
1598,0.552241,1.06665,1.25637,1.38852,1.45586,,,,-0.01728743795364992,0.005481124554448286,-0.013820980948167897,-0.022153670484272928,-0.02268490273084333,SSP1,Upper CI,Canada,missing,Rice,Rice,missing,missing,missing,missing,missing,missing,missing,Pcal,CanadaRice
1617,1.4665,1.73218,1.89593,2.01977,2.11981,,,,3.3692423868091764e-05,-0.008607541793076693,-0.0029249523783286494,-0.0004436895227115852,-6.976108341758078e-05,SSP1,Lower CI,Canada,missing,Roots and Tubers,RootTuber,missing,missing,missing,missing,missing,missing,missing,Pcal,CanadaRoots and Tubers
1618,1.4665,1.73218,1.89593,2.01977,2.11981,,,,0.005880000000000329,0.0005799999999998029,-0.0005500000000000504,0.0007500000000000284,0.0006099999999999994,SSP1,Median,Canada,missing,Roots and Tubers,RootTuber,missing,missing,missing,missing,missing,missing,missing,Pcal,CanadaRoots and Tubers
1619,1.4665,1.73218,1.89593,2.01977,2.11981,,,,0.010746307576132364,0.010431541793076505,0.0020660050099078125,0.0019279000490270478,0.0014476558202596908,SSP1,Upper CI,Canada,missing,Roots and Tubers,RootTuber,missing,missing,missing,missing,missing,missing,missing,Pcal,CanadaRoots and Tubers
1638,0.701633,1.04283,2.9911,4.56532,4.86573,,,,-0.009801005063074542,-0.03624697312389451,-0.011554731268766792,-0.01259968633262973,-0.012243096712672569,SSP1,Lower CI,Canada,missing,Sugar Crops,SugarCrop,missing,missing,missing,missing,missing,missing,missing,Pcal,CanadaSugar Crops
1639,0.701633,1.04283,2.9911,4.56532,4.86573,,,,-0.005499999999999616,-0.007780000000000342,-0.010650000000000048,-0.010489999999999888,-0.010559999999999903,SSP1,Median,Canada,missing,Sugar Crops,SugarCrop,missing,missing,missing,missing,missing,missing,missing,Pcal,CanadaSugar Crops
1640,0.701633,1.04283,2.9911,4.56532,4.86573,,,,-0.0020018520797823974,0.06739630645722774,-0.008328426625970307,-0.009049787351581127,-0.008474798024169325,SSP1,Upper CI,Canada,missing,Sugar Crops,SugarCrop,missing,missing,missing,missing,missing,missing,missing,Pcal,CanadaSugar Crops
1659,7.42442,9.85471,8.96521,7.46011,7.89685,,,,-0.005314862639910182,-0.012232858052028273,0.008583912418931992,0.01298202378461434,0.014040020843299666,SSP1,Lower CI,Canada,missing,Wheat,Wheat,missing,missing,missing,missing,missing,missing,missing,Pcal,CanadaWheat
1660,7.42442,9.85471,8.96521,7.46011,7.89685,,,,0.008399999999999963,0.012669999999999959,0.016399999999999082,0.01440000000000019,0.015000000000000568,SSP1,Median,Canada,missing,Wheat,Wheat,missing,missing,missing,missing,missing,missing,missing,Pcal,CanadaWheat
1661,7.42442,9.85471,8.96521,7.46011,7.89685,,,,0.016917719782766065,0.017271524718695322,0.019826613896856526,0.017049555162753277,0.016044189683015943,SSP1,Upper CI,Canada,missing,Wheat,Wheat,missing,missing,missing,missing,missing,missing,missing,Pcal,CanadaWheat
1680,8.45616,10.8717,11.4913,13.3711,13.6465,,,,0.06234509593016571,0.019953508590637152,0.053152355632170994,0.06365284575408627,0.06259873543424482,SSP1,Lower CI,Central America and Caribbean,missing,Corn,Corn,missing,missing,missing,missing,missing,missing,missing,Pcal,Central America and CaribbeanCorn
1681,8.45616,10.8717,11.4913,13.3711,13.6465,,,,0.06520000000000081,0.06170000000000009,0.067499999999999,0.06679999999999886,0.06390000000000029,SSP1,Median,Central America and Caribbean,missing,Corn,Corn,missing,missing,missing,missing,missing,missing,missing,Pcal,Central America and CaribbeanCorn
1682,8.45616,10.8717,11.4913,13.3711,13.6465,,,,0.07796918978412035,0.08261982474269777,0.07522659173624854,0.06883136477222797,0.06742231719733363,SSP1,Upper CI,Central America and Caribbean,missing,Corn,Corn,missing,missing,missing,missing,missing,missing,missing,Pcal,Central America and CaribbeanCorn
1701,3.24751,5.21725,5.496840000000001,6.33523,6.995520000000001,,,,-0.003975723329686929,-0.04084053234487821,-0.009120789275558967,-0.005634242786851638,-0.0059584507547395076,SSP1,Lower CI,Central America and Caribbean,missingmissing,Fruits and Vegetables,FruitsVegetables,missingmissing,missingmissing,missingmissing,missingmissing,missingmissing,missingmissing,missingmissing,Pcal,Central America and CaribbeanFruits and Vegetables
1702,3.24751,5.21725,5.496840000000001,6.33523,6.995520000000001,,,,-0.002400000000000624,-0.004999999999999893,-0.004410000000000469,-0.004290000000001015,-0.004770000000000607,SSP1,Median,Central America and Caribbean,missingmissing,Fruits and Vegetables,FruitsVegetables,missingmissing,missingmissing,missingmissing,missingmissing,missingmissing,missingmissing,missingmissing,Pcal,Central America and CaribbeanFruits and Vegetables
1703,3.24751,5.21725,5.496840000000001,6.33523,6.995520000000001,,,,0.0003671519011147625,0.007996532344879289,-0.0025107896718100198,-0.0019678624763081916,-0.002800496613682925,SSP1,Upper CI,Central America and Caribbean,missingmissing,Fruits and Vegetables,FruitsVegetables,missingmissing,missingmissing,missingmissing,missingmissing,missingmissing,missingmissing,missingmissing,Pcal,Central America and CaribbeanFruits and Vegetables
1722,0.224297,0.387158,0.3739,0.351605,0.388853,,,,0.00029634716066824783,-0.001701125895070446,2.9377646367615762e-05,0.000241576073668926,0.00022585503606416374,SSP1,Lower CI,Central America and Caribbean,missing,Other Crops,MiscCrop,missing,missing,missing,missing,missing,missing,missing,Pcal,Central America and CaribbeanOther Crops
1723,0.224297,0.387158,0.3739,0.351605,0.388853,,,,0.0003309999999999702,0.00021300000000001873,0.0002870000000000372,0.00031000000000003247,0.0002790000000000292,SSP1,Median,Central America and Caribbean,missing,Other Crops,MiscCrop,missing,missing,missing,missing,missing,missing,missing,Pcal,Central America and CaribbeanOther Crops
1724,0.224297,0.387158,0.3739,0.351605,0.388853,,,,0.00041622426790314794,0.0009325925617370842,0.00038441182731662,0.0004160028736995187,0.00036540812183053623,SSP1,Upper CI,Central America and Caribbean,missing,Other Crops,MiscCrop,missing,missing,missing,missing,missing,missing,missing,Pcal,Central America and CaribbeanOther Crops
1743,3.377328,6.1999857,7.834442299999999,8.758569699999999,9.6640887,,,,-0.010169941723781297,-0.05295542005488544,0.002662679823219506,0.0014698225119592423,0.0029499622193725336,SSP1,Lower CI,Central America and Caribbean,missingmissingmissingmissing,Plant Oils,FiberCropOilCropOilPalmSoybean,missingmissingmissingmissing,missingmissingmissingmissing,missingmissingmissingmissing,missingmissingmissingmissing,missingmissingmissingmissing,missingmissingmissingmissing,missingmissingmissingmissing,Pcal,Central America and CaribbeanPlant Oils
1744,3.377328,6.1999857,7.834442299999999,8.758569699999999,9.6640887,,,,-0.0058467000000003155,0.008456500000000932,0.00824079999999898,0.005621799999999514,0.006078399999999862,SSP1,Median,Central America and Caribbean,missingmissingmissingmissing,Plant Oils,FiberCropOilCropOilPalmSoybean,missingmissingmissingmissing,missingmissingmissingmissing,missingmissingmissingmissing,missingmissingmissingmissing,missingmissingmissingmissing,missingmissingmissingmissing,missingmissingmissingmissing,Pcal,Central America and CaribbeanPlant Oils
1745,3.377328,6.1999857,7.834442299999999,8.758569699999999,9.6640887,,,,0.005914684580923927,0.16115451338822057,0.029134067545200447,0.01316395643540819,0.010942943043784792,SSP1,Upper CI,Central America and Caribbean,missingmissingmissingmissing,Plant Oils,FiberCropOilCropOilPalmSoybean,missingmissingmissingmissing,missingmissingmissingmissing,missingmissingmissingmissing,missingmissingmissingmissing,missingmissingmissingmissing,missingmissingmissingmissing,missingmissingmissingmissing,Pcal,Central America and CaribbeanPlant Oils
1764,0.952742,0.994411,1.50074,1.79661,1.84081,,,,0.0058991228222136805,-0.00879322143123731,-0.0006085840582543104,0.004664277125664112,0.004814436410922038,SSP1,Lower CI,Central America and Caribbean,missing,Other Grains,OtherGrain,missing,missing,missing,missing,missing,missing,missing,Pcal,Central America and CaribbeanOther Grains
1765,0.952742,0.994411,1.50074,1.79661,1.84081,,,,0.006390000000000118,0.005399999999999849,0.0052400000000001334,0.005139999999999922,0.0049200000000000355,SSP1,Median,Central America and Caribbean,missing,Other Grains,OtherGrain,missing,missing,missing,missing,missing,missing,missing,Pcal,Central America and CaribbeanOther Grains
1766,0.952742,0.994411,1.50074,1.79661,1.84081,,,,0.007158020034929262,0.007813221431237138,0.006655952479307059,0.00522730182170432,0.005158195168025289,SSP1,Upper CI,Central America and Caribbean,missing,Other Grains,OtherGrain,missing,missing,missing,missing,missing,missing,missing,Pcal,Central America and CaribbeanOther Grains
1785,9.6553764,14.4685344,15.8364102,16.883204,18.7085243,,,,0.01903102362867903,0.020183105537886846,0.023137664043344084,0.03018652964370079,0.031802417398862824,SSP1,Lower CI,Central America and Caribbean,missingmissingmissingmissingmissingmissingmissingmissing,Protein,BeefDairyOtherMeat_FishPorkPoultrySheepGoatLegumesNutsSeeds,missingmissingmissingmissingmissingmissingmissingmissing,missingmissingmissingmissingmissingmissingmissingmissing,missingmissingmissingmissingmissingmissingmissingmissing,missingmissingmissingmissingmissingmissingmissingmissing,missingmissingmissingmissingmissingmissingmissingmissing,missingmissingmissingmissingmissingmissingmissingmissing,missingmissingmissingmissingmissingmissingmissingmissing,Pcal,Central America and CaribbeanProtein
1786,9.6553764,14.4685344,15.8364102,16.883204,18.7085243,,,,0.025071799999999547,0.031172800000001305,0.03538370000000114,0.03765460000000065,0.039220700000000636,SSP1,Median,Central America and Caribbean,missingmissingmissingmissingmissingmissingmissingmissing,Protein,BeefDairyOtherMeat_FishPorkPoultrySheepGoatLegumesNutsSeeds,missingmissingmissingmissingmissingmissingmissingmissing,missingmissingmissingmissingmissingmissingmissingmissing,missingmissingmissingmissingmissingmissingmissingmissing,missingmissingmissingmissingmissingmissingmissingmissing,missingmissingmissingmissingmissingmissingmissingmissing,missingmissingmissingmissingmissingmissingmissingmissing,missingmissingmissingmissingmissingmissingmissingmissing,Pcal,Central America and CaribbeanProtein
1787,9.6553764,14.4685344,15.8364102,16.883204,18.7085243,,,,0.037756662085605505,0.06640360112878266,0.06679347279876237,0.0443844387773516,0.04585944575903301,SSP1,Upper CI,Central America and Caribbean,missingmissingmissingmissingmissingmissingmissingmissing,Protein,BeefDairyOtherMeat_FishPorkPoultrySheepGoatLegumesNutsSeeds,missingmissingmissingmissingmissingmissingmissingmissing,missingmissingmissingmissingmissingmissingmissingmissing,missingmissingmissingmissingmissingmissingmissingmissing,missingmissingmissingmissingmissingmissingmissingmissing,missingmissingmissingmissingmissingmissingmissingmissing,missingmissingmissingmissingmissingmissingmissingmissing,missingmissingmissingmissingmissingmissingmissingmissing,Pcal,Central America and CaribbeanProtein
1806,6.1717,10.2809,9.97835,10.5498,10.7456,,,,-0.12082754588128988,-0.14688280505892237,-0.1361426374828095,-0.1151707650284727,-0.10910011497908925,SSP1,Lower CI,Central America and Caribbean,missing,Rice,Rice,missing,missing,missing,missing,missing,missing,missing,Pcal,Central America and CaribbeanRice
1807,6.1717,10.2809,9.97835,10.5498,10.7456,,,,-0.11490000000000045,-0.11859999999999893,-0.11979999999999968,-0.1120000000000001,-0.10583000000000098,SSP1,Median,Central America and Caribbean,missing,Rice,Rice,missing,missing,missing,missing,missing,missing,missing,Pcal,Central America and CaribbeanRice
1808,6.1717,10.2809,9.97835,10.5498,10.7456,,,,-0.10231531126156895,-0.05925052827441017,-0.09469946778034723,-0.11037660339258101,-0.10475988502091188,SSP1,Upper CI,Central America and Caribbean,missing,Rice,Rice,missing,missing,missing,missing,missing,missing,missing,Pcal,Central America and CaribbeanRice
1827,1.64534,2.51553,2.82715,3.00453,3.06622,,,,0.010558362625216306,-0.034585822299012275,-0.03876014876527699,0.0059769493463612865,0.006724230122956319,SSP1,Lower CI,Central America and Caribbean,missing,Roots and Tubers,RootTuber,missing,missing,missing,missing,missing,missing,missing,Pcal,Central America and CaribbeanRoots and Tubers
1828,1.64534,2.51553,2.82715,3.00453,3.06622,,,,0.014860000000000095,0.007319999999999993,0.007120000000000015,0.00798000000000032,0.007390000000000008,SSP1,Median,Central America and Caribbean,missing,Roots and Tubers,RootTuber,missing,missing,missing,missing,missing,missing,missing,Pcal,Central America and CaribbeanRoots and Tubers
1829,1.64534,2.51553,2.82715,3.00453,3.06622,,,,0.017130208803355328,0.02025515563234587,0.02324962244948725,0.009017787495744372,0.009324190929675309,SSP1,Upper CI,Central America and Caribbean,missing,Roots and Tubers,RootTuber,missing,missing,missing,missing,missing,missing,missing,Pcal,Central America and CaribbeanRoots and Tubers
1848,1.12818,1.52154,7.38042,11.6471,12.8564,,,,-0.03393995755915889,-0.045003945553725534,-0.037518826573332685,-0.04171051130442152,-0.04034750662442988,SSP1,Lower CI,Central America and Caribbean,missing,Sugar Crops,SugarCrop,missing,missing,missing,missing,missing,missing,missing,Pcal,Central America and CaribbeanSugar Crops
1849,1.12818,1.52154,7.38042,11.6471,12.8564,,,,-0.030000000000001137,-0.03270000000000195,-0.034900000000000375,-0.03440000000000154,-0.033500000000000085,SSP1,Median,Central America and Caribbean,missing,Sugar Crops,SugarCrop,missing,missing,missing,missing,missing,missing,missing,Pcal,Central America and CaribbeanSugar Crops
1850,1.12818,1.52154,7.38042,11.6471,12.8564,,,,-0.02737432815512908,-0.006769387779610295,-0.03336538395298432,-0.031163172906108857,-0.030568282849256966,SSP1,Upper CI,Central America and Caribbean,missing,Sugar Crops,SugarCrop,missing,missing,missing,missing,missing,missing,missing,Pcal,Central America and CaribbeanSugar Crops
1869,7.71614,6.05333,9.24867,9.39961,9.61903,,,,0.00558321650409787,-0.01252941410951728,0.013524180130554883,0.028889448495631957,0.026932358777058026,SSP1,Lower CI,Central America and Caribbean,missing,Wheat,Wheat,missing,missing,missing,missing,missing,missing,missing,Pcal,Central America and CaribbeanWheat
1870,7.71614,6.05333,9.24867,9.39961,9.61903,,,,0.029119999999998925,0.04237000000000002,0.03917999999999999,0.031500000000001194,0.029759999999999565,SSP1,Median,Central America and Caribbean,missing,Wheat,Wheat,missing,missing,missing,missing,missing,missing,missing,Pcal,Central America and CaribbeanWheat
1871,7.71614,6.05333,9.24867,9.39961,9.61903,,,,0.03671106921018692,0.13326408077618224,0.09904424092207743,0.03961791992542212,0.031373957012415486,SSP1,Upper CI,Central America and Caribbean,missing,Wheat,Wheat,missing,missing,missing,missing,missing,missing,missing,Pcal,Central America and CaribbeanWheat
1890,0.36899,2.17671,1.92469,2.1161,2.1282,,,,-0.03148094434280766,-0.05062466272687208,-0.031052716989675697,-0.026064572293569493,-0.02439811099987279,SSP1,Lower CI,Central Asia,missing,Corn,Corn,missing,missing,missing,missing,missing,missing,missing,Pcal,Central AsiaCorn
1891,0.36899,2.17671,1.92469,2.1161,2.1282,,,,-0.030689999999999884,-0.028569999999999762,-0.026569999999999983,-0.02468999999999988,-0.023290000000000033,SSP1,Median,Central Asia,missing,Corn,Corn,missing,missing,missing,missing,missing,missing,missing,Pcal,Central AsiaCorn
1892,0.36899,2.17671,1.92469,2.1161,2.1282,,,,-0.027053341371477954,-0.01772733727312768,-0.02496623037874523,-0.024555427706430325,-0.023037678473811392,SSP1,Upper CI,Central Asia,missing,Corn,Corn,missing,missing,missing,missing,missing,missing,missing,Pcal,Central AsiaCorn
1911,3.17688,4.11278,5.80213,7.98616,9.075849999999999,,,,0.02753992360418197,-0.02223181661952025,0.01893689648091705,0.029740413620777215,0.030233650141824536,SSP1,Lower CI,Central Asia,missingmissing,Fruits and Vegetables,FruitsVegetables,missingmissing,missingmissing,missingmissing,missingmissing,missingmissing,missingmissing,missingmissing,Pcal,Central AsiaFruits and Vegetables
1912,3.17688,4.11278,5.80213,7.98616,9.075849999999999,,,,0.02908000000000044,0.028690000000000104,0.029929999999999346,0.030890000000000306,0.030849999999999156,SSP1,Median,Central Asia,missingmissing,Fruits and Vegetables,FruitsVegetables,missingmissing,missingmissing,missingmissing,missingmissing,missingmissing,missingmissing,missingmissing,Pcal,Central AsiaFruits and Vegetables
1913,3.17688,4.11278,5.80213,7.98616,9.075849999999999,,,,0.03162007639581912,0.03911981661951957,0.03221784036118784,0.033337481116064896,0.032650560384489796,SSP1,Upper CI,Central Asia,missingmissing,Fruits and Vegetables,FruitsVegetables,missingmissing,missingmissing,missingmissing,missingmissing,missingmissing,missingmissing,missingmissing,Pcal,Central AsiaFruits and Vegetables
1932,0.470723,0.55019,0.703594,0.71441,0.813644,,,,-0.00029621232021746703,-0.005084603721900982,-0.0014729595957789386,-0.0004200329416546581,-0.00037597104927166396,SSP1,Lower CI,Central Asia,missing,Other Crops,MiscCrop,missing,missing,missing,missing,missing,missing,missing,Pcal,Central AsiaOther Crops
1933,0.470723,0.55019,0.703594,0.71441,0.813644,,,,-0.00024000000000001798,-0.00039999999999995595,-0.0003500000000000725,-0.0002900000000001235,-0.00031000000000003247,SSP1,Median,Central Asia,missing,Other Crops,MiscCrop,missing,missing,missing,missing,missing,missing,missing,Pcal,Central AsiaOther Crops
1934,0.470723,0.55019,0.703594,0.71441,0.813644,,,,-0.0001409305369253356,0.0005179370552342109,-0.0001323035621159603,-0.00011259863729278725,-0.00017350263493914306,SSP1,Upper CI,Central Asia,missing,Other Crops,MiscCrop,missing,missing,missing,missing,missing,missing,missing,Pcal,Central AsiaOther Crops
1953,4.668528,4.4919566,6.2768659,7.528970000000001,8.521584,,,,-0.012896276692695118,-0.01462223532473147,0.006406294855881399,0.002518608400375149,0.000772618390499245,SSP1,Lower CI,Central Asia,missingmissingmissingmissing,Plant Oils,FiberCropOilCropOilPalmSoybean,missingmissingmissingmissing,missingmissingmissingmissing,missingmissingmissingmissing,missingmissingmissingmissing,missingmissingmissingmissing,missingmissingmissingmissing,missingmissingmissingmissing,Pcal,Central AsiaPlant Oils
1954,4.668528,4.4919566,6.2768659,7.528970000000001,8.521584,,,,-0.006536199999999541,0.006839800000000208,0.012237500000001837,0.009563700000000383,0.008569200000001186,SSP1,Median,Central Asia,missingmissingmissingmissing,Plant Oils,FiberCropOilCropOilPalmSoybean,missingmissingmissingmissing,missingmissingmissingmissing,missingmissingmissingmissing,missingmissingmissingmissing,missingmissingmissingmissing,missingmissingmissingmissing,missingmissingmissingmissing,Pcal,Central AsiaPlant Oils
1955,4.668528,4.4919566,6.2768659,7.528970000000001,8.521584,,,,0.00048353383555233605,0.038890635324731186,0.026736452512541753,0.014237454757519887,0.012211792135817256,SSP1,Upper CI,Central Asia,missingmissingmissingmissing,Plant Oils,FiberCropOilCropOilPalmSoybean,missingmissingmissingmissing,missingmissingmissingmissing,missingmissingmissingmissing,missingmissingmissingmissing,missingmissingmissingmissing,missingmissingmissingmissing,missingmissingmissingmissing,Pcal,Central AsiaPlant Oils
1974,2.12155,1.35955,1.83544,1.93547,1.95928,,,,0.0034049190284496404,-0.0157002410247112,0.0026235202807321396,0.005353704409086983,0.005650632266076784,SSP1,Lower CI,Central Asia,missing,Other Grains,OtherGrain,missing,missing,missing,missing,missing,missing,missing,Pcal,Central AsiaOther Grains
1975,2.12155,1.35955,1.83544,1.93547,1.95928,,,,0.00486999999999993,0.0046800000000000175,0.005410000000000137,0.00598999999999994,0.005959999999999965,SSP1,Median,Central Asia,missing,Other Grains,OtherGrain,missing,missing,missing,missing,missing,missing,missing,Pcal,Central AsiaOther Grains
1976,2.12155,1.35955,1.83544,1.93547,1.95928,,,,0.006797938114407349,0.022581574358044584,0.012291216561373226,0.00773997980143945,0.006405157207607475,SSP1,Upper CI,Central Asia,missing,Other Grains,OtherGrain,missing,missing,missing,missing,missing,missing,missing,Pcal,Central AsiaOther Grains
1995,15.344192,14.977986000000001,18.252926,23.263154,26.454266,,,,0.0028408647023747766,-0.01665586877673468,0.01459283255774784,0.016803807143759755,0.01840554872194667,SSP1,Lower CI,Central Asia,missingmissingmissingmissingmissingmissingmissingmissing,Protein,BeefDairyOtherMeat_FishPorkPoultrySheepGoatLegumesNutsSeeds,missingmissingmissingmissingmissingmissingmissingmissing,missingmissingmissingmissingmissingmissingmissingmissing,missingmissingmissingmissingmissingmissingmissingmissing,missingmissingmissingmissingmissingmissingmissingmissing,missingmissingmissingmissingmissingmissingmissingmissing,missingmissingmissingmissingmissingmissingmissingmissing,missingmissingmissingmissingmissingmissingmissingmissing,Pcal,Central AsiaProtein
1996,15.344192,14.977986000000001,18.252926,23.263154,26.454266,,,,0.008239999999997583,0.017249999999998433,0.018510000000003357,0.0198500000000017,0.021049999999998903,SSP1,Median,Central Asia,missingmissingmissingmissingmissingmissingmissingmissing,Protein,BeefDairyOtherMeat_FishPorkPoultrySheepGoatLegumesNutsSeeds,missingmissingmissingmissingmissingmissingmissingmissing,missingmissingmissingmissingmissingmissingmissingmissing,missingmissingmissingmissingmissingmissingmissingmissing,missingmissingmissingmissingmissingmissingmissingmissing,missingmissingmissingmissingmissingmissingmissingmissing,missingmissingmissingmissingmissingmissingmissingmissing,missingmissingmissingmissingmissingmissingmissingmissing,Pcal,Central AsiaProtein
1997,15.344192,14.977986000000001,18.252926,23.263154,26.454266,,,,0.01714770672619336,0.05760253544340134,0.03881137796857205,0.02886671917203124,0.02667971443594591,SSP1,Upper CI,Central Asia,missingmissingmissingmissingmissingmissingmissingmissing,Protein,BeefDairyOtherMeat_FishPorkPoultrySheepGoatLegumesNutsSeeds,missingmissingmissingmissingmissingmissingmissingmissing,missingmissingmissingmissingmissingmissingmissingmissing,missingmissingmissingmissingmissingmissingmissingmissing,missingmissingmissingmissingmissingmissingmissingmissing,missingmissingmissingmissingmissingmissingmissingmissing,missingmissingmissingmissingmissingmissingmissingmissing,missingmissingmissingmissingmissingmissingmissingmissing,Pcal,Central AsiaProtein
2016,3.28401,1.90761,1.70466,1.85852,1.88208,,,,0.006563913860393307,0.0010156020783467622,0.0030381900865411515,0.005947322165434991,0.005758117617558393,SSP1,Lower CI,Central Asia,missing,Rice,Rice,missing,missing,missing,missing,missing,missing,missing,Pcal,Central AsiaRice
2017,3.28401,1.90761,1.70466,1.85852,1.88208,,,,0.007849999999999913,0.006750000000000034,0.005770000000000053,0.006280000000000063,0.006420000000000092,SSP1,Median,Central Asia,missing,Rice,Rice,missing,missing,missing,missing,missing,missing,missing,Pcal,Central AsiaRice
2018,3.28401,1.90761,1.70466,1.85852,1.88208,,,,0.01068465756817788,0.016800397921653366,0.012569178334511492,0.007147414676670302,0.006627145540336471,SSP1,Upper CI,Central Asia,missing,Rice,Rice,missing,missing,missing,missing,missing,missing,missing,Pcal,Central AsiaRice
2037,1.88637,3.18481,3.66636,4.31849,4.34361,,,,0.008960227178775855,-0.024672220260675698,-0.022590589272837247,0.0037384476174491753,0.0053643688219002965,SSP1,Lower CI,Central Asia,missing,Roots and Tubers,RootTuber,missing,missing,missing,missing,missing,missing,missing,Pcal,Central AsiaRoots and Tubers
2038,1.88637,3.18481,3.66636,4.31849,4.34361,,,,0.014889999999999404,0.0028399999999999537,0.005399999999999849,0.006440000000000001,0.006410000000000249,SSP1,Median,Central Asia,missing,Roots and Tubers,RootTuber,missing,missing,missing,missing,missing,missing,missing,Pcal,Central AsiaRoots and Tubers
2039,1.88637,3.18481,3.66636,4.31849,4.34361,,,,0.02015120139265171,0.01922955359400938,0.012119010325468286,0.00904260501412964,0.00921457854652123,SSP1,Upper CI,Central Asia,missing,Roots and Tubers,RootTuber,missing,missing,missing,missing,missing,missing,missing,Pcal,Central AsiaRoots and Tubers
2058,0.847707,0.840152,3.85239,6.53887,7.39641,,,,-0.011344399556645315,-0.051767228264400944,-0.020194002134260973,-0.019851619629787022,-0.01612609571785828,SSP1,Lower CI,Central Asia,missing,Sugar Crops,SugarCrop,missing,missing,missing,missing,missing,missing,missing,Pcal,Central AsiaSugar Crops
2059,0.847707,0.840152,3.85239,6.53887,7.39641,,,,-0.005500000000001393,-0.014700000000001268,-0.013799999999999812,-0.013500000000000512,-0.013199999999999434,SSP1,Median,Central Asia,missing,Sugar Crops,SugarCrop,missing,missing,missing,missing,missing,missing,missing,Pcal,Central AsiaSugar Crops
2060,0.847707,0.840152,3.85239,6.53887,7.39641,,,,-0.0013413147290703645,0.16583389493106657,0.007741370555314207,-0.01181153826494951,-0.011400220071614267,SSP1,Upper CI,Central Asia,missing,Sugar Crops,SugarCrop,missing,missing,missing,missing,missing,missing,missing,Pcal,Central AsiaSugar Crops
2079,40.1796,41.0494,39.7028,38.2043,38.5847,,,,-0.009486551475133947,-0.018945665364640187,0.0009827507958002253,0.0036453686396271845,0.002981090309929311,SSP1,Lower CI,Central Asia,missing,Wheat,Wheat,missing,missing,missing,missing,missing,missing,missing,Pcal,Central AsiaWheat
2080,40.1796,41.0494,39.7028,38.2043,38.5847,,,,0.0035999999999987153,0.013800000000003365,0.010899999999999466,0.006099999999996442,0.005200000000002092,SSP1,Median,Central Asia,missing,Wheat,Wheat,missing,missing,missing,missing,missing,missing,missing,Pcal,Central AsiaWheat
2081,40.1796,41.0494,39.7028,38.2043,38.5847,,,,0.012143694332271625,0.07090566536464463,0.03696461762524886,0.009765157676157214,0.007250488637443687,SSP1,Upper CI,Central Asia,missing,Wheat,Wheat,missing,missing,missing,missing,missing,missing,missing,Pcal,Central AsiaWheat
2100,14.022,23.9136,29.2329,30.0737,29.4858,,,,0.05039013630002083,-0.003357743468914872,0.05486082114442707,0.08783772045109998,0.09352119819628898,SSP1,Lower CI,China,missing,Corn,Corn,missing,missing,missing,missing,missing,missing,missing,Pcal,ChinaCorn
2101,14.022,23.9136,29.2329,30.0737,29.4858,,,,0.06379999999999697,0.047699999999998965,0.0826000000000029,0.09679999999999822,0.09590000000000032,SSP1,Median,China,missing,Corn,Corn,missing,missing,missing,missing,missing,missing,missing,Pcal,ChinaCorn
2102,14.022,23.9136,29.2329,30.0737,29.4858,,,,0.08760986369997527,0.06319774346891467,0.08679181043452262,0.09802543744363339,0.09779459127739512,SSP1,Upper CI,China,missing,Corn,Corn,missing,missing,missing,missing,missing,missing,missing,Pcal,ChinaCorn
2121,38.49707,132.1037,161.8878,188.41049999999998,216.5719,,,,-0.011713695926569026,-0.16088033481135167,-0.0013901693334323617,0.0017798093643864865,0.006748344698796673,SSP1,Lower CI,China,missingmissing,Fruits and Vegetables,FruitsVegetables,missingmissing,missingmissing,missingmissing,missingmissing,missingmissing,missingmissing,missingmissing,Pcal,ChinaFruits and Vegetables
2122,38.49707,132.1037,161.8878,188.41049999999998,216.5719,,,,0.03130000000001587,0.014899999999997249,0.021500000000017394,0.030700000000010164,0.02779999999999916,SSP1,Median,China,missingmissing,Fruits and Vegetables,FruitsVegetables,missingmissing,missingmissing,missingmissing,missingmissing,missingmissing,missingmissing,missingmissing,Pcal,ChinaFruits and Vegetables
2123,38.49707,132.1037,161.8878,188.41049999999998,216.5719,,,,0.105999410212295,0.18313366814466014,0.06634806407029323,0.06386229589875306,0.05073586582752912,SSP1,Upper CI,China,missingmissing,Fruits and Vegetables,FruitsVegetables,missingmissing,missingmissing,missingmissing,missingmissing,missingmissing,missingmissing,missingmissing,Pcal,ChinaFruits and Vegetables
2142,0.452454,0.820627,1.45854,1.86375,2.14466,,,,0.00044139746858072625,-0.001112178729853926,0.0003843817930148853,0.00042497439541816463,0.0004659850872055913,SSP1,Lower CI,China,missing,Other Crops,MiscCrop,missing,missing,missing,missing,missing,missing,missing,Pcal,ChinaOther Crops
2143,0.452454,0.820627,1.45854,1.86375,2.14466,,,,0.0006900000000000794,0.0003699999999997594,0.0005999999999999339,0.0006499999999998174,0.0006599999999998829,SSP1,Median,China,missing,Other Crops,MiscCrop,missing,missing,missing,missing,missing,missing,missing,Pcal,ChinaOther Crops
2144,0.452454,0.820627,1.45854,1.86375,2.14466,,,,0.00118717395999084,0.0019681787298539677,0.000987197154353172,0.0009666045519499769,0.0008276991233204114,SSP1,Upper CI,China,missing,Other Crops,MiscCrop,missing,missing,missing,missing,missing,missing,missing,Pcal,ChinaOther Crops
2163,50.817139999999995,73.12464,94.49611,112.33682,129.041,,,,-0.3531563093522339,-0.42363724824448995,-0.20475455181272595,-0.18893039535223133,-0.15008114442016432,SSP1,Lower CI,China,missingmissingmissingmissing,Plant Oils,FiberCropOilCropOilPalmSoybean,missingmissingmissingmissing,missingmissingmissingmissing,missingmissingmissingmissing,missingmissingmissingmissing,missingmissingmissingmissing,missingmissingmissingmissing,missingmissingmissingmissing,Pcal,ChinaPlant Oils
2164,50.817139999999995,73.12464,94.49611,112.33682,129.041,,,,-0.24889999999999013,-0.18760000000000154,-0.15889999999999738,-0.14639999999999986,-0.12220000000000475,SSP1,Median,China,missingmissingmissingmissing,Plant Oils,FiberCropOilCropOilPalmSoybean,missingmissingmissingmissing,missingmissingmissingmissing,missingmissingmissingmissing,missingmissingmissingmissing,missingmissingmissingmissing,missingmissingmissingmissing,missingmissingmissingmissing,Pcal,ChinaPlant Oils
2165,50.817139999999995,73.12464,94.49611,112.33682,129.041,,,,-0.1724436906477526,0.11439724824449421,-0.030245448187278715,-0.06263802570038779,-0.0707293818956369,SSP1,Upper CI,China,missingmissingmissingmissing,Plant Oils,FiberCropOilCropOilPalmSoybean,missingmissingmissingmissing,missingmissingmissingmissing,missingmissingmissingmissing,missingmissingmissingmissing,missingmissingmissingmissing,missingmissingmissingmissing,missingmissingmissingmissing,Pcal,ChinaPlant Oils
2184,36.6475,11.5626,18.074,41.5075,40.9753,,,,0.053268142797920505,0.08360743083536654,0.12091739476491074,0.11293122397587155,0.11131414790675112,SSP1,Lower CI,China,missing,Other Grains,OtherGrain,missing,missing,missing,missing,missing,missing,missing,Pcal,ChinaOther Grains
2185,36.6475,11.5626,18.074,41.5075,40.9753,,,,0.1215000000000046,0.1097999999999999,0.12459999999999383,0.11670000000000158,0.11380000000000123,SSP1,Median,China,missing,Other Grains,OtherGrain,missing,missing,missing,missing,missing,missing,missing,Pcal,ChinaOther Grains
2186,36.6475,11.5626,18.074,41.5075,40.9753,,,,0.14761757148779964,0.1376725691646303,0.15102997365613527,0.12560561812939477,0.11648585209325088,SSP1,Upper CI,China,missing,Other Grains,OtherGrain,missing,missing,missing,missing,missing,missing,missing,Pcal,ChinaOther Grains
2205,145.99272000000002,327.9952,389.12217,430.80088,497.20207,,,,-0.007465968628619674,-0.1237731703436069,-0.07292436663557156,-0.014794497445034124,-0.0049209890232832995,SSP1,Lower CI,China,missingmissingmissingmissingmissingmissingmissingmissing,Protein,BeefDairyOtherMeat_FishPorkPoultrySheepGoatLegumesNutsSeeds,missingmissingmissingmissingmissingmissingmissingmissing,missingmissingmissingmissingmissingmissingmissingmissing,missingmissingmissingmissingmissingmissingmissingmissing,missingmissingmissingmissingmissingmissingmissingmissing,missingmissingmissingmissingmissingmissingmissingmissing,missingmissingmissingmissingmissingmissingmissingmissing,missingmissingmissingmissingmissingmissingmissingmissing,Pcal,ChinaProtein
2206,145.99272000000002,327.9952,389.12217,430.80088,497.20207,,,,0.18630000000001345,-0.053799999999981196,0.003599999999982728,0.07139999999998459,0.06060000000000443,SSP1,Median,China,missingmissingmissingmissingmissingmissingmissingmissing,Protein,BeefDairyOtherMeat_FishPorkPoultrySheepGoatLegumesNutsSeeds,missingmissingmissingmissingmissingmissingmissingmissing,missingmissingmissingmissingmissingmissingmissingmissing,missingmissingmissingmissingmissingmissingmissingmissing,missingmissingmissingmissingmissingmissingmissingmissing,missingmissingmissingmissingmissingmissingmissingmissing,missingmissingmissingmissingmissingmissingmissingmissing,missingmissingmissingmissingmissingmissingmissingmissing,Pcal,ChinaProtein
2207,145.99272000000002,327.9952,389.12217,430.80088,497.20207,,,,0.2961802543429075,0.2143998370102717,0.11297699821448653,0.12929976060293258,0.10876309428644412,SSP1,Upper CI,China,missingmissingmissingmissingmissingmissingmissingmissing,Protein,BeefDairyOtherMeat_FishPorkPoultrySheepGoatLegumesNutsSeeds,missingmissingmissingmissingmissingmissingmissingmissing,missingmissingmissingmissingmissingmissingmissingmissing,missingmissingmissingmissingmissingmissingmissingmissing,missingmissingmissingmissingmissingmissingmissingmissing,missingmissingmissingmissingmissingmissingmissingmissing,missingmissingmissingmissingmissingmissingmissingmissing,missingmissingmissingmissingmissingmissingmissingmissing,Pcal,ChinaProtein
2226,368.857,410.796,429.804,439.62,431.931,,,,-3.5540168778553487,-3.799151469749452,-3.999998297035027,-3.708903946555491,-3.318708045313391,SSP1,Lower CI,China,missing,Rice,Rice,missing,missing,missing,missing,missing,missing,missing,Pcal,ChinaRice
2227,368.857,410.796,429.804,439.62,431.931,,,,-3.4710000000000036,-3.656000000000006,-3.9470000000000027,-3.690999999999974,-3.305000000000007,SSP1,Median,China,missing,Rice,Rice,missing,missing,missing,missing,missing,missing,missing,Pcal,ChinaRice
2228,368.857,410.796,429.804,439.62,431.931,,,,-3.3456974078589696,-3.4156485302505013,-3.8318964398071285,-3.6489907902865575,-3.2900287967919035,SSP1,Upper CI,China,missing,Rice,Rice,missing,missing,missing,missing,missing,missing,missing,Pcal,ChinaRice
2247,59.9041,79.762,75.1138,79.9416,78.5564,,,,0.1933207327285394,0.1628521843923353,0.21106644644879913,0.17905691005779295,0.17193150663921408,SSP1,Lower CI,China,missing,Roots and Tubers,RootTuber,missing,missing,missing,missing,missing,missing,missing,Pcal,ChinaRoots and Tubers
2248,59.9041,79.762,75.1138,79.9416,78.5564,,,,0.22529999999999006,0.2365000000000066,0.231899999999996,0.20299999999999585,0.19299999999999784,SSP1,Median,China,missing,Roots and Tubers,RootTuber,missing,missing,missing,missing,missing,missing,missing,Pcal,ChinaRoots and Tubers
2249,59.9041,79.762,75.1138,79.9416,78.5564,,,,0.30630783870002376,0.38882781560767876,0.2961019746038206,0.2396483531000964,0.21185796704499577,SSP1,Upper CI,China,missing,Roots and Tubers,RootTuber,missing,missing,missing,missing,missing,missing,missing,Pcal,ChinaRoots and Tubers
2268,4.20549,4.10895,21.4656,37.1685,42.6193,,,,-0.08379663393766056,-0.16259047880475874,-0.049210615099875565,-0.04087437635718167,-0.03303490422086512,SSP1,Lower CI,China,missing,Sugar Crops,SugarCrop,missing,missing,missing,missing,missing,missing,missing,Pcal,ChinaSugar Crops
2269,4.20549,4.10895,21.4656,37.1685,42.6193,,,,-0.038800000000001944,-0.04579999999999984,-0.03529999999999944,-0.028599999999997294,-0.02470000000000283,SSP1,Median,China,missing,Sugar Crops,SugarCrop,missing,missing,missing,missing,missing,missing,missing,Pcal,ChinaSugar Crops
2270,4.20549,4.10895,21.4656,37.1685,42.6193,,,,-0.021574794633772137,0.1670971454714244,-0.02413675332117217,-0.023641413116497652,-0.020228253673879974,SSP1,Upper CI,China,missing,Sugar Crops,SugarCrop,missing,missing,missing,missing,missing,missing,missing,Pcal,ChinaSugar Crops
2289,304.284,302.798,294.037,295.595,293.314,,,,2.9955613905292084,2.9233585317351474,3.3688246527541876,3.2119227253841656,2.8819966982218914,SSP1,Lower CI,China,missing,Wheat,Wheat,missing,missing,missing,missing,missing,missing,missing,Pcal,ChinaWheat
2290,304.284,302.798,294.037,295.595,293.314,,,,3.0360000000000014,3.3110000000000355,3.521000000000015,3.2489999999999952,2.9090000000000202,SSP1,Median,China,missing,Wheat,Wheat,missing,missing,missing,missing,missing,missing,missing,Pcal,ChinaWheat
2291,304.284,302.798,294.037,295.595,293.314,,,,3.068438609470756,3.4623748015982048,3.5423332419826608,3.3046035904052946,2.926529617567595,SSP1,Upper CI,China,missing,Wheat,Wheat,missing,missing,missing,missing,missing,missing,missing,Pcal,ChinaWheat
2310,3.44171,5.4139,4.41471,4.67429,4.8082,,,,0.011543408896535122,0.003094255392109703,0.0008114295274261321,0.007695575206244993,0.008039650332915671,SSP1,Lower CI,Colombia,missing,Corn,Corn,missing,missing,missing,missing,missing,missing,missing,Pcal,ColombiaCorn
2311,3.44171,5.4139,4.41471,4.67429,4.8082,,,,0.015349999999999753,0.010440000000000005,0.007649999999999935,0.008449999999999847,0.008359999999999701,SSP1,Median,Colombia,missing,Corn,Corn,missing,missing,missing,missing,missing,missing,missing,Pcal,ColombiaCorn
2312,3.44171,5.4139,4.41471,4.67429,4.8082,,,,0.021376591103465098,0.015140411274556696,0.00937172836731048,0.00966021426743923,0.009077191772347571,SSP1,Upper CI,Colombia,missing,Corn,Corn,missing,missing,missing,missing,missing,missing,missing,Pcal,ColombiaCorn
2331,2.000629,3.482407,3.947799,4.896692,5.424072000000001,,,,0.006574029459189624,0.00106355902704342,0.006676956159392363,0.007660319762805331,0.007911348151571778,SSP1,Lower CI,Colombia,missingmissing,Fruits and Vegetables,FruitsVegetables,missingmissing,missingmissing,missingmissing,missingmissing,missingmissing,missingmissing,missingmissing,Pcal,ColombiaFruits and Vegetables
2332,2.000629,3.482407,3.947799,4.896692,5.424072000000001,,,,0.007072000000000411,0.007048000000000165,0.007762999999999631,0.008440000000000225,0.00844000000000067,SSP1,Median,Colombia,missingmissing,Fruits and Vegetables,FruitsVegetables,missingmissing,missingmissing,missingmissing,missingmissing,missingmissing,missingmissing,missingmissing,Pcal,ColombiaFruits and Vegetables
2333,2.000629,3.482407,3.947799,4.896692,5.424072000000001,,,,0.0076942562550968065,0.010087907639622971,0.008229359630080469,0.009323890763511148,0.009286546585270967,SSP1,Upper CI,Colombia,missingmissing,Fruits and Vegetables,FruitsVegetables,missingmissing,missingmissing,missingmissing,missingmissing,missingmissing,missingmissing,missingmissing,Pcal,ColombiaFruits and Vegetables
2352,0.223118,0.241962,0.18251,0.202085,0.224152,,,,0.00027775688391397656,0.00012507429534733505,0.0003568173135726287,0.0004046265983492489,0.00042003202359203076,SSP1,Lower CI,Colombia,missing,Other Crops,MiscCrop,missing,missing,missing,missing,missing,missing,missing,Pcal,ColombiaOther Crops
2353,0.223118,0.241962,0.18251,0.202085,0.224152,,,,0.00029799999999996496,0.0003569999999999962,0.0004050000000000442,0.0004390000000000227,0.0004449999999999732,SSP1,Median,Colombia,missing,Other Crops,MiscCrop,missing,missing,missing,missing,missing,missing,missing,Pcal,ColombiaOther Crops
2354,0.223118,0.241962,0.18251,0.202085,0.224152,,,,0.0003591002589431133,0.00045825903798602283,0.00041728794958530976,0.0004706365595455014,0.0004751258711447716,SSP1,Upper CI,Colombia,missing,Other Crops,MiscCrop,missing,missing,missing,missing,missing,missing,missing,Pcal,ColombiaOther Crops
2373,2.493711,4.122297700000001,4.5522345,5.679957999999999,6.2690368,,,,0.0009636356753246378,-0.0007739872564971988,0.0022129776128740264,0.0022504834151424614,0.003528665122876788,SSP1,Lower CI,Colombia,missingmissingmissingmissing,Plant Oils,FiberCropOilCropOilPalmSoybean,missingmissingmissingmissing,missingmissingmissingmissing,missingmissingmissingmissing,missingmissingmissingmissing,missingmissingmissingmissing,missingmissingmissingmissing,missingmissingmissingmissing,Pcal,ColombiaPlant Oils
2374,2.493711,4.122297700000001,4.5522345,5.679957999999999,6.2690368,,,,0.004745900000000296,0.006663799999999963,0.006960099999999435,0.006436499999999651,0.006563000000000131,SSP1,Median,Colombia,missingmissingmissingmissing,Plant Oils,FiberCropOilCropOilPalmSoybean,missingmissingmissingmissing,missingmissingmissingmissing,missingmissingmissingmissing,missingmissingmissingmissing,missingmissingmissingmissing,missingmissingmissingmissing,missingmissingmissingmissing,Pcal,ColombiaPlant Oils
2375,2.493711,4.122297700000001,4.5522345,5.679957999999999,6.2690368,,,,0.0072689357532471025,0.015730880589830742,0.011566222387125215,0.010120653426962015,0.009066008561333907,SSP1,Upper CI,Colombia,missingmissingmissingmissing,Plant Oils,FiberCropOilCropOilPalmSoybean,missingmissingmissingmissing,missingmissingmissingmissing,missingmissingmissingmissing,missingmissingmissingmissing,missingmissingmissingmissing,missingmissingmissingmissing,missingmissingmissingmissing,Pcal,ColombiaPlant Oils
2394,0.190695,0.384356,0.701443,1.17677,1.21118,,,,0.0007024708266980626,-0.008230858084107574,0.0005421612984023265,0.0034996808733744663,0.0029642549046185723,SSP1,Lower CI,Colombia,missing,Other Grains,OtherGrain,missing,missing,missing,missing,missing,missing,missing,Pcal,ColombiaOther Grains
2395,0.190695,0.384356,0.701443,1.17677,1.21118,,,,0.004060000000000175,0.004590000000000094,0.004850000000000021,0.0045399999999999885,0.0045399999999999885,SSP1,Median,Colombia,missing,Other Grains,OtherGrain,missing,missing,missing,missing,missing,missing,missing,Pcal,ColombiaOther Grains
2396,0.190695,0.384356,0.701443,1.17677,1.21118,,,,0.00474038631615921,0.03407885808410774,0.02169783870159771,0.004807687547678387,0.004822060884855028,SSP1,Upper CI,Colombia,missing,Other Grains,OtherGrain,missing,missing,missing,missing,missing,missing,missing,Pcal,ColombiaOther Grains
2415,5.3399156,8.5370731,9.0008674,10.7472138,11.8913803,,,,0.0068074946810577535,0.0024201783139499375,0.0122463974297652,0.011831924323251156,0.011153725507588278,SSP1,Lower CI,Colombia,missingmissingmissingmissingmissingmissingmissingmissing,Protein,BeefDairyOtherMeat_FishPorkPoultrySheepGoatLegumesNutsSeeds,missingmissingmissingmissingmissingmissingmissingmissing,missingmissingmissingmissingmissingmissingmissingmissing,missingmissingmissingmissingmissingmissingmissingmissing,missingmissingmissingmissingmissingmissingmissingmissing,missingmissingmissingmissingmissingmissingmissingmissing,missingmissingmissingmissingmissingmissingmissingmissing,missingmissingmissingmissingmissingmissingmissingmissing,Pcal,ColombiaProtein
2416,5.3399156,8.5370731,9.0008674,10.7472138,11.8913803,,,,0.01044769999999938,0.012916699999999122,0.014628100000000026,0.013832700000000257,0.013087600000000092,SSP1,Median,Colombia,missingmissingmissingmissingmissingmissingmissingmissing,Protein,BeefDairyOtherMeat_FishPorkPoultrySheepGoatLegumesNutsSeeds,missingmissingmissingmissingmissingmissingmissingmissing,missingmissingmissingmissingmissingmissingmissingmissing,missingmissingmissingmissingmissingmissingmissingmissing,missingmissingmissingmissingmissingmissingmissingmissing,missingmissingmissingmissingmissingmissingmissingmissing,missingmissingmissingmissingmissingmissingmissingmissing,missingmissingmissingmissingmissingmissingmissingmissing,Pcal,ColombiaProtein
2417,5.3399156,8.5370731,9.0008674,10.7472138,11.8913803,,,,0.012185019604656771,0.03919634168604915,0.022537213096549776,0.015029696729380489,0.014532853439779449,SSP1,Upper CI,Colombia,missingmissingmissingmissingmissingmissingmissingmissing,Protein,BeefDairyOtherMeat_FishPorkPoultrySheepGoatLegumesNutsSeeds,missingmissingmissingmissingmissingmissingmissingmissing,missingmissingmissingmissingmissingmissingmissingmissing,missingmissingmissingmissingmissingmissingmissingmissing,missingmissingmissingmissingmissingmissingmissingmissing,missingmissingmissingmissingmissingmissingmissingmissing,missingmissingmissingmissingmissingmissingmissingmissing,missingmissingmissingmissingmissingmissingmissingmissing,Pcal,ColombiaProtein
2436,4.25177,4.82864,4.61071,5.27376,5.46843,,,,-0.03112724631314872,-0.05065682651743249,-0.028388777060534914,-0.021538492359217773,-0.02031819750845742,SSP1,Lower CI,Colombia,missing,Rice,Rice,missing,missing,missing,missing,missing,missing,missing,Pcal,ColombiaRice
2437,4.25177,4.82864,4.61071,5.27376,5.46843,,,,-0.026029999999999553,-0.02599000000000018,-0.022040000000000504,-0.020209999999999617,-0.019730000000000025,SSP1,Median,Colombia,missing,Rice,Rice,missing,missing,missing,missing,missing,missing,missing,Pcal,ColombiaRice
2438,4.25177,4.82864,4.61071,5.27376,5.46843,,,,-0.020667039401136518,-0.01657917348256822,-0.019924907149991816,-0.01816571816709761,-0.018755486702069637,SSP1,Upper CI,Colombia,missing,Rice,Rice,missing,missing,missing,missing,missing,missing,missing,Pcal,ColombiaRice
2457,2.39995,2.49585,2.81258,3.00336,3.10138,,,,0.005554843308683881,-0.02052014853471958,-0.0031980861753346844,0.0009912112858178426,0.0013334904502682742,SSP1,Lower CI,Colombia,missing,Roots and Tubers,RootTuber,missing,missing,missing,missing,missing,missing,missing,Pcal,ColombiaRoots and Tubers
2458,2.39995,2.49585,2.81258,3.00336,3.10138,,,,0.009409999999999918,0.0017900000000001803,0.0007500000000000284,0.0019499999999998963,0.0019499999999998963,SSP1,Median,Colombia,missing,Roots and Tubers,RootTuber,missing,missing,missing,missing,missing,missing,missing,Pcal,ColombiaRoots and Tubers
2459,2.39995,2.49585,2.81258,3.00336,3.10138,,,,0.012376585262744544,0.012396148534719532,0.002327559859545538,0.0035108939773401426,0.002855983233941931,SSP1,Upper CI,Colombia,missing,Roots and Tubers,RootTuber,missing,missing,missing,missing,missing,missing,missing,Pcal,ColombiaRoots and Tubers
2478,1.15492,1.42849,6.23306,9.85507,10.9139,,,,-0.038993530047749976,-0.0445638436101217,-0.04622989605783141,-0.047532784858616964,-0.04703945805321587,SSP1,Lower CI,Colombia,missing,Sugar Crops,SugarCrop,missing,missing,missing,missing,missing,missing,missing,Pcal,ColombiaSugar Crops
2479,1.15492,1.42849,6.23306,9.85507,10.9139,,,,-0.03769999999999918,-0.0411999999999999,-0.043400000000000105,-0.04439999999999955,-0.04449999999999932,SSP1,Median,Colombia,missing,Sugar Crops,SugarCrop,missing,missing,missing,missing,missing,missing,missing,Pcal,ColombiaSugar Crops
2480,1.15492,1.42849,6.23306,9.85507,10.9139,,,,-0.036292184237962426,-0.03328948972321256,-0.03977010394216804,-0.040351425667698934,-0.04093948931520283,SSP1,Upper CI,Colombia,missing,Sugar Crops,SugarCrop,missing,missing,missing,missing,missing,missing,missing,Pcal,ColombiaSugar Crops
2499,2.73946,4.5503,4.29722,4.13824,4.29196,,,,-0.011824393222933653,-0.00795103885556985,0.0016211353287905123,0.0011617709940071972,0.0036917992184802304,SSP1,Lower CI,Colombia,missing,Wheat,Wheat,missing,missing,missing,missing,missing,missing,missing,Pcal,ColombiaWheat
2500,2.73946,4.5503,4.29722,4.13824,4.29196,,,,0.002500000000000391,0.01191999999999993,0.007800000000000473,0.005129999999999413,0.0047399999999999665,SSP1,Median,Colombia,missing,Wheat,Wheat,missing,missing,missing,missing,missing,missing,missing,Pcal,ColombiaWheat
2501,2.73946,4.5503,4.29722,4.13824,4.29196,,,,0.006927250365791195,0.039063038855569034,0.014806233092262411,0.00792875532178134,0.005817674465729581,SSP1,Upper CI,Colombia,missing,Wheat,Wheat,missing,missing,missing,missing,missing,missing,missing,Pcal,ColombiaWheat
2520,3.35889,3.46559,3.65939,2.95436,2.91548,,,,0.0026102824964306065,-0.0009268184840277552,-0.0012075333469773633,6.0939283914994576e-05,0.0007219485350042624,SSP1,Lower CI,Northeastern EU,missing,Corn,Corn,missing,missing,missing,missing,missing,missing,missing,Pcal,Northeastern EUCorn
2521,3.35889,3.46559,3.65939,2.95436,2.91548,,,,0.0059499999999999,0.0012900000000000134,0.000440000000000218,0.0011799999999997368,0.0012300000000000644,SSP1,Median,Northeastern EU,missing,Corn,Corn,missing,missing,missing,missing,missing,missing,missing,Pcal,Northeastern EUCorn
2522,3.35889,3.46559,3.65939,2.95436,2.91548,,,,0.007378288932140787,0.007692151817361119,0.0021643754522407592,0.001831692295032198,0.0016233146228902722,SSP1,Upper CI,Northeastern EU,missing,Corn,Corn,missing,missing,missing,missing,missing,missing,missing,Pcal,Northeastern EUCorn
2541,5.37301,6.08309,6.121560000000001,6.483890000000001,6.79163,,,,-0.009408517380809875,-0.015261399109488975,-0.0072161721899333,-0.006190277503693808,-0.005835014194348608,SSP1,Lower CI,Northeastern EU,missingmissing,Fruits and Vegetables,FruitsVegetables,missingmissing,missingmissing,missingmissing,missingmissing,missingmissing,missingmissing,missingmissing,Pcal,Northeastern EUFruits and Vegetables
2542,5.37301,6.08309,6.121560000000001,6.483890000000001,6.79163,,,,-0.003730000000000011,-0.0046800000000000175,-0.00495000000000001,-0.004630000000000134,-0.0047199999999998354,SSP1,Median,Northeastern EU,missingmissing,Fruits and Vegetables,FruitsVegetables,missingmissing,missingmissing,missingmissing,missingmissing,missingmissing,missingmissing,missingmissing,Pcal,Northeastern EUFruits and Vegetables
2543,5.37301,6.08309,6.121560000000001,6.483890000000001,6.79163,,,,0.0018113745236671116,0.0039173991094887915,-0.003523827810066894,-0.0030160382857798863,-0.0036207752793355175,SSP1,Upper CI,Northeastern EU,missingmissing,Fruits and Vegetables,FruitsVegetables,missingmissing,missingmissing,missingmissing,missingmissing,missingmissing,missingmissing,missingmissing,Pcal,Northeastern EUFruits and Vegetables
2562,0.73574,1.22937,1.13332,0.98072,1.02815,,,,-0.0012259683694010746,-0.0016218456228235371,-0.00042135602000684477,-0.0002566385770033533,-0.00019931593147842533,SSP1,Lower CI,Northeastern EU,missing,Other Crops,MiscCrop,missing,missing,missing,missing,missing,missing,missing,Pcal,Northeastern EUOther Crops
2563,0.73574,1.22937,1.13332,0.98072,1.02815,,,,-5.0000000000105516e-05,-0.00031000000000003247,-0.00012000000000012001,-1.999999999990898e-05,-8.000000000008001e-05,SSP1,Median,Northeastern EU,missing,Other Crops,MiscCrop,missing,missing,missing,missing,missing,missing,missing,Pcal,Northeastern EUOther Crops
2564,0.73574,1.22937,1.13332,0.98072,1.02815,,,,0.0005145397979724737,0.0009925122894900481,7.819812526985815e-05,0.00017979647174034646,8.563172095211273e-05,SSP1,Upper CI,Northeastern EU,missing,Other Crops,MiscCrop,missing,missing,missing,missing,missing,missing,missing,Pcal,Northeastern EUOther Crops
2583,7.214461,9.003053,8.8183428,8.700815599999999,9.062227543,,,,-0.004596456456391361,-0.014517098629258027,0.013485573450642035,0.01492026599184857,0.01711516841446164,SSP1,Lower CI,Northeastern EU,missingmissingmissingmissing,Plant Oils,FiberCropOilCropOilPalmSoybean,missingmissingmissingmissing,missingmissingmissingmissing,missingmissingmissingmissing,missingmissingmissingmissing,missingmissingmissingmissing,missingmissingmissingmissing,missingmissingmissingmissing,Pcal,Northeastern EUPlant Oils
2584,7.214461,9.003053,8.8183428,8.700815599999999,9.062227543,,,,0.01697042699999963,0.022563041000000308,0.023034147999998724,0.020553368999999714,0.020800660999999738,SSP1,Median,Northeastern EU,missingmissingmissingmissing,Plant Oils,FiberCropOilCropOilPalmSoybean,missingmissingmissingmissing,missingmissingmissingmissing,missingmissingmissingmissing,missingmissingmissingmissing,missingmissingmissingmissing,missingmissingmissingmissing,missingmissingmissingmissing,Pcal,Northeastern EUPlant Oils
2585,7.214461,9.003053,8.8183428,8.700815599999999,9.062227543,,,,0.03734020302782063,0.03663637956259106,0.03314098675988292,0.02882248821867657,0.025509900217117493,SSP1,Upper CI,Northeastern EU,missingmissingmissingmissing,Plant Oils,FiberCropOilCropOilPalmSoybean,missingmissingmissingmissing,missingmissingmissingmissing,missingmissingmissingmissing,missingmissingmissingmissing,missingmissingmissingmissing,missingmissingmissingmissing,missingmissingmissingmissing,Pcal,Northeastern EUPlant Oils
2604,6.20299,5.49061,7.99149,9.83879,9.74369,,,,0.004430846685840247,-0.00265417165759029,-0.003348745475658876,0.001209689805596633,0.003382582101301848,SSP1,Lower CI,Northeastern EU,missing,Other Grains,OtherGrain,missing,missing,missing,missing,missing,missing,missing,Pcal,Northeastern EUOther Grains
2605,6.20299,5.49061,7.99149,9.83879,9.74369,,,,0.011490000000000222,0.0077099999999994395,0.0036599999999999966,0.003109999999999502,0.004460000000001685,SSP1,Median,Northeastern EU,missing,Other Grains,OtherGrain,missing,missing,missing,missing,missing,missing,missing,Pcal,Northeastern EUOther Grains
2606,6.20299,5.49061,7.99149,9.83879,9.74369,,,,0.016157724742730802,0.02659683832425648,0.0069424296861848945,0.004292415457560144,0.004833207372384345,SSP1,Upper CI,Northeastern EU,missing,Other Grains,OtherGrain,missing,missing,missing,missing,missing,missing,missing,Pcal,Northeastern EUOther Grains
2625,48.172638,44.265952,39.031647,35.157389,36.831865,,,,0.0035236115615942653,-0.011053837803598778,0.00719315845057979,0.009631877501934057,0.0113733943001919,SSP1,Lower CI,Northeastern EU,missingmissingmissingmissingmissingmissingmissingmissing,Protein,BeefDairyOtherMeat_FishPorkPoultrySheepGoatLegumesNutsSeeds,missingmissingmissingmissingmissingmissingmissingmissing,missingmissingmissingmissingmissingmissingmissingmissing,missingmissingmissingmissingmissingmissingmissingmissing,missingmissingmissingmissingmissingmissingmissingmissing,missingmissingmissingmissingmissingmissingmissingmissing,missingmissingmissingmissingmissingmissingmissingmissing,missingmissingmissingmissingmissingmissingmissingmissing,Pcal,Northeastern EUProtein
2626,48.172638,44.265952,39.031647,35.157389,36.831865,,,,0.01690300000000039,0.012293000000000276,0.012790999999999497,0.014093999999998996,0.014962999999999615,SSP1,Median,Northeastern EU,missingmissingmissingmissingmissingmissingmissingmissing,Protein,BeefDairyOtherMeat_FishPorkPoultrySheepGoatLegumesNutsSeeds,missingmissingmissingmissingmissingmissingmissingmissing,missingmissingmissingmissingmissingmissingmissingmissing,missingmissingmissingmissingmissingmissingmissingmissing,missingmissingmissingmissingmissingmissingmissingmissing,missingmissingmissingmissingmissingmissingmissingmissing,missingmissingmissingmissingmissingmissingmissingmissing,missingmissingmissingmissingmissingmissingmissingmissing,Pcal,Northeastern EUProtein
2627,48.172638,44.265952,39.031647,35.157389,36.831865,,,,0.02318267415269286,0.02449903780359836,0.02091315733889336,0.02084601723490752,0.02103881622612113,SSP1,Upper CI,Northeastern EU,missingmissingmissingmissingmissingmissingmissingmissing,Protein,BeefDairyOtherMeat_FishPorkPoultrySheepGoatLegumesNutsSeeds,missingmissingmissingmissingmissingmissingmissingmissing,missingmissingmissingmissingmissingmissingmissingmissing,missingmissingmissingmissingmissingmissingmissingmissing,missingmissingmissingmissingmissingmissingmissingmissing,missingmissingmissingmissingmissingmissingmissingmissing,missingmissingmissingmissingmissingmissingmissingmissing,missingmissingmissingmissingmissingmissingmissingmissing,Pcal,Northeastern EUProtein
2646,1.10421,1.21123,0.893588,0.926391,0.9142,,,,-0.015738873003613478,-0.012139198171434488,-0.01184183558237047,-0.009998486580644977,-0.009752820420906062,SSP1,Lower CI,Northeastern EU,missing,Rice,Rice,missing,missing,missing,missing,missing,missing,missing,Pcal,Northeastern EURice
2647,1.10421,1.21123,0.893588,0.926391,0.9142,,,,-0.011599999999999944,-0.009265999999999996,-0.00924400000000003,-0.009089999999999931,-0.009120999999999935,SSP1,Median,Northeastern EU,missing,Rice,Rice,missing,missing,missing,missing,missing,missing,missing,Pcal,Northeastern EURice
2648,1.10421,1.21123,0.893588,0.926391,0.9142,,,,-0.009356555567815021,0.00028319817143445964,-0.0024215328386822553,-0.007165829208828637,-0.00857486378962019,SSP1,Upper CI,Northeastern EU,missing,Rice,Rice,missing,missing,missing,missing,missing,missing,missing,Pcal,Northeastern EURice
2667,6.53835,6.47646,6.16291,5.57161,5.52085,,,,-0.015017352118357308,-0.020313424378891835,-0.012780128138599297,-0.009121984756236084,-0.007485884193305274,SSP1,Lower CI,Northeastern EU,missing,Roots and Tubers,RootTuber,missing,missing,missing,missing,missing,missing,missing,Pcal,Northeastern EURoots and Tubers
2668,6.53835,6.47646,6.16291,5.57161,5.52085,,,,-0.001120000000000232,-0.008240000000000691,-0.009940000000000282,-0.005589999999999762,-0.0056600000000006645,SSP1,Median,Northeastern EU,missing,Roots and Tubers,RootTuber,missing,missing,missing,missing,missing,missing,missing,Pcal,Northeastern EURoots and Tubers
2669,6.53835,6.47646,6.16291,5.57161,5.52085,,,,0.015254494975500323,0.018469424378891066,-0.0025303981771899265,-0.0032001205069216642,-0.004062536859327027,SSP1,Upper CI,Northeastern EU,missing,Roots and Tubers,RootTuber,missing,missing,missing,missing,missing,missing,missing,Pcal,Northeastern EURoots and Tubers
2688,2.65093,2.52695,8.01606,11.8154,12.3083,,,,-0.01618454683468206,-0.03597376774932254,-0.013560706000696067,-0.018333167712885776,-0.016970708476715748,SSP1,Lower CI,Northeastern EU,missing,Sugar Crops,SugarCrop,missing,missing,missing,missing,missing,missing,missing,Pcal,Northeastern EUSugar Crops
2689,2.65093,2.52695,8.01606,11.8154,12.3083,,,,-0.013199999999999434,-0.012699999999998823,-0.012500000000001066,-0.012399999999999523,-0.012400000000001299,SSP1,Median,Northeastern EU,missing,Sugar Crops,SugarCrop,missing,missing,missing,missing,missing,missing,missing,Pcal,Northeastern EUSugar Crops
2690,2.65093,2.52695,8.01606,11.8154,12.3083,,,,-0.006701167451030653,0.049267101082657805,-0.007270872946673168,-0.008498411234482754,-0.008892449418022336,SSP1,Upper CI,Northeastern EU,missing,Sugar Crops,SugarCrop,missing,missing,missing,missing,missing,missing,missing,Pcal,Northeastern EUSugar Crops
2709,43.6072,40.0,34.8561,31.331,31.0114,,,,-0.021748462825521328,-0.03759302464141983,0.0018417712637842643,0.006705529011355186,0.007750243943330104,SSP1,Lower CI,Northeastern EU,missing,Wheat,Wheat,missing,missing,missing,missing,missing,missing,missing,Pcal,Northeastern EUWheat
2710,43.6072,40.0,34.8561,31.331,31.0114,,,,0.001300000000000523,0.012199999999999989,0.011299999999998533,0.009899999999998244,0.009899999999998244,SSP1,Median,Northeastern EU,missing,Wheat,Wheat,missing,missing,missing,missing,missing,missing,missing,Pcal,Northeastern EUWheat
2711,43.6072,40.0,34.8561,31.331,31.0114,,,,0.0168341771112359,0.02161969130808441,0.024210860315160353,0.01626289204127447,0.012460282372456397,SSP1,Upper CI,Northeastern EU,missing,Wheat,Wheat,missing,missing,missing,missing,missing,missing,missing,Pcal,Northeastern EUWheat
2730,7.97448,10.1853,9.05959,9.87531,10.021,,,,-0.004202546955385488,-0.01856163363005263,-0.013174918143545458,-0.008118926077262984,-0.005172309984161022,SSP1,Lower CI,Western EU,missing,Corn,Corn,missing,missing,missing,missing,missing,missing,missing,Pcal,Western EUCorn
2731,7.97448,10.1853,9.05959,9.87531,10.021,,,,0.008899999999998798,-0.004699999999999704,-0.006099999999999994,-0.0036000000000004917,-0.002000000000000668,SSP1,Median,Western EU,missing,Corn,Corn,missing,missing,missing,missing,missing,missing,missing,Pcal,Western EUCorn
2732,7.97448,10.1853,9.05959,9.87531,10.021,,,,0.01394540409824175,0.028788300296720803,0.0040170234067045014,0.0016768208141038359,0.002067046826265482,SSP1,Upper CI,Western EU,missing,Corn,Corn,missing,missing,missing,missing,missing,missing,missing,Pcal,Western EUCorn
2751,25.4938,28.2282,29.348800000000004,30.1033,31.253,,,,-0.032474046552223565,-0.06510057952244766,-0.034983916572306685,-0.029401742877188858,-0.026739958775788053,SSP1,Lower CI,Western EU,missingmissing,Fruits and Vegetables,FruitsVegetables,missingmissing,missingmissing,missingmissing,missingmissing,missingmissing,missingmissing,missingmissing,Pcal,Western EUFruits and Vegetables
2752,25.4938,28.2282,29.348800000000004,30.1033,31.253,,,,-0.018700000000002603,-0.028000000000002245,-0.024600000000001288,-0.020000000000003126,-0.021399999999998087,SSP1,Median,Western EU,missingmissing,Fruits and Vegetables,FruitsVegetables,missingmissing,missingmissing,missingmissing,missingmissing,missingmissing,missingmissing,missingmissing,Pcal,Western EUFruits and Vegetables
2753,25.4938,28.2282,29.348800000000004,30.1033,31.253,,,,0.009016903695077521,0.025300579522443793,-0.013373978164534719,-0.011177204491235415,-0.01486004122420849,SSP1,Upper CI,Western EU,missingmissing,Fruits and Vegetables,FruitsVegetables,missingmissing,missingmissing,missingmissing,missingmissing,missingmissing,missingmissing,missingmissing,Pcal,Western EUFruits and Vegetables
2772,6.24766,6.91395,6.6618,6.07275,6.32186,,,,-0.004025068886958943,-0.007539339977610241,-8.747414943741007e-05,0.0015388462444453576,0.0020250299458448072,SSP1,Lower CI,Western EU,missing,Other Crops,MiscCrop,missing,missing,missing,missing,missing,missing,missing,Pcal,Western EUOther Crops
2773,6.24766,6.91395,6.6618,6.07275,6.32186,,,,0.0019000000000000128,0.0003600000000005821,0.002329999999999721,0.003190000000000026,0.0029399999999997206,SSP1,Median,Western EU,missing,Other Crops,MiscCrop,missing,missing,missing,missing,missing,missing,missing,Pcal,Western EUOther Crops
2774,6.24766,6.91395,6.6618,6.07275,6.32186,,,,0.004070783172672767,0.008522006644277838,0.00349168467575325,0.004687469545028026,0.004243391106786654,SSP1,Upper CI,Western EU,missing,Other Crops,MiscCrop,missing,missing,missing,missing,missing,missing,missing,Pcal,Western EUOther Crops
2793,38.218239,44.913125,55.692833,58.457393,60.39380799999999,,,,-0.19838550593565202,-0.2769056110338643,-0.10682051252704575,-0.09981063233622864,-0.08235176687066395,SSP1,Lower CI,Western EU,missingmissingmissingmissing,Plant Oils,FiberCropOilCropOilPalmSoybean,missingmissingmissingmissing,missingmissingmissingmissing,missingmissingmissingmissing,missingmissingmissingmissing,missingmissingmissingmissing,missingmissingmissingmissing,missingmissingmissingmissing,Pcal,Western EUPlant Oils
2794,38.218239,44.913125,55.692833,58.457393,60.39380799999999,,,,-0.02064900000000411,-0.031207999999999986,-0.0447530000000044,-0.05610099999999507,-0.04299600000000306,SSP1,Median,Western EU,missingmissingmissingmissing,Plant Oils,FiberCropOilCropOilPalmSoybean,missingmissingmissingmissing,missingmissingmissingmissing,missingmissingmissingmissing,missingmissingmissingmissing,missingmissingmissingmissing,missingmissingmissingmissing,missingmissingmissingmissing,Pcal,Western EUPlant Oils
2795,38.218239,44.913125,55.692833,58.457393,60.39380799999999,,,,0.035338077364213336,0.06223641103386336,0.023957354632304077,0.0026232639151829162,-0.015169812076705286,SSP1,Upper CI,Western EU,missingmissingmissingmissing,Plant Oils,FiberCropOilCropOilPalmSoybean,missingmissingmissingmissing,missingmissingmissingmissing,missingmissingmissingmissing,missingmissingmissingmissing,missingmissingmissingmissing,missingmissingmissingmissing,missingmissingmissingmissing,Pcal,Western EUPlant Oils
2814,7.21819,6.37844,14.6993,20.1054,20.4293,,,,0.02477195767278531,-0.031459868929219814,0.004372976085843784,0.022063229158500366,0.026442235139785938,SSP1,Lower CI,Western EU,missing,Other Grains,OtherGrain,missing,missing,missing,missing,missing,missing,missing,Pcal,Western EUOther Grains
2815,7.21819,6.37844,14.6993,20.1054,20.4293,,,,0.0326999999999984,0.026700000000001722,0.0254000000000012,0.026099999999999568,0.028700000000000614,SSP1,Median,Western EU,missing,Other Grains,OtherGrain,missing,missing,missing,missing,missing,missing,missing,Pcal,Western EUOther Grains
2816,7.21819,6.37844,14.6993,20.1054,20.4293,,,,0.043056613755783346,0.033926535595890206,0.03560597128257946,0.027410455052026206,0.029978817491793524,SSP1,Upper CI,Western EU,missing,Other Grains,OtherGrain,missing,missing,missing,missing,missing,missing,missing,Pcal,Western EUOther Grains
2835,182.88606000000001,200.93079,176.63971,159.37348,165.43086,,,,0.1208654918013754,0.09462392900840953,0.1041096390822404,0.11073041283193685,0.1172214545155542,SSP1,Lower CI,Western EU,missingmissingmissingmissingmissingmissingmissingmissing,Protein,BeefDairyOtherMeat_FishPorkPoultrySheepGoatLegumesNutsSeeds,missingmissingmissingmissingmissingmissingmissingmissing,missingmissingmissingmissingmissingmissingmissingmissing,missingmissingmissingmissingmissingmissingmissingmissing,missingmissingmissingmissingmissingmissingmissingmissing,missingmissingmissingmissingmissingmissingmissingmissing,missingmissingmissingmissingmissingmissingmissingmissing,missingmissingmissingmissingmissingmissingmissingmissing,Pcal,Western EUProtein
2836,182.88606000000001,200.93079,176.63971,159.37348,165.43086,,,,0.1397200000000054,0.12806999999999702,0.1386599999999958,0.1315100000000058,0.1357199999999894,SSP1,Median,Western EU,missingmissingmissingmissingmissingmissingmissingmissing,Protein,BeefDairyOtherMeat_FishPorkPoultrySheepGoatLegumesNutsSeeds,missingmissingmissingmissingmissingmissingmissingmissing,missingmissingmissingmissingmissingmissingmissingmissing,missingmissingmissingmissingmissingmissingmissingmissing,missingmissingmissingmissingmissingmissingmissingmissing,missingmissingmissingmissingmissingmissingmissingmissing,missingmissingmissingmissingmissingmissingmissingmissing,missingmissingmissingmissingmissingmissingmissingmissing,Pcal,Western EUProtein
2837,182.88606000000001,200.93079,176.63971,159.37348,165.43086,,,,0.1515487939129106,0.15941207099158883,0.18047036091775215,0.17325695558912801,0.16806275601073936,SSP1,Upper CI,Western EU,missingmissingmissingmissingmissingmissingmissingmissing,Protein,BeefDairyOtherMeat_FishPorkPoultrySheepGoatLegumesNutsSeeds,missingmissingmissingmissingmissingmissingmissingmissing,missingmissingmissingmissingmissingmissingmissingmissing,missingmissingmissingmissingmissingmissingmissingmissing,missingmissingmissingmissingmissingmissingmissingmissing,missingmissingmissingmissingmissingmissingmissingmissing,missingmissingmissingmissingmissingmissingmissingmissing,missingmissingmissingmissingmissingmissingmissingmissing,Pcal,Western EUProtein
2856,5.7464,7.71362,8.34883,8.42442,8.54994,,,,-0.12847292072400623,-0.1289627105885195,-0.11804417302801891,-0.10208655455438573,-0.09897032969044445,SSP1,Lower CI,Western EU,missing,Rice,Rice,missing,missing,missing,missing,missing,missing,missing,Pcal,Western EURice
2857,5.7464,7.71362,8.34883,8.42442,8.54994,,,,-0.1044900000000002,-0.10107,-0.10228000000000037,-0.09838000000000058,-0.09668999999999883,SSP1,Median,Western EU,missing,Rice,Rice,missing,missing,missing,missing,missing,missing,missing,Pcal,Western EURice
2858,5.7464,7.71362,8.34883,8.42442,8.54994,,,,-0.08678422213313589,0.01297204392185354,-0.060460037498297495,-0.0952660770245626,-0.0948780913621865,SSP1,Upper CI,Western EU,missing,Rice,Rice,missing,missing,missing,missing,missing,missing,missing,Pcal,Western EURice
2877,19.4267,17.758,17.4397,17.21,17.4885,,,,-0.0485055832440756,-0.08378839727381554,-0.05127211260307517,-0.03477889589276012,-0.027801022147286567,SSP1,Lower CI,Western EU,missing,Roots and Tubers,RootTuber,missing,missing,missing,missing,missing,missing,missing,Pcal,Western EURoots and Tubers
2878,19.4267,17.758,17.4397,17.21,17.4885,,,,-0.012199999999999989,-0.020700000000001495,-0.029699999999998283,-0.019700000000000273,-0.021699999999999164,SSP1,Median,Western EU,missing,Roots and Tubers,RootTuber,missing,missing,missing,missing,missing,missing,missing,Pcal,Western EURoots and Tubers
2879,19.4267,17.758,17.4397,17.21,17.4885,,,,0.04156272610121434,0.08042839727381201,-0.0035699926600824376,-0.008484262001976864,-0.01458845153692427,SSP1,Upper CI,Western EU,missing,Roots and Tubers,RootTuber,missing,missing,missing,missing,missing,missing,missing,Pcal,Western EURoots and Tubers
2898,8.77567,9.73694,34.6049,50.3163,51.9398,,,,-0.04624573774231905,-0.11793936510276987,-0.034602796186661115,-0.045783494754029985,-0.038368689733064454,SSP1,Lower CI,Western EU,missing,Sugar Crops,SugarCrop,missing,missing,missing,missing,missing,missing,missing,Pcal,Western EUSugar Crops
2899,8.77567,9.73694,34.6049,50.3163,51.9398,,,,-0.02169999999999561,-0.026000000000003354,-0.022600000000004172,-0.023699999999998056,-0.021100000000004115,SSP1,Median,Western EU,missing,Sugar Crops,SugarCrop,missing,missing,missing,missing,missing,missing,missing,Pcal,Western EUSugar Crops
2900,8.77567,9.73694,34.6049,50.3163,51.9398,,,,-0.009039976543387177,0.19533936510276617,0.011171217239289712,-0.0022480841933330727,-0.002452362898512101,SSP1,Upper CI,Western EU,missing,Sugar Crops,SugarCrop,missing,missing,missing,missing,missing,missing,missing,Pcal,Western EUSugar Crops
2919,111.94,127.461,119.41,116.61,118.615,,,,0.003729115256327034,-0.07405650675749348,0.0514376510043192,0.07880064384976589,0.08280716898185678,SSP1,Lower CI,Western EU,missing,Wheat,Wheat,missing,missing,missing,missing,missing,missing,missing,Pcal,Western EUWheat
2920,111.94,127.461,119.41,116.61,118.615,,,,0.08599999999999852,0.10099999999999909,0.12399999999999523,0.09599999999997522,0.09200000000001296,SSP1,Median,Western EU,missing,Wheat,Wheat,missing,missing,missing,missing,missing,missing,missing,Pcal,Western EUWheat
2921,111.94,127.461,119.41,116.61,118.615,,,,0.14227088474367172,0.1825898400908202,0.1532991911009522,0.12130461930810303,0.10319283101816673,SSP1,Upper CI,Western EU,missing,Wheat,Wheat,missing,missing,missing,missing,missing,missing,missing,Pcal,Western EUWheat
2940,0.68453,2.86929,2.78064,2.53203,2.40722,,,,9.251855218057469e-05,-0.0006453747319670657,-0.0010515589302181243,-0.00037117384656821145,-0.0002944108862576845,SSP1,Lower CI,Eastern Europe,missing,Corn,Corn,missing,missing,missing,missing,missing,missing,missing,Pcal,Eastern EuropeCorn
2941,0.68453,2.86929,2.78064,2.53203,2.40722,,,,0.0013499999999999623,0.0006500000000000394,0.00010999999999983245,0.00034999999999985043,0.0001100000000000545,SSP1,Median,Eastern Europe,missing,Corn,Corn,missing,missing,missing,missing,missing,missing,missing,Pcal,Eastern EuropeCorn
2942,0.68453,2.86929,2.78064,2.53203,2.40722,,,,0.0032846243049623296,0.004109374731967229,0.0010347168249547859,0.0005595948991997158,0.00033335825467885197,SSP1,Upper CI,Eastern Europe,missing,Corn,Corn,missing,missing,missing,missing,missing,missing,missing,Pcal,Eastern EuropeCorn
2961,2.88087,2.98058,3.8231200000000003,4.138,4.38103,,,,-0.007574849177269277,-0.0068558646921284775,-0.004534730834489759,-0.003940693418364185,-0.0038232980260937276,SSP1,Lower CI,Eastern Europe,missingmissing,Fruits and Vegetables,FruitsVegetables,missingmissing,missingmissing,missingmissing,missingmissing,missingmissing,missingmissing,missingmissing,Pcal,Eastern EuropeFruits and Vegetables
2962,2.88087,2.98058,3.8231200000000003,4.138,4.38103,,,,-0.0022299999999999542,-0.0028999999999999027,-0.003550000000000164,-0.003089999999999815,-0.003229999999999844,SSP1,Median,Eastern Europe,missingmissing,Fruits and Vegetables,FruitsVegetables,missingmissing,missingmissing,missingmissing,missingmissing,missingmissing,missingmissing,missingmissing,Pcal,Eastern EuropeFruits and Vegetables
2963,2.88087,2.98058,3.8231200000000003,4.138,4.38103,,,,0.0017405634629839139,0.0015878646921289007,-0.002216848112878764,-0.002072990792162354,-0.0024682809212744467,SSP1,Upper CI,Eastern Europe,missingmissing,Fruits and Vegetables,FruitsVegetables,missingmissing,missingmissing,missingmissing,missingmissing,missingmissing,missingmissing,missingmissing,Pcal,Eastern EuropeFruits and Vegetables
2982,0.0796718,0.362825,0.548212,0.337138,0.35762,,,,-0.0006377202569636932,-0.00035470040723358995,-0.00025162998713789683,-0.00016856677222795046,-0.00014590858707307894,SSP1,Lower CI,Eastern Europe,missing,Other Crops,MiscCrop,missing,missing,missing,missing,missing,missing,missing,Pcal,Eastern EuropeOther Crops
2983,0.0796718,0.362825,0.548212,0.337138,0.35762,,,,-0.00018899999999999473,-0.000144000000000033,-0.00015500000000001624,-0.00011600000000000499,-0.00010799999999999699,SSP1,Median,Eastern Europe,missing,Other Crops,MiscCrop,missing,missing,missing,missing,missing,missing,missing,Pcal,Eastern EuropeOther Crops
2984,0.0796718,0.362825,0.548212,0.337138,0.35762,,,,9.514882839228514e-05,0.00018550040723354288,-7.405422338840575e-05,-3.722270145628763e-05,-4.988088661110533e-05,SSP1,Upper CI,Eastern Europe,missing,Other Crops,MiscCrop,missing,missing,missing,missing,missing,missing,missing,Pcal,Eastern EuropeOther Crops
3003,5.33208,5.416997,4.432551800000001,3.9865735,4.21064087,,,,0.005922562799634007,0.0050696960250388706,0.01614588718874285,0.016376270635602565,0.016884024477312805,SSP1,Lower CI,Eastern Europe,missingmissingmissingmissing,Plant Oils,FiberCropOilCropOilPalmSoybean,missingmissingmissingmissing,missingmissingmissingmissing,missingmissingmissingmissing,missingmissingmissingmissing,missingmissingmissingmissing,missingmissingmissingmissing,missingmissingmissingmissing,Pcal,Eastern EuropePlant Oils
3004,5.33208,5.416997,4.432551800000001,3.9865735,4.21064087,,,,0.012369120000000023,0.01868875000000004,0.020378589999999898,0.01909168000000014,0.01862557999999945,SSP1,Median,Eastern Europe,missingmissingmissingmissing,Plant Oils,FiberCropOilCropOilPalmSoybean,missingmissingmissingmissing,missingmissingmissingmissing,missingmissingmissingmissing,missingmissingmissingmissing,missingmissingmissingmissing,missingmissingmissingmissing,missingmissingmissingmissing,Pcal,Eastern EuropePlant Oils
3005,5.33208,5.416997,4.432551800000001,3.9865735,4.21064087,,,,0.015217342914651232,0.023269222641628097,0.024050203337572577,0.02191494199597702,0.020492479733212998,SSP1,Upper CI,Eastern Europe,missingmissingmissingmissing,Plant Oils,FiberCropOilCropOilPalmSoybean,missingmissingmissingmissing,missingmissingmissingmissing,missingmissingmissingmissing,missingmissingmissingmissing,missingmissingmissingmissing,missingmissingmissingmissing,missingmissingmissingmissing,Pcal,Eastern EuropePlant Oils
3024,3.56622,4.1232,4.70126,4.74353,4.52512,,,,0.0036164536213292102,0.000184119126034798,0.0005885405007322758,0.0015338711087287227,0.0017713736974098767,SSP1,Lower CI,Eastern Europe,missing,Other Grains,OtherGrain,missing,missing,missing,missing,missing,missing,missing,Pcal,Eastern EuropeOther Grains
3025,3.56622,4.1232,4.70126,4.74353,4.52512,,,,0.006310000000000038,0.002749999999999808,0.0018799999999998818,0.002129999999999743,0.0020199999999999108,SSP1,Median,Eastern Europe,missing,Other Grains,OtherGrain,missing,missing,missing,missing,missing,missing,missing,Pcal,Eastern EuropeOther Grains
3026,3.56622,4.1232,4.70126,4.74353,4.52512,,,,0.008426403521527907,0.007281214207298415,0.0032556700255831745,0.002261918364955299,0.0021233631446954246,SSP1,Upper CI,Eastern Europe,missing,Other Grains,OtherGrain,missing,missing,missing,missing,missing,missing,missing,Pcal,Eastern EuropeOther Grains
3045,25.0090297,17.742777,17.5772789,15.3003594,16.1812672,,,,-0.00480421234369548,-0.0004680843857752951,0.0011961423688476086,0.0013018612013172594,0.001724813862570472,SSP1,Lower CI,Eastern Europe,missingmissingmissingmissingmissingmissingmissingmissing,Protein,BeefDairyOtherMeat_FishPorkPoultrySheepGoatLegumesNutsSeeds,missingmissingmissingmissingmissingmissingmissingmissing,missingmissingmissingmissingmissingmissingmissingmissing,missingmissingmissingmissingmissingmissingmissingmissing,missingmissingmissingmissingmissingmissingmissingmissing,missingmissingmissingmissingmissingmissingmissingmissing,missingmissingmissingmissingmissingmissingmissingmissing,missingmissingmissingmissingmissingmissingmissingmissing,Pcal,Eastern EuropeProtein
3046,25.0090297,17.742777,17.5772789,15.3003594,16.1812672,,,,0.003808699999999554,0.0021809000000002493,0.0031480000000004213,0.002984500000000022,0.0031488000000005553,SSP1,Median,Eastern Europe,missingmissingmissingmissingmissingmissingmissingmissing,Protein,BeefDairyOtherMeat_FishPorkPoultrySheepGoatLegumesNutsSeeds,missingmissingmissingmissingmissingmissingmissingmissing,missingmissingmissingmissingmissingmissingmissingmissing,missingmissingmissingmissingmissingmissingmissingmissing,missingmissingmissingmissingmissingmissingmissingmissing,missingmissingmissingmissingmissingmissingmissingmissing,missingmissingmissingmissingmissingmissingmissingmissing,missingmissingmissingmissingmissingmissingmissingmissing,Pcal,Eastern EuropeProtein
3047,25.0090297,17.742777,17.5772789,15.3003594,16.1812672,,,,0.011446612343695442,0.012077391052441978,0.007450426052205888,0.006462507219736068,0.006737101926903102,SSP1,Upper CI,Eastern Europe,missingmissingmissingmissingmissingmissingmissingmissing,Protein,BeefDairyOtherMeat_FishPorkPoultrySheepGoatLegumesNutsSeeds,missingmissingmissingmissingmissingmissingmissingmissing,missingmissingmissingmissingmissingmissingmissingmissing,missingmissingmissingmissingmissingmissingmissingmissing,missingmissingmissingmissingmissingmissingmissingmissing,missingmissingmissingmissingmissingmissingmissingmissing,missingmissingmissingmissingmissingmissingmissingmissing,missingmissingmissingmissingmissingmissingmissingmissing,Pcal,Eastern EuropeProtein
3066,0.466172,0.844773,0.662076,0.56191,0.535448,,,,-0.007000696667165078,-0.007883098029000214,-0.006330594778647202,-0.005279503259005409,-0.00499937403214353,SSP1,Lower CI,Eastern Europe,missing,Rice,Rice,missing,missing,missing,missing,missing,missing,missing,Pcal,Eastern EuropeRice
3067,0.466172,0.844773,0.662076,0.56191,0.535448,,,,-0.006068000000000018,-0.005832000000000004,-0.005606,-0.005215999999999998,-0.004940999999999973,SSP1,Median,Eastern Europe,missing,Rice,Rice,missing,missing,missing,missing,missing,missing,missing,Pcal,Eastern EuropeRice
3068,0.466172,0.844773,0.662076,0.56191,0.535448,,,,-0.00527558904712063,0.0011736313623335456,-0.0035916157476686313,-0.005155444109415638,-0.004913573336277524,SSP1,Upper CI,Eastern Europe,missing,Rice,Rice,missing,missing,missing,missing,missing,missing,missing,Pcal,Eastern EuropeRice
3087,5.3952,5.67813,5.48538,5.13595,4.90152,,,,-0.0030400225907707594,-0.008497465453385814,-0.006711463596816251,-0.004384272415619508,-0.003872731106862747,SSP1,Lower CI,Eastern Europe,missing,Roots and Tubers,RootTuber,missing,missing,missing,missing,missing,missing,missing,Pcal,Eastern EuropeRoots and Tubers
3088,5.3952,5.67813,5.48538,5.13595,4.90152,,,,0.0012999999999996348,-0.0023100000000004783,-0.0043000000000001926,-0.0028800000000002157,-0.002850000000000019,SSP1,Median,Eastern Europe,missing,Roots and Tubers,RootTuber,missing,missing,missing,missing,missing,missing,missing,Pcal,Eastern EuropeRoots and Tubers
3089,5.3952,5.67813,5.48538,5.13595,4.90152,,,,0.010525736876484094,0.010520132120052171,-0.0007432732452894676,-0.0012030960054335456,-0.0017293741562951993,SSP1,Upper CI,Eastern Europe,missing,Roots and Tubers,RootTuber,missing,missing,missing,missing,missing,missing,missing,Pcal,Eastern EuropeRoots and Tubers
3108,2.6157,1.95545,5.29736,7.32877,7.74112,,,,-0.021712962954955575,-0.018552651252822627,-0.012698263405630487,-0.012190239358483524,-0.011401452060149992,SSP1,Lower CI,Eastern Europe,missing,Sugar Crops,SugarCrop,missing,missing,missing,missing,missing,missing,missing,Pcal,Eastern EuropeSugar Crops
3109,2.6157,1.95545,5.29736,7.32877,7.74112,,,,-0.008580000000000254,-0.01051000000000002,-0.008390000000000342,-0.009080000000000865,-0.009059999999999846,SSP1,Median,Eastern Europe,missing,Sugar Crops,SugarCrop,missing,missing,missing,missing,missing,missing,missing,Pcal,Eastern EuropeSugar Crops
3110,2.6157,1.95545,5.29736,7.32877,7.74112,,,,0.014415820097812365,0.0023259845861551744,-0.006402789225949343,-0.008056076430991628,-0.007977495308271146,SSP1,Upper CI,Eastern Europe,missing,Sugar Crops,SugarCrop,missing,missing,missing,missing,missing,missing,missing,Pcal,Eastern EuropeSugar Crops
3129,29.0128,30.6909,17.9106,18.1497,17.3414,,,,-0.014603879429895675,-0.016929286791586694,0.001773530012558991,0.004102881742838862,0.004831643935001877,SSP1,Lower CI,Eastern Europe,missing,Wheat,Wheat,missing,missing,missing,missing,missing,missing,missing,Pcal,Eastern EuropeWheat
3130,29.0128,30.6909,17.9106,18.1497,17.3414,,,,-0.0005000000000006111,0.006199999999999761,0.008399999999999963,0.00590000000000046,0.00590000000000046,SSP1,Median,Eastern Europe,missing,Wheat,Wheat,missing,missing,missing,missing,missing,missing,missing,Pcal,Eastern EuropeWheat
3131,29.0128,30.6909,17.9106,18.1497,17.3414,,,,0.004461022287037302,0.011115953458251988,0.012247522619019815,0.008433960362424622,0.0072420402755245345,SSP1,Upper CI,Eastern Europe,missing,Wheat,Wheat,missing,missing,missing,missing,missing,missing,missing,Pcal,Eastern EuropeWheat
3150,5.3683,7.21203,6.3546,7.35486,7.46737,,,,0.010816296373374487,-0.00635624984187827,0.005339999906317306,0.011979318553890604,0.013728077095696446,SSP1,Lower CI,Other Europe,missing,Corn,Corn,missing,missing,missing,missing,missing,missing,missing,Pcal,Other EuropeCorn
3151,5.3683,7.21203,6.3546,7.35486,7.46737,,,,0.01700999999999997,0.013229999999999187,0.011190000000000033,0.014740000000000641,0.014470000000000205,SSP1,Median,Other Europe,missing,Corn,Corn,missing,missing,missing,missing,missing,missing,missing,Pcal,Other EuropeCorn
3152,5.3683,7.21203,6.3546,7.35486,7.46737,,,,0.03107798934091073,0.03497091650854393,0.01849894746210365,0.0168059446040047,0.015552975535882807,SSP1,Upper CI,Other Europe,missing,Corn,Corn,missing,missing,missing,missing,missing,missing,missing,Pcal,Other EuropeCorn
3171,6.64886,9.18919,10.12898,10.77312,11.72195,,,,-0.005026734600932852,-0.02755622772572515,-0.006614720411026663,-0.0053710488710502855,-0.005908212353083279,SSP1,Lower CI,Other Europe,missingmissing,Fruits and Vegetables,FruitsVegetables,missingmissing,missingmissing,missingmissing,missingmissing,missingmissing,missingmissing,missingmissing,Pcal,Other EuropeFruits and Vegetables
3172,6.64886,9.18919,10.12898,10.77312,11.72195,,,,0.0042200000000001125,-0.0015700000000000713,-0.0026900000000003033,-0.002809999999998425,-0.0041399999999995885,SSP1,Median,Other Europe,missingmissing,Fruits and Vegetables,FruitsVegetables,missingmissing,missingmissing,missingmissing,missingmissing,missingmissing,missingmissing,missingmissing,Pcal,Other EuropeFruits and Vegetables
3173,6.64886,9.18919,10.12898,10.77312,11.72195,,,,0.01257530602950501,0.015050894392391545,0.000166299358394443,0.000793154134210584,-0.001880208699548136,SSP1,Upper CI,Other Europe,missingmissing,Fruits and Vegetables,FruitsVegetables,missingmissing,missingmissing,missingmissing,missingmissing,missingmissing,missingmissing,missingmissing,Pcal,Other EuropeFruits and Vegetables
3192,0.44631,0.90328,1.06089,1.30524,1.42392,,,,0.0005261246004131125,-0.0015874390506878113,0.0007863216555297707,0.0008965243950856973,0.0007867076970120065,SSP1,Lower CI,Other Europe,missing,Other Crops,MiscCrop,missing,missing,missing,missing,missing,missing,missing,Pcal,Other EuropeOther Crops
3193,0.44631,0.90328,1.06089,1.30524,1.42392,,,,0.0019099999999998563,0.0013700000000000934,0.0012199999999999989,0.0011999999999998678,0.0009300000000000974,SSP1,Median,Other Europe,missing,Other Crops,MiscCrop,missing,missing,missing,missing,missing,missing,missing,Pcal,Other EuropeOther Crops
3194,0.44631,0.90328,1.06089,1.30524,1.42392,,,,0.0029310182567294906,0.0032194390506880225,0.0015642046602595589,0.0015908440259667983,0.0011775028293038894,SSP1,Upper CI,Other Europe,missing,Other Crops,MiscCrop,missing,missing,missing,missing,missing,missing,missing,Pcal,Other EuropeOther Crops
3213,7.277391,10.07487,11.990657,13.101769,14.183279,,,,-0.12658920674607568,-0.13064238395748592,-0.09290798280782854,-0.09435099607682979,-0.09271479401398795,SSP1,Lower CI,Other Europe,missingmissingmissingmissing,Plant Oils,FiberCropOilCropOilPalmSoybean,missingmissingmissingmissing,missingmissingmissingmissing,missingmissingmissingmissing,missingmissingmissingmissing,missingmissingmissingmissing,missingmissingmissingmissing,missingmissingmissingmissing,Pcal,Other EuropePlant Oils
3214,7.277391,10.07487,11.990657,13.101769,14.183279,,,,-0.09795500000000024,-0.08782500000000007,-0.08363399999999971,-0.08910999999999952,-0.08916600000000105,SSP1,Median,Other Europe,missingmissingmissingmissing,Plant Oils,FiberCropOilCropOilPalmSoybean,missingmissingmissingmissing,missingmissingmissingmissing,missingmissingmissingmissing,missingmissingmissingmissing,missingmissingmissingmissing,missingmissingmissingmissing,missingmissingmissingmissing,Pcal,Other EuropePlant Oils
3215,7.277391,10.07487,11.990657,13.101769,14.183279,,,,-0.0788687932539258,-0.07514414937584636,-0.0714651750869089,-0.07956026708106528,-0.08418362703864533,SSP1,Upper CI,Other Europe,missingmissingmissingmissing,Plant Oils,FiberCropOilCropOilPalmSoybean,missingmissingmissingmissing,missingmissingmissingmissing,missingmissingmissingmissing,missingmissingmissingmissing,missingmissingmissingmissing,missingmissingmissingmissing,missingmissingmissingmissing,Pcal,Other EuropePlant Oils
3234,0.606078,0.653746,1.3931,1.88523,1.91985,,,,0.003541876570264251,-0.002229783153751577,0.00059635968775472,0.0021721637666466927,0.0026086440613291065,SSP1,Lower CI,Other Europe,missing,Other Grains,OtherGrain,missing,missing,missing,missing,missing,missing,missing,Pcal,Other EuropeOther Grains
3235,0.606078,0.653746,1.3931,1.88523,1.91985,,,,0.004070000000000018,0.0035199999999999676,0.0026800000000000157,0.0029200000000000337,0.0028599999999998627,SSP1,Median,Other Europe,missing,Other Grains,OtherGrain,missing,missing,missing,missing,missing,missing,missing,Pcal,Other EuropeOther Grains
3236,0.606078,0.653746,1.3931,1.88523,1.91985,,,,0.00529240914402129,0.007148449820418078,0.0034067982069822637,0.003050994128090079,0.0029871454123549736,SSP1,Upper CI,Other Europe,missing,Other Grains,OtherGrain,missing,missing,missing,missing,missing,missing,missing,Pcal,Other EuropeOther Grains
3255,19.641054999999998,22.408127999999998,25.178627,29.69192,32.26872,,,,0.13058762001349672,0.13941452255069176,0.15547214821226793,0.15455108796612962,0.15907984021675445,SSP1,Lower CI,Other Europe,missingmissingmissingmissingmissingmissingmissingmissing,Protein,BeefDairyOtherMeat_FishPorkPoultrySheepGoatLegumesNutsSeeds,missingmissingmissingmissingmissingmissingmissingmissing,missingmissingmissingmissingmissingmissingmissingmissing,missingmissingmissingmissingmissingmissingmissingmissing,missingmissingmissingmissingmissingmissingmissingmissing,missingmissingmissingmissingmissingmissingmissingmissing,missingmissingmissingmissingmissingmissingmissingmissing,missingmissingmissingmissingmissingmissingmissingmissing,Pcal,Other EuropeProtein
3256,19.641054999999998,22.408127999999998,25.178627,29.69192,32.26872,,,,0.14245000000000085,0.1683800000000002,0.16353999999999935,0.16630000000000056,0.16646999999999945,SSP1,Median,Other Europe,missingmissingmissingmissingmissingmissingmissingmissing,Protein,BeefDairyOtherMeat_FishPorkPoultrySheepGoatLegumesNutsSeeds,missingmissingmissingmissingmissingmissingmissingmissing,missingmissingmissingmissingmissingmissingmissingmissing,missingmissingmissingmissingmissingmissingmissingmissing,missingmissingmissingmissingmissingmissingmissingmissing,missingmissingmissingmissingmissingmissingmissingmissing,missingmissingmissingmissingmissingmissingmissingmissing,missingmissingmissingmissingmissingmissingmissingmissing,Pcal,Other EuropeProtein
3257,19.641054999999998,22.408127999999998,25.178627,29.69192,32.26872,,,,0.15970380855793348,0.22154547744930714,0.17528995705088893,0.1706647015075561,0.17256437030955965,SSP1,Upper CI,Other Europe,missingmissingmissingmissingmissingmissingmissingmissing,Protein,BeefDairyOtherMeat_FishPorkPoultrySheepGoatLegumesNutsSeeds,missingmissingmissingmissingmissingmissingmissingmissing,missingmissingmissingmissingmissingmissingmissingmissing,missingmissingmissingmissingmissingmissingmissingmissing,missingmissingmissingmissingmissingmissingmissingmissing,missingmissingmissingmissingmissingmissingmissingmissing,missingmissingmissingmissingmissingmissingmissingmissing,missingmissingmissingmissingmissingmissingmissingmissing,Pcal,Other EuropeProtein
3276,1.51528,2.63111,2.75095,2.84653,2.89579,,,,-0.06910435202734416,-0.07808322720649583,-0.06503318807496558,-0.057612031533390805,-0.056037558039500134,SSP1,Lower CI,Other Europe,missing,Rice,Rice,missing,missing,missing,missing,missing,missing,missing,Pcal,Other EuropeRice
3277,1.51528,2.63111,2.75095,2.84653,2.89579,,,,-0.05946000000000007,-0.059100000000000374,-0.058410000000000295,-0.05661000000000005,-0.05548999999999982,SSP1,Median,Other Europe,missing,Rice,Rice,missing,missing,missing,missing,missing,missing,missing,Pcal,Other EuropeRice
3278,1.51528,2.63111,2.75095,2.84653,2.89579,,,,-0.05128707654408467,-0.012011439460171199,-0.042532075082929464,-0.05573323162450363,-0.054966652486815266,SSP1,Upper CI,Other Europe,missing,Rice,Rice,missing,missing,missing,missing,missing,missing,missing,Pcal,Other EuropeRice
3297,3.1581,3.4314,3.25513,3.36922,3.43408,,,,-0.007737343836517061,-0.017142334131917257,-0.007309719625336525,-0.0038685006378571703,-0.002858462231194395,SSP1,Lower CI,Other Europe,missing,Roots and Tubers,RootTuber,missing,missing,missing,missing,missing,missing,missing,Pcal,Other EuropeRoots and Tubers
3298,3.1581,3.4314,3.25513,3.36922,3.43408,,,,0.0006999999999997009,-0.004210000000000047,-0.0041999999999999815,-0.0014500000000001734,-0.0015399999999998748,SSP1,Median,Other Europe,missing,Roots and Tubers,RootTuber,missing,missing,missing,missing,missing,missing,missing,Pcal,Other EuropeRoots and Tubers
3299,3.1581,3.4314,3.25513,3.36922,3.43408,,,,0.011911629550802463,0.010394334131917043,0.0010918248884946818,0.00042113221680457956,-0.00048785355827910036,SSP1,Upper CI,Other Europe,missing,Roots and Tubers,RootTuber,missing,missing,missing,missing,missing,missing,missing,Pcal,Other EuropeRoots and Tubers
3318,1.66787,1.78151,7.0379,10.6807,11.5722,,,,-0.032697843511980205,-0.05039661938869358,-0.02250096635093723,-0.01600702210953654,-0.008533206184086897,SSP1,Lower CI,Other Europe,missing,Sugar Crops,SugarCrop,missing,missing,missing,missing,missing,missing,missing,Pcal,Other EuropeSugar Crops
3319,1.66787,1.78151,7.0379,10.6807,11.5722,,,,-0.022700000000000387,-0.02069999999999972,-0.018200000000000216,-0.011699999999999378,-0.005499999999999616,SSP1,Median,Other Europe,missing,Sugar Crops,SugarCrop,missing,missing,missing,missing,missing,missing,missing,Pcal,Other EuropeSugar Crops
3320,1.66787,1.78151,7.0379,10.6807,11.5722,,,,-0.0026164422023064373,0.04562328605536048,-0.014835875754325299,-0.0098561357851993,-0.0033720569738066456,SSP1,Upper CI,Other Europe,missing,Sugar Crops,SugarCrop,missing,missing,missing,missing,missing,missing,missing,Pcal,Other EuropeSugar Crops
3339,52.7436,50.8806,46.6117,43.7813,44.8659,,,,0.004415721311816299,-0.017004903235369406,0.02817260119421418,0.03716070285976002,0.03900740442520031,SSP1,Lower CI,Other Europe,missing,Wheat,Wheat,missing,missing,missing,missing,missing,missing,missing,Pcal,Other EuropeWheat
3340,52.7436,50.8806,46.6117,43.7813,44.8659,,,,0.03829999999999956,0.04820000000000135,0.04999999999999716,0.042200000000001125,0.04180000000000206,SSP1,Median,Other Europe,missing,Wheat,Wheat,missing,missing,missing,missing,missing,missing,missing,Pcal,Other EuropeWheat
3341,52.7436,50.8806,46.6117,43.7813,44.8659,,,,0.06235570725961196,0.08331156990203643,0.06054318827946671,0.048449823456033006,0.04367680610111987,SSP1,Upper CI,Other Europe,missing,Wheat,Wheat,missing,missing,missing,missing,missing,missing,missing,Pcal,Other EuropeWheat
3360,0.0854813,0.0842243,0.0450038,0.0164406,0.0169535,,,,4.458957645140488e-06,-0.00012937097086659696,-1.934202661982955e-06,1.3170949090298629e-05,1.9865608182009014e-05,SSP1,Lower CI,European Free Trade Association,missing,Corn,Corn,missing,missing,missing,missing,missing,missing,missing,Pcal,European Free Trade AssociationCorn
3361,0.0854813,0.0842243,0.0450038,0.0164406,0.0169535,,,,2.090000000000078e-05,1.9999999999999185e-05,1.6900000000000248e-05,2.2799999999999904e-05,2.4599999999999622e-05,SSP1,Median,European Free Trade Association,missing,Corn,Corn,missing,missing,missing,missing,missing,missing,missing,Pcal,European Free Trade AssociationCorn
3362,0.0854813,0.0842243,0.0450038,0.0164406,0.0169535,,,,4.2055328069147535e-05,0.0001451443041999305,2.495525529356104e-05,2.7344840383388195e-05,2.6271233923256606e-05,SSP1,Upper CI,European Free Trade Association,missing,Corn,Corn,missing,missing,missing,missing,missing,missing,missing,Pcal,European Free Trade AssociationCorn
3381,0.722662,0.739969,0.895283,0.966779,1.023838,,,,-6.954576282748286e-05,-0.003224364581352434,-8.847402577313678e-05,8.572642913004137e-05,0.00017517972193122845,SSP1,Lower CI,European Free Trade Association,missingmissing,Fruits and Vegetables,FruitsVegetables,missingmissing,missingmissing,missingmissing,missingmissing,missingmissing,missingmissing,missingmissing,Pcal,European Free Trade AssociationFruits and Vegetables
3382,0.722662,0.739969,0.895283,0.966779,1.023838,,,,1.6000000000127024e-05,0.000162000000000051,0.00019600000000002948,0.0002380000000000715,0.0002950000000000452,SSP1,Median,European Free Trade Association,missingmissing,Fruits and Vegetables,FruitsVegetables,missingmissing,missingmissing,missingmissing,missingmissing,missingmissing,missingmissing,missingmissing,Pcal,European Free Trade AssociationFruits and Vegetables
3383,0.722662,0.739969,0.895283,0.966779,1.023838,,,,0.0005386886199705237,0.0018583645813524262,0.00035584244682575526,0.0004758525182384476,0.00044934659385835853,SSP1,Upper CI,European Free Trade Association,missingmissing,Fruits and Vegetables,FruitsVegetables,missingmissing,missingmissing,missingmissing,missingmissing,missingmissing,missingmissing,missingmissing,Pcal,European Free Trade AssociationFruits and Vegetables
3402,0.273464,0.297723,0.337453,0.341176,0.364059,,,,-0.0005681133625510507,-0.0016935507499890572,-0.00022917795955197973,0.00023360337191003557,0.0004285770659225725,SSP1,Lower CI,European Free Trade Association,missing,Other Crops,MiscCrop,missing,missing,missing,missing,missing,missing,missing,Pcal,European Free Trade AssociationOther Crops
3403,0.273464,0.297723,0.337453,0.341176,0.364059,,,,-0.00035200000000001896,-1.2000000000012001e-05,0.00012000000000000899,0.0004870000000000152,0.0004689999999999417,SSP1,Median,European Free Trade Association,missing,Other Crops,MiscCrop,missing,missing,missing,missing,missing,missing,missing,Pcal,European Free Trade AssociationOther Crops
3404,0.273464,0.297723,0.337453,0.341176,0.364059,,,,0.0001655419339796239,0.0003266174166557189,0.00025823059113089773,0.0005627124175636884,0.0005811071446037247,SSP1,Upper CI,European Free Trade Association,missing,Other Crops,MiscCrop,missing,missing,missing,missing,missing,missing,missing,Pcal,European Free Trade AssociationOther Crops
3423,0.8825991,1.1991281,1.2804490999999998,1.2351493999999998,1.2994844746000003,,,,-0.006607051570340013,-0.009931340240072088,-0.005343452368332794,-0.0056416253914217855,-0.005340615891581306,SSP1,Lower CI,European Free Trade Association,missingmissingmissingmissing,Plant Oils,FiberCropOilCropOilPalmSoybean,missingmissingmissingmissing,missingmissingmissingmissing,missingmissingmissingmissing,missingmissingmissingmissing,missingmissingmissingmissing,missingmissingmissingmissing,missingmissingmissingmissing,Pcal,European Free Trade AssociationPlant Oils
3424,0.8825991,1.1991281,1.2804490999999998,1.2351493999999998,1.2994844746000003,,,,-0.004062839599999954,-0.004189661900000137,-0.004115410300000035,-0.004820321600000047,-0.004652246199999962,SSP1,Median,European Free Trade Association,missingmissingmissingmissing,Plant Oils,FiberCropOilCropOilPalmSoybean,missingmissingmissingmissing,missingmissingmissingmissing,missingmissingmissingmissing,missingmissingmissingmissing,missingmissingmissingmissing,missingmissingmissingmissing,missingmissingmissingmissing,Pcal,European Free Trade AssociationPlant Oils
3425,0.8825991,1.1991281,1.2804490999999998,1.2351493999999998,1.2994844746000003,,,,-0.0030704572582314184,-0.0019675666265946542,-0.002297075000088181,-0.003168234924367636,-0.003737285918945063,SSP1,Upper CI,European Free Trade Association,missingmissingmissingmissing,Plant Oils,FiberCropOilCropOilPalmSoybean,missingmissingmissingmissing,missingmissingmissingmissing,missingmissingmissingmissing,missingmissingmissingmissing,missingmissingmissingmissing,missingmissingmissingmissing,missingmissingmissingmissing,Pcal,European Free Trade AssociationPlant Oils
3444,0.383714,0.352991,0.559077,0.708835,0.732731,,,,-8.526659109185468e-05,-0.006445531813234408,-1.3500234195963244e-05,0.0007923166757776909,0.0010581191958898835,SSP1,Lower CI,European Free Trade Association,missing,Other Grains,OtherGrain,missing,missing,missing,missing,missing,missing,missing,Pcal,European Free Trade AssociationOther Grains
3445,0.383714,0.352991,0.559077,0.708835,0.732731,,,,0.0006019999999999914,0.0010270000000000001,0.0010000000000000009,0.0011400000000000299,0.0011539999999999884,SSP1,Median,European Free Trade Association,missing,Other Grains,OtherGrain,missing,missing,missing,missing,missing,missing,missing,Pcal,European Free Trade AssociationOther Grains
3446,0.383714,0.352991,0.559077,0.708835,0.732731,,,,0.0013672665910917964,0.002908065146567685,0.0010230791815643977,0.0011858938505380932,0.001203459751478605,SSP1,Upper CI,European Free Trade Association,missing,Other Grains,OtherGrain,missing,missing,missing,missing,missing,missing,missing,Pcal,European Free Trade AssociationOther Grains
3465,7.0896143,7.5697715,6.836819,6.179622,6.546183,,,,0.004091933796204705,-0.007769268219856071,0.0031988364709598467,0.003263674148911551,0.002958836098416037,SSP1,Lower CI,European Free Trade Association,missingmissingmissingmissingmissingmissingmissingmissing,Protein,BeefDairyOtherMeat_FishPorkPoultrySheepGoatLegumesNutsSeeds,missingmissingmissingmissingmissingmissingmissingmissing,missingmissingmissingmissingmissingmissingmissingmissing,missingmissingmissingmissingmissingmissingmissingmissing,missingmissingmissingmissingmissingmissingmissingmissing,missingmissingmissingmissingmissingmissingmissingmissing,missingmissingmissingmissingmissingmissingmissingmissing,missingmissingmissingmissingmissingmissingmissingmissing,Pcal,European Free Trade AssociationProtein
3466,7.0896143,7.5697715,6.836819,6.179622,6.546183,,,,0.004935999999999663,0.004996999999999835,0.004983000000000376,0.004474000000000339,0.004255000000000259,SSP1,Median,European Free Trade Association,missingmissingmissingmissingmissingmissingmissingmissing,Protein,BeefDairyOtherMeat_FishPorkPoultrySheepGoatLegumesNutsSeeds,missingmissingmissingmissingmissingmissingmissingmissing,missingmissingmissingmissingmissingmissingmissingmissing,missingmissingmissingmissingmissingmissingmissingmissing,missingmissingmissingmissingmissingmissingmissingmissing,missingmissingmissingmissingmissingmissingmissingmissing,missingmissingmissingmissingmissingmissingmissingmissing,missingmissingmissingmissingmissingmissingmissingmissing,Pcal,European Free Trade AssociationProtein
3467,7.0896143,7.5697715,6.836819,6.179622,6.546183,,,,0.006975780489509198,0.010874868219855977,0.005769479318514323,0.005418852166878098,0.005198006006847089,SSP1,Upper CI,European Free Trade Association,missingmissingmissingmissingmissingmissingmissingmissing,Protein,BeefDairyOtherMeat_FishPorkPoultrySheepGoatLegumesNutsSeeds,missingmissingmissingmissingmissingmissingmissingmissing,missingmissingmissingmissingmissingmissingmissingmissing,missingmissingmissingmissingmissingmissingmissingmissing,missingmissingmissingmissingmissingmissingmissingmissing,missingmissingmissingmissingmissingmissingmissingmissing,missingmissingmissingmissingmissingmissingmissingmissing,missingmissingmissingmissingmissingmissingmissingmissing,Pcal,European Free Trade AssociationProtein
3486,0.154941,0.235136,0.20956,0.165739,0.171291,,,,-0.003554176347565571,-0.0049475116345256785,-0.003528993703113416,-0.0027096871867889148,-0.0026484486229122004,SSP1,Lower CI,European Free Trade Association,missing,Rice,Rice,missing,missing,missing,missing,missing,missing,missing,Pcal,European Free Trade AssociationRice
3487,0.154941,0.235136,0.20956,0.165739,0.171291,,,,-0.003045999999999993,-0.002620000000000011,-0.002672999999999981,-0.0025570000000000037,-0.0025640000000000107,SSP1,Median,European Free Trade Association,missing,Rice,Rice,missing,missing,missing,missing,missing,missing,missing,Pcal,European Free Trade AssociationRice
3488,0.154941,0.235136,0.20956,0.165739,0.171291,,,,-0.0026729665095772724,-0.0001376883654743222,-0.0013294273495181453,-0.0023819970237373917,-0.002510182956035197,SSP1,Upper CI,European Free Trade Association,missing,Rice,Rice,missing,missing,missing,missing,missing,missing,missing,Pcal,European Free Trade AssociationRice
3507,0.437987,0.427851,0.430867,0.413564,0.427678,,,,-0.0009706454643480972,-0.00516644804024011,-0.0012100191304713493,-0.0007611133540215705,-0.0006417556106909293,SSP1,Lower CI,European Free Trade Association,missing,Roots and Tubers,RootTuber,missing,missing,missing,missing,missing,missing,missing,Pcal,European Free Trade AssociationRoots and Tubers
3508,0.437987,0.427851,0.430867,0.413564,0.427678,,,,-0.00018299999999998873,-0.00046200000000001795,-0.0007369999999999877,-0.00048599999999998644,-0.00048199999999998244,SSP1,Median,European Free Trade Association,missing,Roots and Tubers,RootTuber,missing,missing,missing,missing,missing,missing,missing,Pcal,European Free Trade AssociationRoots and Tubers
3509,0.437987,0.427851,0.430867,0.413564,0.427678,,,,0.00047035975006236633,0.0012784480402400788,-0.00038903350110753486,-0.00026593927755740184,-0.0003260338629932967,SSP1,Upper CI,European Free Trade Association,missing,Roots and Tubers,RootTuber,missing,missing,missing,missing,missing,missing,missing,Pcal,European Free Trade AssociationRoots and Tubers
3528,0.300541,0.36721,1.33503,1.99105,2.09469,,,,-0.0013120624838627764,-0.011090344620838825,-0.0005359863503911897,-0.0010315747014145327,-0.0008219675498862092,SSP1,Lower CI,European Free Trade Association,missing,Sugar Crops,SugarCrop,missing,missing,missing,missing,missing,missing,missing,Pcal,European Free Trade AssociationSugar Crops
3529,0.300541,0.36721,1.33503,1.99105,2.09469,,,,-0.0005100000000002325,0.00018000000000029104,-0.0002900000000001235,-0.000360000000000138,-0.000280000000000058,SSP1,Median,European Free Trade Association,missing,Sugar Crops,SugarCrop,missing,missing,missing,missing,missing,missing,missing,Pcal,European Free Trade AssociationSugar Crops
3530,0.300541,0.36721,1.33503,1.99105,2.09469,,,,0.0005034910552909992,0.028707677954172464,0.0004559863503909928,0.0003178904908882162,0.0006619675498861895,SSP1,Upper CI,European Free Trade Association,missing,Sugar Crops,SugarCrop,missing,missing,missing,missing,missing,missing,missing,Pcal,European Free Trade AssociationSugar Crops
3549,3.40823,4.0385,3.6791,3.70285,3.84107,,,,0.0010719391008244795,-0.002730626586661734,0.0016485423900397653,0.0016375667753163355,0.001749249432223655,SSP1,Lower CI,European Free Trade Association,missing,Wheat,Wheat,missing,missing,missing,missing,missing,missing,missing,Pcal,European Free Trade AssociationWheat
3550,3.40823,4.0385,3.6791,3.70285,3.84107,,,,0.0018000000000002458,0.00262999999999991,0.0022299999999999542,0.0019400000000002748,0.001860000000000639,SSP1,Median,European Free Trade Association,missing,Wheat,Wheat,missing,missing,missing,missing,missing,missing,missing,Pcal,European Free Trade AssociationWheat
3551,3.40823,4.0385,3.6791,3.70285,3.84107,,,,0.00434520375631834,0.015311959919994476,0.0037977733994331367,0.002472959540473001,0.0020812768835665584,SSP1,Upper CI,European Free Trade Association,missing,Wheat,Wheat,missing,missing,missing,missing,missing,missing,missing,Pcal,European Free Trade AssociationWheat
3570,275.39697319999993,373.7510683,394.7588538,426.8313396,442.6521465000001,,,,1.6885968659922825,0.7114886501223708,0.640395057284424,1.0739214589904083,1.1570839947425298,SSP1,Lower CI,Global,missing,Corn,Corn,missing,missing,missing,missing,missing,missing,missing,Pcal,GlobalCorn
3571,275.39697319999993,373.7510683,394.7588538,426.8313396,442.6521465000001,,,,1.8442662999999584,1.4747993999998243,1.3341430999998352,1.3170910000001186,1.232339300000035,SSP1,Median,Global,missing,Corn,Corn,missing,missing,missing,missing,missing,missing,missing,Pcal,GlobalCorn
3572,275.39697319999993,373.7510683,394.7588538,426.8313396,442.6521465000001,,,,2.0877050768647534,1.9732967232109662,1.6424996479785232,1.3901387410096424,1.2636124578889385,SSP1,Upper CI,Global,missing,Corn,Corn,missing,missing,missing,missing,missing,missing,missing,Pcal,GlobalCorn
3591,233.28076299999998,412.245279,482.238354,544.6583820000001,624.18083,,,,-0.2055275422729277,-2.3262657480647073,-0.757387565092674,-0.7624129025768072,-0.8175335831438801,SSP1,Lower CI,Global,missingmissing,Fruits and Vegetables,FruitsVegetables,missingmissing,missingmissing,missingmissing,missingmissing,missingmissing,missingmissing,missingmissing,Pcal,GlobalFruits and Vegetables
3592,233.28076299999998,412.245279,482.238354,544.6583820000001,624.18083,,,,-0.07909599999976535,-0.32215900000005604,-0.5807560000002354,-0.6288470000000075,-0.7120069999999146,SSP1,Median,Global,missingmissing,Fruits and Vegetables,FruitsVegetables,missingmissing,missingmissing,missingmissing,missingmissing,missingmissing,missingmissing,missingmissing,Pcal,GlobalFruits and Vegetables
3593,233.28076299999998,412.245279,482.238354,544.6583820000001,624.18083,,,,0.24904182798748048,0.6300394813982442,-0.3969066454339245,-0.3770283605814256,-0.53848010106666,SSP1,Upper CI,Global,missingmissing,Fruits and Vegetables,FruitsVegetables,missingmissing,missingmissing,missingmissing,missingmissing,missingmissing,missingmissing,missingmissing,Pcal,GlobalFruits and Vegetables
3612,24.776594500000005,37.09926539999999,39.55672,41.8633871,47.66178850000001,,,,-0.03342506748699939,-0.21212602888161358,-0.08020937212303887,-0.08056610133079968,-0.08668445685755324,SSP1,Lower CI,Global,missing,Other Crops,MiscCrop,missing,missing,missing,missing,missing,missing,missing,Pcal,GlobalOther Crops
3613,24.776594500000005,37.09926539999999,39.55672,41.8633871,47.66178850000001,,,,-0.022083999999992443,-0.04284100000002411,-0.06189900000002524,-0.0692009999999641,-0.07906700000005173,SSP1,Median,Global,missing,Other Crops,MiscCrop,missing,missing,missing,missing,missing,missing,missing,Pcal,GlobalOther Crops
3614,24.776594500000005,37.09926539999999,39.55672,41.8633871,47.66178850000001,,,,-0.00012921822733561253,0.04004696221494104,-0.05114746998220314,-0.04833842498492384,-0.06516849051086987,SSP1,Upper CI,Global,missing,Other Crops,MiscCrop,missing,missing,missing,missing,missing,missing,missing,Pcal,GlobalOther Crops
3633,358.2077300000001,500.8386474,602.7974651000001,683.0450674,776.0949732976001,,,,-2.6743979897842616,-3.4256870664311245,-1.2226611471800723,-1.1246460263980194,-0.9463549823822326,SSP1,Lower CI,Global,missingmissingmissingmissing,Plant Oils,FiberCropOilCropOilPalmSoybean,missingmissingmissingmissing,missingmissingmissingmissing,missingmissingmissingmissing,missingmissingmissingmissing,missingmissingmissingmissing,missingmissingmissingmissing,missingmissingmissingmissing,Pcal,GlobalPlant Oils
3634,358.2077300000001,500.8386474,602.7974651000001,683.0450674,776.0949732976001,,,,-1.933338171600269,-1.0033488769002545,-0.6335034287999974,-0.7061807526000337,-0.7136410633000239,SSP1,Median,Global,missingmissingmissingmissing,Plant Oils,FiberCropOilCropOilPalmSoybean,missingmissingmissingmissing,missingmissingmissingmissing,missingmissingmissingmissing,missingmissingmissingmissing,missingmissingmissingmissing,missingmissingmissingmissing,missingmissingmissingmissing,Pcal,GlobalPlant Oils
3635,358.2077300000001,500.8386474,602.7974651000001,683.0450674,776.0949732976001,,,,-1.3867636124731764,0.1405203538306492,0.11432396212753027,-0.15197489128626707,-0.3868377160596828,SSP1,Upper CI,Global,missingmissingmissingmissing,Plant Oils,FiberCropOilCropOilPalmSoybean,missingmissingmissingmissing,missingmissingmissingmissing,missingmissingmissingmissing,missingmissingmissingmissing,missingmissingmissingmissing,missingmissingmissingmissing,missingmissingmissingmissing,Pcal,GlobalPlant Oils
3654,225.1795614,215.201179,254.463605,301.63635799999986,312.76591400000007,,,,1.7949027856246353,0.8090473421285258,1.5171156161655315,1.595726985907113,1.567293679087983,SSP1,Lower CI,Global,missing,Other Grains,OtherGrain,missing,missing,missing,missing,missing,missing,missing,Pcal,GlobalOther Grains
3655,225.1795614,215.201179,254.463605,301.63635799999986,312.76591400000007,,,,1.8394930000000045,1.7953040000000442,1.673503000000153,1.6321960000000217,1.593430000000069,SSP1,Median,Global,missing,Other Grains,OtherGrain,missing,missing,missing,missing,missing,missing,missing,Pcal,GlobalOther Grains
3656,225.1795614,215.201179,254.463605,301.63635799999986,312.76591400000007,,,,1.927915214375423,2.0365941245381247,1.7363361733083233,1.661493961461255,1.6194206367016553,SSP1,Upper CI,Global,missing,Other Grains,OtherGrain,missing,missing,missing,missing,missing,missing,missing,Pcal,GlobalOther Grains
3675,1026.0663756,1448.8812474000001,1571.0818399,1700.1808354000002,1931.2848866650002,,,,0.049406052262783384,-0.03501913076478769,-0.175626080736705,-0.44794358231460596,-0.5615203664113514,SSP1,Lower CI,Global,missingmissingmissingmissingmissingmissingmissingmissing,Protein,BeefDairyOtherMeat_FishPorkPoultrySheepGoatLegumesNutsSeeds,missingmissingmissingmissingmissingmissingmissingmissing,missingmissingmissingmissingmissingmissingmissingmissing,missingmissingmissingmissingmissingmissingmissingmissing,missingmissingmissingmissingmissingmissingmissingmissing,missingmissingmissingmissingmissingmissingmissingmissing,missingmissingmissingmissingmissingmissingmissingmissing,missingmissingmissingmissingmissingmissingmissingmissing,Pcal,GlobalProtein
3676,1026.0663756,1448.8812474000001,1571.0818399,1700.1808354000002,1931.2848866650002,,,,0.7939134070001401,0.39833498399956113,0.3877084779999507,0.14548794300004175,-0.023039388000547945,SSP1,Median,Global,missingmissingmissingmissingmissingmissingmissingmissing,Protein,BeefDairyOtherMeat_FishPorkPoultrySheepGoatLegumesNutsSeeds,missingmissingmissingmissingmissingmissingmissingmissing,missingmissingmissingmissingmissingmissingmissingmissing,missingmissingmissingmissingmissingmissingmissingmissing,missingmissingmissingmissingmissingmissingmissingmissing,missingmissingmissingmissingmissingmissingmissingmissing,missingmissingmissingmissingmissingmissingmissingmissing,missingmissingmissingmissingmissingmissingmissingmissing,Pcal,GlobalProtein
3677,1026.0663756,1448.8812474000001,1571.0818399,1700.1808354000002,1931.2848866650002,,,,1.5342347765951665,1.7297477258309342,1.0534517721050336,0.5376242094727746,0.45982728525297356,SSP1,Upper CI,Global,missingmissingmissingmissingmissingmissingmissingmissing,Protein,BeefDairyOtherMeat_FishPorkPoultrySheepGoatLegumesNutsSeeds,missingmissingmissingmissingmissingmissingmissingmissing,missingmissingmissingmissingmissingmissingmissingmissing,missingmissingmissingmissingmissingmissingmissingmissing,missingmissingmissingmissingmissingmissingmissingmissing,missingmissingmissingmissingmissingmissingmissingmissing,missingmissingmissingmissingmissingmissingmissingmissing,missingmissingmissingmissingmissingmissingmissingmissing,Pcal,GlobalProtein
3696,1127.4726020000005,1369.155308,1412.001734,1432.4432570000008,1449.054198,,,,-8.735719732348471,-10.508442327938656,-9.607658366283868,-8.463443535644817,-7.9920252120152595,SSP1,Lower CI,Global,missing,Rice,Rice,missing,missing,missing,missing,missing,missing,missing,Pcal,GlobalRice
3697,1127.4726020000005,1369.155308,1412.001734,1432.4432570000008,1449.054198,,,,-8.339114999999083,-8.434483,-8.577841999999919,-8.286484999999402,-7.894370999999865,SSP1,Median,Global,missing,Rice,Rice,missing,missing,missing,missing,missing,missing,missing,Pcal,GlobalRice
3698,1127.4726020000005,1369.155308,1412.001734,1432.4432570000008,1449.054198,,,,-7.732896267649953,-2.541433672061565,-5.878091949505395,-7.846780043301261,-7.826546682721607,SSP1,Upper CI,Global,missing,Rice,Rice,missing,missing,missing,missing,missing,missing,missing,Pcal,GlobalRice
3717,247.534949,321.44066100000003,367.900565,412.046262,426.371859,,,,1.498168454448532,-1.6537177483784113,0.32626429674301216,0.997520244010771,1.0004688821359575,SSP1,Lower CI,Global,missing,Roots and Tubers,RootTuber,missing,missing,missing,missing,missing,missing,missing,Pcal,GlobalRoots and Tubers
3718,247.534949,321.44066100000003,367.900565,412.046262,426.371859,,,,1.7068769999998494,1.2621250000001965,1.1295399999999631,1.130354999999895,1.0782150000002275,SSP1,Median,Global,missing,Roots and Tubers,RootTuber,missing,missing,missing,missing,missing,missing,missing,Pcal,GlobalRoots and Tubers
3719,247.534949,321.44066100000003,367.900565,412.046262,426.371859,,,,2.132042116979714,2.545692815045535,1.5173883348359358,1.2897721770416894,1.2364393283907955,SSP1,Upper CI,Global,missing,Roots and Tubers,RootTuber,missing,missing,missing,missing,missing,missing,missing,Pcal,GlobalRoots and Tubers
3738,82.21809400000001,102.490775,365.7142800000001,565.7998999999999,638.96557,,,,0.797612692413826,-0.8700078536876079,2.098163982592003,2.4691324580770235,3.1341496742382975,SSP1,Lower CI,Global,missing,Sugar Crops,SugarCrop,missing,missing,missing,missing,missing,missing,missing,Pcal,GlobalSugar Crops
3739,82.21809400000001,102.490775,365.7142800000001,565.7998999999999,638.96557,,,,0.9366300000003775,1.5786900000000514,2.2910899999997127,2.9223800000004303,3.4767900000001646,SSP1,Median,Global,missing,Sugar Crops,SugarCrop,missing,missing,missing,missing,missing,missing,missing,Pcal,GlobalSugar Crops
3740,82.21809400000001,102.490775,365.7142800000001,565.7998999999999,638.96557,,,,1.1915815933010088,8.53703318702096,2.6343275963546935,3.105032805081959,3.6488408520777766,SSP1,Upper CI,Global,missing,Sugar Crops,SugarCrop,missing,missing,missing,missing,missing,missing,missing,Pcal,GlobalSugar Crops
3759,1256.4391400000002,1477.8263000000002,1429.5300899999995,1455.3763199999996,1487.1851,,,,1.8574469254952835,0.8734175176463093,3.1974315810105813,3.932921018917933,3.9354592161708806,SSP1,Lower CI,Global,missing,Wheat,Wheat,missing,missing,missing,missing,missing,missing,missing,Pcal,GlobalWheat
3760,1256.4391400000002,1477.8263000000002,1429.5300899999995,1455.3763199999996,1487.1851,,,,3.0076199999996334,3.73059000000012,4.485919999999851,4.240580000000591,4.048839999999245,SSP1,Median,Global,missing,Wheat,Wheat,missing,missing,missing,missing,missing,missing,missing,Pcal,GlobalWheat
3761,1256.4391400000002,1477.8263000000002,1429.5300899999995,1455.3763199999996,1487.1851,,,,3.542227360218291,5.8632638156869685,5.010888418988766,4.471474770556806,4.155047099618082,SSP1,Upper CI,Global,missing,Wheat,Wheat,missing,missing,missing,missing,missing,missing,missing,Pcal,GlobalWheat
3780,21.8346,25.4021,25.0477,28.1743,28.2631,,,,0.3950291679971947,0.35816562457513174,0.33968926310769054,0.32412758299875033,0.3046665552808564,SSP1,Lower CI,India,missing,Corn,Corn,missing,missing,missing,missing,missing,missing,missing,Pcal,IndiaCorn
3781,21.8346,25.4021,25.0477,28.1743,28.2631,,,,0.40169999999999817,0.37120000000000175,0.34830000000000183,0.32949999999999946,0.30799999999999983,SSP1,Median,India,missing,Corn,Corn,missing,missing,missing,missing,missing,missing,missing,Pcal,IndiaCorn
3782,21.8346,25.4021,25.0477,28.1743,28.2631,,,,0.40379940343137566,0.3890077087582025,0.3575423158396793,0.3384724170012481,0.3156387078770403,SSP1,Upper CI,India,missing,Corn,Corn,missing,missing,missing,missing,missing,missing,missing,Pcal,IndiaCorn
3801,23.420299999999997,40.7359,53.745999999999995,66.8797,80.7717,,,,-0.17766041117335232,-0.44778743812906807,-0.5146279008829959,-0.5649939216427531,-0.597492371175231,SSP1,Lower CI,India,missingmissing,Fruits and Vegetables,FruitsVegetables,missingmissing,missingmissing,missingmissing,missingmissing,missingmissing,missingmissing,missingmissing,Pcal,IndiaFruits and Vegetables
3802,23.420299999999997,40.7359,53.745999999999995,66.8797,80.7717,,,,-0.11079999999999757,-0.30060000000000286,-0.47450000000000614,-0.5418000000000092,-0.5878000000000014,SSP1,Median,India,missingmissing,Fruits and Vegetables,FruitsVegetables,missingmissing,missingmissing,missingmissing,missingmissing,missingmissing,missingmissing,missingmissing,Pcal,IndiaFruits and Vegetables
3803,23.420299999999997,40.7359,53.745999999999995,66.8797,80.7717,,,,-0.060082445969503954,-0.15077256187093913,-0.4260878885906873,-0.4867113415151514,-0.5526760498773954,SSP1,Upper CI,India,missingmissing,Fruits and Vegetables,FruitsVegetables,missingmissing,missingmissing,missingmissing,missingmissing,missingmissing,missingmissing,missingmissing,Pcal,IndiaFruits and Vegetables
3822,3.31473,5.87973,7.06487,8.85694,10.7048,,,,-0.024067095633301023,-0.05595782988991141,-0.062453456128978534,-0.06803530761616645,-0.07218269024230996,SSP1,Lower CI,India,missing,Other Crops,MiscCrop,missing,missing,missing,missing,missing,missing,missing,Pcal,IndiaOther Crops
3823,3.31473,5.87973,7.06487,8.85694,10.7048,,,,-0.01670000000000016,-0.03859999999999886,-0.05760000000000076,-0.0650999999999975,-0.07069999999999865,SSP1,Median,India,missing,Other Crops,MiscCrop,missing,missing,missing,missing,missing,missing,missing,Pcal,IndiaOther Crops
3824,3.31473,5.87973,7.06487,8.85694,10.7048,,,,-0.010504332938127168,-0.020015503443422497,-0.05229391229207555,-0.058954166068040166,-0.06694362554716297,SSP1,Upper CI,India,missing,Other Crops,MiscCrop,missing,missing,missing,missing,missing,missing,missing,Pcal,IndiaOther Crops
3843,39.591521,61.65553,78.24749,95.65679,115.12389999999999,,,,-1.557439174510757,-1.6178833373908712,-1.1194604807073536,-1.0586870164010835,-0.955554950641457,SSP1,Lower CI,India,missingmissingmissingmissing,Plant Oils,FiberCropOilCropOilPalmSoybean,missingmissingmissingmissing,missingmissingmissingmissing,missingmissingmissingmissing,missingmissingmissingmissing,missingmissingmissingmissing,missingmissingmissingmissing,missingmissingmissingmissing,Pcal,IndiaPlant Oils
3844,39.591521,61.65553,78.24749,95.65679,115.12389999999999,,,,-1.3989999999999974,-1.0882000000000005,-1.0013000000000112,-0.9426000000000059,-0.8976000000000113,SSP1,Median,India,missingmissingmissingmissing,Plant Oils,FiberCropOilCropOilPalmSoybean,missingmissingmissingmissing,missingmissingmissingmissing,missingmissingmissingmissing,missingmissingmissingmissing,missingmissingmissingmissing,missingmissingmissingmissing,missingmissingmissingmissing,Pcal,IndiaPlant Oils
3845,39.591521,61.65553,78.24749,95.65679,115.12389999999999,,,,-1.2795893969178067,-0.8480366626091315,-0.8606026771873834,-0.867302457283142,-0.8796239967269738,SSP1,Upper CI,India,missingmissingmissingmissing,Plant Oils,FiberCropOilCropOilPalmSoybean,missingmissingmissingmissing,missingmissingmissingmissing,missingmissingmissingmissing,missingmissingmissingmissing,missingmissingmissingmissing,missingmissingmissingmissing,missingmissingmissingmissing,Pcal,IndiaPlant Oils
3864,68.5274,56.4154,57.2827,49.7792,50.6956,,,,0.8891529235217601,0.8457237995638024,0.8155280277311598,0.7750497684394948,0.7319002781180738,SSP1,Lower CI,India,missing,Other Grains,OtherGrain,missing,missing,missing,missing,missing,missing,missing,Pcal,IndiaOther Grains
3865,68.5274,56.4154,57.2827,49.7792,50.6956,,,,0.8990000000000009,0.8708999999999989,0.8252999999999986,0.7787000000000006,0.733700000000006,SSP1,Median,India,missing,Other Grains,OtherGrain,missing,missing,missing,missing,missing,missing,missing,Pcal,IndiaOther Grains
3866,68.5274,56.4154,57.2827,49.7792,50.6956,,,,0.9071899336210947,0.8821295337695308,0.8337667091109389,0.7824660210341878,0.7375523534608789,SSP1,Upper CI,India,missing,Other Grains,OtherGrain,missing,missing,missing,missing,missing,missing,missing,Pcal,IndiaOther Grains
3885,98.26790299999999,136.91195,171.63264,212.86097,257.9597,,,,-0.5877102831829082,-0.9377381485554879,-1.0664973853785669,-1.4592494205684041,-1.7110167475013467,SSP1,Lower CI,India,missingmissingmissingmissingmissingmissingmissingmissing,Protein,BeefDairyOtherMeat_FishPorkPoultrySheepGoatLegumesNutsSeeds,missingmissingmissingmissingmissingmissingmissingmissing,missingmissingmissingmissingmissingmissingmissingmissing,missingmissingmissingmissingmissingmissingmissingmissing,missingmissingmissingmissingmissingmissingmissingmissing,missingmissingmissingmissingmissingmissingmissingmissing,missingmissingmissingmissingmissingmissingmissingmissing,missingmissingmissingmissingmissingmissingmissingmissing,Pcal,IndiaProtein
3886,98.26790299999999,136.91195,171.63264,212.86097,257.9597,,,,-0.41728999999997995,-0.643650000000014,-0.9526800000000022,-1.3100399999999905,-1.590869999999954,SSP1,Median,India,missingmissingmissingmissingmissingmissingmissingmissing,Protein,BeefDairyOtherMeat_FishPorkPoultrySheepGoatLegumesNutsSeeds,missingmissingmissingmissingmissingmissingmissingmissing,missingmissingmissingmissingmissingmissingmissingmissing,missingmissingmissingmissingmissingmissingmissingmissing,missingmissingmissingmissingmissingmissingmissingmissing,missingmissingmissingmissingmissingmissingmissingmissing,missingmissingmissingmissingmissingmissingmissingmissing,missingmissingmissingmissingmissingmissingmissingmissing,Pcal,IndiaProtein
3887,98.26790299999999,136.91195,171.63264,212.86097,257.9597,,,,-0.3702782882456286,-0.06597518477784226,-0.8029794567267429,-1.2457663689053138,-1.5352369367091085,SSP1,Upper CI,India,missingmissingmissingmissingmissingmissingmissingmissing,Protein,BeefDairyOtherMeat_FishPorkPoultrySheepGoatLegumesNutsSeeds,missingmissingmissingmissingmissingmissingmissingmissing,missingmissingmissingmissingmissingmissingmissingmissing,missingmissingmissingmissingmissingmissingmissingmissing,missingmissingmissingmissingmissingmissingmissingmissing,missingmissingmissingmissingmissingmissingmissingmissing,missingmissingmissingmissingmissingmissingmissingmissing,missingmissingmissingmissingmissingmissingmissingmissing,Pcal,IndiaProtein
3906,272.649,323.077,330.19,325.303,330.344,,,,1.088524741973105,0.9099576882655132,0.7701413770999076,0.6356989800587848,0.5347395249623366,SSP1,Lower CI,India,missing,Rice,Rice,missing,missing,missing,missing,missing,missing,missing,Pcal,IndiaRice
3907,272.649,323.077,330.19,325.303,330.344,,,,1.1399999999999864,1.0319999999999823,0.8050000000000068,0.6499999999999773,0.5450000000000159,SSP1,Median,India,missing,Rice,Rice,missing,missing,missing,missing,missing,missing,missing,Pcal,IndiaRice
3908,272.649,323.077,330.19,325.303,330.344,,,,1.218332400884025,1.1588423117344442,0.8534375702684992,0.6685115462569794,0.5541025803008206,SSP1,Upper CI,India,missing,Rice,Rice,missing,missing,missing,missing,missing,missing,missing,Pcal,IndiaRice
3927,12.1192,19.5451,25.8201,27.2083,27.6042,,,,0.6856689185204355,0.5980673683455825,0.558714450042935,0.5330953069220206,0.5064071566593165,SSP1,Lower CI,India,missing,Roots and Tubers,RootTuber,missing,missing,missing,missing,missing,missing,missing,Pcal,IndiaRoots and Tubers
3928,12.1192,19.5451,25.8201,27.2083,27.6042,,,,0.7025000000000006,0.6355000000000004,0.5742000000000012,0.5393000000000008,0.5082999999999984,SSP1,Median,India,missing,Roots and Tubers,RootTuber,missing,missing,missing,missing,missing,missing,missing,Pcal,IndiaRoots and Tubers
3929,12.1192,19.5451,25.8201,27.2083,27.6042,,,,0.7283310814795648,0.6723859649877538,0.5904013394307502,0.5549046930779831,0.5188244222880516,SSP1,Upper CI,India,missing,Roots and Tubers,RootTuber,missing,missing,missing,missing,missing,missing,missing,Pcal,IndiaRoots and Tubers
3948,13.9633,18.2627,69.4112,107.188,128.491,,,,1.465326207688451,1.845690122050793,2.5878013573114846,3.08426640219384,3.4405680899364537,SSP1,Lower CI,India,missing,Sugar Crops,SugarCrop,missing,missing,missing,missing,missing,missing,missing,Pcal,IndiaSugar Crops
3949,13.9633,18.2627,69.4112,107.188,128.491,,,,1.4989999999999952,1.954999999999984,2.6260000000000048,3.1100000000000136,3.4610000000000127,SSP1,Median,India,missing,Sugar Crops,SugarCrop,missing,missing,missing,missing,missing,missing,missing,Pcal,IndiaSugar Crops
3950,13.9633,18.2627,69.4112,107.188,128.491,,,,1.532388078025848,2.05710987794919,2.645461800583259,3.132470439911438,3.4834319100635307,SSP1,Upper CI,India,missing,Sugar Crops,SugarCrop,missing,missing,missing,missing,missing,missing,missing,Pcal,IndiaSugar Crops
3969,165.027,228.655,236.02,256.729,260.884,,,,-3.2452670894227236,-3.0737318329689747,-2.59816054491063,-2.315730770442123,-2.0978245003239104,SSP1,Lower CI,India,missing,Wheat,Wheat,missing,missing,missing,missing,missing,missing,missing,Pcal,IndiaWheat
3970,165.027,228.655,236.02,256.729,260.884,,,,-3.1229999999999905,-2.891999999999996,-2.5360000000000014,-2.284999999999968,-2.0809999999999604,SSP1,Median,India,missing,Wheat,Wheat,missing,missing,missing,missing,missing,missing,missing,Pcal,IndiaWheat
3971,165.027,228.655,236.02,256.729,260.884,,,,-3.0633043391487007,-2.718268167031002,-2.4909973498261677,-2.2674271242946675,-2.075543920728684,SSP1,Upper CI,India,missing,Wheat,Wheat,missing,missing,missing,missing,missing,missing,missing,Pcal,IndiaWheat
3990,17.4843,20.887,19.5072,17.7562,17.9253,,,,0.10925147128242951,-0.501031097281285,-0.30841027117021896,0.007905180455550193,0.10407468784692796,SSP1,Lower CI,Indonesia,missing,Corn,Corn,missing,missing,missing,missing,missing,missing,missing,Pcal,IndonesiaCorn
3991,17.4843,20.887,19.5072,17.7562,17.9253,,,,0.11350000000000193,0.11289999999999978,0.11090000000000089,0.11090000000000089,0.10689999999999955,SSP1,Median,Indonesia,missing,Corn,Corn,missing,missing,missing,missing,missing,missing,missing,Pcal,IndonesiaCorn
3992,17.4843,20.887,19.5072,17.7562,17.9253,,,,0.12406281443185754,0.3317777639479509,0.2555786922228536,0.14685271428129473,0.11654636478464954,SSP1,Upper CI,Indonesia,missing,Corn,Corn,missing,missing,missing,missing,missing,missing,missing,Pcal,IndonesiaCorn
4011,3.8223599999999998,9.41538,10.91873,11.82078,14.47725,,,,0.0049147092260060365,-0.26477490983201313,-0.004223430948722916,-0.01138979687475472,-0.007291853695615509,SSP1,Lower CI,Indonesia,missingmissing,Fruits and Vegetables,FruitsVegetables,missingmissing,missingmissing,missingmissing,missingmissing,missingmissing,missingmissing,missingmissing,Pcal,IndonesiaFruits and Vegetables
4012,3.8223599999999998,9.41538,10.91873,11.82078,14.47725,,,,0.008849999999999802,0.004029999999998424,0.0024100000000011335,0.002840000000000842,0.0028600000000000847,SSP1,Median,Indonesia,missingmissing,Fruits and Vegetables,FruitsVegetables,missingmissing,missingmissing,missingmissing,missingmissing,missingmissing,missingmissing,missingmissing,Pcal,IndonesiaFruits and Vegetables
4013,3.8223599999999998,9.41538,10.91873,11.82078,14.47725,,,,0.014262433631138615,0.10621224316534192,0.00895922042240772,0.038710849506332634,0.02822869580087905,SSP1,Upper CI,Indonesia,missingmissing,Fruits and Vegetables,FruitsVegetables,missingmissing,missingmissing,missingmissing,missingmissing,missingmissing,missingmissing,missingmissing,Pcal,IndonesiaFruits and Vegetables
4032,0.577124,2.04346,1.67594,1.75854,2.15782,,,,0.0025910476705512564,-0.03792253709209049,0.0012246417731461515,0.00014435012360443714,0.0007583798104180174,SSP1,Lower CI,Indonesia,missing,Other Crops,MiscCrop,missing,missing,missing,missing,missing,missing,missing,Pcal,IndonesiaOther Crops
4033,0.577124,2.04346,1.67594,1.75854,2.15782,,,,0.0028000000000001357,0.0022199999999998887,0.0021900000000005804,0.0022999999999999687,0.002240000000000464,SSP1,Median,Indonesia,missing,Other Crops,MiscCrop,missing,missing,missing,missing,missing,missing,missing,Pcal,IndonesiaOther Crops
4034,0.577124,2.04346,1.67594,1.75854,2.15782,,,,0.0032460951865917764,0.017487870425423532,0.0031953582268541498,0.00770933408692261,0.0060542517685298535,SSP1,Upper CI,Indonesia,missing,Other Crops,MiscCrop,missing,missing,missing,missing,missing,missing,missing,Pcal,IndonesiaOther Crops
4053,15.6865697,21.702019999999997,21.71203,27.987250000000003,34.172070000000005,,,,0.019106495893376593,-0.30061161691306426,0.08747799163694364,0.0767247327059084,0.09192839848628517,SSP1,Lower CI,Indonesia,missingmissingmissingmissing,Plant Oils,FiberCropOilCropOilPalmSoybean,missingmissingmissingmissing,missingmissingmissingmissing,missingmissingmissingmissing,missingmissingmissingmissing,missingmissingmissingmissing,missingmissingmissingmissing,missingmissingmissingmissing,Pcal,IndonesiaPlant Oils
4054,15.6865697,21.702019999999997,21.71203,27.987250000000003,34.172070000000005,,,,0.05329999999999835,0.07760000000000034,0.1067000000000018,0.10789999999999722,0.10929999999999218,SSP1,Median,Indonesia,missingmissingmissingmissing,Plant Oils,FiberCropOilCropOilPalmSoybean,missingmissingmissingmissing,missingmissingmissingmissing,missingmissingmissingmissing,missingmissingmissingmissing,missingmissingmissingmissing,missingmissingmissingmissing,missingmissingmissingmissing,Pcal,IndonesiaPlant Oils
4055,15.6865697,21.702019999999997,21.71203,27.987250000000003,34.172070000000005,,,,0.06929350410662445,0.22170495024640005,0.17232200836306028,0.20450684624145232,0.1578294962505485,SSP1,Upper CI,Indonesia,missingmissingmissingmissing,Plant Oils,FiberCropOilCropOilPalmSoybean,missingmissingmissingmissing,missingmissingmissingmissing,missingmissingmissingmissing,missingmissingmissingmissing,missingmissingmissingmissing,missingmissingmissingmissing,missingmissingmissingmissing,Pcal,IndonesiaPlant Oils
4074,0.007812,0.040796,0.177464,0.270199,0.278208,,,,-0.0011737717536526616,-0.00040856218521715705,0.0006119053544362306,-0.0001054067167172365,0.0009635060240567156,SSP1,Lower CI,Indonesia,missing,Other Grains,OtherGrain,missing,missing,missing,missing,missing,missing,missing,Pcal,IndonesiaOther Grains
4075,0.007812,0.040796,0.177464,0.270199,0.278208,,,,0.0015479999999999938,0.0020890000000000075,0.002273000000000025,0.0023239999999999927,0.0021079999999999988,SSP1,Median,Indonesia,missing,Other Grains,OtherGrain,missing,missing,missing,missing,missing,missing,missing,Pcal,IndonesiaOther Grains
4076,0.007812,0.040796,0.177464,0.270199,0.278208,,,,0.002420628896509783,0.006650962185217138,0.008677673592932238,0.008763933032506709,0.004606599239101205,SSP1,Upper CI,Indonesia,missing,Other Grains,OtherGrain,missing,missing,missing,missing,missing,missing,missing,Pcal,IndonesiaOther Grains
4095,12.610661,16.701855,18.525579999999998,23.151783000000002,28.589858,,,,0.03411154453385056,-0.03018855563010992,0.010391402470444067,0.03383857638381657,0.04585816593143495,SSP1,Lower CI,Indonesia,missingmissingmissingmissingmissingmissingmissingmissing,Protein,BeefDairyOtherMeat_FishPorkPoultrySheepGoatLegumesNutsSeeds,missingmissingmissingmissingmissingmissingmissingmissing,missingmissingmissingmissingmissingmissingmissingmissing,missingmissingmissingmissingmissingmissingmissingmissing,missingmissingmissingmissingmissingmissingmissingmissing,missingmissingmissingmissingmissingmissingmissingmissing,missingmissingmissingmissingmissingmissingmissingmissing,missingmissingmissingmissingmissingmissingmissingmissing,Pcal,IndonesiaProtein
4096,12.610661,16.701855,18.525579999999998,23.151783000000002,28.589858,,,,0.05461799999999922,0.05073499999999642,0.05715300000000223,0.06183500000000014,0.06438700000000114,SSP1,Median,Indonesia,missingmissingmissingmissingmissingmissingmissingmissing,Protein,BeefDairyOtherMeat_FishPorkPoultrySheepGoatLegumesNutsSeeds,missingmissingmissingmissingmissingmissingmissingmissing,missingmissingmissingmissingmissingmissingmissingmissing,missingmissingmissingmissingmissingmissingmissingmissing,missingmissingmissingmissingmissingmissingmissingmissing,missingmissingmissingmissingmissingmissingmissingmissing,missingmissingmissingmissingmissingmissingmissingmissing,missingmissingmissingmissingmissingmissingmissingmissing,Pcal,IndonesiaProtein
4097,12.610661,16.701855,18.525579999999998,23.151783000000002,28.589858,,,,0.0739353126090039,0.09554148896343861,0.18983628174008438,0.13780763414249855,0.11709583406856434,SSP1,Upper CI,Indonesia,missingmissingmissingmissingmissingmissingmissingmissing,Protein,BeefDairyOtherMeat_FishPorkPoultrySheepGoatLegumesNutsSeeds,missingmissingmissingmissingmissingmissingmissingmissing,missingmissingmissingmissingmissingmissingmissingmissing,missingmissingmissingmissingmissingmissingmissingmissing,missingmissingmissingmissingmissingmissingmissingmissing,missingmissingmissingmissingmissingmissingmissingmissing,missingmissingmissingmissingmissingmissingmissingmissing,missingmissingmissingmissingmissingmissingmissingmissing,Pcal,IndonesiaProtein
4116,94.429,107.788,111.755,119.258,120.611,,,,-0.44380994373481963,-1.216869678838507,-0.9697434761646408,-0.5495383115660359,-0.43690759146775165,SSP1,Lower CI,Indonesia,missing,Rice,Rice,missing,missing,missing,missing,missing,missing,missing,Pcal,IndonesiaRice
4117,94.429,107.788,111.755,119.258,120.611,,,,-0.4159999999999968,-0.42499999999999716,-0.43600000000000705,-0.4069999999999965,-0.39100000000000534,SSP1,Median,Indonesia,missing,Rice,Rice,missing,missing,missing,missing,missing,missing,missing,Pcal,IndonesiaRice
4118,94.429,107.788,111.755,119.258,120.611,,,,-0.3867614848366039,1.6339363455051716,1.163217160375165,-0.0002511621181774948,-0.3744608295848842,SSP1,Upper CI,Indonesia,missing,Rice,Rice,missing,missing,missing,missing,missing,missing,missing,Pcal,IndonesiaRice
4137,10.9184,11.9397,20.808,23.8626,24.1665,,,,0.14468238169727196,-0.7868982817748007,-0.45382273620593844,-0.010821101250373208,0.12671459271447416,SSP1,Lower CI,Indonesia,missing,Roots and Tubers,RootTuber,missing,missing,missing,missing,missing,missing,missing,Pcal,IndonesiaRoots and Tubers
4138,10.9184,11.9397,20.808,23.8626,24.1665,,,,0.1659000000000006,0.15030000000000143,0.1413000000000011,0.13949999999999818,0.13360000000000127,SSP1,Median,Indonesia,missing,Roots and Tubers,RootTuber,missing,missing,missing,missing,missing,missing,missing,Pcal,IndonesiaRoots and Tubers
4139,10.9184,11.9397,20.808,23.8626,24.1665,,,,0.1885747611598738,0.48245828177479927,0.342970104626991,0.192284259145109,0.15413803886447308,SSP1,Upper CI,Indonesia,missing,Roots and Tubers,RootTuber,missing,missing,missing,missing,missing,missing,missing,Pcal,IndonesiaRoots and Tubers
4158,1.41612,1.98986,9.90882,21.8911,26.5764,,,,-0.18440834178013277,-0.7591129302310972,-0.19900444935328593,-0.4048611582963415,-0.3567731864144277,SSP1,Lower CI,Indonesia,missing,Sugar Crops,SugarCrop,missing,missing,missing,missing,missing,missing,missing,Pcal,IndonesiaSugar Crops
4159,1.41612,1.98986,9.90882,21.8911,26.5764,,,,-0.17790000000000106,-0.18659999999999854,-0.18790000000000617,-0.1944999999999979,-0.19550000000000267,SSP1,Median,Indonesia,missing,Sugar Crops,SugarCrop,missing,missing,missing,missing,missing,missing,missing,Pcal,IndonesiaSugar Crops
4160,1.41612,1.98986,9.90882,21.8911,26.5764,,,,-0.16242022964843733,1.388006263564431,-0.17026923485724849,-0.11831778907207416,-0.13784786621715672,SSP1,Upper CI,Indonesia,missing,Sugar Crops,SugarCrop,missing,missing,missing,missing,missing,missing,missing,Pcal,IndonesiaSugar Crops
4179,6.85098,16.8411,17.4206,23.2051,23.5655,,,,0.0991985465500213,-0.35614037137981364,-0.40769532976341843,-0.006995143885563049,0.1423609871369455,SSP1,Lower CI,Indonesia,missing,Wheat,Wheat,missing,missing,missing,missing,missing,missing,missing,Pcal,IndonesiaWheat
4180,6.85098,16.8411,17.4206,23.2051,23.5655,,,,0.13449999999999918,0.1598000000000006,0.1681999999999988,0.15350000000000108,0.14809999999999945,SSP1,Median,Indonesia,missing,Wheat,Wheat,missing,missing,missing,missing,missing,missing,missing,Pcal,IndonesiaWheat
4181,6.85098,16.8411,17.4206,23.2051,23.5655,,,,0.16843002487854764,0.4192070380464797,0.37177954028973187,0.21206882809608935,0.162817960231473,SSP1,Upper CI,Indonesia,missing,Wheat,Wheat,missing,missing,missing,missing,missing,missing,missing,Pcal,IndonesiaWheat
4200,8.47036,6.29637,4.49229,4.55778,4.47935,,,,0.162579830668563,0.13351329710812787,0.13756626229361127,0.14468968982862024,0.14421326975635818,SSP1,Lower CI,Japan,missing,Corn,Corn,missing,missing,missing,missing,missing,missing,missing,Pcal,JapanCorn
4201,8.47036,6.29637,4.49229,4.55778,4.47935,,,,0.1669900000000002,0.1591199999999997,0.14982000000000006,0.14651999999999976,0.14490999999999987,SSP1,Median,Japan,missing,Corn,Corn,missing,missing,missing,missing,missing,missing,missing,Pcal,JapanCorn
4202,8.47036,6.29637,4.49229,4.55778,4.47935,,,,0.16797159790286534,0.1659187028918721,0.15423584296954626,0.14711873122401142,0.14530251971732577,SSP1,Upper CI,Japan,missing,Corn,Corn,missing,missing,missing,missing,missing,missing,missing,Pcal,JapanCorn
4221,6.358840000000001,6.596579999999999,6.11844,5.707470000000001,6.09832,,,,-0.010829954999960957,-0.023306434288926255,-0.00850034808197506,-0.00716818738088155,-0.006560947455220814,SSP1,Lower CI,Japan,missingmissing,Fruits and Vegetables,FruitsVegetables,missingmissing,missingmissing,missingmissing,missingmissing,missingmissing,missingmissing,missingmissing,Pcal,JapanFruits and Vegetables
4222,6.358840000000001,6.596579999999999,6.11844,5.707470000000001,6.09832,,,,-0.006530000000000147,-0.006519999999999637,-0.006089999999999929,-0.005780000000000118,-0.005679999999999907,SSP1,Median,Japan,missingmissing,Fruits and Vegetables,FruitsVegetables,missingmissing,missingmissing,missingmissing,missingmissing,missingmissing,missingmissing,missingmissing,Pcal,JapanFruits and Vegetables
4223,6.358840000000001,6.596579999999999,6.11844,5.707470000000001,6.09832,,,,-0.004741473571467992,0.0008064342889265858,-0.005513336128550832,-0.004674970513855842,-0.004870631492147376,SSP1,Upper CI,Japan,missingmissing,Fruits and Vegetables,FruitsVegetables,missingmissing,missingmissing,missingmissing,missingmissing,missingmissing,missingmissing,missingmissing,Pcal,JapanFruits and Vegetables
4242,1.26898,1.73415,1.55433,1.51811,1.6236,,,,-0.0028153093882924735,-0.005443075409959409,-0.0015938545441547961,-0.001221945307853032,-0.0010491391035322762,SSP1,Lower CI,Japan,missing,Other Crops,MiscCrop,missing,missing,missing,missing,missing,missing,missing,Pcal,JapanOther Crops
4243,1.26898,1.73415,1.55433,1.51811,1.6236,,,,-0.0017499999999999183,-0.0014199999999999768,-0.0010099999999999554,-0.0008700000000001484,-0.0008299999999998864,SSP1,Median,Japan,missing,Other Crops,MiscCrop,missing,missing,missing,missing,missing,missing,missing,Pcal,JapanOther Crops
4244,1.26898,1.73415,1.55433,1.51811,1.6236,,,,-0.001324690611707559,0.0004004087432928063,-0.0008598296663713965,-0.0006285810079365278,-0.0006940187912044626,SSP1,Upper CI,Japan,missing,Other Crops,MiscCrop,missing,missing,missing,missing,missing,missing,missing,Pcal,JapanOther Crops
4263,13.1338906,15.5877606,16.617203,17.724535,18.87951,,,,-0.045328532032626115,-0.06769870434424133,-0.03334192056169624,-0.03793072919553932,-0.034531067602243344,SSP1,Lower CI,Japan,missingmissingmissingmissing,Plant Oils,FiberCropOilCropOilPalmSoybean,missingmissingmissingmissing,missingmissingmissingmissing,missingmissingmissingmissing,missingmissingmissingmissing,missingmissingmissingmissing,missingmissingmissingmissing,missingmissingmissingmissing,Pcal,JapanPlant Oils
4264,13.1338906,15.5877606,16.617203,17.724535,18.87951,,,,-0.032890000000001196,-0.03437999999999941,-0.027639999999999665,-0.03251999999999766,-0.029929999999998236,SSP1,Median,Japan,missingmissingmissingmissing,Plant Oils,FiberCropOilCropOilPalmSoybean,missingmissingmissingmissing,missingmissingmissingmissing,missingmissingmissingmissing,missingmissingmissingmissing,missingmissingmissingmissing,missingmissingmissingmissing,missingmissingmissingmissing,Pcal,JapanPlant Oils
4265,13.1338906,15.5877606,16.617203,17.724535,18.87951,,,,-0.014117182253090114,0.006845371010908326,-0.008342289964619914,-0.01591874448866939,-0.02014577450301842,SSP1,Upper CI,Japan,missingmissingmissingmissing,Plant Oils,FiberCropOilCropOilPalmSoybean,missingmissingmissingmissing,missingmissingmissingmissing,missingmissingmissingmissing,missingmissingmissingmissing,missingmissingmissingmissing,missingmissingmissingmissing,missingmissingmissingmissing,Pcal,JapanPlant Oils
4284,0.386195,0.45969,1.3842,1.85343,1.8324,,,,0.05488256884550981,0.03776211208103422,0.05139987114180004,0.057392251181968064,0.05898226139674148,SSP1,Lower CI,Japan,missing,Other Grains,OtherGrain,missing,missing,missing,missing,missing,missing,missing,Pcal,JapanOther Grains
4285,0.386195,0.45969,1.3842,1.85343,1.8324,,,,0.0634300000000001,0.05944000000000016,0.05984999999999996,0.06068000000000007,0.059860000000000024,SSP1,Median,Japan,missing,Other Grains,OtherGrain,missing,missing,missing,missing,missing,missing,missing,Pcal,JapanOther Grains
4286,0.386195,0.45969,1.3842,1.85343,1.8324,,,,0.06895457401163305,0.06451655458563266,0.06144644464767356,0.060748801449610874,0.06017773860325855,SSP1,Upper CI,Japan,missing,Other Grains,OtherGrain,missing,missing,missing,missing,missing,missing,missing,Pcal,JapanOther Grains
4305,26.885277,28.350808999999998,26.2059696,25.1018004,26.824206,,,,-0.01601723415066315,-0.049771387903487854,-0.013597971731792566,-0.011285340739011926,-0.011237989395749158,SSP1,Lower CI,Japan,missingmissingmissingmissingmissingmissingmissingmissing,Protein,BeefDairyOtherMeat_FishPorkPoultrySheepGoatLegumesNutsSeeds,missingmissingmissingmissingmissingmissingmissingmissing,missingmissingmissingmissingmissingmissingmissingmissing,missingmissingmissingmissingmissingmissingmissingmissing,missingmissingmissingmissingmissingmissingmissingmissing,missingmissingmissingmissingmissingmissingmissingmissing,missingmissingmissingmissingmissingmissingmissingmissing,missingmissingmissingmissingmissingmissingmissingmissing,Pcal,JapanProtein
4306,26.885277,28.350808999999998,26.2059696,25.1018004,26.824206,,,,-0.005132400000000599,-0.0025499000000001673,0.002502000000000497,0.0026403999999999317,0.0019353999999997679,SSP1,Median,Japan,missingmissingmissingmissingmissingmissingmissingmissing,Protein,BeefDairyOtherMeat_FishPorkPoultrySheepGoatLegumesNutsSeeds,missingmissingmissingmissingmissingmissingmissingmissing,missingmissingmissingmissingmissingmissingmissingmissing,missingmissingmissingmissingmissingmissingmissingmissing,missingmissingmissingmissingmissingmissingmissingmissing,missingmissingmissingmissingmissingmissingmissingmissing,missingmissingmissingmissingmissingmissingmissingmissing,missingmissingmissingmissingmissingmissingmissingmissing,Pcal,JapanProtein
4307,26.885277,28.350808999999998,26.2059696,25.1018004,26.824206,,,,0.009996977007807096,0.010381761236821621,0.011523403310739406,0.01107129863374856,0.00960585255364352,SSP1,Upper CI,Japan,missingmissingmissingmissingmissingmissingmissingmissing,Protein,BeefDairyOtherMeat_FishPorkPoultrySheepGoatLegumesNutsSeeds,missingmissingmissingmissingmissingmissingmissingmissing,missingmissingmissingmissingmissingmissingmissingmissing,missingmissingmissingmissingmissingmissingmissingmissing,missingmissingmissingmissingmissingmissingmissingmissing,missingmissingmissingmissingmissingmissingmissingmissing,missingmissingmissingmissingmissingmissingmissingmissing,missingmissingmissingmissingmissingmissingmissingmissing,Pcal,JapanProtein
4326,33.6661,30.3213,27.8711,28.015,27.7034,,,,-1.0096708370465088,-1.056233058663742,-0.9253603449546359,-0.8787893474220281,-0.8672751763626165,SSP1,Lower CI,Japan,missing,Rice,Rice,missing,missing,missing,missing,missing,missing,missing,Pcal,JapanRice
4327,33.6661,30.3213,27.8711,28.015,27.7034,,,,-0.9963999999999977,-0.9465000000000003,-0.8979999999999997,-0.8759000000000015,-0.8664000000000023,SSP1,Median,Japan,missing,Rice,Rice,missing,missing,missing,missing,missing,missing,missing,Pcal,JapanRice
4328,33.6661,30.3213,27.8711,28.015,27.7034,,,,-0.9651577343820603,-0.7193802746695946,-0.8310607076769401,-0.872431705209552,-0.8646300867952812,SSP1,Upper CI,Japan,missing,Rice,Rice,missing,missing,missing,missing,missing,missing,missing,Pcal,JapanRice
4347,3.36417,3.02439,2.88013,2.75563,2.73066,,,,0.09942512052234004,0.06109015930411544,0.08048516375309497,0.08520144516447495,0.0843864632104414,SSP1,Lower CI,Japan,missing,Roots and Tubers,RootTuber,missing,missing,missing,missing,missing,missing,missing,Pcal,JapanRoots and Tubers
4348,3.36417,3.02439,2.88013,2.75563,2.73066,,,,0.1027800000000001,0.09216000000000024,0.08718000000000004,0.08620000000000028,0.0850200000000001,SSP1,Median,Japan,missing,Roots and Tubers,RootTuber,missing,missing,missing,missing,missing,missing,missing,Pcal,JapanRoots and Tubers
4349,3.36417,3.02439,2.88013,2.75563,2.73066,,,,0.10481487947765988,0.10558984069588484,0.09042115203637893,0.08726697588815674,0.08581248415797978,SSP1,Upper CI,Japan,missing,Roots and Tubers,RootTuber,missing,missing,missing,missing,missing,missing,missing,Pcal,JapanRoots and Tubers
4368,2.51691,2.2664,5.51875,7.7972,8.26033,,,,-0.022529032528951026,-0.06225642335799418,-0.019145964820877444,-0.017475589078981765,-0.01636326047782575,SSP1,Lower CI,Japan,missing,Sugar Crops,SugarCrop,missing,missing,missing,missing,missing,missing,missing,Pcal,JapanSugar Crops
4369,2.51691,2.2664,5.51875,7.7972,8.26033,,,,-0.018530000000000157,-0.017129999999999868,-0.016169999999998907,-0.0151299999999992,-0.014459999999999695,SSP1,Median,Japan,missing,Sugar Crops,SugarCrop,missing,missing,missing,missing,missing,missing,missing,Pcal,JapanSugar Crops
4370,2.51691,2.2664,5.51875,7.7972,8.26033,,,,-0.011059538899619673,0.10851109002466171,-0.013604561494910948,-0.013682305657858964,-0.012064107943225292,SSP1,Upper CI,Japan,missing,Sugar Crops,SugarCrop,missing,missing,missing,missing,missing,missing,missing,Pcal,JapanSugar Crops
4389,18.6778,19.008,18.8607,17.9299,17.8123,,,,0.6426064771995993,0.47400673876665156,0.5616535313243282,0.5834865665481653,0.5766218774625287,SSP1,Lower CI,Japan,missing,Wheat,Wheat,missing,missing,missing,missing,missing,missing,missing,Pcal,JapanWheat
4390,18.6778,19.008,18.8607,17.9299,17.8123,,,,0.6603999999999992,0.6319000000000017,0.6025000000000027,0.5852000000000004,0.5778999999999996,SSP1,Median,Japan,missing,Wheat,Wheat,missing,missing,missing,missing,missing,missing,missing,Pcal,JapanWheat
4391,18.6778,19.008,18.8607,17.9299,17.8123,,,,0.6798506656575413,0.7381132612333485,0.6233464686756759,0.5887450123992023,0.5793570699058925,SSP1,Upper CI,Japan,missing,Wheat,Wheat,missing,missing,missing,missing,missing,missing,missing,Pcal,JapanWheat
4410,36.1303,43.2483,42.5196,44.3574,45.8987,,,,0.0381334034440757,-0.040194769146084795,0.020628517162934717,0.036166061059328125,0.038051874086961666,SSP1,Lower CI,Mexico,missing,Corn,Corn,missing,missing,missing,missing,missing,missing,missing,Pcal,MexicoCorn
4411,36.1303,43.2483,42.5196,44.3574,45.8987,,,,0.05109999999999815,0.0338999999999956,0.03650000000000375,0.040500000000001535,0.039299999999997226,SSP1,Median,Mexico,missing,Corn,Corn,missing,missing,missing,missing,missing,missing,missing,Pcal,MexicoCorn
4412,36.1303,43.2483,42.5196,44.3574,45.8987,,,,0.06300945369877918,0.07104810247941443,0.04351885125812548,0.043076044203829086,0.04069549433408357,SSP1,Upper CI,Mexico,missing,Corn,Corn,missing,missing,missing,missing,missing,missing,missing,Pcal,MexicoCorn
4431,4.63522,7.325670000000001,7.2781400000000005,7.969799999999999,8.63513,,,,-0.004335332931594797,-0.012968258195023381,-0.007340862454165676,-0.0060527421697978406,-0.00555112644321592,SSP1,Lower CI,Mexico,missingmissing,Fruits and Vegetables,FruitsVegetables,missingmissing,missingmissing,missingmissing,missingmissing,missingmissing,missingmissing,missingmissing,Pcal,MexicoFruits and Vegetables
4432,4.63522,7.325670000000001,7.2781400000000005,7.969799999999999,8.63513,,,,-0.003490000000000215,-0.006680000000000241,-0.005829999999999114,-0.004850000000001131,-0.004560000000001008,SSP1,Median,Mexico,missingmissing,Fruits and Vegetables,FruitsVegetables,missingmissing,missingmissing,missingmissing,missingmissing,missingmissing,missingmissing,missingmissing,Pcal,MexicoFruits and Vegetables
4433,4.63522,7.325670000000001,7.2781400000000005,7.969799999999999,8.63513,,,,-0.001178952782690627,-0.0008850751383111203,-0.004460190177411394,-0.003125152567045585,-0.0031215051357331046,SSP1,Upper CI,Mexico,missingmissing,Fruits and Vegetables,FruitsVegetables,missingmissing,missingmissing,missingmissing,missingmissing,missingmissing,missingmissing,missingmissing,Pcal,MexicoFruits and Vegetables
4452,0.440489,0.494223,0.313346,0.32459,0.353162,,,,2.9556569333033822e-05,-0.00029165814642339596,-4.735812670310334e-05,-3.622761182972407e-06,2.376174936989603e-06,SSP1,Lower CI,Mexico,missing,Other Crops,MiscCrop,missing,missing,missing,missing,missing,missing,missing,Pcal,MexicoOther Crops
4453,0.440489,0.494223,0.313346,0.32459,0.353162,,,,7.099999999998774e-05,-4.999999999977245e-06,1.999999999996449e-05,5.1999999999996493e-05,4.900000000002125e-05,SSP1,Median,Mexico,missing,Other Crops,MiscCrop,missing,missing,missing,missing,missing,missing,missing,Pcal,MexicoOther Crops
4454,0.440489,0.494223,0.313346,0.32459,0.353162,,,,0.00014615771638121352,0.00017379147975678163,6.0937074071488305e-05,0.0001092017085513559,9.193961453670711e-05,SSP1,Upper CI,Mexico,missing,Other Crops,MiscCrop,missing,missing,missing,missing,missing,missing,missing,Pcal,MexicoOther Crops
4473,7.4551929999999995,9.558676,10.6249332,10.673655400000001,11.5620967,,,,-0.00235809826637265,-0.004536375102010888,0.0066565939383275,0.004386416594314131,0.005026979042620199,SSP1,Lower CI,Mexico,missingmissingmissingmissing,Plant Oils,FiberCropOilCropOilPalmSoybean,missingmissingmissingmissing,missingmissingmissingmissing,missingmissingmissingmissing,missingmissingmissingmissing,missingmissingmissingmissing,missingmissingmissingmissing,missingmissingmissingmissing,Pcal,MexicoPlant Oils
4474,7.4551929999999995,9.558676,10.6249332,10.673655400000001,11.5620967,,,,0.0029818000000003016,0.015036700000000392,0.012344999999998822,0.007989500000000014,0.006895799999999466,SSP1,Median,Mexico,missingmissingmissingmissing,Plant Oils,FiberCropOilCropOilPalmSoybean,missingmissingmissingmissing,missingmissingmissingmissing,missingmissingmissingmissing,missingmissingmissingmissing,missingmissingmissingmissing,missingmissingmissingmissing,missingmissingmissingmissing,Pcal,MexicoPlant Oils
4475,7.4551929999999995,9.558676,10.6249332,10.673655400000001,11.5620967,,,,0.0121384125520877,0.04351982843534438,0.025400027114303038,0.017835341300422164,0.013708999904747412,SSP1,Upper CI,Mexico,missingmissingmissingmissing,Plant Oils,FiberCropOilCropOilPalmSoybean,missingmissingmissingmissing,missingmissingmissingmissing,missingmissingmissingmissing,missingmissingmissingmissing,missingmissingmissingmissing,missingmissingmissingmissing,missingmissingmissingmissing,Pcal,MexicoPlant Oils
4494,0.496493,2.41254,2.59545,4.01058,4.13598,,,,-0.009579296550701688,-0.02536232136883884,-0.0038335575076767674,-0.002740731423502916,-0.0008093214276303645,SSP1,Lower CI,Mexico,missing,Other Grains,OtherGrain,missing,missing,missing,missing,missing,missing,missing,Pcal,MexicoOther Grains
4495,0.496493,2.41254,2.59545,4.01058,4.13598,,,,-0.005939999999999834,-0.0027399999999992986,-0.0017899999999997362,-0.0012699999999998823,-0.000560000000000116,SSP1,Median,Mexico,missing,Other Grains,OtherGrain,missing,missing,missing,missing,missing,missing,missing,Pcal,MexicoOther Grains
4496,0.496493,2.41254,2.59545,4.01058,4.13598,,,,-0.0026035605921550763,0.04143832136883965,-0.0005369688081125427,-0.0009687422607076037,-0.0002527838355278036,SSP1,Upper CI,Mexico,missing,Other Grains,OtherGrain,missing,missing,missing,missing,missing,missing,missing,Pcal,MexicoOther Grains
4515,18.447765,30.57081,32.668055,35.400521,38.400695,,,,0.006925428712290994,0.008630425570330256,0.014841462584920312,0.015321691830141287,0.016458277849967628,SSP1,Lower CI,Mexico,missingmissingmissingmissingmissingmissingmissingmissing,Protein,BeefDairyOtherMeat_FishPorkPoultrySheepGoatLegumesNutsSeeds,missingmissingmissingmissingmissingmissingmissingmissing,missingmissingmissingmissingmissingmissingmissingmissing,missingmissingmissingmissingmissingmissingmissingmissing,missingmissingmissingmissingmissingmissingmissingmissing,missingmissingmissingmissingmissingmissingmissingmissing,missingmissingmissingmissingmissingmissingmissingmissing,missingmissingmissingmissingmissingmissingmissingmissing,Pcal,MexicoProtein
4516,18.447765,30.57081,32.668055,35.400521,38.400695,,,,0.01864199999999988,0.021489999999998233,0.024761999999997675,0.025206000000001894,0.025196999999997916,SSP1,Median,Mexico,missingmissingmissingmissingmissingmissingmissingmissing,Protein,BeefDairyOtherMeat_FishPorkPoultrySheepGoatLegumesNutsSeeds,missingmissingmissingmissingmissingmissingmissingmissing,missingmissingmissingmissingmissingmissingmissingmissing,missingmissingmissingmissingmissingmissingmissingmissing,missingmissingmissingmissingmissingmissingmissingmissing,missingmissingmissingmissingmissingmissingmissingmissing,missingmissingmissingmissingmissingmissingmissingmissing,missingmissingmissingmissingmissingmissingmissingmissing,Pcal,MexicoProtein
4517,18.447765,30.57081,32.668055,35.400521,38.400695,,,,0.03735257128770976,0.05656530776300055,0.03561095846770786,0.032752623959334586,0.03321782741318788,SSP1,Upper CI,Mexico,missingmissingmissingmissingmissingmissingmissingmissing,Protein,BeefDairyOtherMeat_FishPorkPoultrySheepGoatLegumesNutsSeeds,missingmissingmissingmissingmissingmissingmissingmissing,missingmissingmissingmissingmissingmissingmissingmissing,missingmissingmissingmissingmissingmissingmissingmissing,missingmissingmissingmissingmissingmissingmissingmissing,missingmissingmissingmissingmissingmissingmissingmissing,missingmissingmissingmissingmissingmissingmissingmissing,missingmissingmissingmissingmissingmissingmissingmissing,Pcal,MexicoProtein
4536,1.52808,2.61521,2.54744,2.67483,2.75252,,,,-0.036813458852400456,-0.04548425800015387,-0.033368606375159655,-0.026904148680289095,-0.026139101301030664,SSP1,Lower CI,Mexico,missing,Rice,Rice,missing,missing,missing,missing,missing,missing,missing,Pcal,MexicoRice
4537,1.52808,2.61521,2.54744,2.67483,2.75252,,,,-0.03212999999999999,-0.02909999999999968,-0.027730000000000032,-0.02648000000000028,-0.02558999999999978,SSP1,Median,Mexico,missing,Rice,Rice,missing,missing,missing,missing,missing,missing,missing,Pcal,MexicoRice
4538,1.52808,2.61521,2.54744,2.67483,2.75252,,,,-0.029792255433313826,0.0026802580001543536,-0.014074551519577087,-0.026060061846026956,-0.025261951330547983,SSP1,Upper CI,Mexico,missing,Rice,Rice,missing,missing,missing,missing,missing,missing,missing,Pcal,MexicoRice
4557,0.716742,1.25808,1.27991,1.38645,1.43158,,,,-0.003409185096995862,-0.01001061779685962,-0.0044906361675454,-0.003825393307190117,-0.003633658697073206,SSP1,Lower CI,Mexico,missing,Roots and Tubers,RootTuber,missing,missing,missing,missing,missing,missing,missing,Pcal,MexicoRoots and Tubers
4558,0.716742,1.25808,1.27991,1.38645,1.43158,,,,-0.002990000000000048,-0.0047000000000001485,-0.003869999999999818,-0.003330000000000055,-0.0033199999999999896,SSP1,Median,Mexico,missing,Roots and Tubers,RootTuber,missing,missing,missing,missing,missing,missing,missing,Pcal,MexicoRoots and Tubers
4559,0.716742,1.25808,1.27991,1.38645,1.43158,,,,-0.0010908149030041184,-0.0021320488698071917,-0.003092521727191172,-0.002848290903336142,-0.0028200255134530373,SSP1,Upper CI,Mexico,missing,Roots and Tubers,RootTuber,missing,missing,missing,missing,missing,missing,missing,Pcal,MexicoRoots and Tubers
4578,2.3984,3.11807,11.8654,17.1457,18.596,,,,-0.01754770597432217,-0.01519184966280339,-0.013300867769334177,-0.014258094424080589,-0.011456802146643297,SSP1,Lower CI,Mexico,missing,Sugar Crops,SugarCrop,missing,missing,missing,missing,missing,missing,missing,Pcal,MexicoSugar Crops
4579,2.3984,3.11807,11.8654,17.1457,18.596,,,,-0.013400000000000745,-0.011199999999998766,-0.010399999999997078,-0.007500000000000284,-0.005300000000001859,SSP1,Median,Mexico,missing,Sugar Crops,SugarCrop,missing,missing,missing,missing,missing,missing,missing,Pcal,MexicoSugar Crops
4580,2.3984,3.11807,11.8654,17.1457,18.596,,,,-0.009338008311394424,-0.0070881503371953685,-0.009078079599082963,-0.005352431891707685,-0.003395829432304609,SSP1,Upper CI,Mexico,missing,Sugar Crops,SugarCrop,missing,missing,missing,missing,missing,missing,missing,Pcal,MexicoSugar Crops
4599,12.3673,13.338,11.9938,10.6462,11.0214,,,,-0.02227826599685487,-0.06060781351425753,-0.010142507549303558,-0.010632132938872661,-0.010646549618366839,SSP1,Lower CI,Mexico,missing,Wheat,Wheat,missing,missing,missing,missing,missing,missing,missing,Pcal,MexicoWheat
4600,12.3673,13.338,11.9938,10.6462,11.0214,,,,-0.00820000000000043,-0.008599999999999497,-0.0036000000000004917,-0.008000000000000895,-0.009199999999999875,SSP1,Median,Mexico,missing,Wheat,Wheat,missing,missing,missing,missing,missing,missing,missing,Pcal,MexicoWheat
4601,12.3673,13.338,11.9938,10.6462,11.0214,,,,0.005106837425427238,0.07023448018092568,0.006637244391408202,-0.004167867061128748,-0.00810081880268623,SSP1,Upper CI,Mexico,missing,Wheat,Wheat,missing,missing,missing,missing,missing,missing,missing,Pcal,MexicoWheat
4620,2.90675,4.89846,6.0141,7.0091,7.50681,,,,0.04578662079540816,0.0015518836047597392,0.02512280585233006,0.04315007297711217,0.04724938879999601,SSP1,Lower CI,Middle East,missing,Corn,Corn,missing,missing,missing,missing,missing,missing,missing,Pcal,Middle EastCorn
4621,2.90675,4.89846,6.0141,7.0091,7.50681,,,,0.05030000000000001,0.04695999999999856,0.044470000000000454,0.047860000000000014,0.04847000000000001,SSP1,Median,Middle East,missing,Corn,Corn,missing,missing,missing,missing,missing,missing,missing,Pcal,Middle EastCorn
4622,2.90675,4.89846,6.0141,7.0091,7.50681,,,,0.05950195063316393,0.0829201163952393,0.05163719414766992,0.04934361123341478,0.05003692698947843,SSP1,Upper CI,Middle East,missing,Corn,Corn,missing,missing,missing,missing,missing,missing,missing,Pcal,Middle EastCorn
4641,10.86095,17.47081,18.63665,19.32785,22.18724,,,,-0.005207013016549452,-0.11276569023143462,-0.03888869562576769,-0.01957174032049456,-0.006686568094633809,SSP1,Lower CI,Middle East,missingmissing,Fruits and Vegetables,FruitsVegetables,missingmissing,missingmissing,missingmissing,missingmissing,missingmissing,missingmissing,missingmissing,Pcal,Middle EastFruits and Vegetables
4642,10.86095,17.47081,18.63665,19.32785,22.18724,,,,-0.0005000000000006111,-0.013999999999999346,-0.015900000000000247,-0.00990000000000002,-0.0005000000000006111,SSP1,Median,Middle East,missingmissing,Fruits and Vegetables,FruitsVegetables,missingmissing,missingmissing,missingmissing,missingmissing,missingmissing,missingmissing,missingmissing,Pcal,Middle EastFruits and Vegetables
4643,10.86095,17.47081,18.63665,19.32785,22.18724,,,,0.010778441587975696,0.038432356898100206,-0.011016567532127038,0.0007085824257577374,0.007118147042001037,SSP1,Upper CI,Middle East,missingmissing,Fruits and Vegetables,FruitsVegetables,missingmissing,missingmissing,missingmissing,missingmissing,missingmissing,missingmissing,missingmissing,Pcal,Middle EastFruits and Vegetables
4662,1.40381,2.40592,2.07452,2.38036,2.73631,,,,-7.066411527057088e-05,-0.011749639177151145,-0.002838068277108174,-0.0006706964496980378,0.0006539088100232781,SSP1,Lower CI,Middle East,missing,Other Crops,MiscCrop,missing,missing,missing,missing,missing,missing,missing,Pcal,Middle EastOther Crops
4663,1.40381,2.40592,2.07452,2.38036,2.73631,,,,0.0008299999999996643,-0.0002699999999995484,-0.0003799999999998249,0.00038999999999944635,0.0013299999999993872,SSP1,Median,Middle East,missing,Other Crops,MiscCrop,missing,missing,missing,missing,missing,missing,missing,Pcal,Middle EastOther Crops
4664,1.40381,2.40592,2.07452,2.38036,2.73631,,,,0.0015392355438419772,0.005609639177151718,0.00021596301394988335,0.0015043806602239253,0.002120828032081745,SSP1,Upper CI,Middle East,missing,Other Crops,MiscCrop,missing,missing,missing,missing,missing,missing,missing,Pcal,Middle EastOther Crops
4683,10.05876,13.70853,23.372802,30.624964,34.975785,,,,-0.09448718723719923,-0.07267725220867688,0.09540274894195798,0.10700505308516806,0.09841108696126437,SSP1,Lower CI,Middle East,missingmissingmissingmissing,Plant Oils,FiberCropOilCropOilPalmSoybean,missingmissingmissingmissing,missingmissingmissingmissing,missingmissingmissingmissing,missingmissingmissingmissing,missingmissingmissingmissing,missingmissingmissingmissing,missingmissingmissingmissing,Pcal,Middle EastPlant Oils
4684,10.05876,13.70853,23.372802,30.624964,34.975785,,,,-0.06298300000000479,0.05076800000000026,0.138293000000001,0.1261769999999992,0.11068099999999825,SSP1,Median,Middle East,missingmissingmissingmissing,Plant Oils,FiberCropOilCropOilPalmSoybean,missingmissingmissingmissing,missingmissingmissingmissing,missingmissingmissingmissing,missingmissingmissingmissing,missingmissingmissingmissing,missingmissingmissingmissing,missingmissingmissingmissing,Pcal,Middle EastPlant Oils
4685,10.05876,13.70853,23.372802,30.624964,34.975785,,,,-0.023707955619949365,0.11251738554200877,0.17261493526857197,0.15719515744114587,0.1286951235650473,SSP1,Upper CI,Middle East,missingmissingmissingmissing,Plant Oils,FiberCropOilCropOilPalmSoybean,missingmissingmissingmissing,missingmissingmissingmissing,missingmissingmissingmissing,missingmissingmissingmissing,missingmissingmissingmissing,missingmissingmissingmissing,missingmissingmissingmissing,Pcal,Middle EastPlant Oils
4704,4.31793,3.98156,3.17702,2.81215,3.02389,,,,0.012828035893344376,-0.0032182801872925465,0.012757760817977769,0.01979278007734199,0.022162428261840582,SSP1,Lower CI,Middle East,missing,Other Grains,OtherGrain,missing,missing,missing,missing,missing,missing,missing,Pcal,Middle EastOther Grains
4705,4.31793,3.98156,3.17702,2.81215,3.02389,,,,0.018939999999999735,0.019810000000000105,0.02165000000000017,0.022050000000000125,0.02259000000000011,SSP1,Median,Middle East,missing,Other Grains,OtherGrain,missing,missing,missing,missing,missing,missing,missing,Pcal,Middle EastOther Grains
4706,4.31793,3.98156,3.17702,2.81215,3.02389,,,,0.02024624982094105,0.05157428018729243,0.022835923392548606,0.022655640975289583,0.023042834896054167,SSP1,Upper CI,Middle East,missing,Other Grains,OtherGrain,missing,missing,missing,missing,missing,missing,missing,Pcal,Middle EastOther Grains
4725,20.5056066,34.266493,37.894034,41.035092999999996,47.150881,,,,-0.005266021192170546,-0.008663755504712562,-0.050945894052625576,-0.06253420406844239,-0.06071619109368477,SSP1,Lower CI,Middle East,missingmissingmissingmissingmissingmissingmissingmissing,Protein,BeefDairyOtherMeat_FishPorkPoultrySheepGoatLegumesNutsSeeds,missingmissingmissingmissingmissingmissingmissingmissing,missingmissingmissingmissingmissingmissingmissingmissing,missingmissingmissingmissingmissingmissingmissingmissing,missingmissingmissingmissingmissingmissingmissingmissing,missingmissingmissingmissingmissingmissingmissingmissing,missingmissingmissingmissingmissingmissingmissingmissing,missingmissingmissingmissingmissingmissingmissingmissing,Pcal,Middle EastProtein
4726,20.5056066,34.266493,37.894034,41.035092999999996,47.150881,,,,0.019633000000004563,0.010838000000000264,-0.01618900000000112,-0.03598499999999502,-0.03652399999999856,SSP1,Median,Middle East,missingmissingmissingmissingmissingmissingmissingmissing,Protein,BeefDairyOtherMeat_FishPorkPoultrySheepGoatLegumesNutsSeeds,missingmissingmissingmissingmissingmissingmissingmissing,missingmissingmissingmissingmissingmissingmissingmissing,missingmissingmissingmissingmissingmissingmissingmissing,missingmissingmissingmissingmissingmissingmissingmissing,missingmissingmissingmissingmissingmissingmissingmissing,missingmissingmissingmissingmissingmissingmissingmissing,missingmissingmissingmissingmissingmissingmissingmissing,Pcal,Middle EastProtein
4727,20.5056066,34.266493,37.894034,41.035092999999996,47.150881,,,,0.0716671640493175,0.0578178888380471,0.00026347299998678506,-0.017002427510503206,-0.01523865101157687,SSP1,Upper CI,Middle East,missingmissingmissingmissingmissingmissingmissingmissing,Protein,BeefDairyOtherMeat_FishPorkPoultrySheepGoatLegumesNutsSeeds,missingmissingmissingmissingmissingmissingmissingmissing,missingmissingmissingmissingmissingmissingmissingmissing,missingmissingmissingmissingmissingmissingmissingmissing,missingmissingmissingmissingmissingmissingmissingmissing,missingmissingmissingmissingmissingmissingmissingmissing,missingmissingmissingmissingmissingmissingmissingmissing,missingmissingmissingmissingmissingmissingmissingmissing,Pcal,Middle EastProtein
4746,13.0444,20.1268,22.0762,23.5875,25.2773,,,,-0.5825850864131397,-0.7579291263904904,-0.6297062262203761,-0.5318808346096269,-0.5263879270676715,SSP1,Lower CI,Middle East,missing,Rice,Rice,missing,missing,missing,missing,missing,missing,missing,Pcal,Middle EastRice
4747,13.0444,20.1268,22.0762,23.5875,25.2773,,,,-0.5238000000000014,-0.5271000000000008,-0.5339000000000027,-0.5256000000000043,-0.5174000000000021,SSP1,Median,Middle East,missing,Rice,Rice,missing,missing,missing,missing,missing,missing,missing,Pcal,Middle EastRice
4748,13.0444,20.1268,22.0762,23.5875,25.2773,,,,-0.47715777072971943,-0.1252175402761767,-0.3282832474638392,-0.5173717969693254,-0.5124752308270668,SSP1,Upper CI,Middle East,missing,Rice,Rice,missing,missing,missing,missing,missing,missing,missing,Pcal,Middle EastRice
4767,2.27032,4.60364,4.80708,5.32677,5.71384,,,,0.014260922522806427,-0.04702142693848313,0.002249964284852619,0.016549095624529303,0.019195142279278845,SSP1,Lower CI,Middle East,missing,Roots and Tubers,RootTuber,missing,missing,missing,missing,missing,missing,missing,Pcal,Middle EastRoots and Tubers
4768,2.27032,4.60364,4.80708,5.32677,5.71384,,,,0.02012000000000036,0.012109999999999843,0.016180000000000305,0.020679999999999588,0.021560000000000024,SSP1,Median,Middle East,missing,Roots and Tubers,RootTuber,missing,missing,missing,missing,missing,missing,missing,Pcal,Middle EastRoots and Tubers
4769,2.27032,4.60364,4.80708,5.32677,5.71384,,,,0.032607648905764994,0.04053876027181663,0.023143719925674294,0.0237172201649442,0.02403012087861588,SSP1,Upper CI,Middle East,missing,Roots and Tubers,RootTuber,missing,missing,missing,missing,missing,missing,missing,Pcal,Middle EastRoots and Tubers
4788,1.84857,2.72484,15.1954,24.1641,27.4927,,,,-0.0008590107421016721,-0.1464762945763871,-0.04257277789852219,-0.03959547641536729,-0.028509313626371453,SSP1,Lower CI,Middle East,missing,Sugar Crops,SugarCrop,missing,missing,missing,missing,missing,missing,missing,Pcal,Middle EastSugar Crops
4789,1.84857,2.72484,15.1954,24.1641,27.4927,,,,0.01470000000000482,-0.010400000000004184,-0.012300000000003308,-0.011599999999994282,-0.00539999999999452,SSP1,Median,Middle East,missing,Sugar Crops,SugarCrop,missing,missing,missing,missing,missing,missing,missing,Pcal,Middle EastSugar Crops
4790,1.84857,2.72484,15.1954,24.1641,27.4927,,,,0.03134472502782307,0.381662961243049,0.06681488316167931,0.010837581678530871,0.01482510310005988,SSP1,Upper CI,Middle East,missing,Sugar Crops,SugarCrop,missing,missing,missing,missing,missing,missing,missing,Pcal,Middle EastSugar Crops
4809,67.6039,91.7187,85.0698,90.745,97.781,,,,0.3716331425037388,0.06778503421759546,0.28322208538100185,0.4284927536969902,0.42145850927927686,SSP1,Lower CI,Middle East,missing,Wheat,Wheat,missing,missing,missing,missing,missing,missing,missing,Pcal,Middle EastWheat
4810,67.6039,91.7187,85.0698,90.745,97.781,,,,0.43200000000000216,0.44599999999999795,0.45700000000000784,0.43499999999998806,0.42799999999999727,SSP1,Median,Middle East,missing,Wheat,Wheat,missing,missing,missing,missing,missing,missing,missing,Pcal,Middle EastWheat
4811,67.6039,91.7187,85.0698,90.745,97.781,,,,0.5029382860676918,0.6943482991157315,0.5425673883032205,0.45055987788194357,0.4370678065102064,SSP1,Upper CI,Middle East,missing,Wheat,Wheat,missing,missing,missing,missing,missing,missing,missing,Pcal,Middle EastWheat
4830,2.60066,6.40405,7.82647,10.7945,11.1375,,,,0.0652678023244949,-0.04033213198682005,-0.1505649516140119,-0.21092000156691104,-0.25960575340651015,SSP1,Lower CI,Pakistan,missing,Corn,Corn,missing,missing,missing,missing,missing,missing,missing,Pcal,PakistanCorn
4831,2.60066,6.40405,7.82647,10.7945,11.1375,,,,0.07349999999999923,-0.032900000000001484,-0.1479999999999997,-0.20629999999999882,-0.2558000000000007,SSP1,Median,Pakistan,missing,Corn,Corn,missing,missing,missing,missing,missing,missing,missing,Pcal,PakistanCorn
4832,2.60066,6.40405,7.82647,10.7945,11.1375,,,,0.08338934053264764,-0.028987868013181345,-0.14384557470177783,-0.20345894580150908,-0.253341615014542,SSP1,Upper CI,Pakistan,missing,Corn,Corn,missing,missing,missing,missing,missing,missing,missing,Pcal,PakistanCorn
4851,2.9301,4.5122,5.29857,5.52344,6.42263,,,,-0.02731066739204558,-0.05654889708037501,-0.07031497100459361,-0.0819392054525244,-0.0958848255776415,SSP1,Lower CI,Pakistan,missingmissing,Fruits and Vegetables,FruitsVegetables,missingmissing,missingmissing,missingmissing,missingmissing,missingmissing,missingmissing,missingmissing,Pcal,PakistanFruits and Vegetables
4852,2.9301,4.5122,5.29857,5.52344,6.42263,,,,-0.02520999999999951,-0.05211000000000077,-0.06783999999999946,-0.08021999999999974,-0.09426999999999897,SSP1,Median,Pakistan,missingmissing,Fruits and Vegetables,FruitsVegetables,missingmissing,missingmissing,missingmissing,missingmissing,missingmissing,missingmissing,missingmissing,Pcal,PakistanFruits and Vegetables
4853,2.9301,4.5122,5.29857,5.52344,6.42263,,,,-0.02454076117938213,-0.04561910291962498,-0.06503239741645875,-0.07760184717905533,-0.09206043758025237,SSP1,Upper CI,Pakistan,missingmissing,Fruits and Vegetables,FruitsVegetables,missingmissing,missingmissing,missingmissing,missingmissing,missingmissing,missingmissing,missingmissing,Pcal,PakistanFruits and Vegetables
4872,0.264744,0.44389,0.500731,0.584762,0.685314,,,,-0.012170724315448874,-0.014515529683371886,-0.01613279660297621,-0.018423457057323706,-0.02103511980384893,SSP1,Lower CI,Pakistan,missing,Other Crops,MiscCrop,missing,missing,missing,missing,missing,missing,missing,Pcal,PakistanOther Crops
4873,0.264744,0.44389,0.500731,0.584762,0.685314,,,,-0.011950000000000127,-0.013840000000000074,-0.015810000000000102,-0.01823000000000019,-0.020869999999999944,SSP1,Median,Pakistan,missing,Other Crops,MiscCrop,missing,missing,missing,missing,missing,missing,missing,Pcal,PakistanOther Crops
4874,0.264744,0.44389,0.500731,0.584762,0.685314,,,,-0.011220704255979855,-0.013021803649961403,-0.015461940239129071,-0.017950227153202845,-0.020666985459308958,SSP1,Upper CI,Pakistan,missing,Other Crops,MiscCrop,missing,missing,missing,missing,missing,missing,missing,Pcal,PakistanOther Crops
4893,5.929816000000001,7.954269,8.755991,6.555255999999999,7.638518,,,,-0.2084441457144532,-0.20999292843072084,-0.21297471373445065,-0.23249750747808864,-0.2532355464438496,SSP1,Lower CI,Pakistan,missingmissingmissingmissing,Plant Oils,FiberCropOilCropOilPalmSoybean,missingmissingmissingmissing,missingmissingmissingmissing,missingmissingmissingmissing,missingmissingmissingmissing,missingmissingmissingmissing,missingmissingmissingmissing,missingmissingmissingmissing,Pcal,PakistanPlant Oils
4894,5.929816000000001,7.954269,8.755991,6.555255999999999,7.638518,,,,-0.2027249999999996,-0.20042999999999972,-0.20428699999999944,-0.22762899999999953,-0.2494650000000016,SSP1,Median,Pakistan,missingmissingmissingmissing,Plant Oils,FiberCropOilCropOilPalmSoybean,missingmissingmissingmissing,missingmissingmissingmissing,missingmissingmissingmissing,missingmissingmissingmissing,missingmissingmissingmissing,missingmissingmissingmissing,missingmissingmissingmissing,Pcal,PakistanPlant Oils
4895,5.929816000000001,7.954269,8.755991,6.555255999999999,7.638518,,,,-0.19948128285697503,-0.1904242715692778,-0.19929475994975882,-0.22442143989033211,-0.24721245355615176,SSP1,Upper CI,Pakistan,missingmissingmissingmissing,Plant Oils,FiberCropOilCropOilPalmSoybean,missingmissingmissingmissing,missingmissingmissingmissing,missingmissingmissingmissing,missingmissingmissingmissing,missingmissingmissingmissing,missingmissingmissingmissing,missingmissingmissingmissing,Pcal,PakistanPlant Oils
4914,1.31262,1.176,1.14222,1.1688,1.20166,,,,-0.017787842375878337,-0.0371807836295215,-0.04905314353755104,-0.05182569242574162,-0.05431614229025765,SSP1,Lower CI,Pakistan,missing,Other Grains,OtherGrain,missing,missing,missing,missing,missing,missing,missing,Pcal,PakistanOther Grains
4915,1.31262,1.176,1.14222,1.1688,1.20166,,,,-0.017129999999999868,-0.036250000000000115,-0.048880000000000035,-0.05164000000000013,-0.054239999999999844,SSP1,Median,Pakistan,missing,Other Grains,OtherGrain,missing,missing,missing,missing,missing,missing,missing,Pcal,PakistanOther Grains
4916,1.31262,1.176,1.14222,1.1688,1.20166,,,,-0.016232157624121415,-0.03540588303714526,-0.048474224883501546,-0.051353254942679595,-0.053915436657110655,SSP1,Upper CI,Pakistan,missing,Other Grains,OtherGrain,missing,missing,missing,missing,missing,missing,missing,Pcal,PakistanOther Grains
4935,16.164886,29.181621,32.619009,41.0894787,47.774234885000006,,,,-0.013527543688370697,-0.06874479343299249,-0.13064542447544986,-0.1759849747487418,-0.210076670392284,SSP1,Lower CI,Pakistan,missingmissingmissingmissingmissingmissingmissingmissing,Protein,BeefDairyOtherMeat_FishPorkPoultrySheepGoatLegumesNutsSeeds,missingmissingmissingmissingmissingmissingmissingmissing,missingmissingmissingmissingmissingmissingmissingmissing,missingmissingmissingmissingmissingmissingmissingmissing,missingmissingmissingmissingmissingmissingmissingmissing,missingmissingmissingmissingmissingmissingmissingmissing,missingmissingmissingmissingmissingmissingmissingmissing,missingmissingmissingmissingmissingmissingmissingmissing,Pcal,PakistanProtein
4936,16.164886,29.181621,32.619009,41.0894787,47.774234885000006,,,,-0.004161682000001499,-0.04678286600000227,-0.11504278199999782,-0.16015299899999447,-0.1962735170000084,SSP1,Median,Pakistan,missingmissingmissingmissingmissingmissingmissingmissing,Protein,BeefDairyOtherMeat_FishPorkPoultrySheepGoatLegumesNutsSeeds,missingmissingmissingmissingmissingmissingmissingmissing,missingmissingmissingmissingmissingmissingmissingmissing,missingmissingmissingmissingmissingmissingmissingmissing,missingmissingmissingmissingmissingmissingmissingmissing,missingmissingmissingmissingmissingmissingmissingmissing,missingmissingmissingmissingmissingmissingmissingmissing,missingmissingmissingmissingmissingmissingmissingmissing,Pcal,PakistanProtein
4937,16.164886,29.181621,32.619009,41.0894787,47.774234885000006,,,,0.010042598259799564,-0.01519547683367382,-0.08806852099822769,-0.14348219704072246,-0.1751660581340288,SSP1,Upper CI,Pakistan,missingmissingmissingmissingmissingmissingmissingmissing,Protein,BeefDairyOtherMeat_FishPorkPoultrySheepGoatLegumesNutsSeeds,missingmissingmissingmissingmissingmissingmissingmissing,missingmissingmissingmissingmissingmissingmissingmissing,missingmissingmissingmissingmissingmissingmissingmissing,missingmissingmissingmissingmissingmissingmissingmissing,missingmissingmissingmissingmissingmissingmissingmissing,missingmissingmissingmissingmissingmissingmissingmissing,missingmissingmissingmissingmissingmissingmissingmissing,Pcal,PakistanProtein
4956,7.19506,8.6524,9.61642,9.91597,10.403,,,,-0.18019929890148562,-0.15626437308427876,-0.14003413995706862,-0.12505185230474192,-0.11275755753065503,SSP1,Lower CI,Pakistan,missing,Rice,Rice,missing,missing,missing,missing,missing,missing,missing,Pcal,PakistanRice
4957,7.19506,8.6524,9.61642,9.91597,10.403,,,,-0.16900000000000048,-0.15310000000000024,-0.1374000000000013,-0.12459999999999916,-0.1120000000000001,SSP1,Median,Pakistan,missing,Rice,Rice,missing,missing,missing,missing,missing,missing,missing,Pcal,PakistanRice
4958,7.19506,8.6524,9.61642,9.91597,10.403,,,,-0.16531498681280082,-0.13526896024905583,-0.13012375477977436,-0.12262183190578346,-0.11070560036408178,SSP1,Upper CI,Pakistan,missing,Rice,Rice,missing,missing,missing,missing,missing,missing,missing,Pcal,PakistanRice
4977,0.635803,1.49022,1.99413,2.30218,2.43185,,,,-0.031350418057111126,-0.040647049914194995,-0.045079245131898406,-0.04863487933688051,-0.05288576617243041,SSP1,Lower CI,Pakistan,missing,Roots and Tubers,RootTuber,missing,missing,missing,missing,missing,missing,missing,Pcal,PakistanRoots and Tubers
4978,0.635803,1.49022,1.99413,2.30218,2.43185,,,,-0.027739999999999654,-0.03801000000000032,-0.044319999999999915,-0.04809999999999981,-0.05229999999999979,SSP1,Median,Pakistan,missing,Roots and Tubers,RootTuber,missing,missing,missing,missing,missing,missing,missing,Pcal,PakistanRoots and Tubers
4979,0.635803,1.49022,1.99413,2.30218,2.43185,,,,-0.024781010514316967,-0.03259428341913872,-0.04191128118389117,-0.046414594347329856,-0.051261602248622105,SSP1,Upper CI,Pakistan,missing,Roots and Tubers,RootTuber,missing,missing,missing,missing,missing,missing,missing,Pcal,PakistanRoots and Tubers
4998,3.4372,5.54205,12.6145,17.8634,20.4936,,,,0.7463557227939952,0.9059124949884385,1.1015635935257215,1.2959733320636326,1.4949257534604437,SSP1,Lower CI,Pakistan,missing,Sugar Crops,SugarCrop,missing,missing,missing,missing,missing,missing,missing,Pcal,PakistanSugar Crops
4999,3.4372,5.54205,12.6145,17.8634,20.4936,,,,0.7904000000000053,0.9421000000000035,1.1128,1.3093000000000004,1.505899999999997,SSP1,Median,Pakistan,missing,Sugar Crops,SugarCrop,missing,missing,missing,missing,missing,missing,missing,Pcal,PakistanSugar Crops
5000,3.4372,5.54205,12.6145,17.8634,20.4936,,,,0.8037585629202997,0.9702475050115669,1.1237311433163892,1.311995088988994,1.508063720223765,SSP1,Upper CI,Pakistan,missing,Sugar Crops,SugarCrop,missing,missing,missing,missing,missing,missing,missing,Pcal,PakistanSugar Crops
5019,46.9115,62.5479,65.2253,66.5185,70.4775,,,,0.13999921731261789,0.2541377426349606,0.3835962150596399,0.4430701534732018,0.4893027054891499,SSP1,Lower CI,Pakistan,missing,Wheat,Wheat,missing,missing,missing,missing,missing,missing,missing,Pcal,PakistanWheat
5020,46.9115,62.5479,65.2253,66.5185,70.4775,,,,0.14759999999999707,0.2698000000000036,0.38930000000000575,0.4451999999999998,0.49080000000000723,SSP1,Median,Pakistan,missing,Wheat,Wheat,missing,missing,missing,missing,missing,missing,missing,Pcal,PakistanWheat
5021,46.9115,62.5479,65.2253,66.5185,70.4775,,,,0.16685792554451628,0.2766755906983762,0.3925616796772059,0.44749826757943356,0.493497294510864,SSP1,Upper CI,Pakistan,missing,Wheat,Wheat,missing,missing,missing,missing,missing,missing,missing,Pcal,PakistanWheat
5040,0.0935919,0.407914,0.356664,0.23938,0.234051,,,,0.0005226999643831471,0.00023667994666339394,0.000296508102263013,0.0003766475678488928,0.0003742857624625778,SSP1,Lower CI,Russia,missing,Corn,Corn,missing,missing,missing,missing,missing,missing,missing,Pcal,RussiaCorn
5041,0.0935919,0.407914,0.356664,0.23938,0.234051,,,,0.0006010000000000182,0.0004820000000000102,0.0003979999999999817,0.0004149999999999987,0.00039200000000000346,SSP1,Median,Russia,missing,Corn,Corn,missing,missing,missing,missing,missing,missing,missing,Pcal,RussiaCorn
5042,0.0935919,0.407914,0.356664,0.23938,0.234051,,,,0.0008687286070454439,0.0009794533866699566,0.0005350708451053836,0.0004660892742563746,0.00043308265859007234,SSP1,Upper CI,Russia,missing,Corn,Corn,missing,missing,missing,missing,missing,missing,missing,Pcal,RussiaCorn
5061,5.40784,6.94702,8.08358,8.1967,8.65399,,,,-0.005503859373698387,-0.010137035726059035,-0.007628700991764354,-0.005965657383674158,-0.005092759497587485,SSP1,Lower CI,Russia,missingmissing,Fruits and Vegetables,FruitsVegetables,missingmissing,missingmissing,missingmissing,missingmissing,missingmissing,missingmissing,missingmissing,Pcal,RussiaFruits and Vegetables
5062,5.40784,6.94702,8.08358,8.1967,8.65399,,,,-0.003000000000001002,-0.004490000000000549,-0.0043400000000000105,-0.004229999999999734,-0.004089999999998817,SSP1,Median,Russia,missingmissing,Fruits and Vegetables,FruitsVegetables,missingmissing,missingmissing,missingmissing,missingmissing,missingmissing,missingmissing,missingmissing,Pcal,RussiaFruits and Vegetables
5063,5.40784,6.94702,8.08358,8.1967,8.65399,,,,0.0010467165165544984,0.00231703572605926,-0.002697614797709945,-0.0027175005110622132,-0.0031619773445167895,SSP1,Upper CI,Russia,missingmissing,Fruits and Vegetables,FruitsVegetables,missingmissing,missingmissing,missingmissing,missingmissing,missingmissing,missingmissing,missingmissing,Pcal,RussiaFruits and Vegetables
5082,1.66495,1.24838,0.99949,0.91583,0.96919,,,,-0.0003166338901273715,-0.0005674295966424496,-0.0003258671116269704,-0.00012276212132174952,-1.8462401791717953e-05,SSP1,Lower CI,Russia,missing,Other Crops,MiscCrop,missing,missing,missing,missing,missing,missing,missing,Pcal,RussiaOther Crops
5083,1.66495,1.24838,0.99949,0.91583,0.96919,,,,-0.000180000000000069,-0.00010999999999983245,9.999999999843467e-06,7.999999999985796e-05,9.999999999998899e-05,SSP1,Median,Russia,missing,Other Crops,MiscCrop,missing,missing,missing,missing,missing,missing,missing,Pcal,RussiaOther Crops
5084,1.66495,1.24838,0.99949,0.91583,0.96919,,,,0.00020234817584166985,0.000564762929975884,0.00018902500636359384,0.00021434106869006937,0.00017319924389708327,SSP1,Upper CI,Russia,missing,Other Crops,MiscCrop,missing,missing,missing,missing,missing,missing,missing,Pcal,RussiaOther Crops
5103,9.0244,11.886389000000001,13.340734,15.477225,16.315765,,,,0.012219511810456492,0.0025209164977054513,0.02576408791696637,0.025976102139328064,0.028281120727902998,SSP1,Lower CI,Russia,missingmissing,Plant Oils,OilCropSoybean,missingmissing,missingmissing,missingmissing,missingmissing,missingmissing,missingmissing,missingmissing,Pcal,RussiaPlant Oils
5104,9.0244,11.886389000000001,13.340734,15.477225,16.315765,,,,0.032900000000000595,0.04296000000000011,0.041030000000000566,0.03542999999999985,0.03411000000000053,SSP1,Median,Russia,missingmissing,Plant Oils,OilCropSoybean,missingmissing,missingmissing,missingmissing,missingmissing,missingmissing,missingmissing,missingmissing,Pcal,RussiaPlant Oils
5105,9.0244,11.886389000000001,13.340734,15.477225,16.315765,,,,0.04630620247526107,0.054036416835630104,0.062303280504089426,0.05060389786067118,0.04306624769315141,SSP1,Upper CI,Russia,missingmissing,Plant Oils,OilCropSoybean,missingmissing,missingmissing,missingmissing,missingmissing,missingmissing,missingmissing,missingmissing,Pcal,RussiaPlant Oils
5124,6.99184,5.25358,7.72895,7.87529,7.75651,,,,0.02744333457311836,0.01656512972152992,0.017673215558734665,0.020814259596341575,0.02115345829755633,SSP1,Lower CI,Russia,missing,Other Grains,OtherGrain,missing,missing,missing,missing,missing,missing,missing,Pcal,RussiaOther Grains
5125,6.99184,5.25358,7.72895,7.87529,7.75651,,,,0.029939999999999856,0.02256999999999998,0.0213599999999996,0.02230000000000043,0.021539999999999893,SSP1,Median,Russia,missing,Other Grains,OtherGrain,missing,missing,missing,missing,missing,missing,missing,Pcal,RussiaOther Grains
5126,6.99184,5.25358,7.72895,7.87529,7.75651,,,,0.03729380828402481,0.03709220361180399,0.024718363388633143,0.023104687772079947,0.021919173281391664,SSP1,Upper CI,Russia,missing,Other Grains,OtherGrain,missing,missing,missing,missing,missing,missing,missing,Pcal,RussiaOther Grains
5145,52.601295,42.244625,45.954465,45.630455000000005,48.2348,,,,-0.005230165605865728,-0.00945041528172769,-0.015248146257402975,-0.0100642672911886,-0.007014292663339472,SSP1,Lower CI,Russia,missingmissingmissingmissingmissingmissingmissingmissing,Protein,BeefDairyOtherMeat_FishPorkPoultrySheepGoatLegumesNutsSeeds,missingmissingmissingmissingmissingmissingmissingmissing,missingmissingmissingmissingmissingmissingmissingmissing,missingmissingmissingmissingmissingmissingmissingmissing,missingmissingmissingmissingmissingmissingmissingmissing,missingmissingmissingmissingmissingmissingmissingmissing,missingmissingmissingmissingmissingmissingmissingmissing,missingmissingmissingmissingmissingmissingmissingmissing,Pcal,RussiaProtein
5146,52.601295,42.244625,45.954465,45.630455000000005,48.2348,,,,0.003722000000000336,-0.0033900000000027797,-0.0032880000000000686,-0.002299999999996527,-0.0023779999999974932,SSP1,Median,Russia,missingmissingmissingmissingmissingmissingmissingmissing,Protein,BeefDairyOtherMeat_FishPorkPoultrySheepGoatLegumesNutsSeeds,missingmissingmissingmissingmissingmissingmissingmissing,missingmissingmissingmissingmissingmissingmissingmissing,missingmissingmissingmissingmissingmissingmissingmissing,missingmissingmissingmissingmissingmissingmissingmissing,missingmissingmissingmissingmissingmissingmissingmissing,missingmissingmissingmissingmissingmissingmissingmissing,missingmissingmissingmissingmissingmissingmissingmissing,Pcal,RussiaProtein
5147,52.601295,42.244625,45.954465,45.630455000000005,48.2348,,,,0.008576165605866482,0.0068717486150578,0.006934777836349913,0.004533530449086359,0.002937555821239087,SSP1,Upper CI,Russia,missingmissingmissingmissingmissingmissingmissingmissing,Protein,BeefDairyOtherMeat_FishPorkPoultrySheepGoatLegumesNutsSeeds,missingmissingmissingmissingmissingmissingmissingmissing,missingmissingmissingmissingmissingmissingmissingmissing,missingmissingmissingmissingmissingmissingmissingmissing,missingmissingmissingmissingmissingmissingmissingmissing,missingmissingmissingmissingmissingmissingmissingmissing,missingmissingmissingmissingmissingmissingmissingmissing,missingmissingmissingmissingmissingmissingmissingmissing,Pcal,RussiaProtein
5166,3.24562,2.6492,2.33341,2.65938,2.60454,,,,-0.2164117320126633,-0.2216861654802589,-0.20691441668525704,-0.197862480009677,-0.1939768504397576,SSP1,Lower CI,Russia,missing,Rice,Rice,missing,missing,missing,missing,missing,missing,missing,Pcal,RussiaRice
5167,3.24562,2.6492,2.33341,2.65938,2.60454,,,,-0.21472999999999987,-0.20798000000000005,-0.20174000000000003,-0.19754000000000005,-0.19358999999999993,SSP1,Median,Russia,missing,Rice,Rice,missing,missing,missing,missing,missing,missing,missing,Pcal,RussiaRice
5168,3.24562,2.6492,2.33341,2.65938,2.60454,,,,-0.21166826798733665,-0.16840716785307466,-0.188087688577901,-0.19712173051663923,-0.19337262324445298,SSP1,Upper CI,Russia,missing,Rice,Rice,missing,missing,missing,missing,missing,missing,missing,Pcal,RussiaRice
5187,10.702,8.18397,10.6084,10.1502,9.94148,,,,0.02703457834922031,0.0073781551317222485,0.01042705811321642,0.015093061452836436,0.01561180154219369,SSP1,Lower CI,Russia,missing,Roots and Tubers,RootTuber,missing,missing,missing,missing,missing,missing,missing,Pcal,RussiaRoots and Tubers
5188,10.702,8.18397,10.6084,10.1502,9.94148,,,,0.037520000000000664,0.019840000000000302,0.016469999999999985,0.018670000000000186,0.018039999999999168,SSP1,Median,Russia,missing,Roots and Tubers,RootTuber,missing,missing,missing,missing,missing,missing,missing,Pcal,RussiaRoots and Tubers
5189,10.702,8.18397,10.6084,10.1502,9.94148,,,,0.047456850222208025,0.04871384486827923,0.02393504714993959,0.0220511490734791,0.020453461615700875,SSP1,Upper CI,Russia,missing,Roots and Tubers,RootTuber,missing,missing,missing,missing,missing,missing,missing,Pcal,RussiaRoots and Tubers
5208,4.46874,4.40501,15.0507,19.46,20.5384,,,,-0.04024161713906212,-0.049470280049082285,-0.02997173583453044,-0.02784981352821927,-0.0259758598831908,SSP1,Lower CI,Russia,missing,Sugar Crops,SugarCrop,missing,missing,missing,missing,missing,missing,missing,Pcal,RussiaSugar Crops
5209,4.46874,4.40501,15.0507,19.46,20.5384,,,,-0.031800000000000495,-0.02850000000000108,-0.024399999999999977,-0.02289999999999992,-0.022100000000001785,SSP1,Median,Russia,missing,Sugar Crops,SugarCrop,missing,missing,missing,missing,missing,missing,missing,Pcal,RussiaSugar Crops
5210,4.46874,4.40501,15.0507,19.46,20.5384,,,,-0.023501240003795672,0.01503028004907966,-0.01878615890231396,-0.020150186471779182,-0.019771508537863667,SSP1,Upper CI,Russia,missing,Sugar Crops,SugarCrop,missing,missing,missing,missing,missing,missing,missing,Pcal,RussiaSugar Crops
5229,68.6863,65.4469,58.6393,58.3196,57.368,,,,0.12737554496663922,0.1088700623265167,0.14681152101539904,0.15221120708597327,0.15128891483442208,SSP1,Lower CI,Russia,missing,Wheat,Wheat,missing,missing,missing,missing,missing,missing,missing,Pcal,RussiaWheat
5230,68.6863,65.4469,58.6393,58.3196,57.368,,,,0.14450000000000074,0.16149999999999665,0.16399999999999437,0.15630000000000166,0.15370000000000061,SSP1,Median,Russia,missing,Wheat,Wheat,missing,missing,missing,missing,missing,missing,missing,Pcal,RussiaWheat
5231,68.6863,65.4469,58.6393,58.3196,57.368,,,,0.16022445503336452,0.17082327100681705,0.17147268951090908,0.1614624771245539,0.15662687463925729,SSP1,Upper CI,Russia,missing,Wheat,Wheat,missing,missing,missing,missing,missing,missing,missing,Pcal,RussiaWheat
5250,14.6218,19.149,16.8578,17.4371,17.975,,,,0.03751461106049331,-0.027016344210435216,0.015504927956043864,0.031810900923298926,0.03303328100167516,SSP1,Lower CI,South Africa,missing,Corn,Corn,missing,missing,missing,missing,missing,missing,missing,Pcal,South AfricaCorn
5251,14.6218,19.149,16.8578,17.4371,17.975,,,,0.050799999999998846,0.034499999999997755,0.03129999999999811,0.03539999999999921,0.034199999999998454,SSP1,Median,South Africa,missing,Corn,Corn,missing,missing,missing,missing,missing,missing,missing,Pcal,South AfricaCorn
5252,14.6218,19.149,16.8578,17.4371,17.975,,,,0.05814253179664891,0.059869677543766354,0.03892665099132148,0.03752594118196419,0.035703561103587494,SSP1,Upper CI,South Africa,missing,Corn,Corn,missing,missing,missing,missing,missing,missing,missing,Pcal,South AfricaCorn
5271,0.995778,1.2084380000000001,1.412903,1.456984,1.6379160000000001,,,,0.0003665771605512788,-0.0037104261395111224,-0.0005205066611811022,-0.0002424880009786898,-0.00021131408508101986,SSP1,Lower CI,South Africa,missingmissing,Fruits and Vegetables,FruitsVegetables,missingmissing,missingmissing,missingmissing,missingmissing,missingmissing,missingmissing,missingmissing,Pcal,South AfricaFruits and Vegetables
5272,0.995778,1.2084380000000001,1.412903,1.456984,1.6379160000000001,,,,0.0007200000000000539,-0.00015999999999993797,7.00000000000145e-05,7.00000000000145e-05,-5.999999999994898e-05,SSP1,Median,South Africa,missingmissing,Fruits and Vegetables,FruitsVegetables,missingmissing,missingmissing,missingmissing,missingmissing,missingmissing,missingmissing,missingmissing,Pcal,South AfricaFruits and Vegetables
5273,0.995778,1.2084380000000001,1.412903,1.456984,1.6379160000000001,,,,0.0012819942680203553,0.001850426139511253,0.000744717187497075,0.0007761722115049258,0.0005218404008706815,SSP1,Upper CI,South Africa,missingmissing,Fruits and Vegetables,FruitsVegetables,missingmissing,missingmissing,missingmissing,missingmissing,missingmissing,missingmissing,missingmissing,Pcal,South AfricaFruits and Vegetables
5292,0.096298,0.151373,0.17594,0.165534,0.18641,,,,-0.00022930084095292691,-0.0006218733459967731,-0.0002876561534796162,-0.00025188242287375314,-0.0002382324165160262,SSP1,Lower CI,South Africa,missing,Other Crops,MiscCrop,missing,missing,missing,missing,missing,missing,missing,Pcal,South AfricaOther Crops
5293,0.096298,0.151373,0.17594,0.165534,0.18641,,,,-0.00020300000000000873,-0.0002570000000000072,-0.00022800000000000598,-0.00021599999999999397,-0.00021599999999999397,SSP1,Median,South Africa,missing,Other Crops,MiscCrop,missing,missing,missing,missing,missing,missing,missing,Pcal,South AfricaOther Crops
5294,0.096298,0.151373,0.17594,0.165534,0.18641,,,,-0.0001444134447613519,-7.852665400319826e-05,-0.00015518595178355514,-0.00015359126133678719,-0.00018313600453657975,SSP1,Upper CI,South Africa,missing,Other Crops,MiscCrop,missing,missing,missing,missing,missing,missing,missing,Pcal,South AfricaOther Crops
5313,2.108734,4.5899513,6.274310900000001,6.8699335999999995,7.7412339,,,,0.009124662782293482,0.00963258853475828,0.02385026499684635,0.02568217714129056,0.02925555602097466,SSP1,Lower CI,South Africa,missingmissingmissingmissing,Plant Oils,FiberCropOilCropOilPalmSoybean,missingmissingmissingmissing,missingmissingmissingmissing,missingmissingmissingmissing,missingmissingmissingmissing,missingmissingmissingmissing,missingmissingmissingmissing,missingmissingmissingmissing,Pcal,South AfricaPlant Oils
5314,2.108734,4.5899513,6.274310900000001,6.8699335999999995,7.7412339,,,,0.016360699999999888,0.028022400000000506,0.03198950000000077,0.03267779999999983,0.03334529999999972,SSP1,Median,South Africa,missingmissingmissingmissing,Plant Oils,FiberCropOilCropOilPalmSoybean,missingmissingmissingmissing,missingmissingmissingmissing,missingmissingmissingmissing,missingmissingmissingmissing,missingmissingmissingmissing,missingmissingmissingmissing,missingmissingmissingmissing,Pcal,South AfricaPlant Oils
5315,2.108734,4.5899513,6.274310900000001,6.8699335999999995,7.7412339,,,,0.023856965789134817,0.05438535813190899,0.040431766582101986,0.03799452812186721,0.03678587555797213,SSP1,Upper CI,South Africa,missingmissingmissingmissing,Plant Oils,FiberCropOilCropOilPalmSoybean,missingmissingmissingmissing,missingmissingmissingmissing,missingmissingmissingmissing,missingmissingmissingmissing,missingmissingmissingmissing,missingmissingmissingmissing,missingmissingmissingmissing,Pcal,South AfricaPlant Oils
5334,0.314581,0.520514,1.31535,2.04909,2.11839,,,,0.009487450850903715,-0.002052262808829336,0.012308074764402755,0.011366037982404223,0.012974465865915986,SSP1,Lower CI,South Africa,missing,Other Grains,OtherGrain,missing,missing,missing,missing,missing,missing,missing,Pcal,South AfricaOther Grains
5335,0.314581,0.520514,1.31535,2.04909,2.11839,,,,0.01307999999999998,0.013869999999999827,0.014069999999999805,0.013840000000000074,0.013669999999999849,SSP1,Median,South Africa,missing,Other Grains,OtherGrain,missing,missing,missing,missing,missing,missing,missing,Pcal,South AfricaOther Grains
5336,0.314581,0.520514,1.31535,2.04909,2.11839,,,,0.01461540629195336,0.04274826280882902,0.01563192523559704,0.014527646228122224,0.013997113081452479,SSP1,Upper CI,South Africa,missing,Other Grains,OtherGrain,missing,missing,missing,missing,missing,missing,missing,Pcal,South AfricaOther Grains
5355,5.811165,8.132385,8.867482,9.780073999999999,10.988882,,,,0.009589009947698601,-0.006790276103803511,0.0014666163154542266,0.0008227248415982125,0.0006236719202947958,SSP1,Lower CI,South Africa,missingmissingmissingmissingmissingmissingmissingmissing,Protein,BeefDairyOtherMeat_FishPorkPoultrySheepGoatLegumesNutsSeeds,missingmissingmissingmissingmissingmissingmissingmissing,missingmissingmissingmissingmissingmissingmissingmissing,missingmissingmissingmissingmissingmissingmissingmissing,missingmissingmissingmissingmissingmissingmissingmissing,missingmissingmissingmissingmissingmissingmissingmissing,missingmissingmissingmissingmissingmissingmissingmissing,missingmissingmissingmissingmissingmissingmissingmissing,Pcal,South AfricaProtein
5356,5.811165,8.132385,8.867482,9.780073999999999,10.988882,,,,0.011825000000000196,0.006577999999999751,0.005238000000000631,0.004006000000000509,0.0033300000000009433,SSP1,Median,South Africa,missingmissingmissingmissingmissingmissingmissingmissing,Protein,BeefDairyOtherMeat_FishPorkPoultrySheepGoatLegumesNutsSeeds,missingmissingmissingmissingmissingmissingmissingmissing,missingmissingmissingmissingmissingmissingmissingmissing,missingmissingmissingmissingmissingmissingmissingmissing,missingmissingmissingmissingmissingmissingmissingmissing,missingmissingmissingmissingmissingmissingmissingmissing,missingmissingmissingmissingmissingmissingmissingmissing,missingmissingmissingmissingmissingmissingmissingmissing,Pcal,South AfricaProtein
5357,5.811165,8.132385,8.867482,9.780073999999999,10.988882,,,,0.0144667043380155,0.012561209437136657,0.010190225789809722,0.008116433053138507,0.006402433342863908,SSP1,Upper CI,South Africa,missingmissingmissingmissingmissingmissingmissingmissing,Protein,BeefDairyOtherMeat_FishPorkPoultrySheepGoatLegumesNutsSeeds,missingmissingmissingmissingmissingmissingmissingmissing,missingmissingmissingmissingmissingmissingmissingmissing,missingmissingmissingmissingmissingmissingmissingmissing,missingmissingmissingmissingmissingmissingmissingmissing,missingmissingmissingmissingmissingmissingmissingmissing,missingmissingmissingmissingmissingmissingmissingmissing,missingmissingmissingmissingmissingmissingmissingmissing,Pcal,South AfricaProtein
5376,1.72494,3.03419,3.05405,3.02384,3.10922,,,,-0.05512972471578649,-0.07387102324435273,-0.054155026187128696,-0.04506108558274225,-0.04428206853771641,SSP1,Lower CI,South Africa,missing,Rice,Rice,missing,missing,missing,missing,missing,missing,missing,Pcal,South AfricaRice
5377,1.72494,3.03419,3.05405,3.02384,3.10922,,,,-0.04946000000000028,-0.04606000000000021,-0.04524999999999979,-0.04384000000000032,-0.04292000000000007,SSP1,Median,South Africa,missing,Rice,Rice,missing,missing,missing,missing,missing,missing,missing,Pcal,South AfricaRice
5378,1.72494,3.03419,3.05405,3.02384,3.10922,,,,-0.046135989569927996,0.003952356577685723,-0.023042868549713116,-0.042659967048837046,-0.04217898409386263,SSP1,Upper CI,South Africa,missing,Rice,Rice,missing,missing,missing,missing,missing,missing,missing,Pcal,South AfricaRice
5397,0.687144,1.04195,1.23944,1.33418,1.37999,,,,-0.0009091269903547899,-0.00823559162679479,-0.0030349502357801495,-0.001798316639518344,-0.0016657861872617478,SSP1,Lower CI,South Africa,missing,Roots and Tubers,RootTuber,missing,missing,missing,missing,missing,missing,missing,Pcal,South AfricaRoots and Tubers
5398,0.687144,1.04195,1.23944,1.33418,1.37999,,,,-8.999999999992347e-05,-0.0013699999999998713,-0.0018899999999999473,-0.001140000000000141,-0.0013199999999999878,SSP1,Median,South Africa,missing,Roots and Tubers,RootTuber,missing,missing,missing,missing,missing,missing,missing,Pcal,South AfricaRoots and Tubers
5399,0.687144,1.04195,1.23944,1.33418,1.37999,,,,0.0019205555617833893,0.0006969249601282076,-0.0008439971326408846,-0.0006943149394292503,-0.0008047401285277134,SSP1,Upper CI,South Africa,missing,Roots and Tubers,RootTuber,missing,missing,missing,missing,missing,missing,missing,Pcal,South AfricaRoots and Tubers
5418,0.717547,0.793631,3.56351,5.97763,6.76186,,,,-0.012598060160858154,-0.025905440473237232,-0.01610933072519976,-0.016196111679643913,-0.015571388335092255,SSP1,Lower CI,South Africa,missing,Sugar Crops,SugarCrop,missing,missing,missing,missing,missing,missing,missing,Pcal,South AfricaSugar Crops
5419,0.717547,0.793631,3.56351,5.97763,6.76186,,,,-0.010020000000000806,-0.0129999999999999,-0.013999999999999346,-0.013799999999999812,-0.014000000000001123,SSP1,Median,South Africa,missing,Sugar Crops,SugarCrop,missing,missing,missing,missing,missing,missing,missing,Pcal,South AfricaSugar Crops
5420,0.717547,0.793631,3.56351,5.97763,6.76186,,,,-0.007327654124857501,0.016492107139904757,-0.011680142959010698,-0.01204599358351342,-0.012418085349119232,SSP1,Upper CI,South Africa,missing,Sugar Crops,SugarCrop,missing,missing,missing,missing,missing,missing,missing,Pcal,South AfricaSugar Crops
5439,7.75532,10.106,9.82088,8.9579,9.30232,,,,-0.019776516706863603,-0.04679656205139755,-0.007464747371303342,-0.004382108601915362,-0.0037661921175832563,SSP1,Lower CI,South Africa,missing,Wheat,Wheat,missing,missing,missing,missing,missing,missing,missing,Pcal,South AfricaWheat
5440,7.75532,10.106,9.82088,8.9579,9.30232,,,,-0.006000000000000227,-0.0027999999999988034,0.00019999999999953388,-0.003200000000001424,-0.0026999999999990365,SSP1,Median,South Africa,missing,Wheat,Wheat,missing,missing,missing,missing,missing,missing,missing,Pcal,South AfricaWheat
5441,7.75532,10.106,9.82088,8.9579,9.30232,,,,0.001747945278293082,0.052503228718065606,0.007770010529196806,0.0008663191282292479,-0.0015074920929414272,SSP1,Upper CI,South Africa,missing,Wheat,Wheat,missing,missing,missing,missing,missing,missing,missing,Pcal,South AfricaWheat
5460,4.09871,5.98365,5.6415,4.20212,4.38893,,,,0.01940064368970255,-0.06731145803539887,0.004999167910159336,0.022215688005172665,0.021362623290452742,SSP1,Lower CI,Northern South America,missing,Corn,Corn,missing,missing,missing,missing,missing,missing,missing,Pcal,Northern South AmericaCorn
5461,4.09871,5.98365,5.6415,4.20212,4.38893,,,,0.02812999999999999,0.027300000000000324,0.025599999999999845,0.02505999999999986,0.02425999999999995,SSP1,Median,Northern South America,missing,Corn,Corn,missing,missing,missing,missing,missing,missing,missing,Pcal,Northern South AmericaCorn
5462,4.09871,5.98365,5.6415,4.20212,4.38893,,,,0.029796499167439688,0.4224661247020659,0.1644787268266822,0.0286401014685108,0.02459948197270475,SSP1,Upper CI,Northern South America,missing,Corn,Corn,missing,missing,missing,missing,missing,missing,missing,Pcal,Northern South AmericaCorn
5481,1.266658,1.434838,1.563132,1.8055189999999999,1.9964590000000002,,,,-0.0005811427647019779,-0.024256692658278223,-0.004939871759708533,-3.3176183519662136e-05,0.00014879032637429124,SSP1,Lower CI,Northern South America,missingmissing,Fruits and Vegetables,FruitsVegetables,missingmissing,missingmissing,missingmissing,missingmissing,missingmissing,missingmissing,missingmissing,Pcal,Northern South AmericaFruits and Vegetables
5482,1.266658,1.434838,1.563132,1.8055189999999999,1.9964590000000002,,,,7.899999999982921e-05,-0.0004929999999999657,-0.00013199999999990997,0.0003609999999999447,0.0004529999999999257,SSP1,Median,Northern South America,missingmissing,Fruits and Vegetables,FruitsVegetables,missingmissing,missingmissing,missingmissing,missingmissing,missingmissing,missingmissing,missingmissing,Pcal,Northern South AmericaFruits and Vegetables
5483,1.266658,1.434838,1.563132,1.8055189999999999,1.9964590000000002,,,,0.0010122856218446716,0.006448959324944867,0.0016235559702350239,0.0012587551308878334,0.001079314936783438,SSP1,Upper CI,Northern South America,missingmissing,Fruits and Vegetables,FruitsVegetables,missingmissing,missingmissing,missingmissing,missingmissing,missingmissing,missingmissing,missingmissing,Pcal,Northern South AmericaFruits and Vegetables
5502,0.0640276,0.0869664,0.107832,0.0853991,0.0944765,,,,5.944829888638003e-05,-0.000979915544563783,-0.00011168587075975022,0.00012940806020331279,0.00013882696209483323,SSP1,Lower CI,Northern South America,missing,Other Crops,MiscCrop,missing,missing,missing,missing,missing,missing,missing,Pcal,Northern South AmericaOther Crops
5503,0.0640276,0.0869664,0.107832,0.0853991,0.0944765,,,,9.699999999998599e-05,9.799999999998699e-05,0.00012199999999998323,0.00014800000000000924,0.00015200000000001324,SSP1,Median,Northern South America,missing,Other Crops,MiscCrop,missing,missing,missing,missing,missing,missing,missing,Pcal,Northern South AmericaOther Crops
5504,0.0640276,0.0869664,0.107832,0.0853991,0.0944765,,,,0.0001291231296850468,0.0003897822112304256,0.0001941069233913035,0.00018796036084931482,0.00018106777474728809,SSP1,Upper CI,Northern South America,missing,Other Crops,MiscCrop,missing,missing,missing,missing,missing,missing,missing,Pcal,Northern South AmericaOther Crops
5523,1.571548,2.7737039,3.6379761,4.2111199,4.6572256,,,,-0.012579745739429184,-0.01802541107571673,-0.008534144456204061,-0.004885920692289186,-0.003072755727328168,SSP1,Lower CI,Northern South America,missingmissingmissingmissing,Plant Oils,FiberCropOilCropOilPalmSoybean,missingmissingmissingmissing,missingmissingmissingmissing,missingmissingmissingmissing,missingmissingmissingmissing,missingmissingmissingmissing,missingmissingmissingmissing,missingmissingmissingmissing,Pcal,Northern South AmericaPlant Oils
5524,1.571548,2.7737039,3.6379761,4.2111199,4.6572256,,,,-0.0059441000000003685,0.0020806000000001355,0.001679000000000777,0.0005714000000002217,0.0010338000000003622,SSP1,Median,Northern South America,missingmissingmissingmissing,Plant Oils,FiberCropOilCropOilPalmSoybean,missingmissingmissingmissing,missingmissingmissingmissing,missingmissingmissingmissing,missingmissingmissingmissing,missingmissingmissingmissing,missingmissingmissingmissing,missingmissingmissingmissing,Pcal,Northern South AmericaPlant Oils
5525,1.571548,2.7737039,3.6379761,4.2111199,4.6572256,,,,0.00035923145371480596,0.09385157107571658,0.04131923919304685,0.004447752271237206,0.0031728820431178974,SSP1,Upper CI,Northern South America,missingmissingmissingmissing,Plant Oils,FiberCropOilCropOilPalmSoybean,missingmissingmissingmissing,missingmissingmissingmissing,missingmissingmissingmissing,missingmissingmissingmissing,missingmissingmissingmissing,missingmissingmissingmissing,missingmissingmissingmissing,Pcal,Northern South AmericaPlant Oils
5544,0.0964323,0.192918,0.817982,0.880274,0.922076,,,,0.004487968688524695,-0.04487961527846346,-0.010770361896097232,0.004083490281922589,0.004230024202834709,SSP1,Lower CI,Northern South America,missing,Other Grains,OtherGrain,missing,missing,missing,missing,missing,missing,missing,Pcal,Northern South AmericaOther Grains
5545,0.0964323,0.192918,0.817982,0.880274,0.922076,,,,0.005860000000000198,0.0042600000000001526,0.004310000000000036,0.0043800000000000505,0.004305999999999921,SSP1,Median,Northern South America,missing,Other Grains,OtherGrain,missing,missing,missing,missing,missing,missing,missing,Pcal,Northern South AmericaOther Grains
5546,0.0964323,0.192918,0.817982,0.880274,0.922076,,,,0.008020602740046906,0.013918815278463649,0.0062710987382025105,0.004645983402287932,0.0046187126392704956,SSP1,Upper CI,Northern South America,missing,Other Grains,OtherGrain,missing,missing,missing,missing,missing,missing,missing,Pcal,Northern South AmericaOther Grains
5565,4.3153328,5.7000606000000005,7.2673787,5.6061967,6.1989540000000005,,,,0.0054081859479955825,-0.015227324603095975,-0.003696865477012358,0.0020492373800373755,0.0008090564373391582,SSP1,Lower CI,Northern South America,missingmissingmissingmissingmissingmissingmissingmissing,Protein,BeefDairyOtherMeat_FishPorkPoultrySheepGoatLegumesNutsSeeds,missingmissingmissingmissingmissingmissingmissingmissing,missingmissingmissingmissingmissingmissingmissingmissing,missingmissingmissingmissingmissingmissingmissingmissing,missingmissingmissingmissingmissingmissingmissingmissing,missingmissingmissingmissingmissingmissingmissingmissing,missingmissingmissingmissingmissingmissingmissingmissing,missingmissingmissingmissingmissingmissingmissingmissing,Pcal,Northern South AmericaProtein
5566,4.3153328,5.7000606000000005,7.2673787,5.6061967,6.1989540000000005,,,,0.007048299999999903,0.006766100000000247,0.0062134000000002194,0.005505800000000106,0.004276999999999996,SSP1,Median,Northern South America,missingmissingmissingmissingmissingmissingmissingmissing,Protein,BeefDairyOtherMeat_FishPorkPoultrySheepGoatLegumesNutsSeeds,missingmissingmissingmissingmissingmissingmissingmissing,missingmissingmissingmissingmissingmissingmissingmissing,missingmissingmissingmissingmissingmissingmissingmissing,missingmissingmissingmissingmissingmissingmissingmissing,missingmissingmissingmissingmissingmissingmissingmissing,missingmissingmissingmissingmissingmissingmissingmissing,missingmissingmissingmissingmissingmissingmissingmissing,Pcal,Northern South AmericaProtein
5567,4.3153328,5.7000606000000005,7.2673787,5.6061967,6.1989540000000005,,,,0.016553985480575857,0.01055511126976239,0.011239981266486239,0.009031699462067569,0.007708522510029679,SSP1,Upper CI,Northern South America,missingmissingmissingmissingmissingmissingmissingmissing,Protein,BeefDairyOtherMeat_FishPorkPoultrySheepGoatLegumesNutsSeeds,missingmissingmissingmissingmissingmissingmissingmissing,missingmissingmissingmissingmissingmissingmissingmissing,missingmissingmissingmissingmissingmissingmissingmissing,missingmissingmissingmissingmissingmissingmissingmissing,missingmissingmissingmissingmissingmissingmissingmissing,missingmissingmissingmissingmissingmissingmissingmissing,missingmissingmissingmissingmissingmissingmissingmissing,Pcal,Northern South AmericaProtein
5586,1.55951,2.75125,3.87003,2.82797,2.95201,,,,-0.05765589833142588,-0.14760245677479075,-0.08998896740907321,-0.04899418143020073,-0.045685065172317706,SSP1,Lower CI,Northern South America,missing,Rice,Rice,missing,missing,missing,missing,missing,missing,missing,Pcal,Northern South AmericaRice
5587,1.55951,2.75125,3.87003,2.82797,2.95201,,,,-0.052970000000000184,-0.05091000000000001,-0.048430000000000195,-0.04676999999999998,-0.0454399999999997,SSP1,Median,Northern South America,missing,Rice,Rice,missing,missing,missing,missing,missing,missing,missing,Pcal,Northern South AmericaRice
5588,1.55951,2.75125,3.87003,2.82797,2.95201,,,,-0.04935553024000298,-0.027205543225208878,-0.040683664169874525,-0.04603950278032575,-0.04474861903820818,SSP1,Upper CI,Northern South America,missing,Rice,Rice,missing,missing,missing,missing,missing,missing,missing,Pcal,Northern South AmericaRice
5607,0.470169,0.727109,0.75189,0.710842,0.742173,,,,0.0031942516618695673,-0.03712306320396263,-0.010156219482155077,0.001957683089562463,0.0021051438219664522,SSP1,Lower CI,Northern South America,missing,Roots and Tubers,RootTuber,missing,missing,missing,missing,missing,missing,missing,Pcal,Northern South AmericaRoots and Tubers
5608,0.470169,0.727109,0.75189,0.710842,0.742173,,,,0.004292999999999991,0.002322999999999964,0.0019649999999999945,0.0023220000000000462,0.002234999999999987,SSP1,Median,Northern South America,missing,Roots and Tubers,RootTuber,missing,missing,missing,missing,missing,missing,missing,Pcal,Northern South AmericaRoots and Tubers
5609,0.470169,0.727109,0.75189,0.710842,0.742173,,,,0.005233462623844749,0.010334929870629365,0.003739166850576121,0.0027032642788586436,0.0026082245990861276,SSP1,Upper CI,Northern South America,missing,Roots and Tubers,RootTuber,missing,missing,missing,missing,missing,missing,missing,Pcal,Northern South AmericaRoots and Tubers
5628,0.470718,0.633095,2.89051,4.08449,4.48291,,,,-0.011269920981753152,-0.03421562418153495,-0.022971469168161316,-0.013549992504438176,-0.013321166863205433,SSP1,Lower CI,Northern South America,missing,Sugar Crops,SugarCrop,missing,missing,missing,missing,missing,missing,missing,Pcal,Northern South AmericaSugar Crops
5629,0.470718,0.633095,2.89051,4.08449,4.48291,,,,-0.008169999999999789,-0.010640000000000427,-0.01265999999999945,-0.012490000000000556,-0.01252999999999993,SSP1,Median,Northern South America,missing,Sugar Crops,SugarCrop,missing,missing,missing,missing,missing,missing,missing,Pcal,Northern South AmericaSugar Crops
5630,0.470718,0.633095,2.89051,4.08449,4.48291,,,,-0.006421507589675095,0.03593162418153476,-0.009476951884469769,-0.011496323285036261,-0.010866201557846903,SSP1,Upper CI,Northern South America,missing,Sugar Crops,SugarCrop,missing,missing,missing,missing,missing,missing,missing,Pcal,Northern South AmericaSugar Crops
5649,3.64365,3.42932,4.43794,4.04489,4.2333,,,,0.011174138893125234,-0.19535324607879867,-0.053964351909762724,0.013727494916737899,0.014485968850441169,SSP1,Lower CI,Northern South America,missing,Wheat,Wheat,missing,missing,missing,missing,missing,missing,missing,Pcal,Northern South AmericaWheat
5650,3.64365,3.42932,4.43794,4.04489,4.2333,,,,0.01607999999999965,0.01686000000000032,0.016049999999999898,0.014990000000000059,0.014820000000000277,SSP1,Median,Northern South America,missing,Wheat,Wheat,missing,missing,missing,missing,missing,missing,missing,Pcal,Northern South AmericaWheat
5651,3.64365,3.42932,4.43794,4.04489,4.2333,,,,0.02595157539258891,0.0726852460787991,0.026128562436078563,0.017075662977998847,0.016418241675874624,SSP1,Upper CI,Northern South America,missing,Wheat,Wheat,missing,missing,missing,missing,missing,missing,missing,Pcal,Northern South AmericaWheat
5670,3.78456,5.89378,6.53711,7.46472,7.60295,,,,-0.0077817434590935625,0.010858463365174504,0.018186345968521277,0.020987929758879875,0.021228494274657166,SSP1,Lower CI,Southern South America,missing,Corn,Corn,missing,missing,missing,missing,missing,missing,missing,Pcal,Southern South AmericaCorn
5671,3.78456,5.89378,6.53711,7.46472,7.60295,,,,0.0320399999999994,0.026270000000000238,0.02243999999999957,0.023109999999999964,0.02230000000000043,SSP1,Median,Southern South America,missing,Corn,Corn,missing,missing,missing,missing,missing,missing,missing,Pcal,Southern South AmericaCorn
5672,3.78456,5.89378,6.53711,7.46472,7.60295,,,,0.12705602917337833,0.03928553663482609,0.024771548768320377,0.0238815439253301,0.023066242567448547,SSP1,Upper CI,Southern South America,missing,Corn,Corn,missing,missing,missing,missing,missing,missing,missing,Pcal,Southern South AmericaCorn
5691,3.4365289999999997,5.04418,6.29522,7.01686,7.88675,,,,-0.01777651748690595,-0.010447687797301668,0.00036439900595894087,0.0013945702718363695,0.0016172951368327911,SSP1,Lower CI,Southern South America,missingmissing,Fruits and Vegetables,FruitsVegetables,missingmissing,missingmissing,missingmissing,missingmissing,missingmissing,missingmissing,missingmissing,Pcal,Southern South AmericaFruits and Vegetables
5692,3.4365289999999997,5.04418,6.29522,7.01686,7.88675,,,,0.006100000000001327,0.0022899999999999032,0.0021100000000005004,0.002460000000001017,0.002349999999998964,SSP1,Median,Southern South America,missingmissing,Fruits and Vegetables,FruitsVegetables,missingmissing,missingmissing,missingmissing,missingmissing,missingmissing,missingmissing,missingmissing,Pcal,Southern South AmericaFruits and Vegetables
5693,3.4365289999999997,5.04418,6.29522,7.01686,7.88675,,,,0.01635651748690807,0.01171302113063358,0.003245074678251017,0.003909640254479997,0.003489020652639426,SSP1,Upper CI,Southern South America,missingmissing,Fruits and Vegetables,FruitsVegetables,missingmissing,missingmissing,missingmissing,missingmissing,missingmissing,missingmissing,missingmissing,Pcal,Southern South AmericaFruits and Vegetables
5712,0.244973,0.373155,0.414694,0.415047,0.466842,,,,-0.0005440462358805839,7.4016648377810525e-06,0.0005851433378975504,0.0006467649638282609,0.0006564324024428655,SSP1,Lower CI,Southern South America,missing,Other Crops,MiscCrop,missing,missing,missing,missing,missing,missing,missing,Pcal,Southern South AmericaOther Crops
5713,0.244973,0.373155,0.414694,0.415047,0.466842,,,,0.0008719999999999839,0.0007030000000000092,0.0006720000000000059,0.0007040000000000379,0.0006829999999999892,SSP1,Median,Southern South America,missing,Other Crops,MiscCrop,missing,missing,missing,missing,missing,missing,missing,Pcal,Southern South AmericaOther Crops
5714,0.244973,0.373155,0.414694,0.415047,0.466842,,,,0.0015120462358805685,0.0012081983351622987,0.0007279092936814304,0.0007691297730138434,0.0007348307554519216,SSP1,Upper CI,Southern South America,missing,Other Crops,MiscCrop,missing,missing,missing,missing,missing,missing,missing,Pcal,Southern South AmericaOther Crops
5733,3.058228,5.287106,6.0957539999999995,7.013092,7.890587,,,,-0.015401894608640141,-0.006614410716198206,0.010560306287268912,0.011225569522981397,0.01292508853263183,SSP1,Lower CI,Southern South America,missingmissingmissingmissing,Plant Oils,FiberCropOilCropOilPalmSoybean,missingmissingmissingmissing,missingmissingmissingmissing,missingmissingmissingmissing,missingmissingmissingmissing,missingmissingmissingmissing,missingmissingmissingmissing,missingmissingmissingmissing,Pcal,Southern South AmericaPlant Oils
5734,3.058228,5.287106,6.0957539999999995,7.013092,7.890587,,,,0.010964999999999558,0.013642999999999739,0.013818999999999748,0.01425200000000032,0.015534999999999577,SSP1,Median,Southern South America,missingmissingmissingmissing,Plant Oils,FiberCropOilCropOilPalmSoybean,missingmissingmissingmissing,missingmissingmissingmissing,missingmissingmissingmissing,missingmissingmissingmissing,missingmissingmissingmissing,missingmissingmissingmissing,missingmissingmissingmissing,Pcal,Southern South AmericaPlant Oils
5735,3.058228,5.287106,6.0957539999999995,7.013092,7.890587,,,,0.06388246603721154,0.023076544049531276,0.02132927266009962,0.01914758837175618,0.018159858835788342,SSP1,Upper CI,Southern South America,missingmissingmissingmissing,Plant Oils,FiberCropOilCropOilPalmSoybean,missingmissingmissingmissing,missingmissingmissingmissing,missingmissingmissingmissing,missingmissingmissingmissing,missingmissingmissingmissing,missingmissingmissingmissing,missingmissingmissingmissing,Pcal,Southern South AmericaPlant Oils
5754,0.655172,0.880282,1.88502,2.80589,2.8655,,,,-0.0028200943023458276,0.0031899918554576983,0.009852132379287944,0.01088734799782771,0.010779856103567386,SSP1,Lower CI,Southern South America,missing,Other Grains,OtherGrain,missing,missing,missing,missing,missing,missing,missing,Pcal,Southern South AmericaOther Grains
5755,0.655172,0.880282,1.88502,2.80589,2.8655,,,,0.012329999999999952,0.010650000000000048,0.011159999999999837,0.011149999999999771,0.010909999999999975,SSP1,Median,Southern South America,missing,Other Grains,OtherGrain,missing,missing,missing,missing,missing,missing,missing,Pcal,Southern South AmericaOther Grains
5756,0.655172,0.880282,1.88502,2.80589,2.8655,,,,0.04796580858806036,0.01365934147787547,0.01169207814702758,0.011255809896908721,0.01107382810695882,SSP1,Upper CI,Southern South America,missing,Other Grains,OtherGrain,missing,missing,missing,missing,missing,missing,missing,Pcal,Southern South AmericaOther Grains
5775,10.378859,14.824912999999999,17.13881,19.101194,21.469617,,,,0.000845177424823134,0.014871724798787182,0.012420147960589677,0.010744795783307792,0.009621578470015314,SSP1,Lower CI,Southern South America,missingmissingmissingmissingmissingmissingmissingmissing,Protein,BeefDairyOtherMeat_FishPorkPoultrySheepGoatLegumesNutsSeeds,missingmissingmissingmissingmissingmissingmissingmissing,missingmissingmissingmissingmissingmissingmissingmissing,missingmissingmissingmissingmissingmissingmissingmissing,missingmissingmissingmissingmissingmissingmissingmissing,missingmissingmissingmissingmissingmissingmissingmissing,missingmissingmissingmissingmissingmissingmissingmissing,missingmissingmissingmissingmissingmissingmissingmissing,Pcal,Southern South AmericaProtein
5776,10.378859,14.824912999999999,17.13881,19.101194,21.469617,,,,0.019542999999999533,0.020897000000001248,0.0160870000000006,0.014528999999999515,0.013019000000000641,SSP1,Median,Southern South America,missingmissingmissingmissingmissingmissingmissingmissing,Protein,BeefDairyOtherMeat_FishPorkPoultrySheepGoatLegumesNutsSeeds,missingmissingmissingmissingmissingmissingmissingmissing,missingmissingmissingmissingmissingmissingmissingmissing,missingmissingmissingmissingmissingmissingmissingmissing,missingmissingmissingmissingmissingmissingmissingmissing,missingmissingmissingmissingmissingmissingmissingmissing,missingmissingmissingmissingmissingmissingmissingmissing,missingmissingmissingmissingmissingmissingmissingmissing,Pcal,Southern South AmericaProtein
5777,10.378859,14.824912999999999,17.13881,19.101194,21.469617,,,,0.030099679718035323,0.0274797418678818,0.021442378355201644,0.018182888427218078,0.016890211003668575,SSP1,Upper CI,Southern South America,missingmissingmissingmissingmissingmissingmissingmissing,Protein,BeefDairyOtherMeat_FishPorkPoultrySheepGoatLegumesNutsSeeds,missingmissingmissingmissingmissingmissingmissingmissing,missingmissingmissingmissingmissingmissingmissingmissing,missingmissingmissingmissingmissingmissingmissingmissing,missingmissingmissingmissingmissingmissingmissingmissing,missingmissingmissingmissingmissingmissingmissingmissing,missingmissingmissingmissingmissingmissingmissingmissing,missingmissingmissingmissingmissingmissingmissingmissing,Pcal,Southern South AmericaProtein
5796,6.55231,9.82783,9.77332,9.9383,10.1462,,,,-0.1643218060015597,-0.15971102400576973,-0.13565747013771706,-0.12724568803814007,-0.12214043488364854,SSP1,Lower CI,Southern South America,missing,Rice,Rice,missing,missing,missing,missing,missing,missing,missing,Pcal,Southern South AmericaRice
5797,6.55231,9.82783,9.77332,9.9383,10.1462,,,,-0.15470000000000006,-0.14170000000000016,-0.1316000000000006,-0.12573000000000079,-0.12151000000000067,SSP1,Median,Southern South America,missing,Rice,Rice,missing,missing,missing,missing,missing,missing,missing,Pcal,Southern South AmericaRice
5798,6.55231,9.82783,9.77332,9.9383,10.1462,,,,-0.14793533685558474,-0.12163564266089824,-0.12386884565175722,-0.1245964172250182,-0.12089640722161571,SSP1,Upper CI,Southern South America,missing,Rice,Rice,missing,missing,missing,missing,missing,missing,missing,Pcal,Southern South AmericaRice
5817,3.3207,4.748,5.40099,6.06283,6.18283,,,,-0.006053265680223983,0.0064767205803940055,0.02030658290570556,0.02292502845107007,0.0224644773894226,SSP1,Lower CI,Southern South America,missing,Roots and Tubers,RootTuber,missing,missing,missing,missing,missing,missing,missing,Pcal,Southern South AmericaRoots and Tubers
5818,3.3207,4.748,5.40099,6.06283,6.18283,,,,0.03263000000000016,0.025609999999999467,0.023940000000000516,0.025100000000000122,0.023880000000000123,SSP1,Median,Southern South America,missing,Roots and Tubers,RootTuber,missing,missing,missing,missing,missing,missing,missing,Pcal,Southern South AmericaRoots and Tubers
5819,3.3207,4.748,5.40099,6.06283,6.18283,,,,0.051193265680223435,0.03797927941960591,0.02738394341008436,0.026905497864719144,0.025517627873735082,SSP1,Upper CI,Southern South America,missing,Roots and Tubers,RootTuber,missing,missing,missing,missing,missing,missing,missing,Pcal,Southern South AmericaRoots and Tubers
5838,0.949068,1.09487,5.26186,8.34232,9.36691,,,,-0.07954881738729622,-0.07466594405574273,-0.05270248744738785,-0.053084073274017506,-0.05146714113356473,SSP1,Lower CI,Southern South America,missing,Sugar Crops,SugarCrop,missing,missing,missing,missing,missing,missing,missing,Pcal,Southern South AmericaSugar Crops
5839,0.949068,1.09487,5.26186,8.34232,9.36691,,,,-0.061299999999999244,-0.05820000000000114,-0.05109999999999992,-0.050499999999999545,-0.0497999999999994,SSP1,Median,Southern South America,missing,Sugar Crops,SugarCrop,missing,missing,missing,missing,missing,missing,missing,Pcal,Southern South AmericaSugar Crops
5840,0.949068,1.09487,5.26186,8.34232,9.36691,,,,-0.021479754041274245,-0.010080722610925151,-0.048760670447347755,-0.049252768831244804,-0.04839601676117255,SSP1,Upper CI,Southern South America,missing,Sugar Crops,SugarCrop,missing,missing,missing,missing,missing,missing,missing,Pcal,Southern South AmericaSugar Crops
5859,11.9772,14.6396,13.634,14.6451,14.9936,,,,-0.007737078588973725,0.03672939934783805,0.06369842312898516,0.06383176208800055,0.0625581907686265,SSP1,Lower CI,Southern South America,missing,Wheat,Wheat,missing,missing,missing,missing,missing,missing,missing,Pcal,Southern South AmericaWheat
5860,11.9772,14.6396,13.634,14.6451,14.9936,,,,0.07540000000000013,0.07600000000000051,0.07330000000000148,0.06609999999999872,0.06409999999999982,SSP1,Median,Southern South America,missing,Wheat,Wheat,missing,missing,missing,missing,missing,missing,missing,Pcal,Southern South AmericaWheat
5861,11.9772,14.6396,13.634,14.6451,14.9936,,,,0.110165650017546,0.13297726731883053,0.08322789266049016,0.07048402738568195,0.06577865133663581,SSP1,Upper CI,Southern South America,missing,Wheat,Wheat,missing,missing,missing,missing,missing,missing,missing,Pcal,Southern South AmericaWheat
5880,3.2766,4.07107,4.22036,4.48464,4.6218,,,,0.009418162614802253,-0.0010413263769438845,-0.00332597004905619,-0.0036852610582421823,-0.004452001644480984,SSP1,Lower CI,South Asia,missing,Corn,Corn,missing,missing,missing,missing,missing,missing,missing,Pcal,South AsiaCorn
5881,3.2766,4.07107,4.22036,4.48464,4.6218,,,,0.010240000000000471,0.0033000000000003027,-0.0020199999999999108,-0.003169999999999895,-0.0039799999999994284,SSP1,Median,South Asia,missing,Corn,Corn,missing,missing,missing,missing,missing,missing,missing,Pcal,South AsiaCorn
5882,3.2766,4.07107,4.22036,4.48464,4.6218,,,,0.012958980242341033,0.007425326376944496,-0.0008519246877852847,-0.002396844204915636,-0.0033901036186762107,SSP1,Upper CI,South Asia,missing,Corn,Corn,missing,missing,missing,missing,missing,missing,missing,Pcal,South AsiaCorn
5901,2.6681,4.61872,6.28899,7.934289999999999,9.95187,,,,0.00543313390414503,-0.04844406435611687,-0.007586575972635632,-0.0028670141253974695,-0.003705040835906259,SSP1,Lower CI,South Asia,missingmissing,Fruits and Vegetables,FruitsVegetables,missingmissing,missingmissing,missingmissing,missingmissing,missingmissing,missingmissing,missingmissing,Pcal,South AsiaFruits and Vegetables
5902,2.6681,4.61872,6.28899,7.934289999999999,9.95187,,,,0.008399999999999963,0.0015000000000000568,0.0030000000000001137,0.0017999999999993577,-0.0002999999999993008,SSP1,Median,South Asia,missingmissing,Fruits and Vegetables,FruitsVegetables,missingmissing,missingmissing,missingmissing,missingmissing,missingmissing,missingmissing,missingmissing,Pcal,South AsiaFruits and Vegetables
5903,2.6681,4.61872,6.28899,7.934289999999999,9.95187,,,,0.015481151810140665,0.028150731022784165,0.006176049656847014,0.007067014125395534,0.003810303993801685,SSP1,Upper CI,South Asia,missingmissing,Fruits and Vegetables,FruitsVegetables,missingmissing,missingmissing,missingmissing,missingmissing,missingmissing,missingmissing,missingmissing,Pcal,South AsiaFruits and Vegetables
5922,0.611065,1.20373,1.54598,1.81677,2.27918,,,,0.0017823955115400711,-0.009455024476521518,-0.0005166688824973946,0.0006218311139659717,0.0005295748615486263,SSP1,Lower CI,South Asia,missing,Other Crops,MiscCrop,missing,missing,missing,missing,missing,missing,missing,Pcal,South AsiaOther Crops
5923,0.611065,1.20373,1.54598,1.81677,2.27918,,,,0.0023200000000000998,0.0016199999999999548,0.0016800000000003479,0.0015900000000002024,0.001180000000000625,SSP1,Median,South Asia,missing,Other Crops,MiscCrop,missing,missing,missing,missing,missing,missing,missing,Pcal,South AsiaOther Crops
5924,0.611065,1.20373,1.54598,1.81677,2.27918,,,,0.0033576044884597246,0.007113691143187885,0.0022598267772344373,0.002507642570244254,0.0017798988226629124,SSP1,Upper CI,South Asia,missing,Other Crops,MiscCrop,missing,missing,missing,missing,missing,missing,missing,Pcal,South AsiaOther Crops
5943,6.1747233,9.7272908,12.385365400000001,16.8178297,21.1395524,,,,-0.10618792875577895,-0.12129293199963911,-0.07605544832375662,-0.07404684180255192,-0.07809011992224553,SSP1,Lower CI,South Asia,missingmissingmissingmissing,Plant Oils,FiberCropOilCropOilPalmSoybean,missingmissingmissingmissing,missingmissingmissingmissing,missingmissingmissingmissing,missingmissingmissingmissing,missingmissingmissingmissing,missingmissingmissingmissing,missingmissingmissingmissing,Pcal,South AsiaPlant Oils
5944,6.1747233,9.7272908,12.385365400000001,16.8178297,21.1395524,,,,-0.08505899999999833,-0.060724999999998114,-0.05414400000000105,-0.06430699999999884,-0.071155999999999,SSP1,Median,South Asia,missingmissingmissingmissing,Plant Oils,FiberCropOilCropOilPalmSoybean,missingmissingmissingmissing,missingmissingmissingmissing,missingmissingmissingmissing,missingmissingmissingmissing,missingmissingmissingmissing,missingmissingmissingmissing,missingmissingmissingmissing,Pcal,South AsiaPlant Oils
5945,6.1747233,9.7272908,12.385365400000001,16.8178297,21.1395524,,,,-0.06917207124421998,-0.024765734667028146,-0.0289814990446623,-0.04566252661849723,-0.058671143235649016,SSP1,Upper CI,South Asia,missingmissingmissingmissing,Plant Oils,FiberCropOilCropOilPalmSoybean,missingmissingmissingmissing,missingmissingmissingmissing,missingmissingmissingmissing,missingmissingmissingmissing,missingmissingmissingmissing,missingmissingmissingmissing,missingmissingmissingmissing,Pcal,South AsiaPlant Oils
5964,1.59833,1.46126,1.42014,1.41286,1.45627,,,,-0.006107908446711646,-0.00834343414602507,-0.006535250269408507,-0.0060231002010777655,-0.005768604336347792,SSP1,Lower CI,South Asia,missing,Other Grains,OtherGrain,missing,missing,missing,missing,missing,missing,missing,Pcal,South AsiaOther Grains
5965,1.59833,1.46126,1.42014,1.41286,1.45627,,,,-0.005789999999999962,-0.006389999999999896,-0.006059999999999954,-0.005900000000000016,-0.005730000000000013,SSP1,Median,South Asia,missing,Other Grains,OtherGrain,missing,missing,missing,missing,missing,missing,missing,Pcal,South AsiaOther Grains
5966,1.59833,1.46126,1.42014,1.41286,1.45627,,,,-0.005440662981859881,-0.005647232520641473,-0.0059731707832230245,-0.005827426114711534,-0.005630343032073191,SSP1,Upper CI,South Asia,missing,Other Grains,OtherGrain,missing,missing,missing,missing,missing,missing,missing,Pcal,South AsiaOther Grains
5985,8.1518437,13.4172639,16.2254842,19.7192551,24.975853999999998,,,,0.16954952577483648,0.1933173750494619,0.2190749380376663,0.23826132908532685,0.2571962413127938,SSP1,Lower CI,South Asia,missingmissingmissingmissingmissingmissingmissingmissing,Protein,BeefDairyOtherMeat_FishPorkPoultrySheepGoatLegumesNutsSeeds,missingmissingmissingmissingmissingmissingmissingmissing,missingmissingmissingmissingmissingmissingmissingmissing,missingmissingmissingmissingmissingmissingmissingmissing,missingmissingmissingmissingmissingmissingmissingmissing,missingmissingmissingmissingmissingmissingmissingmissing,missingmissingmissingmissingmissingmissingmissingmissing,missingmissingmissingmissingmissingmissingmissingmissing,Pcal,South AsiaProtein
5986,8.1518437,13.4172639,16.2254842,19.7192551,24.975853999999998,,,,0.18591599999999867,0.20705599999999894,0.23382099999999964,0.253622,0.2708919999999948,SSP1,Median,South Asia,missingmissingmissingmissingmissingmissingmissingmissing,Protein,BeefDairyOtherMeat_FishPorkPoultrySheepGoatLegumesNutsSeeds,missingmissingmissingmissingmissingmissingmissingmissing,missingmissingmissingmissingmissingmissingmissingmissing,missingmissingmissingmissingmissingmissingmissingmissing,missingmissingmissingmissingmissingmissingmissingmissing,missingmissingmissingmissingmissingmissingmissingmissing,missingmissingmissingmissingmissingmissingmissingmissing,missingmissingmissingmissingmissingmissingmissingmissing,Pcal,South AsiaProtein
5987,8.1518437,13.4172639,16.2254842,19.7192551,24.975853999999998,,,,0.20103847422516277,0.2462631582838632,0.251080325120232,0.26309298670414866,0.2831539692135124,SSP1,Upper CI,South Asia,missingmissingmissingmissingmissingmissingmissingmissing,Protein,BeefDairyOtherMeat_FishPorkPoultrySheepGoatLegumesNutsSeeds,missingmissingmissingmissingmissingmissingmissingmissing,missingmissingmissingmissingmissingmissingmissingmissing,missingmissingmissingmissingmissingmissingmissingmissing,missingmissingmissingmissingmissingmissingmissingmissing,missingmissingmissingmissingmissingmissingmissingmissing,missingmissingmissingmissingmissingmissingmissingmissing,missingmissingmissingmissingmissingmissingmissingmissing,Pcal,South AsiaProtein
6006,81.7249,119.422,118.142,117.461,120.965,,,,-0.23992466101388268,-0.3352368233724233,-0.20875295614195488,-0.18359439068521846,-0.1740858113319245,SSP1,Lower CI,South Asia,missing,Rice,Rice,missing,missing,missing,missing,missing,missing,missing,Pcal,South AsiaRice
6007,81.7249,119.422,118.142,117.461,120.965,,,,-0.21099999999999852,-0.21099999999999852,-0.18599999999999284,-0.17600000000000193,-0.17099999999999227,SSP1,Median,South Asia,missing,Rice,Rice,missing,missing,missing,missing,missing,missing,missing,Pcal,South AsiaRice
6008,81.7249,119.422,118.142,117.461,120.965,,,,-0.18264676755753753,-0.11342984329425028,-0.16608914912119627,-0.1686161356305759,-0.16675629393123184,SSP1,Upper CI,South Asia,missing,Rice,Rice,missing,missing,missing,missing,missing,missing,missing,Pcal,South AsiaRice
6027,1.93837,4.45061,6.49734,8.12541,8.34676,,,,0.035286204901174116,0.006861595815240843,0.010691541495124048,0.010663001650646927,0.009134315388138891,SSP1,Lower CI,South Asia,missing,Roots and Tubers,RootTuber,missing,missing,missing,missing,missing,missing,missing,Pcal,South AsiaRoots and Tubers
6028,1.93837,4.45061,6.49734,8.12541,8.34676,,,,0.0418099999999999,0.021800000000000708,0.013159999999999172,0.012099999999998445,0.010429999999999495,SSP1,Median,South Asia,missing,Roots and Tubers,RootTuber,missing,missing,missing,missing,missing,missing,missing,Pcal,South AsiaRoots and Tubers
6029,1.93837,4.45061,6.49734,8.12541,8.34676,,,,0.0491223665273972,0.031646404184759835,0.017422142715401143,0.014869629928298302,0.012720421453964915,SSP1,Upper CI,South Asia,missing,Roots and Tubers,RootTuber,missing,missing,missing,missing,missing,missing,missing,Pcal,South AsiaRoots and Tubers
6048,1.30899,2.08237,6.25588,9.46727,11.805,,,,-0.09371042287162795,-0.19338330622334413,-0.1294196861694466,-0.1283033492217081,-0.1268667374149976,SSP1,Lower CI,South Asia,missing,Sugar Crops,SugarCrop,missing,missing,missing,missing,missing,missing,missing,Pcal,South AsiaSugar Crops
6049,1.30899,2.08237,6.25588,9.46727,11.805,,,,-0.0843999999999987,-0.1097999999999999,-0.10590000000000188,-0.11280000000000001,-0.11500000000000199,SSP1,Median,South Asia,missing,Sugar Crops,SugarCrop,missing,missing,missing,missing,missing,missing,missing,Pcal,South AsiaSugar Crops
6050,1.30899,2.08237,6.25588,9.46727,11.805,,,,-0.07674671998551352,0.12686330622334188,-0.06845399804108265,-0.10657033498882094,-0.10880694679552656,SSP1,Upper CI,South Asia,missing,Sugar Crops,SugarCrop,missing,missing,missing,missing,missing,missing,missing,Pcal,South AsiaSugar Crops
6069,19.5852,28.9726,29.1997,32.3279,33.3697,,,,0.12780109392158512,0.0846175648113072,0.1589178761121867,0.16500933215248903,0.16795345489802255,SSP1,Lower CI,South Asia,missing,Wheat,Wheat,missing,missing,missing,missing,missing,missing,missing,Pcal,South AsiaWheat
6070,19.5852,28.9726,29.1997,32.3279,33.3697,,,,0.16340000000000288,0.19409999999999883,0.1822000000000017,0.1717000000000013,0.17249999999999943,SSP1,Median,South Asia,missing,Wheat,Wheat,missing,missing,missing,missing,missing,missing,missing,Pcal,South AsiaWheat
6071,19.5852,28.9726,29.1997,32.3279,33.3697,,,,0.2013989060784171,0.33542243518869297,0.20875580809833802,0.18324329942645895,0.1760570714177621,SSP1,Upper CI,South Asia,missing,Wheat,Wheat,missing,missing,missing,missing,missing,missing,missing,Pcal,South AsiaWheat
6090,1.85373,2.21814,1.96783,1.8176,1.81858,,,,0.012999367067690363,0.010403962035511223,0.010142859894761103,0.011632082481313923,0.0120271858351838,SSP1,Lower CI,South Korea,missing,Corn,Corn,missing,missing,missing,missing,missing,missing,missing,Pcal,South KoreaCorn
6091,1.85373,2.21814,1.96783,1.8176,1.81858,,,,0.016100000000000003,0.014979999999999993,0.01309999999999989,0.012880000000000003,0.012520000000000087,SSP1,Median,South Korea,missing,Corn,Corn,missing,missing,missing,missing,missing,missing,missing,Pcal,South KoreaCorn
6092,1.85373,2.21814,1.96783,1.8176,1.81858,,,,0.01666920436088111,0.02106537129782201,0.014587666421028152,0.01403107541342285,0.013724393112184641,SSP1,Upper CI,South Korea,missing,Corn,Corn,missing,missing,missing,missing,missing,missing,missing,Pcal,South KoreaCorn
6111,3.3656500000000005,4.4616,4.37193,4.27198,4.61766,,,,-0.007962044377459173,-0.04260185032822648,-0.017629638106380036,-0.0046138125403650705,-0.003339280384054268,SSP1,Lower CI,South Korea,missingmissing,Fruits and Vegetables,FruitsVegetables,missingmissing,missingmissing,missingmissing,missingmissing,missingmissing,missingmissing,missingmissing,Pcal,South KoreaFruits and Vegetables
6112,3.3656500000000005,4.4616,4.37193,4.27198,4.61766,,,,-0.0027600000000000957,-0.0026399999999999757,-0.0019699999999998052,-0.0022400000000000198,-0.002369999999999761,SSP1,Median,South Korea,missingmissing,Fruits and Vegetables,FruitsVegetables,missingmissing,missingmissing,missingmissing,missingmissing,missingmissing,missingmissing,missingmissing,Pcal,South KoreaFruits and Vegetables
6113,3.3656500000000005,4.4616,4.37193,4.27198,4.61766,,,,-0.0006922413368265841,0.012291183661559601,0.0032243749484857295,-0.0011314506175294403,-8.177224752448954e-05,SSP1,Upper CI,South Korea,missingmissing,Fruits and Vegetables,FruitsVegetables,missingmissing,missingmissing,missingmissing,missingmissing,missingmissing,missingmissing,missingmissing,Pcal,South KoreaFruits and Vegetables
6132,0.122417,0.228055,0.20213,0.224018,0.242423,,,,-0.00013209915622389422,-0.0019468644729476038,-0.0005701342201150482,0.0001222563607719209,0.00016670604595816308,SSP1,Lower CI,South Korea,missing,Other Crops,MiscCrop,missing,missing,missing,missing,missing,missing,missing,Pcal,South KoreaOther Crops
6133,0.122417,0.228055,0.20213,0.224018,0.242423,,,,0.00012200000000001099,0.00024200000000001998,0.0002510000000000012,0.00023399999999995647,0.00021100000000001673,SSP1,Median,South Korea,missing,Other Crops,MiscCrop,missing,missing,missing,missing,missing,missing,missing,Pcal,South KoreaOther Crops
6134,0.122417,0.228055,0.20213,0.224018,0.242423,,,,0.0002389562990810805,0.0010220644729476412,0.0005295026411676977,0.00028932258659646764,0.0003449781645681531,SSP1,Upper CI,South Korea,missing,Other Crops,MiscCrop,missing,missing,missing,missing,missing,missing,missing,Pcal,South KoreaOther Crops
6153,3.6395860000000004,4.6239609999999995,7.576065999999999,9.680525,10.454308000000001,,,,-0.015104504152147515,-0.07965790859763253,-0.03245982211400259,-0.009895443173567615,-0.010627670454995238,SSP1,Lower CI,South Korea,missingmissingmissingmissing,Plant Oils,FiberCropOilCropOilPalmSoybean,missingmissingmissingmissing,missingmissingmissingmissing,missingmissingmissingmissing,missingmissingmissingmissing,missingmissingmissingmissing,missingmissingmissingmissing,missingmissingmissingmissing,Pcal,South KoreaPlant Oils
6154,3.6395860000000004,4.6239609999999995,7.576065999999999,9.680525,10.454308000000001,,,,-0.004680999999999602,-0.004343999999999515,-0.002395999999999343,-0.006529000000000451,-0.006531999999999927,SSP1,Median,South Korea,missingmissingmissingmissing,Plant Oils,FiberCropOilCropOilPalmSoybean,missingmissingmissingmissing,missingmissingmissingmissing,missingmissingmissingmissing,missingmissingmissingmissing,missingmissingmissingmissing,missingmissingmissingmissing,missingmissingmissingmissing,Pcal,South KoreaPlant Oils
6155,3.6395860000000004,4.6239609999999995,7.576065999999999,9.680525,10.454308000000001,,,,0.00992021843786257,0.02910030859763214,0.008949085271898386,-0.0003024515632755959,0.0027588283497318837,SSP1,Upper CI,South Korea,missingmissingmissingmissing,Plant Oils,FiberCropOilCropOilPalmSoybean,missingmissingmissingmissing,missingmissingmissingmissing,missingmissingmissingmissing,missingmissingmissingmissing,missingmissingmissingmissing,missingmissingmissingmissing,missingmissingmissingmissing,Pcal,South KoreaPlant Oils
6174,1.46521,0.478581,0.306262,1.11102,1.12198,,,,0.008326247932493288,-0.00013091890822443907,0.006725707143126649,0.00690661108408599,0.00688656626447237,SSP1,Lower CI,South Korea,missing,Other Grains,OtherGrain,missing,missing,missing,missing,missing,missing,missing,Pcal,South KoreaOther Grains
6175,1.46521,0.478581,0.306262,1.11102,1.12198,,,,0.009830000000000005,0.008259999999999934,0.007939999999999836,0.007409999999999917,0.007170000000000121,SSP1,Median,South Korea,missing,Other Grains,OtherGrain,missing,missing,missing,missing,missing,missing,missing,Pcal,South KoreaOther Grains
6176,1.46521,0.478581,0.306262,1.11102,1.12198,,,,0.011356609210363825,0.011889585574891046,0.009017450751609974,0.008367073126440373,0.007754486367106617,SSP1,Upper CI,South Korea,missing,Other Grains,OtherGrain,missing,missing,missing,missing,missing,missing,missing,Pcal,South KoreaOther Grains
6195,6.1915587,10.1642101,11.0044717,12.374755,13.4068675,,,,0.010560131401165315,-0.10297691004904108,-0.029418627404129268,0.006750762944678197,0.012162209415977118,SSP1,Lower CI,South Korea,missingmissingmissingmissingmissingmissingmissingmissing,Protein,BeefDairyOtherMeat_FishPorkPoultrySheepGoatLegumesNutsSeeds,missingmissingmissingmissingmissingmissingmissingmissing,missingmissingmissingmissingmissingmissingmissingmissing,missingmissingmissingmissingmissingmissingmissingmissing,missingmissingmissingmissingmissingmissingmissingmissing,missingmissingmissingmissingmissingmissingmissingmissing,missingmissingmissingmissingmissingmissingmissingmissing,missingmissingmissingmissingmissingmissingmissingmissing,Pcal,South KoreaProtein
6196,6.1915587,10.1642101,11.0044717,12.374755,13.4068675,,,,0.013314399999999473,0.021323299999999986,0.02169970000000008,0.016572499999999678,0.014459200000000245,SSP1,Median,South Korea,missingmissingmissingmissingmissingmissingmissingmissing,Protein,BeefDairyOtherMeat_FishPorkPoultrySheepGoatLegumesNutsSeeds,missingmissingmissingmissingmissingmissingmissingmissing,missingmissingmissingmissingmissingmissingmissingmissing,missingmissingmissingmissingmissingmissingmissingmissing,missingmissingmissingmissingmissingmissingmissingmissing,missingmissingmissingmissingmissingmissingmissingmissing,missingmissingmissingmissingmissingmissingmissingmissing,missingmissingmissingmissingmissingmissingmissingmissing,Pcal,South KoreaProtein
6197,6.1915587,10.1642101,11.0044717,12.374755,13.4068675,,,,0.01835469717026307,0.0652748700490412,0.03813706950939199,0.02124536337111015,0.019394106373497314,SSP1,Upper CI,South Korea,missingmissingmissingmissingmissingmissingmissingmissing,Protein,BeefDairyOtherMeat_FishPorkPoultrySheepGoatLegumesNutsSeeds,missingmissingmissingmissingmissingmissingmissingmissing,missingmissingmissingmissingmissingmissingmissingmissing,missingmissingmissingmissingmissingmissingmissingmissing,missingmissingmissingmissingmissingmissingmissingmissing,missingmissingmissingmissingmissingmissingmissingmissing,missingmissingmissingmissingmissingmissingmissingmissing,missingmissingmissingmissingmissingmissingmissingmissing,Pcal,South KoreaProtein
6216,19.6945,16.0423,17.1628,14.0387,14.0906,,,,-0.09621827520502355,-0.0949249448289897,-0.08841356146394688,-0.0855663854042949,-0.07970776997528342,SSP1,Lower CI,South Korea,missing,Rice,Rice,missing,missing,missing,missing,missing,missing,missing,Pcal,South KoreaRice
6217,19.6945,16.0423,17.1628,14.0387,14.0906,,,,-0.08110000000000106,-0.07920000000000016,-0.08499999999999908,-0.07880000000000109,-0.0754999999999999,SSP1,Median,South Korea,missing,Rice,Rice,missing,missing,missing,missing,missing,missing,missing,Pcal,South KoreaRice
6218,19.6945,16.0423,17.1628,14.0387,14.0906,,,,-0.06181029622354958,-0.0462750551710088,-0.06438643853605264,-0.07412835143781121,-0.07360801949840079,SSP1,Upper CI,South Korea,missing,Rice,Rice,missing,missing,missing,missing,missing,missing,missing,Pcal,South KoreaRice
6237,0.446374,0.560554,0.63856,0.726996,0.732252,,,,0.005238863915136368,-0.003084624148343296,0.002806232731919612,0.0030182227473881116,0.0032106302199143184,SSP1,Lower CI,South Korea,missing,Roots and Tubers,RootTuber,missing,missing,missing,missing,missing,missing,missing,Pcal,South KoreaRoots and Tubers
6238,0.446374,0.560554,0.63856,0.726996,0.732252,,,,0.006936999999999971,0.003946000000000005,0.003225999999999951,0.003489999999999993,0.003489999999999993,SSP1,Median,South Korea,missing,Roots and Tubers,RootTuber,missing,missing,missing,missing,missing,missing,missing,Pcal,South KoreaRoots and Tubers
6239,0.446374,0.560554,0.63856,0.726996,0.732252,,,,0.008304278942006466,0.008011690815009995,0.00459881989965932,0.004698093042085568,0.004043475043243626,SSP1,Upper CI,South Korea,missing,Roots and Tubers,RootTuber,missing,missing,missing,missing,missing,missing,missing,Pcal,South KoreaRoots and Tubers
6258,0.0,0.0,2.26518,4.91525,5.25179,,,,-0.025710782498001683,-0.11646899019178324,-0.05050619255223543,-0.010305214084331205,-0.021764054362640624,SSP1,Lower CI,South Korea,missing,Sugar Crops,SugarCrop,missing,missing,missing,missing,missing,missing,missing,Pcal,South KoreaSugar Crops
6259,0.0,0.0,2.26518,4.91525,5.25179,,,,-0.0038199999999992684,-0.017119999999999358,-0.013729999999999798,-0.0047199999999998354,-0.0030999999999998806,SSP1,Median,South Korea,missing,Sugar Crops,SugarCrop,missing,missing,missing,missing,missing,missing,missing,Pcal,South KoreaSugar Crops
6260,0.0,0.0,2.26518,4.91525,5.25179,,,,0.011273639640859789,0.26628899019178387,0.09403566623644602,0.001706266715909681,0.002916685941588351,SSP1,Upper CI,South Korea,missing,Sugar Crops,SugarCrop,missing,missing,missing,missing,missing,missing,missing,Pcal,South KoreaSugar Crops
6279,5.83017,7.7496,7.556,7.57875,7.64511,,,,0.030879675852900194,0.021522057395731785,0.04217494947369646,0.05111505060191889,0.05098516784710165,SSP1,Lower CI,South Korea,missing,Wheat,Wheat,missing,missing,missing,missing,missing,missing,missing,Pcal,South KoreaWheat
6280,5.83017,7.7496,7.556,7.57875,7.64511,,,,0.04657,0.05869000000000035,0.05820999999999987,0.054039999999999644,0.051890000000000214,SSP1,Median,South Korea,missing,Wheat,Wheat,missing,missing,missing,missing,missing,missing,missing,Pcal,South KoreaWheat
6281,5.83017,7.7496,7.556,7.57875,7.64511,,,,0.06465460986138497,0.07223394260426821,0.06327768210525121,0.06022179150334376,0.05494114794237161,SSP1,Upper CI,South Korea,missing,Wheat,Wheat,missing,missing,missing,missing,missing,missing,missing,Pcal,South KoreaWheat
6300,11.2451,13.6725,15.4206,17.3489,17.6587,,,,0.14479184745090024,0.12882618524085068,0.13091097060496726,0.12984445361107247,0.12616538409934774,SSP1,Lower CI,Southeast Asia,missing,Corn,Corn,missing,missing,missing,missing,missing,missing,missing,Pcal,Southeast AsiaCorn
6301,11.2451,13.6725,15.4206,17.3489,17.6587,,,,0.15500000000000114,0.1457999999999977,0.1385000000000005,0.13230000000000075,0.1269999999999989,SSP1,Median,Southeast Asia,missing,Corn,Corn,missing,missing,missing,missing,missing,missing,missing,Pcal,Southeast AsiaCorn
6302,11.2451,13.6725,15.4206,17.3489,17.6587,,,,0.18717958112053018,0.16457381475914715,0.14133113465818892,0.13482923059945665,0.12889777379538814,SSP1,Upper CI,Southeast Asia,missing,Corn,Corn,missing,missing,missing,missing,missing,missing,missing,Pcal,Southeast AsiaCorn
6321,14.513929999999998,21.878980000000002,23.906950000000002,26.6748,30.7273,,,,-0.003085844854662014,-0.046823147572355985,-0.01706765641084832,-0.015225915568497929,-0.012364480980800507,SSP1,Lower CI,Southeast Asia,missingmissing,Fruits and Vegetables,FruitsVegetables,missingmissing,missingmissing,missingmissing,missingmissing,missingmissing,missingmissing,missingmissing,Pcal,Southeast AsiaFruits and Vegetables
6322,14.513929999999998,21.878980000000002,23.906950000000002,26.6748,30.7273,,,,0.0057000000000009265,-0.00409999999999755,-0.007600000000003604,-0.007799999999999585,-0.007900000000002905,SSP1,Median,Southeast Asia,missingmissing,Fruits and Vegetables,FruitsVegetables,missingmissing,missingmissing,missingmissing,missingmissing,missingmissing,missingmissing,missingmissing,Pcal,Southeast AsiaFruits and Vegetables
6323,14.513929999999998,21.878980000000002,23.906950000000002,26.6748,30.7273,,,,0.02042870199752036,0.031689814239021445,-0.0006481330628394788,0.0005627576737638473,-0.0018144663876260196,SSP1,Upper CI,Southeast Asia,missingmissing,Fruits and Vegetables,FruitsVegetables,missingmissing,missingmissing,missingmissing,missingmissing,missingmissing,missingmissing,missingmissing,Pcal,Southeast AsiaFruits and Vegetables
6342,0.490434,1.10599,1.5767,1.70805,1.96986,,,,0.003111174199959728,0.0009375926689298357,0.003219183705714271,0.0036098902076215494,0.003975919791979612,SSP1,Lower CI,Southeast Asia,missing,Other Crops,MiscCrop,missing,missing,missing,missing,missing,missing,missing,Pcal,Southeast AsiaOther Crops
6343,0.490434,1.10599,1.5767,1.70805,1.96986,,,,0.003610000000000113,0.003430000000000266,0.0037400000000000766,0.004020000000000135,0.0042200000000001125,SSP1,Median,Southeast Asia,missing,Other Crops,MiscCrop,missing,missing,missing,missing,missing,missing,missing,Pcal,Southeast AsiaOther Crops
6344,0.490434,1.10599,1.5767,1.70805,1.96986,,,,0.0043516829428977095,0.005606407331070403,0.004162921557443463,0.00449432031869451,0.004505132839599409,SSP1,Upper CI,Southeast Asia,missing,Other Crops,MiscCrop,missing,missing,missing,missing,missing,missing,missing,Pcal,Southeast AsiaOther Crops
6363,12.093595,16.560016,24.710624000000003,30.382199999999997,34.932045,,,,-0.09959162899960292,-0.1223232518103054,0.017217217315984468,0.032071000110018844,0.04306081551292251,SSP1,Lower CI,Southeast Asia,missingmissingmissingmissing,Plant Oils,FiberCropOilCropOilPalmSoybean,missingmissingmissingmissing,missingmissingmissingmissing,missingmissingmissingmissing,missingmissingmissingmissing,missingmissingmissingmissing,missingmissingmissingmissing,missingmissingmissingmissing,Pcal,Southeast AsiaPlant Oils
6364,12.093595,16.560016,24.710624000000003,30.382199999999997,34.932045,,,,-0.014859999999997764,0.021264000000002947,0.042401999999999274,0.05495500000000131,0.05726899999999824,SSP1,Median,Southeast Asia,missingmissingmissingmissing,Plant Oils,FiberCropOilCropOilPalmSoybean,missingmissingmissingmissing,missingmissingmissingmissing,missingmissingmissingmissing,missingmissingmissingmissing,missingmissingmissingmissing,missingmissingmissingmissing,missingmissingmissingmissing,Pcal,Southeast AsiaPlant Oils
6365,12.093595,16.560016,24.710624000000003,30.382199999999997,34.932045,,,,0.00895477185674965,0.11811685181030943,0.08904815110506324,0.08741268410050586,0.07687634238181211,SSP1,Upper CI,Southeast Asia,missingmissingmissingmissing,Plant Oils,FiberCropOilCropOilPalmSoybean,missingmissingmissingmissing,missingmissingmissingmissing,missingmissingmissingmissing,missingmissingmissingmissing,missingmissingmissingmissing,missingmissingmissingmissing,missingmissingmissingmissing,Pcal,Southeast AsiaPlant Oils
6384,1.00643,1.83211,3.13017,4.23721,4.33739,,,,0.05633662130983885,0.06936081492059352,0.08800745835130765,0.08865512373129229,0.08678924675649234,SSP1,Lower CI,Southeast Asia,missing,Other Grains,OtherGrain,missing,missing,missing,missing,missing,missing,missing,Pcal,Southeast AsiaOther Grains
6385,1.00643,1.83211,3.13017,4.23721,4.33739,,,,0.06754000000000016,0.07214000000000009,0.1019300000000003,0.1018699999999999,0.10010999999999992,SSP1,Median,Southeast Asia,missing,Other Grains,OtherGrain,missing,missing,missing,missing,missing,missing,missing,Pcal,Southeast AsiaOther Grains
6386,1.00643,1.83211,3.13017,4.23721,4.33739,,,,0.07861195011873229,0.08343251841273909,0.10350938375395603,0.10424487626870728,0.10205180587508679,SSP1,Upper CI,Southeast Asia,missing,Other Grains,OtherGrain,missing,missing,missing,missing,missing,missing,missing,Pcal,Southeast AsiaOther Grains
6405,30.790201,56.693604,69.424374,78.454035,90.719969,,,,-0.00923831195431165,-0.019196221042424844,-0.0353814834951211,-0.050127658148798236,-0.0553317191030089,SSP1,Lower CI,Southeast Asia,missingmissingmissingmissingmissingmissingmissingmissing,Protein,BeefDairyOtherMeat_FishPorkPoultrySheepGoatLegumesNutsSeeds,missingmissingmissingmissingmissingmissingmissingmissing,missingmissingmissingmissingmissingmissingmissingmissing,missingmissingmissingmissingmissingmissingmissingmissing,missingmissingmissingmissingmissingmissingmissingmissing,missingmissingmissingmissingmissingmissingmissingmissing,missingmissingmissingmissingmissingmissingmissingmissing,missingmissingmissingmissingmissingmissingmissingmissing,Pcal,Southeast AsiaProtein
6406,30.790201,56.693604,69.424374,78.454035,90.719969,,,,0.02520899999999837,-0.003608999999997753,-0.014198999999996742,-0.02871200000000318,-0.03642000000000256,SSP1,Median,Southeast Asia,missingmissingmissingmissingmissingmissingmissingmissing,Protein,BeefDairyOtherMeat_FishPorkPoultrySheepGoatLegumesNutsSeeds,missingmissingmissingmissingmissingmissingmissingmissing,missingmissingmissingmissingmissingmissingmissingmissing,missingmissingmissingmissingmissingmissingmissingmissing,missingmissingmissingmissingmissingmissingmissingmissing,missingmissingmissingmissingmissingmissingmissingmissing,missingmissingmissingmissingmissingmissingmissingmissing,missingmissingmissingmissingmissingmissingmissingmissing,Pcal,Southeast AsiaProtein
6407,30.790201,56.693604,69.424374,78.454035,90.719969,,,,0.05437631195430854,0.08048222104242976,0.008030115074074678,-0.011744341851201968,-0.017303859844369378,SSP1,Upper CI,Southeast Asia,missingmissingmissingmissingmissingmissingmissingmissing,Protein,BeefDairyOtherMeat_FishPorkPoultrySheepGoatLegumesNutsSeeds,missingmissingmissingmissingmissingmissingmissingmissing,missingmissingmissingmissingmissingmissingmissingmissing,missingmissingmissingmissingmissingmissingmissingmissing,missingmissingmissingmissingmissingmissingmissingmissing,missingmissingmissingmissingmissingmissingmissingmissing,missingmissingmissingmissingmissingmissingmissingmissing,missingmissingmissingmissingmissingmissingmissingmissing,Pcal,Southeast AsiaProtein
6426,121.519,172.095,172.24,170.217,173.663,,,,-0.7346698948903491,-0.7733852581227797,-0.6585262193740684,-0.6037880531844628,-0.5779236197717539,SSP1,Lower CI,Southeast Asia,missing,Rice,Rice,missing,missing,missing,missing,missing,missing,missing,Pcal,Southeast AsiaRice
6427,121.519,172.095,172.24,170.217,173.663,,,,-0.6659999999999968,-0.6479999999999961,-0.6329999999999814,-0.5970000000000084,-0.575000000000017,SSP1,Median,Southeast Asia,missing,Rice,Rice,missing,missing,missing,missing,missing,missing,missing,Pcal,Southeast AsiaRice
6428,121.519,172.095,172.24,170.217,173.663,,,,-0.5941872479667886,-0.5514147418772098,-0.5988422016785475,-0.5862119468155469,-0.5639711170703647,SSP1,Upper CI,Southeast Asia,missing,Rice,Rice,missing,missing,missing,missing,missing,missing,missing,Pcal,Southeast AsiaRice
6447,6.66315,8.07227,9.64465,11.0055,11.2356,,,,0.13207724251742065,0.09802147728229393,0.10424397281878131,0.10295569599677472,0.09940691818101063,SSP1,Lower CI,Southeast Asia,missing,Roots and Tubers,RootTuber,missing,missing,missing,missing,missing,missing,missing,Pcal,Southeast AsiaRoots and Tubers
6448,6.66315,8.07227,9.64465,11.0055,11.2356,,,,0.14809999999999945,0.11960000000000015,0.11099999999999888,0.1075999999999997,0.10210000000000008,SSP1,Median,Southeast Asia,missing,Roots and Tubers,RootTuber,missing,missing,missing,missing,missing,missing,missing,Pcal,Southeast AsiaRoots and Tubers
6449,6.66315,8.07227,9.64465,11.0055,11.2356,,,,0.15635132891114956,0.13935185605103922,0.1165665534970072,0.11151798821375232,0.10632992392425078,SSP1,Upper CI,Southeast Asia,missing,Roots and Tubers,RootTuber,missing,missing,missing,missing,missing,missing,missing,Pcal,Southeast AsiaRoots and Tubers
6468,3.60769,6.02495,21.8961,33.1836,38.0298,,,,-0.1763273681749556,-0.19697601703843493,-0.14775255773027954,-0.1527667981312025,-0.14539408897457037,SSP1,Lower CI,Southeast Asia,missing,Sugar Crops,SugarCrop,missing,missing,missing,missing,missing,missing,missing,Pcal,Southeast AsiaSugar Crops
6469,3.60769,6.02495,21.8961,33.1836,38.0298,,,,-0.17139999999999844,-0.15510000000000446,-0.1402000000000001,-0.13410000000000366,-0.1308999999999969,SSP1,Median,Southeast Asia,missing,Sugar Crops,SugarCrop,missing,missing,missing,missing,missing,missing,missing,Pcal,Southeast AsiaSugar Crops
6470,3.60769,6.02495,21.8961,33.1836,38.0298,,,,-0.15281548896789576,-0.05415731629490385,-0.13213165279603353,-0.1257279387109085,-0.12204801628859661,SSP1,Upper CI,Southeast Asia,missing,Sugar Crops,SugarCrop,missing,missing,missing,missing,missing,missing,missing,Pcal,Southeast AsiaSugar Crops
6489,12.0615,20.0949,18.2128,22.4874,23.0072,,,,0.24121131705987076,0.19152140699004644,0.2538088869235473,0.2501404378651059,0.24181105384325777,SSP1,Lower CI,Southeast Asia,missing,Wheat,Wheat,missing,missing,missing,missing,missing,missing,missing,Pcal,Southeast AsiaWheat
6490,12.0615,20.0949,18.2128,22.4874,23.0072,,,,0.2995999999999981,0.285499999999999,0.27539999999999765,0.25590000000000046,0.24520000000000053,SSP1,Median,Southeast Asia,missing,Wheat,Wheat,missing,missing,missing,missing,missing,missing,missing,Pcal,Southeast AsiaWheat
6491,12.0615,20.0949,18.2128,22.4874,23.0072,,,,0.3345886829401272,0.4498252596766195,0.3182963762343455,0.2667437726612117,0.24800999878831984,SSP1,Upper CI,Southeast Asia,missing,Wheat,Wheat,missing,missing,missing,missing,missing,missing,missing,Pcal,Southeast AsiaWheat
6510,0.326298,0.498349,0.589429,0.617293,0.609958,,,,0.03292356653023137,0.030274195256437895,0.02958421709845688,0.030675262792725703,0.030916220911808893,SSP1,Lower CI,Taiwan,missing,Corn,Corn,missing,missing,missing,missing,missing,missing,missing,Pcal,TaiwanCorn
6511,0.326298,0.498349,0.589429,0.617293,0.609958,,,,0.033320999999999934,0.03237100000000004,0.03140900000000002,0.031164999999999998,0.031299999999999994,SSP1,Median,Taiwan,missing,Corn,Corn,missing,missing,missing,missing,missing,missing,missing,Pcal,TaiwanCorn
6512,0.326298,0.498349,0.589429,0.617293,0.609958,,,,0.03462071918405427,0.034162871410228855,0.032354835533122045,0.03158821089148477,0.031605568561875345,SSP1,Upper CI,Taiwan,missing,Corn,Corn,missing,missing,missing,missing,missing,missing,missing,Pcal,TaiwanCorn
6531,1.7001680000000001,2.068051,1.952601,1.9680300000000002,2.0643830000000003,,,,-0.005799049927635311,-0.012870771751460251,-0.007391963729946938,-0.0065159318649580565,-0.006160384071235456,SSP1,Lower CI,Taiwan,missingmissing,Fruits and Vegetables,FruitsVegetables,missingmissing,missingmissing,missingmissing,missingmissing,missingmissing,missingmissing,missingmissing,Pcal,TaiwanFruits and Vegetables
6532,1.7001680000000001,2.068051,1.952601,1.9680300000000002,2.0643830000000003,,,,-0.004870000000000152,-0.005979999999999874,-0.006170000000000009,-0.005850000000000133,-0.005770000000000053,SSP1,Median,Taiwan,missingmissing,Fruits and Vegetables,FruitsVegetables,missingmissing,missingmissing,missingmissing,missingmissing,missingmissing,missingmissing,missingmissing,Pcal,TaiwanFruits and Vegetables
6533,1.7001680000000001,2.068051,1.952601,1.9680300000000002,2.0643830000000003,,,,-0.0042809500723647465,-0.0025678949152060085,-0.005523825743737417,-0.0053935418192525885,-0.00552908961297508,SSP1,Upper CI,Taiwan,missingmissing,Fruits and Vegetables,FruitsVegetables,missingmissing,missingmissing,missingmissing,missingmissing,missingmissing,missingmissing,missingmissing,Pcal,TaiwanFruits and Vegetables
6552,0.170437,0.261466,0.261435,0.235238,0.246878,,,,-0.0002497466421439076,-0.0009807583703608828,-0.0003473569528749089,-0.00024436360086906755,-0.00021069858378469397,SSP1,Lower CI,Taiwan,missing,Other Crops,MiscCrop,missing,missing,missing,missing,missing,missing,missing,Pcal,TaiwanOther Crops
6553,0.170437,0.261466,0.261435,0.235238,0.246878,,,,-0.00013999999999997348,-0.00021900000000002473,-0.00020999999999998797,-0.00016399999999999748,-0.00017099999999997673,SSP1,Median,Taiwan,missing,Other Crops,MiscCrop,missing,missing,missing,missing,missing,missing,missing,Pcal,TaiwanOther Crops
6554,0.170437,0.261466,0.261435,0.235238,0.246878,,,,-8.225335785604375e-05,0.00016395837036084314,-0.00012895883659874032,-0.00011637324123616775,-0.0001430908898994818,SSP1,Upper CI,Taiwan,missing,Other Crops,MiscCrop,missing,missing,missing,missing,missing,missing,missing,Pcal,TaiwanOther Crops
6573,4.2347681,4.435049,5.234562,5.342363000000001,5.599336,,,,-0.017184613603937585,-0.02235986851627624,-0.007210234537172584,-0.008595259172707634,-0.006691550782714157,SSP1,Lower CI,Taiwan,missingmissingmissing,Plant Oils,OilCropOilPalmSoybean,missingmissingmissing,missingmissingmissing,missingmissingmissing,missingmissingmissing,missingmissingmissing,missingmissingmissing,missingmissingmissing,Pcal,TaiwanPlant Oils
6574,4.2347681,4.435049,5.234562,5.342363000000001,5.599336,,,,-0.01537400000000022,-0.006326000000000276,-0.0045019999999997284,-0.005645000000000233,-0.0052960000000001894,SSP1,Median,Taiwan,missingmissingmissing,Plant Oils,OilCropOilPalmSoybean,missingmissingmissing,missingmissingmissing,missingmissingmissing,missingmissingmissing,missingmissingmissing,missingmissingmissing,missingmissingmissing,Pcal,TaiwanPlant Oils
6575,4.2347681,4.435049,5.234562,5.342363000000001,5.599336,,,,-0.00797024353891991,0.004621335182942096,0.00389612927401533,-0.0003762145115032787,-0.002300133427812144,SSP1,Upper CI,Taiwan,missingmissingmissing,Plant Oils,OilCropOilPalmSoybean,missingmissingmissing,missingmissingmissing,missingmissingmissing,missingmissingmissing,missingmissingmissing,missingmissingmissing,missingmissingmissing,Pcal,TaiwanPlant Oils
6594,0.100545,0.212464,0.441194,0.531177,0.526959,,,,0.029147707772925642,0.02504631937967508,0.026798639735362416,0.027825462363608385,0.027966443751552966,SSP1,Lower CI,Taiwan,missing,Other Grains,OtherGrain,missing,missing,missing,missing,missing,missing,missing,Pcal,TaiwanOther Grains
6595,0.100545,0.212464,0.441194,0.531177,0.526959,,,,0.029660999999999937,0.028739999999999988,0.028447,0.028139999999999943,0.02825600000000006,SSP1,Median,Taiwan,missing,Other Grains,OtherGrain,missing,missing,missing,missing,missing,missing,missing,Pcal,TaiwanOther Grains
6596,0.100545,0.212464,0.441194,0.531177,0.526959,,,,0.030632863655645715,0.030531013953658127,0.02921220236990066,0.028412432373233643,0.028481766774762884,SSP1,Upper CI,Taiwan,missing,Other Grains,OtherGrain,missing,missing,missing,missing,missing,missing,missing,Pcal,TaiwanOther Grains
6615,5.4694942,6.7388088,6.5144386999999995,6.4658209,6.7916066,,,,-0.013673559090970167,-0.026967321421016426,-0.01661052941933807,-0.015104998013755783,-0.015048831255591385,SSP1,Lower CI,Taiwan,missingmissingmissingmissingmissingmissingmissingmissing,Protein,BeefDairyOtherMeat_FishPorkPoultrySheepGoatLegumesNutsSeeds,missingmissingmissingmissingmissingmissingmissingmissing,missingmissingmissingmissingmissingmissingmissingmissing,missingmissingmissingmissingmissingmissingmissingmissing,missingmissingmissingmissingmissingmissingmissingmissing,missingmissingmissingmissingmissingmissingmissingmissing,missingmissingmissingmissingmissingmissingmissingmissing,missingmissingmissingmissingmissingmissingmissingmissing,Pcal,TaiwanProtein
6616,5.4694942,6.7388088,6.5144386999999995,6.4658209,6.7916066,,,,-0.01167850000000021,-0.012231599999999995,-0.01168429999999989,-0.011781900000000053,-0.012312100000000048,SSP1,Median,Taiwan,missingmissingmissingmissingmissingmissingmissingmissing,Protein,BeefDairyOtherMeat_FishPorkPoultrySheepGoatLegumesNutsSeeds,missingmissingmissingmissingmissingmissingmissingmissing,missingmissingmissingmissingmissingmissingmissingmissing,missingmissingmissingmissingmissingmissingmissingmissing,missingmissingmissingmissingmissingmissingmissingmissing,missingmissingmissingmissingmissingmissingmissingmissing,missingmissingmissingmissingmissingmissingmissingmissing,missingmissingmissingmissingmissingmissingmissingmissing,Pcal,TaiwanProtein
6617,5.4694942,6.7388088,6.5144386999999995,6.4658209,6.7916066,,,,-0.005424812337601774,-0.006170051912316536,-0.009289228475398967,-0.010155338828349573,-0.010738821375987409,SSP1,Upper CI,Taiwan,missingmissingmissingmissingmissingmissingmissingmissing,Protein,BeefDairyOtherMeat_FishPorkPoultrySheepGoatLegumesNutsSeeds,missingmissingmissingmissingmissingmissingmissingmissing,missingmissingmissingmissingmissingmissingmissingmissing,missingmissingmissingmissingmissingmissingmissingmissing,missingmissingmissingmissingmissingmissingmissingmissing,missingmissingmissingmissingmissingmissingmissingmissing,missingmissingmissingmissingmissingmissingmissingmissing,missingmissingmissingmissingmissingmissingmissingmissing,Pcal,TaiwanProtein
6636,4.64282,4.11502,3.89948,3.76519,3.72535,,,,-0.2563663841154286,-0.260076731266469,-0.2592529926105469,-0.2534805843170072,-0.25158118798672985,SSP1,Lower CI,Taiwan,missing,Rice,Rice,missing,missing,missing,missing,missing,missing,missing,Pcal,TaiwanRice
6637,4.64282,4.11502,3.89948,3.76519,3.72535,,,,-0.24894000000000016,-0.25207999999999986,-0.25177000000000005,-0.25149,-0.24973,SSP1,Median,Taiwan,missing,Rice,Rice,missing,missing,missing,missing,missing,missing,missing,Pcal,TaiwanRice
6638,4.64282,4.11502,3.89948,3.76519,3.72535,,,,-0.24145647302742881,-0.22084726873353097,-0.23838490212629546,-0.24879309989351897,-0.24854407517116522,SSP1,Upper CI,Taiwan,missing,Rice,Rice,missing,missing,missing,missing,missing,missing,missing,Pcal,TaiwanRice
6657,0.135611,0.190952,0.228418,0.22967,0.227656,,,,0.012089354878159252,0.009916120407521775,0.01070874721346987,0.011158755626821358,0.011258587006048653,SSP1,Lower CI,Taiwan,missing,Roots and Tubers,RootTuber,missing,missing,missing,missing,missing,missing,missing,Pcal,TaiwanRoots and Tubers
6658,0.135611,0.190952,0.228418,0.22967,0.227656,,,,0.012779000000000013,0.011587000000000014,0.011213,0.011404999999999998,0.01141600000000001,SSP1,Median,Taiwan,missing,Roots and Tubers,RootTuber,missing,missing,missing,missing,missing,missing,missing,Pcal,TaiwanRoots and Tubers
6659,0.135611,0.190952,0.228418,0.22967,0.227656,,,,0.013413502264697926,0.013081346259144913,0.011774936997056435,0.011630823320547077,0.011582570888688198,SSP1,Upper CI,Taiwan,missing,Roots and Tubers,RootTuber,missing,missing,missing,missing,missing,missing,missing,Pcal,TaiwanRoots and Tubers
6678,0.467821,0.391497,1.46336,2.21875,2.30333,,,,-0.004664877365811199,-0.018378001794740945,-0.006456006173927711,-0.005120641426093045,-0.0046096530984071965,SSP1,Lower CI,Taiwan,missing,Sugar Crops,SugarCrop,missing,missing,missing,missing,missing,missing,missing,Pcal,TaiwanSugar Crops
6679,0.467821,0.391497,1.46336,2.21875,2.30333,,,,-0.0034399999999998876,-0.0036999999999998145,-0.004240000000000244,-0.00411000000000028,-0.0040599999999999525,SSP1,Median,Taiwan,missing,Sugar Crops,SugarCrop,missing,missing,missing,missing,missing,missing,missing,Pcal,TaiwanSugar Crops
6680,0.467821,0.391497,1.46336,2.21875,2.30333,,,,-0.0006608369199030844,0.03663400179474111,-0.003252414878704176,-0.0031277796265388597,-0.0033587679542244155,SSP1,Upper CI,Taiwan,missing,Sugar Crops,SugarCrop,missing,missing,missing,missing,missing,missing,missing,Pcal,TaiwanSugar Crops
6699,3.01862,3.96654,3.44784,3.37471,3.36403,,,,0.16351526871357763,0.15118449127487746,0.16878042868988094,0.17713852636627206,0.1768735718042726,SSP1,Lower CI,Taiwan,missing,Wheat,Wheat,missing,missing,missing,missing,missing,missing,missing,Pcal,TaiwanWheat
6700,3.01862,3.96654,3.44784,3.37471,3.36403,,,,0.17120000000000024,0.1774899999999997,0.18080000000000007,0.18030999999999997,0.1787099999999997,SSP1,Median,Taiwan,missing,Wheat,Wheat,missing,missing,missing,missing,missing,missing,missing,Pcal,TaiwanWheat
6701,3.01862,3.96654,3.44784,3.37471,3.36403,,,,0.18106758842927956,0.18646084205845534,0.18809430815222442,0.183477263107412,0.1810716913536219,SSP1,Upper CI,Taiwan,missing,Wheat,Wheat,missing,missing,missing,missing,missing,missing,missing,Pcal,TaiwanWheat
6720,15.6366,18.3728,17.5031,16.4512,16.9483,,,,0.020933143466575984,0.0069618656274992585,0.017567381569198272,0.02913040615233287,0.03297831854970702,SSP1,Lower CI,USA,missing,Corn,Corn,missing,missing,missing,missing,missing,missing,missing,Pcal,USACorn
6721,15.6366,18.3728,17.5031,16.4512,16.9483,,,,0.03200000000000003,0.027599999999999625,0.02650000000000219,0.03529999999999944,0.035600000000002296,SSP1,Median,USA,missing,Corn,Corn,missing,missing,missing,missing,missing,missing,missing,Pcal,USACorn
6722,15.6366,18.3728,17.5031,16.4512,16.9483,,,,0.05915257081913537,0.06373146770583227,0.04090630264133013,0.04139590963713838,0.0395901025029267,SSP1,Upper CI,USA,missing,Corn,Corn,missing,missing,missing,missing,missing,missing,missing,Pcal,USACorn
6741,17.451079999999997,21.22513,21.721719999999998,23.0971,24.64748,,,,-0.015306986136281253,-0.04744052716342836,-0.014709755096689555,-0.00937661039466932,-0.007293039868059468,SSP1,Lower CI,USA,missingmissing,Fruits and Vegetables,FruitsVegetables,missingmissing,missingmissing,missingmissing,missingmissing,missingmissing,missingmissing,missingmissing,Pcal,USAFruits and Vegetables
6742,17.451079999999997,21.22513,21.721719999999998,23.0971,24.64748,,,,-0.008599999999999497,-0.00720000000000276,-0.006199999999999761,-0.0030000000000001137,-0.0030999999999998806,SSP1,Median,USA,missingmissing,Fruits and Vegetables,FruitsVegetables,missingmissing,missingmissing,missingmissing,missingmissing,missingmissing,missingmissing,missingmissing,Pcal,USAFruits and Vegetables
6743,17.451079999999997,21.22513,21.721719999999998,23.0971,24.64748,,,,0.014106986136284557,0.026040527163424233,0.00019396562300607809,0.003050294605194673,0.0017140924996387032,SSP1,Upper CI,USA,missingmissing,Fruits and Vegetables,FruitsVegetables,missingmissing,missingmissing,missingmissing,missingmissing,missingmissing,missingmissing,missingmissing,Pcal,USAFruits and Vegetables
6762,2.84411,3.7072,3.26608,3.14258,3.35663,,,,-0.0002661255662950654,-0.002908689583671421,0.0014402296722733749,0.00222776757035849,0.0025255716622652117,SSP1,Lower CI,USA,missing,Other Crops,MiscCrop,missing,missing,missing,missing,missing,missing,missing,Pcal,USAOther Crops
6763,2.84411,3.7072,3.26608,3.14258,3.35663,,,,0.0017299999999993432,0.0018700000000002603,0.0025300000000001432,0.003090000000000259,0.0030100000000006233,SSP1,Median,USA,missing,Other Crops,MiscCrop,missing,missing,missing,missing,missing,missing,missing,Pcal,USAOther Crops
6764,2.84411,3.7072,3.26608,3.14258,3.35663,,,,0.003483268423437175,0.005767356250338104,0.003212401906674089,0.003705916640167853,0.0035112704429982743,SSP1,Upper CI,USA,missing,Other Crops,MiscCrop,missing,missing,missing,missing,missing,missing,missing,Pcal,USAOther Crops
6783,46.158811,61.3454727,56.180550999999994,50.465283,53.730249,,,,-0.06982488694741716,-0.12096145291280863,-0.005070534927496394,-0.008002699076575491,0.004437894530845442,SSP1,Lower CI,USA,missingmissingmissingmissing,Plant Oils,FiberCropOilCropOilPalmSoybean,missingmissingmissingmissing,missingmissingmissingmissing,missingmissingmissingmissing,missingmissingmissingmissing,missingmissingmissingmissing,missingmissingmissingmissing,missingmissingmissingmissing,Pcal,USAPlant Oils
6784,46.158811,61.3454727,56.180550999999994,50.465283,53.730249,,,,0.00017499999999945337,0.028155999999998876,0.0154579999999985,0.02336999999999817,0.02982200000000368,SSP1,Median,USA,missingmissingmissingmissing,Plant Oils,FiberCropOilCropOilPalmSoybean,missingmissingmissingmissing,missingmissingmissingmissing,missingmissingmissingmissing,missingmissingmissingmissing,missingmissingmissingmissing,missingmissingmissingmissing,missingmissingmissingmissing,Pcal,USAPlant Oils
6785,46.158811,61.3454727,56.180550999999994,50.465283,53.730249,,,,0.04031345837598446,0.09347358624614524,0.10500232440117804,0.07471712012920473,0.062481368627054105,SSP1,Upper CI,USA,missingmissingmissingmissing,Plant Oils,FiberCropOilCropOilPalmSoybean,missingmissingmissingmissing,missingmissingmissingmissing,missingmissingmissingmissing,missingmissingmissingmissing,missingmissingmissingmissing,missingmissingmissingmissing,missingmissingmissingmissing,Pcal,USAPlant Oils
6804,5.91782,5.47794,11.3307,15.8692,16.4076,,,,0.011989604889992976,0.0024207648486884517,0.0021003455867164428,0.008675367682361483,0.010276085307159155,SSP1,Lower CI,USA,missing,Other Grains,OtherGrain,missing,missing,missing,missing,missing,missing,missing,Pcal,USAOther Grains
6805,5.91782,5.47794,11.3307,15.8692,16.4076,,,,0.02039999999999864,0.015499999999999403,0.010999999999999233,0.010799999999999699,0.010799999999999699,SSP1,Median,USA,missing,Other Grains,OtherGrain,missing,missing,missing,missing,missing,missing,missing,Pcal,USAOther Grains
6806,5.91782,5.47794,11.3307,15.8692,16.4076,,,,0.06675325225286438,0.02955256848464284,0.015920707044860146,0.01204042179131895,0.012113388377048182,SSP1,Upper CI,USA,missing,Other Grains,OtherGrain,missing,missing,missing,missing,missing,missing,missing,Pcal,USAOther Grains
6825,120.557365,150.132106,136.088684,131.697424,140.416246,,,,0.043620870079921534,0.07456143986641206,0.06586117616797543,0.08254562291979922,0.0905152070708215,SSP1,Lower CI,USA,missingmissingmissingmissingmissingmissingmissingmissing,Protein,BeefDairyOtherMeat_FishPorkPoultrySheepGoatLegumesNutsSeeds,missingmissingmissingmissingmissingmissingmissingmissing,missingmissingmissingmissingmissingmissingmissingmissing,missingmissingmissingmissingmissingmissingmissingmissing,missingmissingmissingmissingmissingmissingmissingmissing,missingmissingmissingmissingmissingmissingmissingmissing,missingmissingmissingmissingmissingmissingmissingmissing,missingmissingmissingmissingmissingmissingmissingmissing,Pcal,USAProtein
6826,120.557365,150.132106,136.088684,131.697424,140.416246,,,,0.07339799999999863,0.08671799999999263,0.10749399999998926,0.1108009999999966,0.10874599999999879,SSP1,Median,USA,missingmissingmissingmissingmissingmissingmissingmissing,Protein,BeefDairyOtherMeat_FishPorkPoultrySheepGoatLegumesNutsSeeds,missingmissingmissingmissingmissingmissingmissingmissing,missingmissingmissingmissingmissingmissingmissingmissing,missingmissingmissingmissingmissingmissingmissingmissing,missingmissingmissingmissingmissingmissingmissingmissing,missingmissingmissingmissingmissingmissingmissingmissing,missingmissingmissingmissingmissingmissingmissingmissing,missingmissingmissingmissingmissingmissingmissingmissing,Pcal,USAProtein
6827,120.557365,150.132106,136.088684,131.697424,140.416246,,,,0.11647255849151485,0.1389196268002431,0.13339650804254127,0.13081090339598317,0.12892984556075868,SSP1,Upper CI,USA,missingmissingmissingmissingmissingmissingmissingmissing,Protein,BeefDairyOtherMeat_FishPorkPoultrySheepGoatLegumesNutsSeeds,missingmissingmissingmissingmissingmissingmissingmissing,missingmissingmissingmissingmissingmissingmissingmissing,missingmissingmissingmissingmissingmissingmissingmissing,missingmissingmissingmissingmissingmissingmissingmissing,missingmissingmissingmissingmissingmissingmissingmissing,missingmissingmissingmissingmissingmissingmissingmissing,missingmissingmissingmissingmissingmissingmissingmissing,Pcal,USAProtein
6846,7.21018,8.42588,8.51922,8.79923,9.05664,,,,-0.1100544528286002,-0.09587790281199673,-0.09743582549864108,-0.08784421760719502,-0.08315329070601782,SSP1,Lower CI,USA,missing,Rice,Rice,missing,missing,missing,missing,missing,missing,missing,Pcal,USARice
6847,7.21018,8.42588,8.51922,8.79923,9.05664,,,,-0.08619999999999983,-0.08250000000000135,-0.0890999999999984,-0.08590000000000053,-0.08160000000000167,SSP1,Median,USA,missing,Rice,Rice,missing,missing,missing,missing,missing,missing,missing,Pcal,USARice
6848,7.21018,8.42588,8.51922,8.79923,9.05664,,,,-0.06677411859997072,-0.02232209718800466,-0.0673431218697787,-0.08378736134017298,-0.08049934087293184,SSP1,Upper CI,USA,missing,Rice,Rice,missing,missing,missing,missing,missing,missing,missing,Pcal,USARice
6867,10.6559,13.4639,12.6694,12.8673,13.2881,,,,-0.056414535452795816,-0.07363947415577685,-0.0585982882053264,-0.05042386032926762,-0.049582853941168174,SSP1,Lower CI,USA,missing,Roots and Tubers,RootTuber,missing,missing,missing,missing,missing,missing,missing,Pcal,USARoots and Tubers
6868,10.6559,13.4639,12.6694,12.8673,13.2881,,,,-0.03549999999999898,-0.04679999999999929,-0.0472999999999999,-0.04299999999999926,-0.045300000000001006,SSP1,Median,USA,missing,Roots and Tubers,RootTuber,missing,missing,missing,missing,missing,missing,missing,Pcal,USARoots and Tubers
6869,10.6559,13.4639,12.6694,12.8673,13.2881,,,,0.0053859640242250595,0.010252807489110123,-0.033717501268357326,-0.03681824493389057,-0.040890830269357824,SSP1,Upper CI,USA,missing,Roots and Tubers,RootTuber,missing,missing,missing,missing,missing,missing,missing,Pcal,USARoots and Tubers
6888,9.78634,12.4992,26.0867,38.053,40.5193,,,,-0.12579284590595938,-0.20218523944691133,-0.13590073628761337,-0.1370259012418717,-0.1348944168739737,SSP1,Lower CI,USA,missing,Sugar Crops,SugarCrop,missing,missing,missing,missing,missing,missing,missing,Pcal,USASugar Crops
6889,9.78634,12.4992,26.0867,38.053,40.5193,,,,-0.08070000000000022,-0.10779999999999745,-0.12349999999999994,-0.12549999999999528,-0.1267000000000067,SSP1,Median,USA,missing,Sugar Crops,SugarCrop,missing,missing,missing,missing,missing,missing,missing,Pcal,USASugar Crops
6890,9.78634,12.4992,26.0867,38.053,40.5193,,,,-0.03560715409404105,0.11055857278024597,-0.10255189529132912,-0.1127740987581239,-0.1133161094418222,SSP1,Upper CI,USA,missing,Sugar Crops,SugarCrop,missing,missing,missing,missing,missing,missing,missing,Pcal,USASugar Crops
6909,71.9059,87.9658,76.5519,70.9891,73.9377,,,,-0.017105216598424594,-0.04810435178301872,0.05756843645530885,0.0702926464201223,0.07401803324583728,SSP1,Lower CI,USA,missing,Wheat,Wheat,missing,missing,missing,missing,missing,missing,missing,Pcal,USAWheat
6910,71.9059,87.9658,76.5519,70.9891,73.9377,,,,0.05189999999998918,0.08960000000000434,0.09879999999999711,0.08280000000000598,0.08099999999998886,SSP1,Median,USA,missing,Wheat,Wheat,missing,missing,missing,missing,missing,missing,missing,Pcal,USAWheat
6911,71.9059,87.9658,76.5519,70.9891,73.9377,,,,0.08567664516983953,0.12849101844969557,0.12424208986047575,0.09791787989567603,0.08584512464888863,SSP1,Upper CI,USA,missing,Wheat,Wheat,missing,missing,missing,missing,missing,missing,missing,Pcal,USAWheat
