,1990,2005,2010,2015,2020,2025,2030,2035,2040,2045,2050,2055,2060,SSP,Version,GCAM,sector,subsector,technology,output,concentration,input,product,fuel,LandLeaf,GHG,Units,categorization
0,4.96369,6.98368,8.25054,14.5062,16.2179,,,,-2.6906355394784196,-7.973801055178747,-2.050636410407471,-2.108423015282448,-2.0847646594638243,SSP1,Lower CI,Africa_Eastern,missing,missing,missing,missing,missing,missing,Feed Crops,missing,missing,missing,median change in feed supply compared to reference scenario (%),Feed CropsAfrica_Eastern
1,4.96369,6.98368,8.25054,14.5062,16.2179,,,,-2.1736602975707235,-1.7686997996249643,-1.8602098686309818,-1.908170028850107,-1.8810950272440317,SSP1,Median,Africa_Eastern,missing,missing,missing,missing,missing,missing,Feed Crops,missing,missing,missing,median change in feed supply compared to reference scenario (%),Feed CropsAfrica_Eastern
2,4.96369,6.98368,8.25054,14.5062,16.2179,,,,-1.5197205960906626,15.62778486408752,-1.5646667431311514,-1.7839006656771335,-1.7017048934698977,SSP1,Upper CI,Africa_Eastern,missing,missing,missing,missing,missing,missing,Feed Crops,missing,missing,missing,median change in feed supply compared to reference scenario (%),Feed CropsAfrica_Eastern
21,10.9645,21.0297,27.3946,33.0488,36.3164,,,,-0.003321631020839433,-0.12515643961391035,0.008043827017061203,0.028835582578010666,0.08160843090133311,SSP1,Lower CI,Africa_Eastern,missing,missing,missing,missing,missing,missing,Fodder - Herb,missing,missing,missing,median change in feed supply compared to reference scenario (%),Fodder - HerbAfrica_Eastern
22,10.9645,21.0297,27.3946,33.0488,36.3164,,,,0.14076270803065147,0.08414661292527176,0.08011353215338007,0.11867602697658569,0.15872106061222607,SSP1,Median,Africa_Eastern,missing,missing,missing,missing,missing,missing,Fodder - Herb,missing,missing,missing,median change in feed supply compared to reference scenario (%),Fodder - HerbAfrica_Eastern
23,10.9645,21.0297,27.3946,33.0488,36.3164,,,,0.2415859350337317,0.18031921919824748,0.2033288552194662,0.17373115193063626,0.2141371710727515,SSP1,Upper CI,Africa_Eastern,missing,missing,missing,missing,missing,missing,Fodder - Herb,missing,missing,missing,median change in feed supply compared to reference scenario (%),Fodder - HerbAfrica_Eastern
42,143.986,200.222,225.143,234.343,256.95,,,,0.2893260405842659,-0.36311619931709194,0.22217260905186995,0.2624985799029908,0.27935751157100375,SSP1,Lower CI,Africa_Eastern,missing,missing,missing,missing,missing,missing,Fodder - Grass,missing,missing,missing,median change in feed supply compared to reference scenario (%),Fodder - GrassAfrica_Eastern
43,143.986,200.222,225.143,234.343,256.95,,,,0.37009222062648967,0.27457318655241275,0.25469451232005536,0.278458750706657,0.28612154793275507,SSP1,Median,Africa_Eastern,missing,missing,missing,missing,missing,missing,Fodder - Grass,missing,missing,missing,median change in feed supply compared to reference scenario (%),Fodder - GrassAfrica_Eastern
44,143.986,200.222,225.143,234.343,256.95,,,,0.40948953679817546,0.5161729868151458,0.2871481968893329,0.31812052255259343,0.33265453107010823,SSP1,Upper CI,Africa_Eastern,missing,missing,missing,missing,missing,missing,Fodder - Grass,missing,missing,missing,median change in feed supply compared to reference scenario (%),Fodder - GrassAfrica_Eastern
63,8.75296,12.7568,14.648,15.3327,15.6088,,,,-4.371790392118516,-6.465730321411638,-7.357112254892592,-7.870416221882942,-7.736409238976353,SSP1,Lower CI,Africa_Eastern,missing,missing,missing,missing,missing,missing,Scavenging,missing,missing,missing,median change in feed supply compared to reference scenario (%),ScavengingAfrica_Eastern
64,8.75296,12.7568,14.648,15.3327,15.6088,,,,-2.9436517967314746,-6.02341889680767,-7.1408386809931015,-7.594724959987811,-7.527205295194617,SSP1,Median,Africa_Eastern,missing,missing,missing,missing,missing,missing,Scavenging,missing,missing,missing,median change in feed supply compared to reference scenario (%),ScavengingAfrica_Eastern
65,8.75296,12.7568,14.648,15.3327,15.6088,,,,-1.5541588293283588,-5.190726267143652,-6.642663803693044,-7.067703425458615,-6.779049628426416,SSP1,Upper CI,Africa_Eastern,missing,missing,missing,missing,missing,missing,Scavenging,missing,missing,missing,median change in feed supply compared to reference scenario (%),ScavengingAfrica_Eastern
84,9.63071,18.4329,31.9684,44.4731,50.0646,,,,-1.0906764469893921,-1.1142961198484362,-0.6255355251677504,-0.5003163299000233,-0.34483977427609186,SSP1,Lower CI,Africa_Northern,missing,missing,missing,missing,missing,missing,Feed Crops,missing,missing,missing,median change in feed supply compared to reference scenario (%),Feed CropsAfrica_Northern
85,9.63071,18.4329,31.9684,44.4731,50.0646,,,,-0.8930084840253623,-0.33353761641544366,-0.41621885628274885,-0.41452070022105436,-0.2908959648439257,SSP1,Median,Africa_Northern,missing,missing,missing,missing,missing,missing,Feed Crops,missing,missing,missing,median change in feed supply compared to reference scenario (%),Feed CropsAfrica_Northern
86,9.63071,18.4329,31.9684,44.4731,50.0646,,,,-0.6981138393346891,1.4248071201263917,-0.1769445380645418,-0.26959741819934824,-0.18347450779821223,SSP1,Upper CI,Africa_Northern,missing,missing,missing,missing,missing,missing,Feed Crops,missing,missing,missing,median change in feed supply compared to reference scenario (%),Feed CropsAfrica_Northern
105,14.0482,22.6385,24.9166,27.7005,30.7699,,,,2.1708958435161643,0.9787839817294607,2.3098411402389214,2.5114443582970973,2.6582364189488756,SSP1,Lower CI,Africa_Northern,missing,missing,missing,missing,missing,missing,Fodder - Herb,missing,missing,missing,median change in feed supply compared to reference scenario (%),Fodder - HerbAfrica_Northern
106,14.0482,22.6385,24.9166,27.7005,30.7699,,,,2.265606775361696,2.1704048289883784,2.3940503475142196,2.574715949984691,2.6971897052954366,SSP1,Median,Africa_Northern,missing,missing,missing,missing,missing,missing,Fodder - Herb,missing,missing,missing,median change in feed supply compared to reference scenario (%),Fodder - HerbAfrica_Northern
107,14.0482,22.6385,24.9166,27.7005,30.7699,,,,2.427308925031917,2.7260819994426617,2.4992361396897653,2.6443950075833462,2.7571894580412803,SSP1,Upper CI,Africa_Northern,missing,missing,missing,missing,missing,missing,Fodder - Herb,missing,missing,missing,median change in feed supply compared to reference scenario (%),Fodder - HerbAfrica_Northern
126,12.2159,16.4568,18.0598,19.7896,21.645,,,,-0.19326433752112535,-0.8799977847214563,-0.038123072181277876,0.03905505050336396,0.08404028089774149,SSP1,Lower CI,Africa_Northern,missing,missing,missing,missing,missing,missing,Fodder - Grass,missing,missing,missing,median change in feed supply compared to reference scenario (%),Fodder - GrassAfrica_Northern
127,12.2159,16.4568,18.0598,19.7896,21.645,,,,0.006785155561807875,0.03812738976138887,0.03868158410783252,0.07239578304758443,0.11065337787885209,SSP1,Median,Africa_Northern,missing,missing,missing,missing,missing,missing,Fodder - Grass,missing,missing,missing,median change in feed supply compared to reference scenario (%),Fodder - GrassAfrica_Northern
128,12.2159,16.4568,18.0598,19.7896,21.645,,,,0.17463208494662028,0.39853152307426865,0.07372176311961094,0.13093118122812722,0.15788609435089063,SSP1,Upper CI,Africa_Northern,missing,missing,missing,missing,missing,missing,Fodder - Grass,missing,missing,missing,median change in feed supply compared to reference scenario (%),Fodder - GrassAfrica_Northern
147,1.78399,2.65277,2.97311,3.32487,3.54877,,,,3.329981967260813,2.5706188467765463,3.590432218472215,3.7915009717437482,4.10032068783322,SSP1,Lower CI,Africa_Northern,missing,missing,missing,missing,missing,missing,Scavenging,missing,missing,missing,median change in feed supply compared to reference scenario (%),ScavengingAfrica_Northern
148,1.78399,2.65277,2.97311,3.32487,3.54877,,,,3.507498602421154,3.4685857329554106,3.729638965458543,3.892821279564469,4.208468233527685,SSP1,Median,Africa_Northern,missing,missing,missing,missing,missing,missing,Scavenging,missing,missing,missing,median change in feed supply compared to reference scenario (%),ScavengingAfrica_Northern
149,1.78399,2.65277,2.97311,3.32487,3.54877,,,,3.9558036346509464,3.910196940215914,3.801768493984244,3.9852189187302893,4.295659579559857,SSP1,Upper CI,Africa_Northern,missing,missing,missing,missing,missing,missing,Scavenging,missing,missing,missing,median change in feed supply compared to reference scenario (%),ScavengingAfrica_Northern
168,1.51533,9.42762,14.8507,18.2189,21.3683,,,,-0.3853613164400839,0.32430356640785507,0.7295541173463359,0.8744534250430259,1.012033424308673,SSP1,Lower CI,Africa_Southern,missing,missing,missing,missing,missing,missing,Feed Crops,missing,missing,missing,median change in feed supply compared to reference scenario (%),Feed CropsAfrica_Southern
169,1.51533,9.42762,14.8507,18.2189,21.3683,,,,-0.07450090194256266,0.6293339690158803,0.8670288322880813,1.0337459110842202,1.1944662766336023,SSP1,Median,Africa_Southern,missing,missing,missing,missing,missing,missing,Feed Crops,missing,missing,missing,median change in feed supply compared to reference scenario (%),Feed CropsAfrica_Southern
170,1.51533,9.42762,14.8507,18.2189,21.3683,,,,0.2706997720441144,1.694671512784551,1.201284356518637,1.2687582116080216,1.4065738030844142,SSP1,Upper CI,Africa_Southern,missing,missing,missing,missing,missing,missing,Feed Crops,missing,missing,missing,median change in feed supply compared to reference scenario (%),Feed CropsAfrica_Southern
189,4.03111,4.35595,5.46152,7.13946,7.83986,,,,-0.18549283121639365,0.0013607132347309148,-0.07076061259007185,0.04912640426584031,0.26508642071750177,SSP1,Lower CI,Africa_Southern,missing,missing,missing,missing,missing,missing,Fodder - Herb,missing,missing,missing,median change in feed supply compared to reference scenario (%),Fodder - HerbAfrica_Southern
190,4.03111,4.35595,5.46152,7.13946,7.83986,,,,0.404957299453622,0.25603685164105733,0.11458767269037227,0.18234064112935927,0.35269931552266537,SSP1,Median,Africa_Southern,missing,missing,missing,missing,missing,missing,Fodder - Herb,missing,missing,missing,median change in feed supply compared to reference scenario (%),Fodder - HerbAfrica_Southern
191,4.03111,4.35595,5.46152,7.13946,7.83986,,,,0.7461169462639958,0.7824229773402964,0.5025951476876735,0.6435570012479059,0.8137283800917453,SSP1,Upper CI,Africa_Southern,missing,missing,missing,missing,missing,missing,Fodder - Herb,missing,missing,missing,median change in feed supply compared to reference scenario (%),Fodder - HerbAfrica_Southern
210,52.8902,61.0428,80.6109,102.616,112.32,,,,0.13786044416540508,-0.6213281323172243,0.029833201801933523,0.087046020380079,0.14616313454045446,SSP1,Lower CI,Africa_Southern,missing,missing,missing,missing,missing,missing,Fodder - Grass,missing,missing,missing,median change in feed supply compared to reference scenario (%),Fodder - GrassAfrica_Southern
211,52.8902,61.0428,80.6109,102.616,112.32,,,,0.3118290561059806,0.09232011994958039,0.06306632833414366,0.11158092545251522,0.16378170440873874,SSP1,Median,Africa_Southern,missing,missing,missing,missing,missing,missing,Fodder - Grass,missing,missing,missing,median change in feed supply compared to reference scenario (%),Fodder - GrassAfrica_Southern
212,52.8902,61.0428,80.6109,102.616,112.32,,,,0.45408270215288127,0.4625567593622883,0.13307860823240383,0.1897426741981025,0.2464859057248214,SSP1,Upper CI,Africa_Southern,missing,missing,missing,missing,missing,missing,Fodder - Grass,missing,missing,missing,median change in feed supply compared to reference scenario (%),Fodder - GrassAfrica_Southern
231,3.01153,3.53617,4.72868,6.05096,6.75208,,,,-11.732055773203756,-13.982378246865588,-15.777239014249702,-17.095702140905395,-17.821350912367972,SSP1,Lower CI,Africa_Southern,missing,missing,missing,missing,missing,missing,Scavenging,missing,missing,missing,median change in feed supply compared to reference scenario (%),ScavengingAfrica_Southern
232,3.01153,3.53617,4.72868,6.05096,6.75208,,,,-11.022526340832673,-13.774095066047947,-15.556821045486322,-16.84046330038951,-17.540503465191176,SSP1,Median,Africa_Southern,missing,missing,missing,missing,missing,missing,Scavenging,missing,missing,missing,median change in feed supply compared to reference scenario (%),ScavengingAfrica_Southern
233,3.01153,3.53617,4.72868,6.05096,6.75208,,,,-9.270991816524807,-12.572590588910474,-14.941611921641929,-16.130025060827265,-16.67654652572612,SSP1,Upper CI,Africa_Southern,missing,missing,missing,missing,missing,missing,Scavenging,missing,missing,missing,median change in feed supply compared to reference scenario (%),ScavengingAfrica_Southern
252,21.2104,48.4287,64.8405,86.0217,99.3289,,,,-0.8088164140933318,-7.0953218635033055,-0.4557383352655916,-0.27852076078608234,-0.2373130628989723,SSP1,Lower CI,Africa_Western,missing,missing,missing,missing,missing,missing,Feed Crops,missing,missing,missing,median change in feed supply compared to reference scenario (%),Feed CropsAfrica_Western
253,21.2104,48.4287,64.8405,86.0217,99.3289,,,,-0.543489350912176,-0.23131111329556853,-0.1924990406312754,-0.16109733343062999,-0.14859359293127042,SSP1,Median,Africa_Western,missing,missing,missing,missing,missing,missing,Feed Crops,missing,missing,missing,median change in feed supply compared to reference scenario (%),Feed CropsAfrica_Western
254,21.2104,48.4287,64.8405,86.0217,99.3289,,,,-0.3512364861729993,20.608709861492457,0.4795611183878232,0.1733976264137966,0.19839307068075274,SSP1,Upper CI,Africa_Western,missing,missing,missing,missing,missing,missing,Feed Crops,missing,missing,missing,median change in feed supply compared to reference scenario (%),Feed CropsAfrica_Western
273,11.2377,10.9207,13.8556,16.4757,17.6606,,,,0.023107724750021985,-4.407985272799695,0.1928015420104017,0.3847062185419431,0.5252448912495953,SSP1,Lower CI,Africa_Western,missing,missing,missing,missing,missing,missing,Fodder - Herb,missing,missing,missing,median change in feed supply compared to reference scenario (%),Fodder - HerbAfrica_Western
274,11.2377,10.9207,13.8556,16.4757,17.6606,,,,0.3683862695575696,0.2888957437480992,0.30276509542888547,0.46200245667166473,0.5841092795620185,SSP1,Median,Africa_Western,missing,missing,missing,missing,missing,missing,Fodder - Herb,missing,missing,missing,median change in feed supply compared to reference scenario (%),Fodder - HerbAfrica_Western
275,11.2377,10.9207,13.8556,16.4757,17.6606,,,,1.014024829856815,1.868632199220191,0.6403004393259818,0.8568716713645993,0.9765953943788048,SSP1,Upper CI,Africa_Western,missing,missing,missing,missing,missing,missing,Fodder - Herb,missing,missing,missing,median change in feed supply compared to reference scenario (%),Fodder - HerbAfrica_Western
294,65.3582,88.9266,118.259,136.886,150.248,,,,0.29045431429863267,-3.5866659418225586,0.28731676948506735,0.46055287366474806,0.5400439128548489,SSP1,Lower CI,Africa_Western,missing,missing,missing,missing,missing,missing,Fodder - Grass,missing,missing,missing,median change in feed supply compared to reference scenario (%),Fodder - GrassAfrica_Western
295,65.3582,88.9266,118.259,136.886,150.248,,,,0.3877858657724016,0.3408450702305041,0.40691818446175454,0.4960042461171747,0.572466727689682,SSP1,Median,Africa_Western,missing,missing,missing,missing,missing,missing,Fodder - Grass,missing,missing,missing,median change in feed supply compared to reference scenario (%),Fodder - GrassAfrica_Western
296,65.3582,88.9266,118.259,136.886,150.248,,,,0.500487955278443,1.7256330790212644,0.48102037267885234,0.5490248283638685,0.6154782998888719,SSP1,Upper CI,Africa_Western,missing,missing,missing,missing,missing,missing,Fodder - Grass,missing,missing,missing,median change in feed supply compared to reference scenario (%),Fodder - GrassAfrica_Western
315,4.5397,6.45375,8.76082,10.3515,11.8458,,,,-8.213990263628322,-14.542350295335952,-10.444004552341653,-11.122061658814923,-11.707195061096183,SSP1,Lower CI,Africa_Western,missing,missing,missing,missing,missing,missing,Scavenging,missing,missing,missing,median change in feed supply compared to reference scenario (%),ScavengingAfrica_Western
316,4.5397,6.45375,8.76082,10.3515,11.8458,,,,-7.802039951986136,-9.316297450526045,-10.232007475658884,-10.952944425335572,-11.51001859724841,SSP1,Median,Africa_Western,missing,missing,missing,missing,missing,missing,Scavenging,missing,missing,missing,median change in feed supply compared to reference scenario (%),ScavengingAfrica_Western
317,4.5397,6.45375,8.76082,10.3515,11.8458,,,,-6.53833813332188,-7.494978832196859,-9.82669131359965,-10.46099790425849,-10.990017931498926,SSP1,Upper CI,Africa_Western,missing,missing,missing,missing,missing,missing,Scavenging,missing,missing,missing,median change in feed supply compared to reference scenario (%),ScavengingAfrica_Western
336,5.10751,7.79218,12.4152,27.6069,30.0244,,,,-0.29371832456775826,-1.054409785241178,0.05477754273938873,0.019462372728925398,0.017869782386318644,SSP1,Lower CI,Argentina,missing,missing,missing,missing,missing,missing,Feed Crops,missing,missing,missing,median change in feed supply compared to reference scenario (%),Feed CropsArgentina
337,5.10751,7.79218,12.4152,27.6069,30.0244,,,,0.04662758062034296,0.141127324710554,0.13145582273669662,0.20897029833254857,0.1986731908091367,SSP1,Median,Argentina,missing,missing,missing,missing,missing,missing,Feed Crops,missing,missing,missing,median change in feed supply compared to reference scenario (%),Feed CropsArgentina
338,5.10751,7.79218,12.4152,27.6069,30.0244,,,,0.9034344964782003,0.7318525931512224,0.5587709878882701,0.4706751052021776,0.4269561023118216,SSP1,Upper CI,Argentina,missing,missing,missing,missing,missing,missing,Feed Crops,missing,missing,missing,median change in feed supply compared to reference scenario (%),Feed CropsArgentina
357,16.5106,18.6249,20.865,22.8294,24.915,,,,0.024534409362660825,-0.34804979194037955,-0.13138544846689323,-0.09974763132361378,-0.14528181167458087,SSP1,Lower CI,Argentina,missing,missing,missing,missing,missing,missing,Fodder - Herb,missing,missing,missing,median change in feed supply compared to reference scenario (%),Fodder - HerbArgentina
358,16.5106,18.6249,20.865,22.8294,24.915,,,,0.09089526959376346,-0.04595180433420566,-0.07414295744275562,-0.04150199479495567,-0.09412316477536783,SSP1,Median,Argentina,missing,missing,missing,missing,missing,missing,Fodder - Herb,missing,missing,missing,median change in feed supply compared to reference scenario (%),Fodder - HerbArgentina
359,16.5106,18.6249,20.865,22.8294,24.915,,,,0.286829254350004,0.27359730528579285,0.0026439081793619423,0.01343407277078592,-0.04573333682931454,SSP1,Upper CI,Argentina,missing,missing,missing,missing,missing,missing,Fodder - Herb,missing,missing,missing,median change in feed supply compared to reference scenario (%),Fodder - HerbArgentina
378,135.855,144.235,139.227,135.392,143.777,,,,-0.008928576061035837,-0.20847988652188956,-0.07028427098437878,-0.051729539745067894,-0.08480977026373453,SSP1,Lower CI,Argentina,missing,missing,missing,missing,missing,missing,Fodder - Grass,missing,missing,missing,median change in feed supply compared to reference scenario (%),Fodder - GrassArgentina
379,135.855,144.235,139.227,135.392,143.777,,,,0.0734563626616066,-0.00952970886171286,-0.023771602429588777,-0.017842592637051062,-0.04965540343540192,SSP1,Median,Argentina,missing,missing,missing,missing,missing,missing,Fodder - Grass,missing,missing,missing,median change in feed supply compared to reference scenario (%),Fodder - GrassArgentina
380,135.855,144.235,139.227,135.392,143.777,,,,0.27024055470972375,0.09126446752277226,0.03856794879542082,0.02493434799539062,-0.016075399429996765,SSP1,Upper CI,Argentina,missing,missing,missing,missing,missing,missing,Fodder - Grass,missing,missing,missing,median change in feed supply compared to reference scenario (%),Fodder - GrassArgentina
399,8.17823,8.86324,8.73535,8.63566,9.33173,,,,-15.516973675477947,-16.217492606668266,-17.634197115230556,-19.021552245249538,-20.130007478256125,SSP1,Lower CI,Argentina,missing,missing,missing,missing,missing,missing,Scavenging,missing,missing,missing,median change in feed supply compared to reference scenario (%),ScavengingArgentina
400,8.17823,8.86324,8.73535,8.63566,9.33173,,,,-14.439186567414543,-15.993090212388068,-17.427065579209568,-18.73042078951878,-19.797266790944647,SSP1,Median,Argentina,missing,missing,missing,missing,missing,missing,Scavenging,missing,missing,missing,median change in feed supply compared to reference scenario (%),ScavengingArgentina
401,8.17823,8.86324,8.73535,8.63566,9.33173,,,,-10.382760847563924,-14.644849918260507,-16.96237928566977,-18.351271684539228,-19.395787622124914,SSP1,Upper CI,Argentina,missing,missing,missing,missing,missing,missing,Scavenging,missing,missing,missing,median change in feed supply compared to reference scenario (%),ScavengingArgentina
420,6.14569,13.5494,16.8845,21.7672,25.3367,,,,0.663375186729688,0.8477929653584906,1.1543921225512634,1.1179955521812686,0.8986036888327166,SSP1,Lower CI,Australia_NZ,missing,missing,missing,missing,missing,missing,Feed Crops,missing,missing,missing,median change in feed supply compared to reference scenario (%),Feed CropsAustralia_NZ
421,6.14569,13.5494,16.8845,21.7672,25.3367,,,,1.0787463071965018,1.3380953323365952,1.335842783395837,1.1950565577017298,0.9894771745047155,SSP1,Median,Australia_NZ,missing,missing,missing,missing,missing,missing,Feed Crops,missing,missing,missing,median change in feed supply compared to reference scenario (%),Feed CropsAustralia_NZ
422,6.14569,13.5494,16.8845,21.7672,25.3367,,,,2.369377887174347,1.471401351212474,1.7743782703818831,1.3219152709679867,1.0558522905488914,SSP1,Upper CI,Australia_NZ,missing,missing,missing,missing,missing,missing,Feed Crops,missing,missing,missing,median change in feed supply compared to reference scenario (%),Feed CropsAustralia_NZ
441,12.8989,1.98594,2.34759,2.6939,3.0024,,,,-0.24244046547360926,-1.1228688152241197,-0.5545030191553855,-0.5698525762839647,-0.7894566485315657,SSP1,Lower CI,Australia_NZ,missing,missing,missing,missing,missing,missing,Fodder - Herb,missing,missing,missing,median change in feed supply compared to reference scenario (%),Fodder - HerbAustralia_NZ
442,12.8989,1.98594,2.34759,2.6939,3.0024,,,,-0.086025589762559,-0.16739694830878427,-0.3609154195081479,-0.45112016187246984,-0.6798025826271892,SSP1,Median,Australia_NZ,missing,missing,missing,missing,missing,missing,Fodder - Herb,missing,missing,missing,median change in feed supply compared to reference scenario (%),Fodder - HerbAustralia_NZ
443,12.8989,1.98594,2.34759,2.6939,3.0024,,,,0.4210215191896463,0.2745914224053616,-0.1837863356907407,-0.29815578557749156,-0.5564058940297238,SSP1,Upper CI,Australia_NZ,missing,missing,missing,missing,missing,missing,Fodder - Herb,missing,missing,missing,median change in feed supply compared to reference scenario (%),Fodder - HerbAustralia_NZ
462,124.206,157.344,159.157,156.843,170.019,,,,-0.23202312308670928,-1.0747848729702336,-0.5777701137481737,-0.5942036974262462,-0.7675471775549493,SSP1,Lower CI,Australia_NZ,missing,missing,missing,missing,missing,missing,Fodder - Grass,missing,missing,missing,median change in feed supply compared to reference scenario (%),Fodder - GrassAustralia_NZ
463,124.206,157.344,159.157,156.843,170.019,,,,-0.131792275415132,-0.2805379264320994,-0.44534828560691686,-0.5031507984450444,-0.6734585605997379,SSP1,Median,Australia_NZ,missing,missing,missing,missing,missing,missing,Fodder - Grass,missing,missing,missing,median change in feed supply compared to reference scenario (%),Fodder - GrassAustralia_NZ
464,124.206,157.344,159.157,156.843,170.019,,,,0.25958937799832266,0.10879274027676455,-0.29296052820163015,-0.38088558115458804,-0.5823689529358583,SSP1,Upper CI,Australia_NZ,missing,missing,missing,missing,missing,missing,Fodder - Grass,missing,missing,missing,median change in feed supply compared to reference scenario (%),Fodder - GrassAustralia_NZ
483,3.81979,3.6789,3.40634,3.3905,3.59263,,,,-2.664282817891598,-3.542817038485368,-3.540238823264027,-3.7636329147622574,-3.908082523736928,SSP1,Lower CI,Australia_NZ,missing,missing,missing,missing,missing,missing,Scavenging,missing,missing,missing,median change in feed supply compared to reference scenario (%),ScavengingAustralia_NZ
484,3.81979,3.6789,3.40634,3.3905,3.59263,,,,-2.552811430392937,-3.196083924344326,-3.4677572231263656,-3.6190191686698396,-3.7170537901575296,SSP1,Median,Australia_NZ,missing,missing,missing,missing,missing,missing,Scavenging,missing,missing,missing,median change in feed supply compared to reference scenario (%),ScavengingAustralia_NZ
485,3.81979,3.6789,3.40634,3.3905,3.59263,,,,-2.4588853898578362,-2.9414484696423866,-3.247774141527218,-3.4915437768590456,-3.570600628824768,SSP1,Upper CI,Australia_NZ,missing,missing,missing,missing,missing,missing,Scavenging,missing,missing,missing,median change in feed supply compared to reference scenario (%),ScavengingAustralia_NZ
504,44.3481,57.5725,83.4317,93.7795,105.713,,,,-0.014796037219638292,-1.9925301207021284,-1.571149425796734,-1.8500029767956727,-1.838475298211359,SSP1,Lower CI,Brazil,missing,missing,missing,missing,missing,missing,Feed Crops,missing,missing,missing,median change in feed supply compared to reference scenario (%),Feed CropsBrazil
505,44.3481,57.5725,83.4317,93.7795,105.713,,,,0.7331117173712512,0.6213299068576128,0.6181535891592106,0.5387112865157986,0.38740563403614536,SSP1,Median,Brazil,missing,missing,missing,missing,missing,missing,Feed Crops,missing,missing,missing,median change in feed supply compared to reference scenario (%),Feed CropsBrazil
506,44.3481,57.5725,83.4317,93.7795,105.713,,,,3.0235645429839035,1.5538247518881672,1.5352102636363267,1.4947694092691077,1.3111322678503394,SSP1,Upper CI,Brazil,missing,missing,missing,missing,missing,missing,Feed Crops,missing,missing,missing,median change in feed supply compared to reference scenario (%),Feed CropsBrazil
525,27.3113,110.887,133.059,187.653,198.096,,,,0.08900693467783277,-0.2690194678611353,-0.17675370735698803,-0.22951469322472134,-0.3811671314809485,SSP1,Lower CI,Brazil,missing,missing,missing,missing,missing,missing,Fodder - Herb,missing,missing,missing,median change in feed supply compared to reference scenario (%),Fodder - HerbBrazil
526,27.3113,110.887,133.059,187.653,198.096,,,,0.19343852868955733,-0.004965467428804321,-0.05745436446991643,-0.12775063071045342,-0.27119961852894325,SSP1,Median,Brazil,missing,missing,missing,missing,missing,missing,Fodder - Herb,missing,missing,missing,median change in feed supply compared to reference scenario (%),Fodder - HerbBrazil
527,27.3113,110.887,133.059,187.653,198.096,,,,0.2209358185343352,0.11945357015709096,0.005128734667726523,-0.06661703194844937,-0.2152576807428583,SSP1,Upper CI,Brazil,missing,missing,missing,missing,missing,missing,Fodder - Herb,missing,missing,missing,median change in feed supply compared to reference scenario (%),Fodder - HerbBrazil
546,232.879,272.893,274.626,360.284,382.438,,,,0.5408024115953346,0.3006973926429695,0.5290219939042953,0.5445301608365853,0.4705714262227202,SSP1,Lower CI,Brazil,missing,missing,missing,missing,missing,missing,Fodder - Grass,missing,missing,missing,median change in feed supply compared to reference scenario (%),Fodder - GrassBrazil
547,232.879,272.893,274.626,360.284,382.438,,,,0.7965901016347112,0.6448225310959788,0.6377689157115475,0.6342365732595105,0.5463297590309089,SSP1,Median,Brazil,missing,missing,missing,missing,missing,missing,Fodder - Grass,missing,missing,missing,median change in feed supply compared to reference scenario (%),Fodder - GrassBrazil
548,232.879,272.893,274.626,360.284,382.438,,,,1.1876235546406089,1.0269622623917796,0.8857229950892047,0.8946619369342499,0.8021064001619159,SSP1,Upper CI,Brazil,missing,missing,missing,missing,missing,missing,Fodder - Grass,missing,missing,missing,median change in feed supply compared to reference scenario (%),Fodder - GrassBrazil
567,14.0709,20.8178,22.5109,30.8772,33.7795,,,,-11.538752706127367,-12.60021615677997,-13.891704893808097,-15.103580963562875,-16.175064155083803,SSP1,Lower CI,Brazil,missing,missing,missing,missing,missing,missing,Scavenging,missing,missing,missing,median change in feed supply compared to reference scenario (%),ScavengingBrazil
568,14.0709,20.8178,22.5109,30.8772,33.7795,,,,-11.26408325847523,-12.405209190563157,-13.723456888207016,-14.910022183017997,-15.926963006513388,SSP1,Median,Brazil,missing,missing,missing,missing,missing,missing,Scavenging,missing,missing,missing,median change in feed supply compared to reference scenario (%),ScavengingBrazil
569,14.0709,20.8178,22.5109,30.8772,33.7795,,,,-10.358068088113265,-11.71192688150906,-13.299289350734341,-14.463104927019279,-15.478689777751947,SSP1,Upper CI,Brazil,missing,missing,missing,missing,missing,missing,Scavenging,missing,missing,missing,median change in feed supply compared to reference scenario (%),ScavengingBrazil
588,20.3813,27.2033,25.1215,27.1029,30.4827,,,,-0.9231656561608081,-0.8182378198189237,0.29625710275838824,0.42925474407418585,0.4018510539540288,SSP1,Lower CI,Canada,missing,missing,missing,missing,missing,missing,Feed Crops,missing,missing,missing,median change in feed supply compared to reference scenario (%),Feed CropsCanada
589,20.3813,27.2033,25.1215,27.1029,30.4827,,,,-0.19611659887070002,0.40612149243592965,0.6925584511918927,0.6588711818635118,0.6113321231457365,SSP1,Median,Canada,missing,missing,missing,missing,missing,missing,Feed Crops,missing,missing,missing,median change in feed supply compared to reference scenario (%),Feed CropsCanada
590,20.3813,27.2033,25.1215,27.1029,30.4827,,,,1.6392936550857218,1.7906422638843251,1.0014303682806416,0.817279940540869,0.76653336852161,SSP1,Upper CI,Canada,missing,missing,missing,missing,missing,missing,Feed Crops,missing,missing,missing,median change in feed supply compared to reference scenario (%),Feed CropsCanada
609,6.29386,11.3038,9.74885,10.2938,11.3327,,,,0.3493345972683881,-0.7479205147833508,-0.3352522812628941,-0.30558223754614494,-0.39660131012769323,SSP1,Lower CI,Canada,missing,missing,missing,missing,missing,missing,Fodder - Herb,missing,missing,missing,median change in feed supply compared to reference scenario (%),Fodder - HerbCanada
610,6.29386,11.3038,9.74885,10.2938,11.3327,,,,0.7606153456333926,0.009289055440475298,-0.2295704941629997,-0.2140577305162367,-0.3521392437046301,SSP1,Median,Canada,missing,missing,missing,missing,missing,missing,Fodder - Herb,missing,missing,missing,median change in feed supply compared to reference scenario (%),Fodder - HerbCanada
611,6.29386,11.3038,9.74885,10.2938,11.3327,,,,1.5579355712359992,0.2363147279999424,-0.027022655556327185,-0.05097946457002722,-0.17536019454368007,SSP1,Upper CI,Canada,missing,missing,missing,missing,missing,missing,Fodder - Herb,missing,missing,missing,median change in feed supply compared to reference scenario (%),Fodder - HerbCanada
630,21.93,27.804,24.5229,27.8521,30.4884,,,,0.4536001180872897,-0.759042573311269,-0.32577986336265286,-0.34511923294992986,-0.45963826103964617,SSP1,Lower CI,Canada,missing,missing,missing,missing,missing,missing,Fodder - Grass,missing,missing,missing,median change in feed supply compared to reference scenario (%),Fodder - GrassCanada
631,21.93,27.804,24.5229,27.8521,30.4884,,,,0.890515659014905,0.008402677280990702,-0.18651647774727942,-0.2781706123174265,-0.39393500358516775,SSP1,Median,Canada,missing,missing,missing,missing,missing,missing,Fodder - Grass,missing,missing,missing,median change in feed supply compared to reference scenario (%),Fodder - GrassCanada
632,21.93,27.804,24.5229,27.8521,30.4884,,,,1.8684634816927226,0.25901325278158327,-0.004109298296521319,-0.07743569365560074,-0.21747198564517706,SSP1,Upper CI,Canada,missing,missing,missing,missing,missing,missing,Fodder - Grass,missing,missing,missing,median change in feed supply compared to reference scenario (%),Fodder - GrassCanada
651,0.0,0.0,0.0,0.0,0.0,,,,,,,,,SSP1,Lower CI,Canada,missing,missing,missing,missing,missing,missing,Scavenging,missing,missing,missing,median change in feed supply compared to reference scenario (%),ScavengingCanada
652,0.0,0.0,0.0,0.0,0.0,,,,,,,,,SSP1,Median,Canada,missing,missing,missing,missing,missing,missing,Scavenging,missing,missing,missing,median change in feed supply compared to reference scenario (%),ScavengingCanada
653,0.0,0.0,0.0,0.0,0.0,,,,,,,,,SSP1,Upper CI,Canada,missing,missing,missing,missing,missing,missing,Scavenging,missing,missing,missing,median change in feed supply compared to reference scenario (%),ScavengingCanada
672,11.4599,11.6263,14.6275,19.0486,20.5908,,,,-1.2567459921322082,-15.385305049844863,-3.2823868129635128,-0.5203336833051793,-0.5670810692247907,SSP1,Lower CI,Central America and Caribbean,missing,missing,missing,missing,missing,missing,Feed Crops,missing,missing,missing,median change in feed supply compared to reference scenario (%),Feed CropsCentral America and Caribbean
673,11.4599,11.6263,14.6275,19.0486,20.5908,,,,-0.9750755825489703,-0.3521310330428469,-0.3255395016517735,-0.3035502165123578,-0.31375836661984857,SSP1,Median,Central America and Caribbean,missing,missing,missing,missing,missing,missing,Feed Crops,missing,missing,missing,median change in feed supply compared to reference scenario (%),Feed CropsCentral America and Caribbean
674,11.4599,11.6263,14.6275,19.0486,20.5908,,,,-0.5917221701377038,42.71832009896934,8.290431746693274,0.03444495000908737,-0.07625840996987915,SSP1,Upper CI,Central America and Caribbean,missing,missing,missing,missing,missing,missing,Feed Crops,missing,missing,missing,median change in feed supply compared to reference scenario (%),Feed CropsCentral America and Caribbean
693,7.15529,8.22314,9.465,10.4953,10.9157,,,,-0.05829531928202428,-0.03345885818144656,-0.36735391713276916,0.15715804417027382,0.1618402183697757,SSP1,Lower CI,Central America and Caribbean,missing,missing,missing,missing,missing,missing,Fodder - Herb,missing,missing,missing,median change in feed supply compared to reference scenario (%),Fodder - HerbCentral America and Caribbean
694,7.15529,8.22314,9.465,10.4953,10.9157,,,,0.16374774399039566,0.19898682376411841,0.20807915190548223,0.24240369333046893,0.23626544608071864,SSP1,Median,Central America and Caribbean,missing,missing,missing,missing,missing,missing,Fodder - Herb,missing,missing,missing,median change in feed supply compared to reference scenario (%),Fodder - HerbCentral America and Caribbean
695,7.15529,8.22314,9.465,10.4953,10.9157,,,,0.3746288870778294,0.5518195340869609,0.49859640060052973,0.4303385773170856,0.42456451516465943,SSP1,Upper CI,Central America and Caribbean,missing,missing,missing,missing,missing,missing,Fodder - Herb,missing,missing,missing,median change in feed supply compared to reference scenario (%),Fodder - HerbCentral America and Caribbean
714,33.5472,34.1858,39.2784,44.2226,47.0143,,,,0.2030413836731833,-0.2976971420066017,0.3039039274298804,0.3696653240685872,0.3408808484768219,SSP1,Lower CI,Central America and Caribbean,missing,missing,missing,missing,missing,missing,Fodder - Grass,missing,missing,missing,median change in feed supply compared to reference scenario (%),Fodder - GrassCentral America and Caribbean
715,33.5472,34.1858,39.2784,44.2226,47.0143,,,,0.3576417452350019,0.36638121232763954,0.3541372761509265,0.4028701274808746,0.3633407935198282,SSP1,Median,Central America and Caribbean,missing,missing,missing,missing,missing,missing,Fodder - Grass,missing,missing,missing,median change in feed supply compared to reference scenario (%),Fodder - GrassCentral America and Caribbean
716,33.5472,34.1858,39.2784,44.2226,47.0143,,,,0.4428623965310921,1.4526648135411486,0.4323902774905029,0.4556860029075679,0.4153209143301666,SSP1,Upper CI,Central America and Caribbean,missing,missing,missing,missing,missing,missing,Fodder - Grass,missing,missing,missing,median change in feed supply compared to reference scenario (%),Fodder - GrassCentral America and Caribbean
735,2.12677,2.23887,2.59225,2.92612,3.17315,,,,-5.378806759004028,-6.203695374247136,-7.028058576101327,-7.2539424904302905,-7.7888702062782205,SSP1,Lower CI,Central America and Caribbean,missing,missing,missing,missing,missing,missing,Scavenging,missing,missing,missing,median change in feed supply compared to reference scenario (%),ScavengingCentral America and Caribbean
736,2.12677,2.23887,2.59225,2.92612,3.17315,,,,-5.166377601924996,-5.774235589537328,-6.562567458206815,-7.071849417575698,-7.611279168901926,SSP1,Median,Central America and Caribbean,missing,missing,missing,missing,missing,missing,Scavenging,missing,missing,missing,median change in feed supply compared to reference scenario (%),ScavengingCentral America and Caribbean
737,2.12677,2.23887,2.59225,2.92612,3.17315,,,,-4.849485921609056,-5.272360753665973,-6.274091319455665,-6.88016093065969,-7.372820494323509,SSP1,Upper CI,Central America and Caribbean,missing,missing,missing,missing,missing,missing,Scavenging,missing,missing,missing,median change in feed supply compared to reference scenario (%),ScavengingCentral America and Caribbean
756,16.2644,13.7595,18.2931,22.3218,25.3866,,,,-0.8006253390420683,-1.6186102091174397,-0.06917576261545388,0.39537762158447215,0.5415528531031044,SSP1,Lower CI,Central Asia,missing,missing,missing,missing,missing,missing,Feed Crops,missing,missing,missing,median change in feed supply compared to reference scenario (%),Feed CropsCentral Asia
757,16.2644,13.7595,18.2931,22.3218,25.3866,,,,-0.3086976439370796,0.3020819617532214,0.462575714599271,0.5438112087104637,0.6284011384217615,SSP1,Median,Central Asia,missing,missing,missing,missing,missing,missing,Feed Crops,missing,missing,missing,median change in feed supply compared to reference scenario (%),Feed CropsCentral Asia
758,16.2644,13.7595,18.2931,22.3218,25.3866,,,,-0.17962062773460663,7.7979789850770285,2.9819313625349513,0.9152403710781727,0.7493164179156229,SSP1,Upper CI,Central Asia,missing,missing,missing,missing,missing,missing,Feed Crops,missing,missing,missing,median change in feed supply compared to reference scenario (%),Feed CropsCentral Asia
777,5.24966,9.2403,11.8054,15.4075,16.8657,,,,0.3382759637413059,-2.742976401160665,-0.764623985276738,0.11776223274579596,0.17451381204858737,SSP1,Lower CI,Central Asia,missing,missing,missing,missing,missing,missing,Fodder - Herb,missing,missing,missing,median change in feed supply compared to reference scenario (%),Fodder - HerbCentral Asia
778,5.24966,9.2403,11.8054,15.4075,16.8657,,,,0.46960642973299366,0.1420209186161652,0.22068779316692788,0.20697783044874057,0.20183231987538097,SSP1,Median,Central Asia,missing,missing,missing,missing,missing,missing,Fodder - Herb,missing,missing,missing,median change in feed supply compared to reference scenario (%),Fodder - HerbCentral Asia
779,5.24966,9.2403,11.8054,15.4075,16.8657,,,,0.5506738457488269,0.8555695714613805,0.39496812763468975,0.2710741372736888,0.27554726655896183,SSP1,Upper CI,Central Asia,missing,missing,missing,missing,missing,missing,Fodder - Herb,missing,missing,missing,median change in feed supply compared to reference scenario (%),Fodder - HerbCentral Asia
798,52.6183,27.4736,33.108,40.6826,44.3725,,,,-0.15284653923678768,-2.532277153341206,-0.9422082434052801,-0.37700154873875397,-0.3572094240161133,SSP1,Lower CI,Central Asia,missing,missing,missing,missing,missing,missing,Fodder - Grass,missing,missing,missing,median change in feed supply compared to reference scenario (%),Fodder - GrassCentral Asia
799,52.6183,27.4736,33.108,40.6826,44.3725,,,,-0.07399422305315626,-0.26130750484589954,-0.32187577628347647,-0.31314452852397057,-0.3279321719092528,SSP1,Median,Central Asia,missing,missing,missing,missing,missing,missing,Fodder - Grass,missing,missing,missing,median change in feed supply compared to reference scenario (%),Fodder - GrassCentral Asia
800,52.6183,27.4736,33.108,40.6826,44.3725,,,,0.07675965867886786,0.24192804035428517,-0.16435656240088115,-0.25063696982188693,-0.2760312732640508,SSP1,Upper CI,Central Asia,missing,missing,missing,missing,missing,missing,Fodder - Grass,missing,missing,missing,median change in feed supply compared to reference scenario (%),Fodder - GrassCentral Asia
819,4.26113,2.45982,2.92147,3.4278,3.82231,,,,-1.6548381603977116,-4.695972086198452,-2.9998971948576454,-2.4163421413589754,-2.546946430961235,SSP1,Lower CI,Central Asia,missing,missing,missing,missing,missing,missing,Scavenging,missing,missing,missing,median change in feed supply compared to reference scenario (%),ScavengingCentral Asia
820,4.26113,2.45982,2.92147,3.4278,3.82231,,,,-1.5006599809120553,-1.942912626172798,-2.160166802517517,-2.3050193536951475,-2.462244333485623,SSP1,Median,Central Asia,missing,missing,missing,missing,missing,missing,Scavenging,missing,missing,missing,median change in feed supply compared to reference scenario (%),ScavengingCentral Asia
821,4.26113,2.45982,2.92147,3.4278,3.82231,,,,-1.2978793778021902,-1.2541268944520438,-1.9311358056406496,-2.2023895618037024,-2.3496682346709488,SSP1,Upper CI,Central Asia,missing,missing,missing,missing,missing,missing,Scavenging,missing,missing,missing,median change in feed supply compared to reference scenario (%),ScavengingCentral Asia
840,147.465,254.778,349.022,431.086,486.359,,,,-0.46380038506785715,-0.8545189815948264,-0.28169527969555697,-0.03532137484816272,0.032025321861357314,SSP1,Lower CI,China,missing,missing,missing,missing,missing,missing,Feed Crops,missing,missing,missing,median change in feed supply compared to reference scenario (%),Feed CropsChina
841,147.465,254.778,349.022,431.086,486.359,,,,-0.3277222244229431,-0.2116282247301862,-0.043165387991697474,0.015515814634765668,0.09763784577277956,SSP1,Median,China,missing,missing,missing,missing,missing,missing,Feed Crops,missing,missing,missing,median change in feed supply compared to reference scenario (%),Feed CropsChina
842,147.465,254.778,349.022,431.086,486.359,,,,-0.19826012347898017,-0.07396014789542249,0.036450632671242045,0.1649122009139431,0.18606383802535828,SSP1,Upper CI,China,missing,missing,missing,missing,missing,missing,Feed Crops,missing,missing,missing,median change in feed supply compared to reference scenario (%),Feed CropsChina
861,202.766,260.581,266.308,269.436,292.12,,,,0.24598533147905421,-0.0046720418651131634,0.03119674118517607,-0.1303785040491484,-0.1789108160128457,SSP1,Lower CI,China,missing,missing,missing,missing,missing,missing,Fodder - Herb,missing,missing,missing,median change in feed supply compared to reference scenario (%),Fodder - HerbChina
862,202.766,260.581,266.308,269.436,292.12,,,,0.2983504151271867,0.39912716813089666,0.12843286574300594,-0.03386386724075488,-0.1074485594619426,SSP1,Median,China,missing,missing,missing,missing,missing,missing,Fodder - Herb,missing,missing,missing,median change in feed supply compared to reference scenario (%),Fodder - HerbChina
863,202.766,260.581,266.308,269.436,292.12,,,,0.5841823095923226,0.7830851082924855,0.29219892846332646,0.0455486154436799,-0.0430605822053918,SSP1,Upper CI,China,missing,missing,missing,missing,missing,missing,Fodder - Herb,missing,missing,missing,median change in feed supply compared to reference scenario (%),Fodder - HerbChina
882,187.742,297.374,287.146,270.356,293.693,,,,-0.25012355121729957,-0.6771401679221076,-0.10309888693092184,-0.008556501814340915,0.08086008502663515,SSP1,Lower CI,China,missing,missing,missing,missing,missing,missing,Fodder - Grass,missing,missing,missing,median change in feed supply compared to reference scenario (%),Fodder - GrassChina
883,187.742,297.374,287.146,270.356,293.693,,,,-0.19495811289716647,-0.15124106634796058,-0.03612236620714206,0.03394649183023117,0.11814744797149902,SSP1,Median,China,missing,missing,missing,missing,missing,missing,Fodder - Grass,missing,missing,missing,median change in feed supply compared to reference scenario (%),Fodder - GrassChina
884,187.742,297.374,287.146,270.356,293.693,,,,-0.025998170208027707,0.19949517929902852,-0.007133517591974531,0.06934007764632194,0.14109388713297885,SSP1,Upper CI,China,missing,missing,missing,missing,missing,missing,Fodder - Grass,missing,missing,missing,median change in feed supply compared to reference scenario (%),Fodder - GrassChina
903,12.0982,19.1203,18.7513,17.6986,19.6748,,,,-3.4356513206390025,-4.669024478104951,-5.837667636173771,-7.386875491059076,-8.574083839726121,SSP1,Lower CI,China,missing,missing,missing,missing,missing,missing,Scavenging,missing,missing,missing,median change in feed supply compared to reference scenario (%),ScavengingChina
904,12.0982,19.1203,18.7513,17.6986,19.6748,,,,-3.265115038424026,-4.187675049081253,-5.711638888800397,-7.29299105044292,-8.428937881470993,SSP1,Median,China,missing,missing,missing,missing,missing,missing,Scavenging,missing,missing,missing,median change in feed supply compared to reference scenario (%),ScavengingChina
905,12.0982,19.1203,18.7513,17.6986,19.6748,,,,-2.6292483146517815,-3.8298416925356493,-5.51783823136366,-7.116732834356938,-8.292384500000122,SSP1,Upper CI,China,missing,missing,missing,missing,missing,missing,Scavenging,missing,missing,missing,median change in feed supply compared to reference scenario (%),ScavengingChina
924,2.58879,5.46318,7.92162,10.579,11.733,,,,-0.6535186769507739,-1.3797766520018464,-0.14683920583428,-0.09605734278888,-0.04308278821982048,SSP1,Lower CI,Colombia,missing,missing,missing,missing,missing,missing,Feed Crops,missing,missing,missing,median change in feed supply compared to reference scenario (%),Feed CropsColombia
925,2.58879,5.46318,7.92162,10.579,11.733,,,,-0.31096847830081986,0.1481588109616168,0.18827766753041617,0.13378548873127263,0.1433934100620561,SSP1,Median,Colombia,missing,missing,missing,missing,missing,missing,Feed Crops,missing,missing,missing,median change in feed supply compared to reference scenario (%),Feed CropsColombia
926,2.58879,5.46318,7.92162,10.579,11.733,,,,-0.042339929349810124,4.158764076823841,1.3021710453941056,0.8123760762749938,0.6913289916026416,SSP1,Upper CI,Colombia,missing,missing,missing,missing,missing,missing,Feed Crops,missing,missing,missing,median change in feed supply compared to reference scenario (%),Feed CropsColombia
945,6.56398,7.77655,8.45047,10.5484,11.3299,,,,0.35702523082947146,-0.05957010993654949,0.35698729193202616,0.5092950384526991,0.5704146316921896,SSP1,Lower CI,Colombia,missing,missing,missing,missing,missing,missing,Fodder - Herb,missing,missing,missing,median change in feed supply compared to reference scenario (%),Fodder - HerbColombia
946,6.56398,7.77655,8.45047,10.5484,11.3299,,,,0.44134743414703775,0.4429917560207742,0.553533201402018,0.6229479418922492,0.6586198509461336,SSP1,Median,Colombia,missing,missing,missing,missing,missing,missing,Fodder - Herb,missing,missing,missing,median change in feed supply compared to reference scenario (%),Fodder - HerbColombia
947,6.56398,7.77655,8.45047,10.5484,11.3299,,,,0.5057808100024602,0.611745077409857,0.6223517193117784,0.6676919308208153,0.7002759980279343,SSP1,Upper CI,Colombia,missing,missing,missing,missing,missing,missing,Fodder - Herb,missing,missing,missing,median change in feed supply compared to reference scenario (%),Fodder - HerbColombia
966,35.8373,41.2199,42.0232,50.3885,54.4023,,,,0.41082313171862683,-0.305475840194779,0.3391813676281794,0.5079268321091372,0.566343641499322,SSP1,Lower CI,Colombia,missing,missing,missing,missing,missing,missing,Fodder - Grass,missing,missing,missing,median change in feed supply compared to reference scenario (%),Fodder - GrassColombia
967,35.8373,41.2199,42.0232,50.3885,54.4023,,,,0.45789515667098957,0.44364649312196613,0.48404507700245986,0.5635980546018611,0.6044170317847142,SSP1,Median,Colombia,missing,missing,missing,missing,missing,missing,Fodder - Grass,missing,missing,missing,median change in feed supply compared to reference scenario (%),Fodder - GrassColombia
968,35.8373,41.2199,42.0232,50.3885,54.4023,,,,0.5557175940022272,0.7805680208686445,0.526626319391684,0.5981926884388831,0.6379889551772103,SSP1,Upper CI,Colombia,missing,missing,missing,missing,missing,missing,Fodder - Grass,missing,missing,missing,median change in feed supply compared to reference scenario (%),Fodder - GrassColombia
987,2.22124,2.63366,2.71751,3.28679,3.68239,,,,-12.934201744050906,-13.934614086452449,-15.199093442646955,-16.293429864123567,-17.191234130382185,SSP1,Lower CI,Colombia,missing,missing,missing,missing,missing,missing,Scavenging,missing,missing,missing,median change in feed supply compared to reference scenario (%),ScavengingColombia
988,2.22124,2.63366,2.71751,3.28679,3.68239,,,,-12.426339884813032,-13.539440715198674,-14.792908895090083,-15.876915280803171,-16.736124363677604,SSP1,Median,Colombia,missing,missing,missing,missing,missing,missing,Scavenging,missing,missing,missing,median change in feed supply compared to reference scenario (%),ScavengingColombia
989,2.22124,2.63366,2.71751,3.28679,3.68239,,,,-11.951075316085138,-13.267004483572773,-14.525830496172091,-15.622637009113598,-16.472380295836352,SSP1,Upper CI,Colombia,missing,missing,missing,missing,missing,missing,Scavenging,missing,missing,missing,median change in feed supply compared to reference scenario (%),ScavengingColombia
1008,78.9084,54.0732,51.9318,52.2445,56.6467,,,,-1.5813100885017521,-2.0671587131408784,-0.440387986926568,-0.41564203279590584,-0.4067735122003805,SSP1,Lower CI,EU-12,missing,missing,missing,missing,missing,missing,Feed Crops,missing,missing,missing,median change in feed supply compared to reference scenario (%),Feed CropsEU-12
1009,78.9084,54.0732,51.9318,52.2445,56.6467,,,,-0.09674373661153528,-0.0053047203332657715,-0.008942982088559646,-0.13639146323783047,-0.23540442360266786,SSP1,Median,EU-12,missing,missing,missing,missing,missing,missing,Feed Crops,missing,missing,missing,median change in feed supply compared to reference scenario (%),Feed CropsEU-12
1010,78.9084,54.0732,51.9318,52.2445,56.6467,,,,2.6784734275343878,1.5885104521505198,0.3434122914298632,0.09168046145078038,-0.07710413626399812,SSP1,Upper CI,EU-12,missing,missing,missing,missing,missing,missing,Feed Crops,missing,missing,missing,median change in feed supply compared to reference scenario (%),Feed CropsEU-12
1029,39.2833,19.4826,19.174,20.1211,21.7255,,,,-0.46984860787754085,-1.463096781785759,-0.9165748448504709,-0.9510680186333264,-1.1404736007536362,SSP1,Lower CI,EU-12,missing,missing,missing,missing,missing,missing,Fodder - Herb,missing,missing,missing,median change in feed supply compared to reference scenario (%),Fodder - HerbEU-12
1030,39.2833,19.4826,19.174,20.1211,21.7255,,,,0.0003909334694127142,-0.6213722400922537,-0.7506540205726524,-0.839938432990106,-1.047256006963139,SSP1,Median,EU-12,missing,missing,missing,missing,missing,missing,Fodder - Herb,missing,missing,missing,median change in feed supply compared to reference scenario (%),Fodder - HerbEU-12
1031,39.2833,19.4826,19.174,20.1211,21.7255,,,,0.5409984993108334,-0.18469611889553617,-0.557360756314714,-0.6544183671124558,-0.8662062368788859,SSP1,Upper CI,EU-12,missing,missing,missing,missing,missing,missing,Fodder - Herb,missing,missing,missing,median change in feed supply compared to reference scenario (%),Fodder - HerbEU-12
1050,39.3486,24.4188,24.4308,25.9658,28.3288,,,,-0.5348378684978727,-1.6173355233027868,-0.9146930965690869,-0.990376071701534,-1.187719830198622,SSP1,Lower CI,EU-12,missing,missing,missing,missing,missing,missing,Fodder - Grass,missing,missing,missing,median change in feed supply compared to reference scenario (%),Fodder - GrassEU-12
1051,39.3486,24.4188,24.4308,25.9658,28.3288,,,,0.40402447076730597,-0.4214975980088836,-0.5763133934602324,-0.7713538478901754,-1.0011703204602898,SSP1,Median,EU-12,missing,missing,missing,missing,missing,missing,Fodder - Grass,missing,missing,missing,median change in feed supply compared to reference scenario (%),Fodder - GrassEU-12
1052,39.3486,24.4188,24.4308,25.9658,28.3288,,,,1.2336043437867539,0.11635610592948575,-0.2962122055816234,-0.4418187749061276,-0.7133745190060258,SSP1,Upper CI,EU-12,missing,missing,missing,missing,missing,missing,Fodder - Grass,missing,missing,missing,median change in feed supply compared to reference scenario (%),Fodder - GrassEU-12
1071,0.0,0.0,0.0,0.0,0.0,,,,,,,,,SSP1,Lower CI,EU-12,missing,missing,missing,missing,missing,missing,Scavenging,missing,missing,missing,median change in feed supply compared to reference scenario (%),ScavengingEU-12
1072,0.0,0.0,0.0,0.0,0.0,,,,,,,,,SSP1,Median,EU-12,missing,missing,missing,missing,missing,missing,Scavenging,missing,missing,missing,median change in feed supply compared to reference scenario (%),ScavengingEU-12
1073,0.0,0.0,0.0,0.0,0.0,,,,,,,,,SSP1,Upper CI,EU-12,missing,missing,missing,missing,missing,missing,Scavenging,missing,missing,missing,median change in feed supply compared to reference scenario (%),ScavengingEU-12
1092,166.232,185.483,205.139,225.409,235.685,,,,-0.7197798409874484,-1.2434813818223291,-0.07292121545176497,-0.00945502533899703,0.06424697110221127,SSP1,Lower CI,EU-15,missing,missing,missing,missing,missing,missing,Feed Crops,missing,missing,missing,median change in feed supply compared to reference scenario (%),Feed CropsEU-15
1093,166.232,185.483,205.139,225.409,235.685,,,,0.0007494538352401047,0.15514960322417926,0.1699977526333327,0.121388773464438,0.11348604294968209,SSP1,Median,EU-15,missing,missing,missing,missing,missing,missing,Feed Crops,missing,missing,missing,median change in feed supply compared to reference scenario (%),Feed CropsEU-15
1094,166.232,185.483,205.139,225.409,235.685,,,,0.7914062146693496,0.8250319689776354,0.5715634843699469,0.36142781422606474,0.2445918556486824,SSP1,Upper CI,EU-15,missing,missing,missing,missing,missing,missing,Feed Crops,missing,missing,missing,median change in feed supply compared to reference scenario (%),Feed CropsEU-15
1113,153.492,107.055,107.651,113.17,117.751,,,,-0.35453135810868264,-0.9733165783556337,-0.38533188782638295,-0.2903506181489066,-0.2917161208274568,SSP1,Lower CI,EU-15,missing,missing,missing,missing,missing,missing,Fodder - Herb,missing,missing,missing,median change in feed supply compared to reference scenario (%),Fodder - HerbEU-15
1114,153.492,107.055,107.651,113.17,117.751,,,,-0.28166705145141907,-0.21275045521839792,-0.2670572017379742,-0.2040787301580916,-0.24823723258043798,SSP1,Median,EU-15,missing,missing,missing,missing,missing,missing,Fodder - Herb,missing,missing,missing,median change in feed supply compared to reference scenario (%),Fodder - HerbEU-15
1115,153.492,107.055,107.651,113.17,117.751,,,,0.011336129885185342,0.22091827896454513,-0.16827905159988174,-0.15193847647942976,-0.18785930345898652,SSP1,Upper CI,EU-15,missing,missing,missing,missing,missing,missing,Fodder - Herb,missing,missing,missing,median change in feed supply compared to reference scenario (%),Fodder - HerbEU-15
1134,165.42,167.636,162.674,166.13,175.728,,,,-0.020895304938572182,-0.7406866546492193,-0.09722750401478329,-0.0955441880416118,-0.12044953864517521,SSP1,Lower CI,EU-15,missing,missing,missing,missing,missing,missing,Fodder - Grass,missing,missing,missing,median change in feed supply compared to reference scenario (%),Fodder - GrassEU-15
1135,165.42,167.636,162.674,166.13,175.728,,,,0.09050679034792285,0.02816355173405069,0.04194025541076605,-0.004039007838344152,-0.05284015849681161,SSP1,Median,EU-15,missing,missing,missing,missing,missing,missing,Fodder - Grass,missing,missing,missing,median change in feed supply compared to reference scenario (%),Fodder - GrassEU-15
1136,165.42,167.636,162.674,166.13,175.728,,,,0.22436545767563099,0.25036383593490663,0.10876285439940798,0.07494761005891112,0.022075398785362625,SSP1,Upper CI,EU-15,missing,missing,missing,missing,missing,missing,Fodder - Grass,missing,missing,missing,median change in feed supply compared to reference scenario (%),Fodder - GrassEU-15
1155,0.0,0.0,0.0,0.0,0.0,,,,,,,,,SSP1,Lower CI,EU-15,missing,missing,missing,missing,missing,missing,Scavenging,missing,missing,missing,median change in feed supply compared to reference scenario (%),ScavengingEU-15
1156,0.0,0.0,0.0,0.0,0.0,,,,,,,,,SSP1,Median,EU-15,missing,missing,missing,missing,missing,missing,Scavenging,missing,missing,missing,median change in feed supply compared to reference scenario (%),ScavengingEU-15
1157,0.0,0.0,0.0,0.0,0.0,,,,,,,,,SSP1,Upper CI,EU-15,missing,missing,missing,missing,missing,missing,Scavenging,missing,missing,missing,median change in feed supply compared to reference scenario (%),ScavengingEU-15
1176,51.3284,40.8374,47.3803,42.9203,45.1431,,,,-0.7239437288497795,-0.9378834727838758,-0.26399756372380734,-0.3169471228147663,-0.3668672976575265,SSP1,Lower CI,Europe_Eastern,missing,missing,missing,missing,missing,missing,Feed Crops,missing,missing,missing,median change in feed supply compared to reference scenario (%),Feed CropsEurope_Eastern
1177,51.3284,40.8374,47.3803,42.9203,45.1431,,,,0.08473743895584118,-0.06562626885672874,-0.005431409052159316,-0.1544410645146316,-0.21356134457112685,SSP1,Median,Europe_Eastern,missing,missing,missing,missing,missing,missing,Feed Crops,missing,missing,missing,median change in feed supply compared to reference scenario (%),Feed CropsEurope_Eastern
1178,51.3284,40.8374,47.3803,42.9203,45.1431,,,,1.1803153643691233,0.27710456786519594,0.1478144152020771,0.008561389332359337,-0.06216725398900469,SSP1,Upper CI,Europe_Eastern,missing,missing,missing,missing,missing,missing,Feed Crops,missing,missing,missing,median change in feed supply compared to reference scenario (%),Feed CropsEurope_Eastern
1197,43.5694,18.1159,17.7275,18.4941,19.4383,,,,-0.06201377218076268,-0.8020335509179481,-0.5413603523790638,-0.5641895332155435,-0.6925357514078162,SSP1,Lower CI,Europe_Eastern,missing,missing,missing,missing,missing,missing,Fodder - Herb,missing,missing,missing,median change in feed supply compared to reference scenario (%),Fodder - HerbEurope_Eastern
1198,43.5694,18.1159,17.7275,18.4941,19.4383,,,,0.05357927876988329,-0.3016293480232043,-0.46405654020247994,-0.5299467189202884,-0.6613782143204687,SSP1,Median,Europe_Eastern,missing,missing,missing,missing,missing,missing,Fodder - Herb,missing,missing,missing,median change in feed supply compared to reference scenario (%),Fodder - HerbEurope_Eastern
1199,43.5694,18.1159,17.7275,18.4941,19.4383,,,,0.3357325784972126,-0.03757033289459705,-0.30750923698192073,-0.380151612529645,-0.5155963648208156,SSP1,Upper CI,Europe_Eastern,missing,missing,missing,missing,missing,missing,Fodder - Herb,missing,missing,missing,median change in feed supply compared to reference scenario (%),Fodder - HerbEurope_Eastern
1218,53.4745,25.3258,24.3629,25.5425,26.3441,,,,0.01672787050869884,-0.5585932170704271,-0.27566314036666145,-0.3641006062895602,-0.466163056607677,SSP1,Lower CI,Europe_Eastern,missing,missing,missing,missing,missing,missing,Fodder - Grass,missing,missing,missing,median change in feed supply compared to reference scenario (%),Fodder - GrassEurope_Eastern
1219,53.4745,25.3258,24.3629,25.5425,26.3441,,,,0.5123527102688554,-0.03343080912319179,-0.10308735297603684,-0.2360060273873799,-0.3541908043921572,SSP1,Median,Europe_Eastern,missing,missing,missing,missing,missing,missing,Fodder - Grass,missing,missing,missing,median change in feed supply compared to reference scenario (%),Fodder - GrassEurope_Eastern
1220,53.4745,25.3258,24.3629,25.5425,26.3441,,,,1.107697550740841,0.354824475748107,0.23384207054618894,0.10133931059219897,-0.026799729420097423,SSP1,Upper CI,Europe_Eastern,missing,missing,missing,missing,missing,missing,Fodder - Grass,missing,missing,missing,median change in feed supply compared to reference scenario (%),Fodder - GrassEurope_Eastern
1239,5.41948,0.0,0.0,0.0,0.0,,,,,,,,,SSP1,Lower CI,Europe_Eastern,missing,missing,missing,missing,missing,missing,Scavenging,missing,missing,missing,median change in feed supply compared to reference scenario (%),ScavengingEurope_Eastern
1240,5.41948,0.0,0.0,0.0,0.0,,,,,,,,,SSP1,Median,Europe_Eastern,missing,missing,missing,missing,missing,missing,Scavenging,missing,missing,missing,median change in feed supply compared to reference scenario (%),ScavengingEurope_Eastern
1241,5.41948,0.0,0.0,0.0,0.0,,,,,,,,,SSP1,Upper CI,Europe_Eastern,missing,missing,missing,missing,missing,missing,Scavenging,missing,missing,missing,median change in feed supply compared to reference scenario (%),ScavengingEurope_Eastern
1260,20.7007,26.8831,30.7002,41.8382,45.0734,,,,-0.7093255052477999,-0.25970918480000327,-0.17718879160513878,-0.033970312325240976,0.05755414975331334,SSP1,Lower CI,Europe_Non_EU,missing,missing,missing,missing,missing,missing,Feed Crops,missing,missing,missing,median change in feed supply compared to reference scenario (%),Feed CropsEurope_Non_EU
1261,20.7007,26.8831,30.7002,41.8382,45.0734,,,,0.2362437611874215,0.47587916491889315,0.28969296965178537,0.17486960040720823,0.16578717397582599,SSP1,Median,Europe_Non_EU,missing,missing,missing,missing,missing,missing,Feed Crops,missing,missing,missing,median change in feed supply compared to reference scenario (%),Feed CropsEurope_Non_EU
1262,20.7007,26.8831,30.7002,41.8382,45.0734,,,,1.7179478390654253,1.48878741729399,0.5212175895415387,0.33770110430779,0.2758878267102018,SSP1,Upper CI,Europe_Non_EU,missing,missing,missing,missing,missing,missing,Feed Crops,missing,missing,missing,median change in feed supply compared to reference scenario (%),Feed CropsEurope_Non_EU
1281,18.8575,24.0938,25.5946,28.1373,29.9575,,,,-0.29016640471076305,-0.6286591673182249,-0.04046724002997769,0.007020673529651814,-0.04302577751708932,SSP1,Lower CI,Europe_Non_EU,missing,missing,missing,missing,missing,missing,Fodder - Herb,missing,missing,missing,median change in feed supply compared to reference scenario (%),Fodder - HerbEurope_Non_EU
1282,18.8575,24.0938,25.5946,28.1373,29.9575,,,,0.14945717110616238,-0.003872136097030926,0.07081217948243997,0.06949948159027076,-0.0056141401301506464,SSP1,Median,Europe_Non_EU,missing,missing,missing,missing,missing,missing,Fodder - Herb,missing,missing,missing,median change in feed supply compared to reference scenario (%),Fodder - HerbEurope_Non_EU
1283,18.8575,24.0938,25.5946,28.1373,29.9575,,,,0.4986378073794182,0.4145201125984084,0.21178091599463877,0.16531622195572432,0.04880407379137944,SSP1,Upper CI,Europe_Non_EU,missing,missing,missing,missing,missing,missing,Fodder - Herb,missing,missing,missing,median change in feed supply compared to reference scenario (%),Fodder - HerbEurope_Non_EU
1302,22.3747,21.0457,27.6361,35.8308,37.4859,,,,0.1414712243017746,-0.39233108135297656,0.16638169090013033,0.2396286952851011,0.28389533474040574,SSP1,Lower CI,Europe_Non_EU,missing,missing,missing,missing,missing,missing,Fodder - Grass,missing,missing,missing,median change in feed supply compared to reference scenario (%),Fodder - GrassEurope_Non_EU
1303,22.3747,21.0457,27.6361,35.8308,37.4859,,,,0.2292897207234151,0.21679799488726295,0.223372062334457,0.25986225702404636,0.2990046183097887,SSP1,Median,Europe_Non_EU,missing,missing,missing,missing,missing,missing,Fodder - Grass,missing,missing,missing,median change in feed supply compared to reference scenario (%),Fodder - GrassEurope_Non_EU
1304,22.3747,21.0457,27.6361,35.8308,37.4859,,,,0.28325715342906116,0.4168667536265994,0.24207461938570668,0.2910320134283495,0.3269884537188158,SSP1,Upper CI,Europe_Non_EU,missing,missing,missing,missing,missing,missing,Fodder - Grass,missing,missing,missing,median change in feed supply compared to reference scenario (%),Fodder - GrassEurope_Non_EU
1323,2.81013,2.94497,3.46532,4.24718,3.96165,,,,14.064819885034577,15.82213967263162,17.724938584953193,19.559627938704438,21.621345599131566,SSP1,Lower CI,Europe_Non_EU,missing,missing,missing,missing,missing,missing,Scavenging,missing,missing,missing,median change in feed supply compared to reference scenario (%),ScavengingEurope_Non_EU
1324,2.81013,2.94497,3.46532,4.24718,3.96165,,,,14.507577598594684,16.1350420658885,17.887960997686175,19.760803497826156,21.863718114263918,SSP1,Median,Europe_Non_EU,missing,missing,missing,missing,missing,missing,Scavenging,missing,missing,missing,median change in feed supply compared to reference scenario (%),ScavengingEurope_Non_EU
1325,2.81013,2.94497,3.46532,4.24718,3.96165,,,,15.158671665097842,16.591505866015908,18.24983974511003,20.04735750239572,22.1796658648852,SSP1,Upper CI,Europe_Non_EU,missing,missing,missing,missing,missing,missing,Scavenging,missing,missing,missing,median change in feed supply compared to reference scenario (%),ScavengingEurope_Non_EU
1344,3.07606,2.85062,3.57072,4.00527,4.24488,,,,-0.4946445640287605,-0.498001665607634,-0.33619500087171406,-0.3231933132144439,-0.28150262974709,SSP1,Lower CI,European Free Trade Association,missing,missing,missing,missing,missing,missing,Feed Crops,missing,missing,missing,median change in feed supply compared to reference scenario (%),Feed CropsEuropean Free Trade Association
1345,3.07606,2.85062,3.57072,4.00527,4.24488,,,,-0.4350225919352281,-0.23031218234534717,-0.27798500341068844,-0.2850515414939577,-0.24504477591531504,SSP1,Median,European Free Trade Association,missing,missing,missing,missing,missing,missing,Feed Crops,missing,missing,missing,median change in feed supply compared to reference scenario (%),Feed CropsEuropean Free Trade Association
1346,3.07606,2.85062,3.57072,4.00527,4.24488,,,,-0.2610341785089983,0.6898361377241957,-0.1076835248367081,-0.10002968548222245,-0.08533434397721656,SSP1,Upper CI,European Free Trade Association,missing,missing,missing,missing,missing,missing,Feed Crops,missing,missing,missing,median change in feed supply compared to reference scenario (%),Feed CropsEuropean Free Trade Association
1365,5.57865,3.94504,4.05202,4.12779,4.3379,,,,-0.27179649312634013,-0.917151650242946,-0.12085961817048627,-0.027318047679383558,0.03791046894823522,SSP1,Lower CI,European Free Trade Association,missing,missing,missing,missing,missing,missing,Fodder - Herb,missing,missing,missing,median change in feed supply compared to reference scenario (%),Fodder - HerbEuropean Free Trade Association
1366,5.57865,3.94504,4.05202,4.12779,4.3379,,,,-0.17844465735822798,-0.21072037180423356,-0.07093905446673318,0.00825166511140284,0.07626356283769448,SSP1,Median,European Free Trade Association,missing,missing,missing,missing,missing,missing,Fodder - Herb,missing,missing,missing,median change in feed supply compared to reference scenario (%),Fodder - HerbEuropean Free Trade Association
1367,5.57865,3.94504,4.05202,4.12779,4.3379,,,,-0.022692609110197687,0.242198281863457,0.006755177715121942,0.07692044221241992,0.12331037890101149,SSP1,Upper CI,European Free Trade Association,missing,missing,missing,missing,missing,missing,Fodder - Herb,missing,missing,missing,median change in feed supply compared to reference scenario (%),Fodder - HerbEuropean Free Trade Association
1386,5.79718,6.02055,6.07845,6.30713,6.61017,,,,-0.28766317582626594,-0.8857314726745793,-0.13837030682970602,-0.0668775621310888,-0.0129817745333221,SSP1,Lower CI,European Free Trade Association,missing,missing,missing,missing,missing,missing,Fodder - Grass,missing,missing,missing,median change in feed supply compared to reference scenario (%),Fodder - GrassEuropean Free Trade Association
1387,5.79718,6.02055,6.07845,6.30713,6.61017,,,,-0.21792995311297317,-0.18953923669145903,-0.05018677761458614,-0.02364569557160747,0.027817627778060516,SSP1,Median,European Free Trade Association,missing,missing,missing,missing,missing,missing,Fodder - Grass,missing,missing,missing,median change in feed supply compared to reference scenario (%),Fodder - GrassEuropean Free Trade Association
1388,5.79718,6.02055,6.07845,6.30713,6.61017,,,,-0.042080881368736,0.2429484776036644,-0.024292604362318414,0.01258824399862896,0.05634172663418398,SSP1,Upper CI,European Free Trade Association,missing,missing,missing,missing,missing,missing,Fodder - Grass,missing,missing,missing,median change in feed supply compared to reference scenario (%),Fodder - GrassEuropean Free Trade Association
1407,0.0,0.0,0.0,0.0,0.0,,,,,,,,,SSP1,Lower CI,European Free Trade Association,missing,missing,missing,missing,missing,missing,Scavenging,missing,missing,missing,median change in feed supply compared to reference scenario (%),ScavengingEuropean Free Trade Association
1408,0.0,0.0,0.0,0.0,0.0,,,,,,,,,SSP1,Median,European Free Trade Association,missing,missing,missing,missing,missing,missing,Scavenging,missing,missing,missing,median change in feed supply compared to reference scenario (%),ScavengingEuropean Free Trade Association
1409,0.0,0.0,0.0,0.0,0.0,,,,,,,,,SSP1,Upper CI,European Free Trade Association,missing,missing,missing,missing,missing,missing,Scavenging,missing,missing,missing,median change in feed supply compared to reference scenario (%),ScavengingEuropean Free Trade Association
1428,17.6655,32.9498,59.1047,85.8253,93.8049,,,,-5.950994723205997,-4.690529388496303,-3.124032485900228,-2.2639021067428575,-1.441945796344157,SSP1,Lower CI,India,missing,missing,missing,missing,missing,missing,Feed Crops,missing,missing,missing,median change in feed supply compared to reference scenario (%),Feed CropsIndia
1429,17.6655,32.9498,59.1047,85.8253,93.8049,,,,-5.386055520696521,-4.240865128635252,-2.9540005818594626,-2.0585800365042957,-1.2708908895179574,SSP1,Median,India,missing,missing,missing,missing,missing,missing,Feed Crops,missing,missing,missing,median change in feed supply compared to reference scenario (%),Feed CropsIndia
1430,17.6655,32.9498,59.1047,85.8253,93.8049,,,,-5.216599960737304,-3.965662939654306,-2.730849816981773,-1.9664497499608014,-1.203187333410489,SSP1,Upper CI,India,missing,missing,missing,missing,missing,missing,Feed Crops,missing,missing,missing,median change in feed supply compared to reference scenario (%),Feed CropsIndia
1449,70.082,95.961,111.82,128.661,142.209,,,,-1.8302975301644828,-2.2804275924400756,-2.6831212024366016,-2.9083644704820983,-3.086446541656616,SSP1,Lower CI,India,missing,missing,missing,missing,missing,missing,Fodder - Herb,missing,missing,missing,median change in feed supply compared to reference scenario (%),Fodder - HerbIndia
1450,70.082,95.961,111.82,128.661,142.209,,,,-1.7218994730665047,-2.0728491229115114,-2.5685259711931034,-2.831778492453609,-3.0130191352944227,SSP1,Median,India,missing,missing,missing,missing,missing,missing,Fodder - Herb,missing,missing,missing,median change in feed supply compared to reference scenario (%),Fodder - HerbIndia
1451,70.082,95.961,111.82,128.661,142.209,,,,-1.5473468348033679,-1.8395440170554118,-2.4411736994216815,-2.6758691129676153,-2.8632102050014083,SSP1,Upper CI,India,missing,missing,missing,missing,missing,missing,Fodder - Herb,missing,missing,missing,median change in feed supply compared to reference scenario (%),Fodder - HerbIndia
1470,151.693,159.888,163.608,157.048,164.135,,,,-3.8296333696584073,-3.17909791904216,-2.601686991758629,-2.1622054983111503,-1.555608241922563,SSP1,Lower CI,India,missing,missing,missing,missing,missing,missing,Fodder - Grass,missing,missing,missing,median change in feed supply compared to reference scenario (%),Fodder - GrassIndia
1471,151.693,159.888,163.608,157.048,164.135,,,,-3.6790898274171355,-2.9187470483898714,-2.47706539242993,-1.9996445648241183,-1.3525533509288192,SSP1,Median,India,missing,missing,missing,missing,missing,missing,Fodder - Grass,missing,missing,missing,median change in feed supply compared to reference scenario (%),Fodder - GrassIndia
1472,151.693,159.888,163.608,157.048,164.135,,,,-3.433520512305223,-2.699879646425342,-2.241466091744007,-1.7733411068355864,-1.133274109340017,SSP1,Upper CI,India,missing,missing,missing,missing,missing,missing,Fodder - Grass,missing,missing,missing,median change in feed supply compared to reference scenario (%),Fodder - GrassIndia
1491,233.665,267.487,286.585,292.36,280.044,,,,9.419256270844759,11.287820627107122,13.239345461712915,14.442158881391727,16.08727376991184,SSP1,Lower CI,India,missing,missing,missing,missing,missing,missing,Scavenging,missing,missing,missing,median change in feed supply compared to reference scenario (%),ScavengingIndia
1492,233.665,267.487,286.585,292.36,280.044,,,,9.96524619972627,11.984653506619495,13.586181711122519,14.852208503577202,16.534950349154876,SSP1,Median,India,missing,missing,missing,missing,missing,missing,Scavenging,missing,missing,missing,median change in feed supply compared to reference scenario (%),ScavengingIndia
1493,233.665,267.487,286.585,292.36,280.044,,,,10.158300325700814,13.365747860931537,13.994234495009142,15.142638795109086,16.83897466793767,SSP1,Upper CI,India,missing,missing,missing,missing,missing,missing,Scavenging,missing,missing,missing,median change in feed supply compared to reference scenario (%),ScavengingIndia
1512,4.17678,10.6119,23.4831,33.4432,38.8245,,,,-0.5930694812463464,-40.25627677464374,-6.600006949059105,0.2218755168696117,0.056150615674690485,SSP1,Lower CI,Indonesia,missing,missing,missing,missing,missing,missing,Feed Crops,missing,missing,missing,median change in feed supply compared to reference scenario (%),Feed CropsIndonesia
1513,4.17678,10.6119,23.4831,33.4432,38.8245,,,,-0.3579656397179622,0.3891169795058102,0.5338307518198071,0.44215675400569393,0.5055722806348875,SSP1,Median,Indonesia,missing,missing,missing,missing,missing,missing,Feed Crops,missing,missing,missing,median change in feed supply compared to reference scenario (%),Feed CropsIndonesia
1514,4.17678,10.6119,23.4831,33.4432,38.8245,,,,-0.07787694963337605,112.79782270653317,21.12198353473713,0.7390470738589154,0.7533209528583296,SSP1,Upper CI,Indonesia,missing,missing,missing,missing,missing,missing,Feed Crops,missing,missing,missing,median change in feed supply compared to reference scenario (%),Feed CropsIndonesia
1533,21.42,23.7572,24.4633,38.1609,43.4992,,,,0.2857284959384674,-10.706143005919966,-4.202054775040983,0.10689343228014456,0.18301834239942155,SSP1,Lower CI,Indonesia,missing,missing,missing,missing,missing,missing,Fodder - Herb,missing,missing,missing,median change in feed supply compared to reference scenario (%),Fodder - HerbIndonesia
1534,21.42,23.7572,24.4633,38.1609,43.4992,,,,0.32871283400703566,0.14642459757158485,0.0988179919216354,0.19676968099618325,0.2644648362638354,SSP1,Median,Indonesia,missing,missing,missing,missing,missing,missing,Fodder - Herb,missing,missing,missing,median change in feed supply compared to reference scenario (%),Fodder - HerbIndonesia
1535,21.42,23.7572,24.4633,38.1609,43.4992,,,,0.4663029744425311,4.020697288486786,1.6030042985362265,0.45180979691142265,0.5978768521588462,SSP1,Upper CI,Indonesia,missing,missing,missing,missing,missing,missing,Fodder - Herb,missing,missing,missing,median change in feed supply compared to reference scenario (%),Fodder - HerbIndonesia
1554,15.6402,15.2688,22.0561,42.8602,47.6055,,,,0.33178829232754614,-7.969383891162396,-1.7866645133659962,0.735467412585086,0.9090610946801384,SSP1,Lower CI,Indonesia,missing,missing,missing,missing,missing,missing,Fodder - Grass,missing,missing,missing,median change in feed supply compared to reference scenario (%),Fodder - GrassIndonesia
1555,15.6402,15.2688,22.0561,42.8602,47.6055,,,,0.4642052680011657,0.5765283922683913,0.6778328440730349,0.8230802011328727,0.9442629327658695,SSP1,Median,Indonesia,missing,missing,missing,missing,missing,missing,Fodder - Grass,missing,missing,missing,median change in feed supply compared to reference scenario (%),Fodder - GrassIndonesia
1556,15.6402,15.2688,22.0561,42.8602,47.6055,,,,0.531502758438174,3.709375823586863,1.5874816257095532,1.1868369581464426,1.0786350154782804,SSP1,Upper CI,Indonesia,missing,missing,missing,missing,missing,missing,Fodder - Grass,missing,missing,missing,median change in feed supply compared to reference scenario (%),Fodder - GrassIndonesia
1575,4.10018,4.20941,5.93482,11.3917,14.1529,,,,-8.256376426240067,-23.475478686879832,-15.745872832394998,-11.733800395955843,-12.492057412194006,SSP1,Lower CI,Indonesia,missing,missing,missing,missing,missing,missing,Scavenging,missing,missing,missing,median change in feed supply compared to reference scenario (%),ScavengingIndonesia
1576,4.10018,4.20941,5.93482,11.3917,14.1529,,,,-8.167923631923154,-9.356005664501563,-10.757085133940144,-11.608050354650326,-12.36913740084804,SSP1,Median,Indonesia,missing,missing,missing,missing,missing,missing,Scavenging,missing,missing,missing,median change in feed supply compared to reference scenario (%),ScavengingIndonesia
1577,4.10018,4.20941,5.93482,11.3917,14.1529,,,,-7.905007414983427,-3.982629047977168,-8.734605419309894,-10.942869008266037,-11.60685920917353,SSP1,Upper CI,Indonesia,missing,missing,missing,missing,missing,missing,Scavenging,missing,missing,missing,median change in feed supply compared to reference scenario (%),ScavengingIndonesia
1596,24.4327,21.9925,23.1859,22.7841,24.1044,,,,0.2714779886175037,0.503442882226985,0.6621725833667368,0.7224047797892534,0.7503365568557899,SSP1,Lower CI,Japan,missing,missing,missing,missing,missing,missing,Feed Crops,missing,missing,missing,median change in feed supply compared to reference scenario (%),Feed CropsJapan
1597,24.4327,21.9925,23.1859,22.7841,24.1044,,,,0.7157468293108726,1.0017519568850846,0.9162615201780822,0.9559360506535014,0.9748055282500063,SSP1,Median,Japan,missing,missing,missing,missing,missing,missing,Feed Crops,missing,missing,missing,median change in feed supply compared to reference scenario (%),Feed CropsJapan
1598,24.4327,21.9925,23.1859,22.7841,24.1044,,,,1.2571556102620516,1.6033570750182142,1.2495138894496018,1.326054020203755,1.3349496680636759,SSP1,Upper CI,Japan,missing,missing,missing,missing,missing,missing,Feed Crops,missing,missing,missing,median change in feed supply compared to reference scenario (%),Feed CropsJapan
1617,12.4699,13.1745,12.7825,11.9673,12.6757,,,,-0.9132578619158718,-1.930818755218163,-0.32089204824735984,-0.10472994221943319,0.09256159926859062,SSP1,Lower CI,Japan,missing,missing,missing,missing,missing,missing,Fodder - Herb,missing,missing,missing,median change in feed supply compared to reference scenario (%),Fodder - HerbJapan
1618,12.4699,13.1745,12.7825,11.9673,12.6757,,,,-0.6389776308397351,-0.357178748968435,-0.1907847077039258,0.007058934202424702,0.19829261142378857,SSP1,Median,Japan,missing,missing,missing,missing,missing,missing,Fodder - Herb,missing,missing,missing,median change in feed supply compared to reference scenario (%),Fodder - HerbJapan
1619,12.4699,13.1745,12.7825,11.9673,12.6757,,,,-0.22633697191660257,0.5623035831243629,-0.003708356696801418,0.1952989576587553,0.35381682213561594,SSP1,Upper CI,Japan,missing,missing,missing,missing,missing,missing,Fodder - Herb,missing,missing,missing,median change in feed supply compared to reference scenario (%),Fodder - HerbJapan
1638,5.57086,3.83455,3.71617,3.43977,3.6547,,,,0.6370184997230047,-0.27673549490446125,1.4497958984963404,1.651065599830563,1.8427992379965965,SSP1,Lower CI,Japan,missing,missing,missing,missing,missing,missing,Fodder - Grass,missing,missing,missing,median change in feed supply compared to reference scenario (%),Fodder - GrassJapan
1639,5.57086,3.83455,3.71617,3.43977,3.6547,,,,1.009948477799245,1.4456491882448006,1.660499339519853,1.8638759149003494,1.9984680368533225,SSP1,Median,Japan,missing,missing,missing,missing,missing,missing,Fodder - Grass,missing,missing,missing,median change in feed supply compared to reference scenario (%),Fodder - GrassJapan
1640,5.57086,3.83455,3.71617,3.43977,3.6547,,,,1.378795832938764,2.2480013671932673,1.7776966618689216,1.9402820011940403,2.076393867560415,SSP1,Upper CI,Japan,missing,missing,missing,missing,missing,missing,Fodder - Grass,missing,missing,missing,median change in feed supply compared to reference scenario (%),Fodder - GrassJapan
1659,0.0,0.0,0.0,0.0,0.0,,,,,,,,,SSP1,Lower CI,Japan,missing,missing,missing,missing,missing,missing,Scavenging,missing,missing,missing,median change in feed supply compared to reference scenario (%),ScavengingJapan
1660,0.0,0.0,0.0,0.0,0.0,,,,,,,,,SSP1,Median,Japan,missing,missing,missing,missing,missing,missing,Scavenging,missing,missing,missing,median change in feed supply compared to reference scenario (%),ScavengingJapan
1661,0.0,0.0,0.0,0.0,0.0,,,,,,,,,SSP1,Upper CI,Japan,missing,missing,missing,missing,missing,missing,Scavenging,missing,missing,missing,median change in feed supply compared to reference scenario (%),ScavengingJapan
1680,14.2971,24.5047,30.9825,38.8981,41.9678,,,,-0.7921526283846392,-0.49470552442036164,-0.33804394646274805,-0.3355387095885528,-0.2901403100869209,SSP1,Lower CI,Mexico,missing,missing,missing,missing,missing,missing,Feed Crops,missing,missing,missing,median change in feed supply compared to reference scenario (%),Feed CropsMexico
1681,14.2971,24.5047,30.9825,38.8981,41.9678,,,,-0.5961473670886186,-0.08800596189745796,-0.225821254683118,-0.24416795028447974,-0.17673740008470182,SSP1,Median,Mexico,missing,missing,missing,missing,missing,missing,Feed Crops,missing,missing,missing,median change in feed supply compared to reference scenario (%),Feed CropsMexico
1682,14.2971,24.5047,30.9825,38.8981,41.9678,,,,-0.2587431573569829,1.4115081139201089,-0.022018126270118787,-0.00048222571163916705,0.019106885403318064,SSP1,Upper CI,Mexico,missing,missing,missing,missing,missing,missing,Feed Crops,missing,missing,missing,median change in feed supply compared to reference scenario (%),Feed CropsMexico
1701,7.30305,6.20593,6.72671,7.79424,8.2769,,,,-0.5633329616937313,-1.0172224035177295,-0.8304597632295317,-0.8825282009176038,-0.9504328690020255,SSP1,Lower CI,Mexico,missing,missing,missing,missing,missing,missing,Fodder - Herb,missing,missing,missing,median change in feed supply compared to reference scenario (%),Fodder - HerbMexico
1702,7.30305,6.20593,6.72671,7.79424,8.2769,,,,-0.3184541278673391,-0.30745421826107405,-0.6087910731758137,-0.708201844222698,-0.7704651402197117,SSP1,Median,Mexico,missing,missing,missing,missing,missing,missing,Fodder - Herb,missing,missing,missing,median change in feed supply compared to reference scenario (%),Fodder - HerbMexico
1703,7.30305,6.20593,6.72671,7.79424,8.2769,,,,0.21758276572347418,0.14128657044783627,-0.4098020145085782,-0.4668935856934132,-0.5437493341818312,SSP1,Upper CI,Mexico,missing,missing,missing,missing,missing,missing,Fodder - Herb,missing,missing,missing,median change in feed supply compared to reference scenario (%),Fodder - HerbMexico
1722,73.8457,74.169,77.6354,91.3105,96.1038,,,,-0.047065784726805004,-0.6245422622544515,-0.04088928342779846,-0.0027147889516995136,0.007713064629888439,SSP1,Lower CI,Mexico,missing,missing,missing,missing,missing,missing,Fodder - Grass,missing,missing,missing,median change in feed supply compared to reference scenario (%),Fodder - GrassMexico
1723,73.8457,74.169,77.6354,91.3105,96.1038,,,,0.10031580893524827,-0.014770503291256443,0.04447326967063313,0.045734979749924506,0.05011488596488401,SSP1,Median,Mexico,missing,missing,missing,missing,missing,missing,Fodder - Grass,missing,missing,missing,median change in feed supply compared to reference scenario (%),Fodder - GrassMexico
1724,73.8457,74.169,77.6354,91.3105,96.1038,,,,0.30555149346471483,0.5090861615277328,0.09716357421717603,0.11236084137041652,0.10465973825859662,SSP1,Upper CI,Mexico,missing,missing,missing,missing,missing,missing,Fodder - Grass,missing,missing,missing,median change in feed supply compared to reference scenario (%),Fodder - GrassMexico
1743,4.34018,4.48937,4.72801,5.62991,5.95541,,,,-7.093698660361286,-8.08171268988839,-8.98511899034652,-9.857497810236355,-10.519366432841865,SSP1,Lower CI,Mexico,missing,missing,missing,missing,missing,missing,Scavenging,missing,missing,missing,median change in feed supply compared to reference scenario (%),ScavengingMexico
1744,4.34018,4.48937,4.72801,5.62991,5.95541,,,,-6.520271088571764,-7.438470135899404,-8.715136644356475,-9.567545976183643,-10.197361235711355,SSP1,Median,Mexico,missing,missing,missing,missing,missing,missing,Scavenging,missing,missing,missing,median change in feed supply compared to reference scenario (%),ScavengingMexico
1745,4.34018,4.48937,4.72801,5.62991,5.95541,,,,-5.96411244979712,-7.118289840615115,-8.494632015468737,-9.329524293748209,-9.945732021194152,SSP1,Upper CI,Mexico,missing,missing,missing,missing,missing,missing,Scavenging,missing,missing,missing,median change in feed supply compared to reference scenario (%),ScavengingMexico
1764,18.3837,30.8518,39.9386,51.5492,57.6564,,,,-0.5934740019184448,-0.6308573772416697,0.6026643630072394,0.7757296495940091,0.9252906239897674,SSP1,Lower CI,Middle East,missing,missing,missing,missing,missing,missing,Feed Crops,missing,missing,missing,median change in feed supply compared to reference scenario (%),Feed CropsMiddle East
1765,18.3837,30.8518,39.9386,51.5492,57.6564,,,,-0.36922122582773365,0.8533372767713157,0.9084223378570462,0.9698540887317281,1.1468422654743822,SSP1,Median,Middle East,missing,missing,missing,missing,missing,missing,Feed Crops,missing,missing,missing,median change in feed supply compared to reference scenario (%),Feed CropsMiddle East
1766,18.3837,30.8518,39.9386,51.5492,57.6564,,,,0.5484993402200107,4.69375553392488,1.5052189380873982,1.4620847796420058,1.589973845958192,SSP1,Upper CI,Middle East,missing,missing,missing,missing,missing,missing,Feed Crops,missing,missing,missing,median change in feed supply compared to reference scenario (%),Feed CropsMiddle East
1785,11.6555,13.7829,16.3409,16.712,18.5765,,,,0.901056245020883,0.6118202084458969,1.365194002673014,1.5404197966473616,1.6938900890733035,SSP1,Lower CI,Middle East,missing,missing,missing,missing,missing,missing,Fodder - Herb,missing,missing,missing,median change in feed supply compared to reference scenario (%),Fodder - HerbMiddle East
1786,11.6555,13.7829,16.3409,16.712,18.5765,,,,1.238953948649344,1.2636826824999918,1.5526043006463532,1.7360206278072248,1.88044962000642,SSP1,Median,Middle East,missing,missing,missing,missing,missing,missing,Fodder - Herb,missing,missing,missing,median change in feed supply compared to reference scenario (%),Fodder - HerbMiddle East
1787,11.6555,13.7829,16.3409,16.712,18.5765,,,,1.5257487396204688,1.825847539057416,1.773953512484582,1.9663645300478405,2.082846095905787,SSP1,Upper CI,Middle East,missing,missing,missing,missing,missing,missing,Fodder - Herb,missing,missing,missing,median change in feed supply compared to reference scenario (%),Fodder - HerbMiddle East
1806,20.4686,25.778,31.3187,24.7154,27.1927,,,,-0.2418142681537649,-1.1617620409354217,0.30694130208527975,0.5318244438447334,0.7220105647921645,SSP1,Lower CI,Middle East,missing,missing,missing,missing,missing,missing,Fodder - Grass,missing,missing,missing,median change in feed supply compared to reference scenario (%),Fodder - GrassMiddle East
1807,20.4686,25.778,31.3187,24.7154,27.1927,,,,0.02832257359249857,0.28099257580015924,0.4420594299761181,0.5970434980320697,0.7794627078581885,SSP1,Median,Middle East,missing,missing,missing,missing,missing,missing,Fodder - Grass,missing,missing,missing,median change in feed supply compared to reference scenario (%),Fodder - GrassMiddle East
1808,20.4686,25.778,31.3187,24.7154,27.1927,,,,0.3143934699960828,0.9857035135628335,0.5159320527431385,0.6871939440411933,0.8555779213871187,SSP1,Upper CI,Middle East,missing,missing,missing,missing,missing,missing,Fodder - Grass,missing,missing,missing,median change in feed supply compared to reference scenario (%),Fodder - GrassMiddle East
1827,2.27256,2.83893,3.48642,3.18023,3.55647,,,,0.9704818427245254,-0.04120688690484453,1.197537925937737,1.4212888993496802,1.6477124240871868,SSP1,Lower CI,Middle East,missing,missing,missing,missing,missing,missing,Scavenging,missing,missing,missing,median change in feed supply compared to reference scenario (%),ScavengingMiddle East
1828,2.27256,2.83893,3.48642,3.18023,3.55647,,,,1.1087777832315577,1.1371389352899117,1.3591583046423714,1.5063836775754795,1.7198565809664614,SSP1,Median,Middle East,missing,missing,missing,missing,missing,missing,Scavenging,missing,missing,missing,median change in feed supply compared to reference scenario (%),ScavengingMiddle East
1829,2.27256,2.83893,3.48642,3.18023,3.55647,,,,1.4319656894446215,1.8567845707779556,1.444794611913313,1.6173911246892079,1.794401010779563,SSP1,Upper CI,Middle East,missing,missing,missing,missing,missing,missing,Scavenging,missing,missing,missing,median change in feed supply compared to reference scenario (%),ScavengingMiddle East
1848,3.56851,5.37679,11.4835,20.0773,22.3592,,,,7.282034918909955,7.251077145847954,7.479462171789272,7.960415765957794,8.444788646206227,SSP1,Lower CI,Pakistan,missing,missing,missing,missing,missing,missing,Feed Crops,missing,missing,missing,median change in feed supply compared to reference scenario (%),Feed CropsPakistan
1849,3.56851,5.37679,11.4835,20.0773,22.3592,,,,7.742955095458864,7.6404958582288005,7.6244677317481395,8.076379759670111,8.512070672497778,SSP1,Median,Pakistan,missing,missing,missing,missing,missing,missing,Feed Crops,missing,missing,missing,median change in feed supply compared to reference scenario (%),Feed CropsPakistan
1850,3.56851,5.37679,11.4835,20.0773,22.3592,,,,7.9200305135077835,7.868573518724028,7.728962595146671,8.131380124607173,8.563420994659026,SSP1,Upper CI,Pakistan,missing,missing,missing,missing,missing,missing,Feed Crops,missing,missing,missing,median change in feed supply compared to reference scenario (%),Feed CropsPakistan
1869,3.20203,14.9421,18.4928,27.2513,31.2405,,,,-3.8497392377566815,-3.7754287943704274,-3.6531351031860164,-3.738921031880862,-3.915669647106264,SSP1,Lower CI,Pakistan,missing,missing,missing,missing,missing,missing,Fodder - Herb,missing,missing,missing,median change in feed supply compared to reference scenario (%),Fodder - HerbPakistan
1870,3.20203,14.9421,18.4928,27.2513,31.2405,,,,-3.754186770783745,-3.646009553117058,-3.55171014173024,-3.704548443294667,-3.898421317150612,SSP1,Median,Pakistan,missing,missing,missing,missing,missing,missing,Fodder - Herb,missing,missing,missing,median change in feed supply compared to reference scenario (%),Fodder - HerbPakistan
1871,3.20203,14.9421,18.4928,27.2513,31.2405,,,,-3.444340639235926,-3.4413172133511565,-3.4239002255012996,-3.6149739365350664,-3.8379626047251723,SSP1,Upper CI,Pakistan,missing,missing,missing,missing,missing,missing,Fodder - Herb,missing,missing,missing,median change in feed supply compared to reference scenario (%),Fodder - HerbPakistan
1890,32.9424,30.4354,39.8374,48.911,54.7184,,,,-3.6188435758424147,-3.8279666901198923,-3.769914337701599,-3.9508825841932818,-4.138475277213579,SSP1,Lower CI,Pakistan,missing,missing,missing,missing,missing,missing,Fodder - Grass,missing,missing,missing,median change in feed supply compared to reference scenario (%),Fodder - GrassPakistan
1891,32.9424,30.4354,39.8374,48.911,54.7184,,,,-3.560600760198169,-3.6312763532184738,-3.7289135959569433,-3.9365924747494145,-4.124536655383824,SSP1,Median,Pakistan,missing,missing,missing,missing,missing,missing,Fodder - Grass,missing,missing,missing,median change in feed supply compared to reference scenario (%),Fodder - GrassPakistan
1892,32.9424,30.4354,39.8374,48.911,54.7184,,,,-3.531133464759943,-3.472350277242892,-3.6944862874689584,-3.893627144766717,-4.08363898490713,SSP1,Upper CI,Pakistan,missing,missing,missing,missing,missing,missing,Fodder - Grass,missing,missing,missing,median change in feed supply compared to reference scenario (%),Fodder - GrassPakistan
1911,2.88684,3.09459,3.65975,4.48809,5.17148,,,,-4.970186015296697,-5.10831717876485,-5.134807117534382,-5.240931678646475,-5.364744688100018,SSP1,Lower CI,Pakistan,missing,missing,missing,missing,missing,missing,Scavenging,missing,missing,missing,median change in feed supply compared to reference scenario (%),ScavengingPakistan
1912,2.88684,3.09459,3.65975,4.48809,5.17148,,,,-4.719995089254267,-4.9680147062485,-5.0353095414858435,-5.197409705638933,-5.295747368261182,SSP1,Median,Pakistan,missing,missing,missing,missing,missing,missing,Scavenging,missing,missing,missing,median change in feed supply compared to reference scenario (%),ScavengingPakistan
1913,2.88684,3.09459,3.65975,4.48809,5.17148,,,,-4.655232099633727,-4.702824042301039,-4.8633551594241515,-5.0272673646516095,-5.15085209122949,SSP1,Upper CI,Pakistan,missing,missing,missing,missing,missing,missing,Scavenging,missing,missing,missing,median change in feed supply compared to reference scenario (%),ScavengingPakistan
1932,95.451,46.6301,50.897,62.1194,65.6749,,,,-0.5304853955205427,-0.5038235261329354,-0.12100075131468827,-0.04608760838361388,-0.003320807839413173,SSP1,Lower CI,Russia,missing,missing,missing,missing,missing,missing,Feed Crops,missing,missing,missing,median change in feed supply compared to reference scenario (%),Feed CropsRussia
1933,95.451,46.6301,50.897,62.1194,65.6749,,,,-0.4104704122119128,-0.16357565219682352,-0.04758298267638203,-0.013542903102459555,0.03818440516979839,SSP1,Median,Russia,missing,missing,missing,missing,missing,missing,Feed Crops,missing,missing,missing,median change in feed supply compared to reference scenario (%),Feed CropsRussia
1934,95.451,46.6301,50.897,62.1194,65.6749,,,,-0.20040119546991497,-0.03011709546256608,0.07835693789271184,0.09799508219430687,0.13377537767156616,SSP1,Upper CI,Russia,missing,missing,missing,missing,missing,missing,Feed Crops,missing,missing,missing,median change in feed supply compared to reference scenario (%),Feed CropsRussia
1953,47.4318,21.4304,21.4498,22.4295,23.246,,,,-0.2782880269315265,-0.7120789616482168,-0.18390925940755642,-0.09448485252139464,-0.028762585302560054,SSP1,Lower CI,Russia,missing,missing,missing,missing,missing,missing,Fodder - Herb,missing,missing,missing,median change in feed supply compared to reference scenario (%),Fodder - HerbRussia
1954,47.4318,21.4304,21.4498,22.4295,23.246,,,,-0.12566635133082876,-0.1429841630300543,-0.11372972751922976,-0.03982755064738722,0.02421226633404757,SSP1,Median,Russia,missing,missing,missing,missing,missing,missing,Fodder - Herb,missing,missing,missing,median change in feed supply compared to reference scenario (%),Fodder - HerbRussia
1955,47.4318,21.4304,21.4498,22.4295,23.246,,,,0.05622792294201308,0.29169751202261995,-0.010021334212050093,0.04676958837085514,0.09999322727622846,SSP1,Upper CI,Russia,missing,missing,missing,missing,missing,missing,Fodder - Herb,missing,missing,missing,median change in feed supply compared to reference scenario (%),Fodder - HerbRussia
1974,130.057,53.9571,53.2182,52.5688,54.3268,,,,-0.1038152831410667,-0.6088052849740169,0.015146277890703094,0.08597930493331447,0.14653810516721721,SSP1,Lower CI,Russia,missing,missing,missing,missing,missing,missing,Fodder - Grass,missing,missing,missing,median change in feed supply compared to reference scenario (%),Fodder - GrassRussia
1975,130.057,53.9571,53.2182,52.5688,54.3268,,,,0.011255118895175876,0.024115825317945042,0.06118620582200629,0.10688703457274608,0.16589941151332135,SSP1,Median,Russia,missing,missing,missing,missing,missing,missing,Fodder - Grass,missing,missing,missing,median change in feed supply compared to reference scenario (%),Fodder - GrassRussia
1976,130.057,53.9571,53.2182,52.5688,54.3268,,,,0.14067270545712607,0.4313081840967017,0.15996936290103125,0.21759965159955974,0.27132883360692633,SSP1,Upper CI,Russia,missing,missing,missing,missing,missing,missing,Fodder - Grass,missing,missing,missing,median change in feed supply compared to reference scenario (%),Fodder - GrassRussia
1995,0.0,0.0,0.0,0.0,0.0,,,,,,,,,SSP1,Lower CI,Russia,missing,missing,missing,missing,missing,missing,Scavenging,missing,missing,missing,median change in feed supply compared to reference scenario (%),ScavengingRussia
1996,0.0,0.0,0.0,0.0,0.0,,,,,,,,,SSP1,Median,Russia,missing,missing,missing,missing,missing,missing,Scavenging,missing,missing,missing,median change in feed supply compared to reference scenario (%),ScavengingRussia
1997,0.0,0.0,0.0,0.0,0.0,,,,,,,,,SSP1,Upper CI,Russia,missing,missing,missing,missing,missing,missing,Scavenging,missing,missing,missing,median change in feed supply compared to reference scenario (%),ScavengingRussia
2016,4.25316,5.47115,7.41457,9.22474,10.2422,,,,0.16730300952748625,0.3269452805777058,0.5452168457736569,0.5396922034701453,0.5482322829627084,SSP1,Lower CI,South Africa,missing,missing,missing,missing,missing,missing,Feed Crops,missing,missing,missing,median change in feed supply compared to reference scenario (%),Feed CropsSouth Africa
2017,4.25316,5.47115,7.41457,9.22474,10.2422,,,,0.3390694325077041,0.5725605084353629,0.6558842235797222,0.6592857375204337,0.685717886161248,SSP1,Median,South Africa,missing,missing,missing,missing,missing,missing,Feed Crops,missing,missing,missing,median change in feed supply compared to reference scenario (%),Feed CropsSouth Africa
2018,4.25316,5.47115,7.41457,9.22474,10.2422,,,,0.4566332859012454,1.5265949941233028,0.9712516770711078,0.9605023589977214,0.9400076109651483,SSP1,Upper CI,South Africa,missing,missing,missing,missing,missing,missing,Feed Crops,missing,missing,missing,median change in feed supply compared to reference scenario (%),Feed CropsSouth Africa
2037,4.04744,3.20898,3.47966,3.70987,4.13369,,,,-0.11378955334719414,-0.3082627263943684,0.060770898728694844,0.073249622899642,0.07718784504699086,SSP1,Lower CI,South Africa,missing,missing,missing,missing,missing,missing,Fodder - Herb,missing,missing,missing,median change in feed supply compared to reference scenario (%),Fodder - HerbSouth Africa
2038,4.04744,3.20898,3.47966,3.70987,4.13369,,,,0.13093833082577586,0.07318589094323551,0.14132250441414132,0.18301163276809815,0.18547140358119663,SSP1,Median,South Africa,missing,missing,missing,missing,missing,missing,Fodder - Herb,missing,missing,missing,median change in feed supply compared to reference scenario (%),Fodder - HerbSouth Africa
2039,4.04744,3.20898,3.47966,3.70987,4.13369,,,,0.3128817473855488,0.3493894097067715,0.281719125533656,0.29948445868807466,0.29269786265605213,SSP1,Upper CI,South Africa,missing,missing,missing,missing,missing,missing,Fodder - Herb,missing,missing,missing,median change in feed supply compared to reference scenario (%),Fodder - HerbSouth Africa
2058,24.1137,24.5331,24.9134,23.2794,25.4199,,,,0.5249048075399343,0.06767946635153804,0.4234753457563232,0.42432296444125445,0.4157227157519916,SSP1,Lower CI,South Africa,missing,missing,missing,missing,missing,missing,Fodder - Grass,missing,missing,missing,median change in feed supply compared to reference scenario (%),Fodder - GrassSouth Africa
2059,24.1137,24.5331,24.9134,23.2794,25.4199,,,,0.5928763048544479,0.47520275867568273,0.4712813799788534,0.4616227869180627,0.4435174925696892,SSP1,Median,South Africa,missing,missing,missing,missing,missing,missing,Fodder - Grass,missing,missing,missing,median change in feed supply compared to reference scenario (%),Fodder - GrassSouth Africa
2060,24.1137,24.5331,24.9134,23.2794,25.4199,,,,0.7394259826295329,0.752651871227835,0.5107329291553337,0.4975402803125389,0.4786303005474025,SSP1,Upper CI,South Africa,missing,missing,missing,missing,missing,missing,Fodder - Grass,missing,missing,missing,median change in feed supply compared to reference scenario (%),Fodder - GrassSouth Africa
2079,1.75963,1.76283,1.84557,1.77183,1.97834,,,,-0.30357287840097796,-0.875297386757806,-1.1204098936785922,-1.5329866387775382,-1.7481049875146324,SSP1,Lower CI,South Africa,missing,missing,missing,missing,missing,missing,Scavenging,missing,missing,missing,median change in feed supply compared to reference scenario (%),ScavengingSouth Africa
2080,1.75963,1.76283,1.84557,1.77183,1.97834,,,,-0.04688267250283322,-0.6167079943486289,-0.9691731316964265,-1.3719195557996384,-1.604087899879836,SSP1,Median,South Africa,missing,missing,missing,missing,missing,missing,Scavenging,missing,missing,missing,median change in feed supply compared to reference scenario (%),ScavengingSouth Africa
2081,1.75963,1.76283,1.84557,1.77183,1.97834,,,,0.2768890897428941,-0.3265469223815856,-0.8568140678352307,-1.2657826256754348,-1.4634049716390511,SSP1,Upper CI,South Africa,missing,missing,missing,missing,missing,missing,Scavenging,missing,missing,missing,median change in feed supply compared to reference scenario (%),ScavengingSouth Africa
2100,2.61761,2.7715,4.8385,5.13652,5.63428,,,,-0.10234792333754938,-17.7772310464399,-0.5565517859708846,0.64721155538858,0.6812779049935446,SSP1,Lower CI,South America_Northern,missing,missing,missing,missing,missing,missing,Feed Crops,missing,missing,missing,median change in feed supply compared to reference scenario (%),Feed CropsSouth America_Northern
2101,2.61761,2.7715,4.8385,5.13652,5.63428,,,,0.35549822374761997,0.8302992300846761,0.8030251015342871,0.831728824449802,0.8812608649080442,SSP1,Median,South America_Northern,missing,missing,missing,missing,missing,missing,Feed Crops,missing,missing,missing,median change in feed supply compared to reference scenario (%),Feed CropsSouth America_Northern
2102,2.61761,2.7715,4.8385,5.13652,5.63428,,,,0.6256329193554304,70.13360265359668,10.131175977382313,1.1686317355394937,1.1458482083114232,SSP1,Upper CI,South America_Northern,missing,missing,missing,missing,missing,missing,Feed Crops,missing,missing,missing,median change in feed supply compared to reference scenario (%),Feed CropsSouth America_Northern
2121,3.82037,3.61974,5.24864,4.88861,5.25079,,,,-0.2543903241757476,-1.6105611970759388,-0.3937203439125448,0.37366461388633543,0.5540165075958244,SSP1,Lower CI,South America_Northern,missing,missing,missing,missing,missing,missing,Fodder - Herb,missing,missing,missing,median change in feed supply compared to reference scenario (%),Fodder - HerbSouth America_Northern
2122,3.82037,3.61974,5.24864,4.88861,5.25079,,,,-0.16943043387391427,0.023457449619085625,0.2475716122567337,0.4596816130227747,0.6264634624476391,SSP1,Median,South America_Northern,missing,missing,missing,missing,missing,missing,Fodder - Herb,missing,missing,missing,median change in feed supply compared to reference scenario (%),Fodder - HerbSouth America_Northern
2123,3.82037,3.61974,5.24864,4.88861,5.25079,,,,0.05173392210057112,0.555629209649913,0.42883235307398365,0.5715311217839788,0.7348675788019644,SSP1,Upper CI,South America_Northern,missing,missing,missing,missing,missing,missing,Fodder - Herb,missing,missing,missing,median change in feed supply compared to reference scenario (%),Fodder - HerbSouth America_Northern
2142,18.2936,21.5927,29.4458,26.267,27.9164,,,,-0.2794392991682595,-3.262583783655039,-0.28765245421849106,0.1683723956528863,0.2842779976350308,SSP1,Lower CI,South America_Northern,missing,missing,missing,missing,missing,missing,Fodder - Grass,missing,missing,missing,median change in feed supply compared to reference scenario (%),Fodder - GrassSouth America_Northern
2143,18.2936,21.5927,29.4458,26.267,27.9164,,,,-0.17480033794279998,-0.04932189937932835,0.10378097696546774,0.21462789861907075,0.3247675151890407,SSP1,Median,South America_Northern,missing,missing,missing,missing,missing,missing,Fodder - Grass,missing,missing,missing,median change in feed supply compared to reference scenario (%),Fodder - GrassSouth America_Northern
2144,18.2936,21.5927,29.4458,26.267,27.9164,,,,0.027606808260256716,1.0360984346591735,0.2006357333531692,0.2818219476703739,0.3760608221947558,SSP1,Upper CI,South America_Northern,missing,missing,missing,missing,missing,missing,Fodder - Grass,missing,missing,missing,median change in feed supply compared to reference scenario (%),Fodder - GrassSouth America_Northern
2163,1.12287,1.3281,1.85008,1.67839,1.85381,,,,-3.881338433400711,-8.221332713064998,-4.7629040450482725,-4.213765372400035,-4.142865727289433,SSP1,Lower CI,South America_Northern,missing,missing,missing,missing,missing,missing,Scavenging,missing,missing,missing,median change in feed supply compared to reference scenario (%),ScavengingSouth America_Northern
2164,1.12287,1.3281,1.85008,1.67839,1.85381,,,,-3.7425972772949088,-3.866601464016935,-4.046013165440571,-4.074071016539213,-3.9766870341128557,SSP1,Median,South America_Northern,missing,missing,missing,missing,missing,missing,Scavenging,missing,missing,missing,median change in feed supply compared to reference scenario (%),ScavengingSouth America_Northern
2165,1.12287,1.3281,1.85008,1.67839,1.85381,,,,-3.400593100444962,-2.572574865775659,-3.8671163276300904,-3.932399825964755,-3.866454213073416,SSP1,Upper CI,South America_Northern,missing,missing,missing,missing,missing,missing,Scavenging,missing,missing,missing,median change in feed supply compared to reference scenario (%),ScavengingSouth America_Northern
2184,8.2706,14.5327,18.2838,24.7166,27.8669,,,,-5.678624575558448,-2.2496527855041344,-1.8368280935590693,-1.8924915429271314,-1.9736328073829044,SSP1,Lower CI,South America_Southern,missing,missing,missing,missing,missing,missing,Feed Crops,missing,missing,missing,median change in feed supply compared to reference scenario (%),Feed CropsSouth America_Southern
2185,8.2706,14.5327,18.2838,24.7166,27.8669,,,,-2.0435575618331363,-1.8035799314776393,-1.7536124027529363,-1.7835033267901257,-1.8934150880515805,SSP1,Median,South America_Southern,missing,missing,missing,missing,missing,missing,Feed Crops,missing,missing,missing,median change in feed supply compared to reference scenario (%),Feed CropsSouth America_Southern
2186,8.2706,14.5327,18.2838,24.7166,27.8669,,,,6.614390265089154,-0.6016923930985811,-1.3624601907752505,-1.5133093728075537,-1.6599767996305514,SSP1,Upper CI,South America_Southern,missing,missing,missing,missing,missing,missing,Feed Crops,missing,missing,missing,median change in feed supply compared to reference scenario (%),Feed CropsSouth America_Southern
2205,11.4005,14.3325,17.0024,19.3808,21.3895,,,,-0.9707071137931774,-1.4125240865105624,-1.1109032729661634,-1.2232017381620408,-1.472167144246227,SSP1,Lower CI,South America_Southern,missing,missing,missing,missing,missing,missing,Fodder - Herb,missing,missing,missing,median change in feed supply compared to reference scenario (%),Fodder - HerbSouth America_Southern
2206,11.4005,14.3325,17.0024,19.3808,21.3895,,,,-0.6645264942873653,-0.9087161636325236,-0.9719902692127734,-1.1002332674531714,-1.345343109498207,SSP1,Median,South America_Southern,missing,missing,missing,missing,missing,missing,Fodder - Herb,missing,missing,missing,median change in feed supply compared to reference scenario (%),Fodder - HerbSouth America_Southern
2207,11.4005,14.3325,17.0024,19.3808,21.3895,,,,0.11706509117504027,-0.4928477231484147,-0.8619520805008474,-0.9960193221714175,-1.2430338856908045,SSP1,Upper CI,South America_Southern,missing,missing,missing,missing,missing,missing,Fodder - Herb,missing,missing,missing,median change in feed supply compared to reference scenario (%),Fodder - HerbSouth America_Southern
2226,62.6858,82.4995,90.2717,97.9078,106.466,,,,-1.1965369421042726,-1.619944074747614,-1.3029504710764528,-1.414904206821516,-1.6699369327836722,SSP1,Lower CI,South America_Southern,missing,missing,missing,missing,missing,missing,Fodder - Grass,missing,missing,missing,median change in feed supply compared to reference scenario (%),Fodder - GrassSouth America_Southern
2227,62.6858,82.4995,90.2717,97.9078,106.466,,,,-0.7907653870766617,-1.044991369722846,-1.167195415528516,-1.319167140997041,-1.5662785657130127,SSP1,Median,South America_Southern,missing,missing,missing,missing,missing,missing,Fodder - Grass,missing,missing,missing,median change in feed supply compared to reference scenario (%),Fodder - GrassSouth America_Southern
2228,62.6858,82.4995,90.2717,97.9078,106.466,,,,0.21143283529478102,-0.6206140928341084,-1.0546172946756036,-1.2157573470567657,-1.4759380338260109,SSP1,Upper CI,South America_Southern,missing,missing,missing,missing,missing,missing,Fodder - Grass,missing,missing,missing,median change in feed supply compared to reference scenario (%),Fodder - GrassSouth America_Southern
2247,3.80452,5.09947,5.68668,6.24542,6.89118,,,,-15.281612631613779,-16.706369620513883,-18.36679653893382,-20.039942931056636,-21.47558112934099,SSP1,Lower CI,South America_Southern,missing,missing,missing,missing,missing,missing,Scavenging,missing,missing,missing,median change in feed supply compared to reference scenario (%),ScavengingSouth America_Southern
2248,3.80452,5.09947,5.68668,6.24542,6.89118,,,,-14.996600445679368,-16.34034483963909,-17.97885254801315,-19.53935406521016,-20.92111348913255,SSP1,Median,South America_Southern,missing,missing,missing,missing,missing,missing,Scavenging,missing,missing,missing,median change in feed supply compared to reference scenario (%),ScavengingSouth America_Southern
2249,3.80452,5.09947,5.68668,6.24542,6.89118,,,,-14.105205523166678,-15.674199514525741,-17.569080199541595,-19.16155768366979,-20.512700357008423,SSP1,Upper CI,South America_Southern,missing,missing,missing,missing,missing,missing,Scavenging,missing,missing,missing,median change in feed supply compared to reference scenario (%),ScavengingSouth America_Southern
2268,1.85396,4.1423,11.4682,18.891,23.0017,,,,-3.3991811857940597,-2.3673979890640915,-1.2719771074206805,-0.9950749996542607,-0.8000188509526458,SSP1,Lower CI,South Asia,missing,missing,missing,missing,missing,missing,Feed Crops,missing,missing,missing,median change in feed supply compared to reference scenario (%),Feed CropsSouth Asia
2269,1.85396,4.1423,11.4682,18.891,23.0017,,,,-2.816324029229257,-1.4974546859878377,-0.9948412133845385,-0.8318422107799209,-0.6665697751088951,SSP1,Median,South Asia,missing,missing,missing,missing,missing,missing,Feed Crops,missing,missing,missing,median change in feed supply compared to reference scenario (%),Feed CropsSouth Asia
2270,1.85396,4.1423,11.4682,18.891,23.0017,,,,-2.5113636733065077,-0.020955618794478825,-0.6826336055724709,-0.7028598252153007,-0.5703036088814342,SSP1,Upper CI,South Asia,missing,missing,missing,missing,missing,missing,Feed Crops,missing,missing,missing,median change in feed supply compared to reference scenario (%),Feed CropsSouth Asia
2289,6.98551,9.75069,10.9411,12.6939,14.4051,,,,3.3650326176055985,2.6453480265092395,3.402064973121974,3.614662902881529,3.7088896133041116,SSP1,Lower CI,South Asia,missing,missing,missing,missing,missing,missing,Fodder - Herb,missing,missing,missing,median change in feed supply compared to reference scenario (%),Fodder - HerbSouth Asia
2290,6.98551,9.75069,10.9411,12.6939,14.4051,,,,3.544692054966315,3.2006761132482673,3.4471903652193405,3.6440737963291694,3.7356740793098786,SSP1,Median,South Asia,missing,missing,missing,missing,missing,missing,Fodder - Herb,missing,missing,missing,median change in feed supply compared to reference scenario (%),Fodder - HerbSouth Asia
2291,6.98551,9.75069,10.9411,12.6939,14.4051,,,,3.6494386800844034,3.527777465848061,3.593721499173171,3.7755217461709116,3.856611932043987,SSP1,Upper CI,South Asia,missing,missing,missing,missing,missing,missing,Fodder - Herb,missing,missing,missing,median change in feed supply compared to reference scenario (%),Fodder - HerbSouth Asia
2310,19.6519,22.6748,23.862,25.4266,29.2953,,,,0.016752408650500733,-0.561965369297154,0.20215075954377162,0.3007508391766586,0.28783456244965033,SSP1,Lower CI,South Asia,missing,missing,missing,missing,missing,missing,Fodder - Grass,missing,missing,missing,median change in feed supply compared to reference scenario (%),Fodder - GrassSouth Asia
2311,19.6519,22.6748,23.862,25.4266,29.2953,,,,0.07958363841340654,0.2883018936200912,0.3234324258103314,0.3611781141992637,0.35468524245315824,SSP1,Median,South Asia,missing,missing,missing,missing,missing,missing,Fodder - Grass,missing,missing,missing,median change in feed supply compared to reference scenario (%),Fodder - GrassSouth Asia
2312,19.6519,22.6748,23.862,25.4266,29.2953,,,,0.2916928402751494,0.6968896553313146,0.3663562033896235,0.42374614557268814,0.39459638781082806,SSP1,Upper CI,South Asia,missing,missing,missing,missing,missing,missing,Fodder - Grass,missing,missing,missing,median change in feed supply compared to reference scenario (%),Fodder - GrassSouth Asia
2331,27.9343,33.8654,36.2019,38.9953,45.573,,,,3.477027398188101,2.297605962014493,3.2372129984836295,3.4274967111130583,3.5166214071477597,SSP1,Lower CI,South Asia,missing,missing,missing,missing,missing,missing,Scavenging,missing,missing,missing,median change in feed supply compared to reference scenario (%),ScavengingSouth Asia
2332,27.9343,33.8654,36.2019,38.9953,45.573,,,,3.6995806436328635,3.247431953908476,3.326113456016185,3.473343098963312,3.5930138352581618,SSP1,Median,South Asia,missing,missing,missing,missing,missing,missing,Scavenging,missing,missing,missing,median change in feed supply compared to reference scenario (%),ScavengingSouth Asia
2333,27.9343,33.8654,36.2019,38.9953,45.573,,,,3.886357181666358,3.5648842664520783,3.5761652432625652,3.7353915749735704,3.829797806384901,SSP1,Upper CI,South Asia,missing,missing,missing,missing,missing,missing,Scavenging,missing,missing,missing,median change in feed supply compared to reference scenario (%),ScavengingSouth Asia
2352,8.26242,10.4405,17.6604,21.9873,23.3588,,,,-1.1803498578817573,-3.6500672090389563,-0.7284392750716268,0.09656649471056275,0.2564936372885154,SSP1,Lower CI,South Korea,missing,missing,missing,missing,missing,missing,Feed Crops,missing,missing,missing,median change in feed supply compared to reference scenario (%),Feed CropsSouth Korea
2353,8.26242,10.4405,17.6604,21.9873,23.3588,,,,-0.9532560420978834,-0.22218397372054535,0.00905294394239494,0.26713910236826516,0.3760453027833688,SSP1,Median,South Korea,missing,missing,missing,missing,missing,missing,Feed Crops,missing,missing,missing,median change in feed supply compared to reference scenario (%),Feed CropsSouth Korea
2354,8.26242,10.4405,17.6604,21.9873,23.3588,,,,-0.1347480124541539,8.588497193945981,1.8996043387763701,0.4689327675621575,0.5214012718433259,SSP1,Upper CI,South Korea,missing,missing,missing,missing,missing,missing,Feed Crops,missing,missing,missing,median change in feed supply compared to reference scenario (%),Feed CropsSouth Korea
2373,1.83068,1.61608,1.67685,1.97648,2.10011,,,,-1.3623256710759928,-2.421782725253344,-1.570117666569055,-1.3963683035959256,-1.4647607493292791,SSP1,Lower CI,South Korea,missing,missing,missing,missing,missing,missing,Fodder - Herb,missing,missing,missing,median change in feed supply compared to reference scenario (%),Fodder - HerbSouth Korea
2374,1.83068,1.61608,1.67685,1.97648,2.10011,,,,-0.7106900629260522,-1.129275648320841,-1.16378884916735,-1.1982606395658242,-1.2606537807099405,SSP1,Median,South Korea,missing,missing,missing,missing,missing,missing,Fodder - Herb,missing,missing,missing,median change in feed supply compared to reference scenario (%),Fodder - HerbSouth Korea
2375,1.83068,1.61608,1.67685,1.97648,2.10011,,,,-0.20365178074148338,-0.1935542110027313,-0.9826370062750718,-0.9393577134612215,-0.959897373631438,SSP1,Upper CI,South Korea,missing,missing,missing,missing,missing,missing,Fodder - Herb,missing,missing,missing,median change in feed supply compared to reference scenario (%),Fodder - HerbSouth Korea
2394,6.58062,7.1214,8.9593,9.15316,9.42232,,,,-2.441011062997568,-2.848620204913554,-1.35811843471371,-1.213188648321125,-0.8902952598069728,SSP1,Lower CI,South Korea,missing,missing,missing,missing,missing,missing,Fodder - Grass,missing,missing,missing,median change in feed supply compared to reference scenario (%),Fodder - GrassSouth Korea
2395,6.58062,7.1214,8.9593,9.15316,9.42232,,,,-2.2119384918193385,-1.4681109014354912,-1.12043000778565,-0.8887963462954913,-0.7137145151652873,SSP1,Median,South Korea,missing,missing,missing,missing,missing,missing,Fodder - Grass,missing,missing,missing,median change in feed supply compared to reference scenario (%),Fodder - GrassSouth Korea
2396,6.58062,7.1214,8.9593,9.15316,9.42232,,,,-1.7978378808960938,-0.20175810122029447,-1.010755695702231,-0.8380448189377864,-0.6704116828348944,SSP1,Upper CI,South Korea,missing,missing,missing,missing,missing,missing,Fodder - Grass,missing,missing,missing,median change in feed supply compared to reference scenario (%),Fodder - GrassSouth Korea
2415,0.468762,0.472387,0.563601,0.538098,0.570506,,,,-1.880873503586089,-2.8274320357001597,-0.983360677954383,-0.6782846527934587,-0.4094144200928077,SSP1,Lower CI,South Korea,missing,missing,missing,missing,missing,missing,Scavenging,missing,missing,missing,median change in feed supply compared to reference scenario (%),ScavengingSouth Korea
2416,0.468762,0.472387,0.563601,0.538098,0.570506,,,,-1.6401144422907594,-1.04355338303884,-0.7965356742706335,-0.5407970010688427,-0.27107240171714336,SSP1,Median,South Korea,missing,missing,missing,missing,missing,missing,Scavenging,missing,missing,missing,median change in feed supply compared to reference scenario (%),ScavengingSouth Korea
2417,0.468762,0.472387,0.563601,0.538098,0.570506,,,,-1.1433748805251813,0.41615079952869616,-0.5368757652511819,-0.42350832012965767,-0.13761720898938815,SSP1,Upper CI,South Korea,missing,missing,missing,missing,missing,missing,Scavenging,missing,missing,missing,median change in feed supply compared to reference scenario (%),ScavengingSouth Korea
2436,24.1055,52.3258,79.0096,98.0873,109.153,,,,-3.8082110096142707,-3.521623124876892,-2.8302026592823353,-2.7796739285376972,-2.6909119380737048,SSP1,Lower CI,Southeast Asia,missing,missing,missing,missing,missing,missing,Feed Crops,missing,missing,missing,median change in feed supply compared to reference scenario (%),Feed CropsSoutheast Asia
2437,24.1055,52.3258,79.0096,98.0873,109.153,,,,-3.460768937259509,-2.7712716733446956,-2.674755626385899,-2.6668465534224657,-2.594245067834307,SSP1,Median,Southeast Asia,missing,missing,missing,missing,missing,missing,Feed Crops,missing,missing,missing,median change in feed supply compared to reference scenario (%),Feed CropsSoutheast Asia
2438,24.1055,52.3258,79.0096,98.0873,109.153,,,,-3.1774437894120156,-2.0496126810567272,-2.3242778524269614,-2.393607355544985,-2.394186838565676,SSP1,Upper CI,Southeast Asia,missing,missing,missing,missing,missing,missing,Feed Crops,missing,missing,missing,median change in feed supply compared to reference scenario (%),Feed CropsSoutheast Asia
2457,33.0657,39.8677,43.6687,47.894,52.1512,,,,0.21201531467342224,-0.24761752962803654,0.20815731563404302,0.25308000102853556,0.2797075310686958,SSP1,Lower CI,Southeast Asia,missing,missing,missing,missing,missing,missing,Fodder - Herb,missing,missing,missing,median change in feed supply compared to reference scenario (%),Fodder - HerbSoutheast Asia
2458,33.0657,39.8677,43.6687,47.894,52.1512,,,,0.46303258072832176,0.310587220328143,0.302614831193419,0.3083842937993888,0.32963847258212514,SSP1,Median,Southeast Asia,missing,missing,missing,missing,missing,missing,Fodder - Herb,missing,missing,missing,median change in feed supply compared to reference scenario (%),Fodder - HerbSoutheast Asia
2459,33.0657,39.8677,43.6687,47.894,52.1512,,,,0.6993255360293505,0.7343119641267204,0.4039086346961047,0.4229527221103041,0.4288039571449201,SSP1,Upper CI,Southeast Asia,missing,missing,missing,missing,missing,missing,Fodder - Herb,missing,missing,missing,median change in feed supply compared to reference scenario (%),Fodder - HerbSoutheast Asia
2478,38.5983,44.042,50.6833,56.7564,59.5259,,,,-2.3338519417909476,-2.7553537655231106,-1.701869807120882,-1.5564657927780912,-1.425808557427508,SSP1,Lower CI,Southeast Asia,missing,missing,missing,missing,missing,missing,Fodder - Grass,missing,missing,missing,median change in feed supply compared to reference scenario (%),Fodder - GrassSoutheast Asia
2479,38.5983,44.042,50.6833,56.7564,59.5259,,,,-2.1060652999267417,-1.775255858199553,-1.644894509696826,-1.518909288943955,-1.367949059103473,SSP1,Median,Southeast Asia,missing,missing,missing,missing,missing,missing,Fodder - Grass,missing,missing,missing,median change in feed supply compared to reference scenario (%),Fodder - GrassSoutheast Asia
2480,38.5983,44.042,50.6833,56.7564,59.5259,,,,-1.929284807738089,-1.4204014731576424,-1.5438076247592205,-1.3945019683892184,-1.2577396542135333,SSP1,Upper CI,Southeast Asia,missing,missing,missing,missing,missing,missing,Fodder - Grass,missing,missing,missing,median change in feed supply compared to reference scenario (%),Fodder - GrassSoutheast Asia
2499,10.8833,12.9887,14.1183,15.1741,16.6058,,,,-8.13511931426342,-9.887405312627342,-9.58944752867098,-10.355684566541376,-10.983418533883977,SSP1,Lower CI,Southeast Asia,missing,missing,missing,missing,missing,missing,Scavenging,missing,missing,missing,median change in feed supply compared to reference scenario (%),ScavengingSoutheast Asia
2500,10.8833,12.9887,14.1183,15.1741,16.6058,,,,-7.885920411230123,-8.155127680112429,-9.484186180673996,-10.298467278646857,-10.902908566381557,SSP1,Median,Southeast Asia,missing,missing,missing,missing,missing,missing,Scavenging,missing,missing,missing,median change in feed supply compared to reference scenario (%),ScavengingSoutheast Asia
2501,10.8833,12.9887,14.1183,15.1741,16.6058,,,,-7.187416713524935,-7.568591920450993,-9.101677982750935,-9.919945401365643,-10.537197254946253,SSP1,Upper CI,Southeast Asia,missing,missing,missing,missing,missing,missing,Scavenging,missing,missing,missing,median change in feed supply compared to reference scenario (%),ScavengingSoutheast Asia
2520,7.97865,7.34376,7.22915,6.85536,7.02616,,,,-0.5867677526043561,0.1858675819112532,0.7462595404631469,0.7484042598977594,0.7935541198588195,SSP1,Lower CI,Taiwan,missing,missing,missing,missing,missing,missing,Feed Crops,missing,missing,missing,median change in feed supply compared to reference scenario (%),Feed CropsTaiwan
2521,7.97865,7.34376,7.22915,6.85536,7.02616,,,,-0.04711233792120011,0.9869596271597293,1.1558092152487542,1.1094231260056298,1.0906181075025483,SSP1,Median,Taiwan,missing,missing,missing,missing,missing,missing,Feed Crops,missing,missing,missing,median change in feed supply compared to reference scenario (%),Feed CropsTaiwan
2522,7.97865,7.34376,7.22915,6.85536,7.02616,,,,0.7590488306840389,2.277081053143027,1.6454573294277042,1.619002987535499,1.5505851155170878,SSP1,Upper CI,Taiwan,missing,missing,missing,missing,missing,missing,Feed Crops,missing,missing,missing,median change in feed supply compared to reference scenario (%),Feed CropsTaiwan
2541,8.23419,5.1491,4.37799,4.01793,4.08086,,,,-1.1799064970579825,-1.557645571801224,-1.1155604848654121,-1.071378361727187,-1.0755771991970582,SSP1,Lower CI,Taiwan,missing,missing,missing,missing,missing,missing,Fodder - Herb,missing,missing,missing,median change in feed supply compared to reference scenario (%),Fodder - HerbTaiwan
2542,8.23419,5.1491,4.37799,4.01793,4.08086,,,,-0.8828439919117191,-0.8152046669372176,-0.8780995341114787,-0.860030503960375,-0.8935134941383008,SSP1,Median,Taiwan,missing,missing,missing,missing,missing,missing,Fodder - Herb,missing,missing,missing,median change in feed supply compared to reference scenario (%),Fodder - HerbTaiwan
2543,8.23419,5.1491,4.37799,4.01793,4.08086,,,,-0.37174590809277935,-0.13368880751046197,-0.636017006862211,-0.5719869032190591,-0.5987511182503786,SSP1,Upper CI,Taiwan,missing,missing,missing,missing,missing,missing,Fodder - Herb,missing,missing,missing,median change in feed supply compared to reference scenario (%),Fodder - HerbTaiwan
2562,1.02058,0.635514,0.582363,0.596066,0.62066,,,,0.6743306702571956,0.16555126559864464,0.8784508344002464,0.8997139509857558,0.9361135577857852,SSP1,Lower CI,Taiwan,missing,missing,missing,missing,missing,missing,Fodder - Grass,missing,missing,missing,median change in feed supply compared to reference scenario (%),Fodder - GrassTaiwan
2563,1.02058,0.635514,0.582363,0.596066,0.62066,,,,0.7889240151195496,1.0775092080783715,1.1273156379879115,1.182771866344735,1.1766812714132402,SSP1,Median,Taiwan,missing,missing,missing,missing,missing,missing,Fodder - Grass,missing,missing,missing,median change in feed supply compared to reference scenario (%),Fodder - GrassTaiwan
2564,1.02058,0.635514,0.582363,0.596066,0.62066,,,,1.0993103178524821,1.6418736210838636,1.2557362368840737,1.318045894352255,1.2644250679089897,SSP1,Upper CI,Taiwan,missing,missing,missing,missing,missing,missing,Fodder - Grass,missing,missing,missing,median change in feed supply compared to reference scenario (%),Fodder - GrassTaiwan
2583,0.0706156,0.0459976,0.0426267,0.0442948,0.0467708,,,,-0.9641318622251936,-1.5583146889414845,-0.6109462732553239,-0.5564409426699812,-0.5862477362343494,SSP1,Lower CI,Taiwan,missing,missing,missing,missing,missing,missing,Scavenging,missing,missing,missing,median change in feed supply compared to reference scenario (%),ScavengingTaiwan
2584,0.0706156,0.0459976,0.0426267,0.0442948,0.0467708,,,,-0.8580241032725263,-0.5981244146205613,-0.4778281403530955,-0.393279363141163,-0.40541078970436345,SSP1,Median,Taiwan,missing,missing,missing,missing,missing,missing,Scavenging,missing,missing,missing,median change in feed supply compared to reference scenario (%),ScavengingTaiwan
2585,0.0706156,0.0459976,0.0426267,0.0442948,0.0467708,,,,-0.49701278236155744,0.25936840487420165,-0.28258859564533595,-0.23804680303050665,-0.27054102026125004,SSP1,Upper CI,Taiwan,missing,missing,missing,missing,missing,missing,Scavenging,missing,missing,missing,median change in feed supply compared to reference scenario (%),ScavengingTaiwan
2604,169.372,213.723,216.66,252.822,272.471,,,,-0.01958805370431249,-0.17407436273893584,0.2382001074979064,0.3366395032406015,0.3711068125231642,SSP1,Lower CI,USA,missing,missing,missing,missing,missing,missing,Feed Crops,missing,missing,missing,median change in feed supply compared to reference scenario (%),Feed CropsUSA
2605,169.372,213.723,216.66,252.822,272.471,,,,0.27377286222002767,0.3938972037377036,0.44989406796809167,0.4818582429384276,0.4915824914500757,SSP1,Median,USA,missing,missing,missing,missing,missing,missing,Feed Crops,missing,missing,missing,median change in feed supply compared to reference scenario (%),Feed CropsUSA
2606,169.372,213.723,216.66,252.822,272.471,,,,0.7966103209049543,0.510888378188288,0.5744850065565523,0.610950013101998,0.6015956504436085,SSP1,Upper CI,USA,missing,missing,missing,missing,missing,missing,Feed Crops,missing,missing,missing,median change in feed supply compared to reference scenario (%),Feed CropsUSA
2625,71.1523,104.965,100.908,98.5548,105.608,,,,-0.1469769300032684,-0.9006494067416917,-0.21426601986989868,-0.11423115557568853,-0.1049277777948196,SSP1,Lower CI,USA,missing,missing,missing,missing,missing,missing,Fodder - Herb,missing,missing,missing,median change in feed supply compared to reference scenario (%),Fodder - HerbUSA
2626,71.1523,104.965,100.908,98.5548,105.608,,,,-0.00701956899297775,-0.05766443844877271,-0.10108743312167526,-0.04523137303099841,-0.04665149891506286,SSP1,Median,USA,missing,missing,missing,missing,missing,missing,Fodder - Herb,missing,missing,missing,median change in feed supply compared to reference scenario (%),Fodder - HerbUSA
2627,71.1523,104.965,100.908,98.5548,105.608,,,,0.23544578366095092,0.3721598866427209,-0.006686697727342525,0.023461235503299586,0.004749822229854525,SSP1,Upper CI,USA,missing,missing,missing,missing,missing,missing,Fodder - Herb,missing,missing,missing,median change in feed supply compared to reference scenario (%),Fodder - HerbUSA
2646,210.796,208.66,206.511,210.329,223.451,,,,-0.2428847495446172,-1.0161247585770876,-0.38175151829135134,-0.3137257020698954,-0.31809113993703547,SSP1,Lower CI,USA,missing,missing,missing,missing,missing,missing,Fodder - Grass,missing,missing,missing,median change in feed supply compared to reference scenario (%),Fodder - GrassUSA
2647,210.796,208.66,206.511,210.329,223.451,,,,-0.18409327385529078,-0.22784524561875627,-0.28850926913901015,-0.2500406268928199,-0.264632570572485,SSP1,Median,USA,missing,missing,missing,missing,missing,missing,Fodder - Grass,missing,missing,missing,median change in feed supply compared to reference scenario (%),Fodder - GrassUSA
2648,210.796,208.66,206.511,210.329,223.451,,,,-0.009106871692398225,0.09436666590561876,-0.20689618096783124,-0.1954140086956206,-0.21610564116327108,SSP1,Upper CI,USA,missing,missing,missing,missing,missing,missing,Fodder - Grass,missing,missing,missing,median change in feed supply compared to reference scenario (%),Fodder - GrassUSA
2667,0.0,0.0,0.0,0.0,0.0,,,,,,,,,SSP1,Lower CI,USA,missing,missing,missing,missing,missing,missing,Scavenging,missing,missing,missing,median change in feed supply compared to reference scenario (%),ScavengingUSA
2668,0.0,0.0,0.0,0.0,0.0,,,,,,,,,SSP1,Median,USA,missing,missing,missing,missing,missing,missing,Scavenging,missing,missing,missing,median change in feed supply compared to reference scenario (%),ScavengingUSA
2669,0.0,0.0,0.0,0.0,0.0,,,,,,,,,SSP1,Upper CI,USA,missing,missing,missing,missing,missing,missing,Scavenging,missing,missing,missing,median change in feed supply compared to reference scenario (%),ScavengingUSA
