,1990,2005,2010,2015,2020,2025,2030,2035,2040,2045,2050,2055,2060,SSP,Version,GCAM,sector,subsector,technology,output,concentration,input,product,fuel,LandLeaf,GHG,Units,categorization
0,0.944488,1.40439,1.63955,2.12053,2.33537,,,,0.14522948869239807,-0.22691814482456404,-0.09687242001722346,-0.07671201121415423,-0.029381850136318312,SSP1,Lower CI,Africa_Eastern,missing,missing,missing,missing,missing,missing,Beef,missing,missing,missing,"median change in
 herd size compared
 to reference scenario (%)",BeefAfrica_Eastern
1,0.944488,1.40439,1.63955,2.12053,2.33537,,,,0.32782494738237783,0.02684351172188294,-0.05359491223498816,-0.035103370834096384,-0.003073046192748753,SSP1,Median,Africa_Eastern,missing,missing,missing,missing,missing,missing,Beef,missing,missing,missing,"median change in
 herd size compared
 to reference scenario (%)",BeefAfrica_Eastern
2,0.944488,1.40439,1.63955,2.12053,2.33537,,,,0.4461794664955665,0.14854426786559846,0.02167623429140831,0.05034599255037146,0.11575062208029974,SSP1,Upper CI,Africa_Eastern,missing,missing,missing,missing,missing,missing,Beef,missing,missing,missing,"median change in
 herd size compared
 to reference scenario (%)",BeefAfrica_Eastern
21,10.2072,18.3386,20.733,20.9709,23.1047,,,,0.15348906315254357,0.06262081819111762,-0.008474135489354159,-0.0063108428327046,0.007380067577325407,SSP1,Lower CI,Africa_Eastern,missing,missing,missing,missing,missing,missing,Dairy,missing,missing,missing,"median change in
 herd size compared
 to reference scenario (%)",DairyAfrica_Eastern
22,10.2072,18.3386,20.733,20.9709,23.1047,,,,0.25263057863379373,0.09992991459033139,0.035790497164479844,0.02885229674980899,0.03706161392012616,SSP1,Median,Africa_Eastern,missing,missing,missing,missing,missing,missing,Dairy,missing,missing,missing,"median change in
 herd size compared
 to reference scenario (%)",DairyAfrica_Eastern
23,10.2072,18.3386,20.733,20.9709,23.1047,,,,0.3378204916900118,0.14390100529556965,0.0678643249251414,0.0662209377129514,0.0767005663086365,SSP1,Upper CI,Africa_Eastern,missing,missing,missing,missing,missing,missing,Dairy,missing,missing,missing,"median change in
 herd size compared
 to reference scenario (%)",DairyAfrica_Eastern
42,0.10197,0.141356,0.174821,0.205877,0.215174,,,,0.6178746204287971,0.7710319144855386,0.7543738474469185,0.9418475415024425,1.2449067311818385,SSP1,Lower CI,Africa_Eastern,missing,missing,missing,missing,missing,missing,Pork,missing,missing,missing,"median change in
 herd size compared
 to reference scenario (%)",PorkAfrica_Eastern
43,0.10197,0.141356,0.174821,0.205877,0.215174,,,,2.2905909368016126,1.172682408741176,0.9490179365936953,1.0613839727422278,1.3777069789469123,SSP1,Median,Africa_Eastern,missing,missing,missing,missing,missing,missing,Pork,missing,missing,missing,"median change in
 herd size compared
 to reference scenario (%)",PorkAfrica_Eastern
44,0.10197,0.141356,0.174821,0.205877,0.215174,,,,2.595109202956916,2.749136442709871,1.329329713674397,1.4900883313380113,1.7644713517273667,SSP1,Upper CI,Africa_Eastern,missing,missing,missing,missing,missing,missing,Pork,missing,missing,missing,"median change in
 herd size compared
 to reference scenario (%)",PorkAfrica_Eastern
63,0.413376,0.455194,0.563352,0.744629,0.831948,,,,-0.0006552282023944977,-0.058519114603326344,-0.07358903796648984,-0.026986028976527472,0.03465568404140301,SSP1,Lower CI,Africa_Eastern,missing,missing,missing,missing,missing,missing,Poultry,missing,missing,missing,"median change in
 herd size compared
 to reference scenario (%)",PoultryAfrica_Eastern
64,0.413376,0.455194,0.563352,0.744629,0.831948,,,,0.12756037299387246,0.019177204768970973,-0.02324175863508807,0.0,0.06762374469040709,SSP1,Median,Africa_Eastern,missing,missing,missing,missing,missing,missing,Poultry,missing,missing,missing,"median change in
 herd size compared
 to reference scenario (%)",PoultryAfrica_Eastern
65,0.413376,0.455194,0.563352,0.744629,0.831948,,,,0.26023337674080477,0.35208254760666835,0.09834762716511981,0.1499496838428081,0.22027396962657886,SSP1,Upper CI,Africa_Eastern,missing,missing,missing,missing,missing,missing,Poultry,missing,missing,missing,"median change in
 herd size compared
 to reference scenario (%)",PoultryAfrica_Eastern
84,0.441073,0.796115,0.985386,0.930541,1.03531,,,,0.036309600596557384,-0.49829625742554473,-0.3850109380845816,-0.3631179689595889,-0.3235912294353614,SSP1,Lower CI,Africa_Eastern,missing,missing,missing,missing,missing,missing,Sheep & Goat,missing,missing,missing,"median change in
 herd size compared
 to reference scenario (%)",Sheep & GoatAfrica_Eastern
85,0.441073,0.796115,0.985386,0.930541,1.03531,,,,0.13864975403763358,-0.2027639779273959,-0.3464121879042694,-0.3369506099088857,-0.30094434640440104,SSP1,Median,Africa_Eastern,missing,missing,missing,missing,missing,missing,Sheep & Goat,missing,missing,missing,"median change in
 herd size compared
 to reference scenario (%)",Sheep & GoatAfrica_Eastern
86,0.441073,0.796115,0.985386,0.930541,1.03531,,,,0.3979231455652378,-0.046778035118121036,-0.21377788647918322,-0.1784356176338473,-0.10625277846085156,SSP1,Upper CI,Africa_Eastern,missing,missing,missing,missing,missing,missing,Sheep & Goat,missing,missing,missing,"median change in
 herd size compared
 to reference scenario (%)",Sheep & GoatAfrica_Eastern
105,0.654498,1.03718,1.2827,1.50294,1.69365,,,,-0.07726961049834688,-0.905224044029752,0.39432341498007667,0.5749180071220278,0.7617584359382649,SSP1,Lower CI,Africa_Northern,missing,missing,missing,missing,missing,missing,Beef,missing,missing,missing,"median change in
 herd size compared
 to reference scenario (%)",BeefAfrica_Northern
106,0.654498,1.03718,1.2827,1.50294,1.69365,,,,0.1043453291201779,0.3267202904351261,0.444669793888623,0.5988674278309201,0.7840888699907947,SSP1,Median,Africa_Northern,missing,missing,missing,missing,missing,missing,Beef,missing,missing,missing,"median change in
 herd size compared
 to reference scenario (%)",BeefAfrica_Northern
107,0.654498,1.03718,1.2827,1.50294,1.69365,,,,0.28596026873869695,0.972606464000073,0.5355734157198085,0.6963772200891386,0.8664410261970207,SSP1,Upper CI,Africa_Northern,missing,missing,missing,missing,missing,missing,Beef,missing,missing,missing,"median change in
 herd size compared
 to reference scenario (%)",BeefAfrica_Northern
126,4.82575,10.3331,12.3971,13.2623,14.3888,,,,2.607220647242148,2.7266339963440482,2.9604160617476536,3.1471988025966833,3.3414393515885377,SSP1,Lower CI,Africa_Northern,missing,missing,missing,missing,missing,missing,Dairy,missing,missing,missing,"median change in
 herd size compared
 to reference scenario (%)",DairyAfrica_Northern
127,4.82575,10.3331,12.3971,13.2623,14.3888,,,,2.65123715647154,2.8746164067852766,3.048721797859949,3.1860148563146686,3.3708539676678915,SSP1,Median,Africa_Northern,missing,missing,missing,missing,missing,missing,Dairy,missing,missing,missing,"median change in
 herd size compared
 to reference scenario (%)",DairyAfrica_Northern
128,4.82575,10.3331,12.3971,13.2623,14.3888,,,,2.9238638988643717,3.1591014471243137,3.077435696178047,3.1979447087135537,3.384466583472657,SSP1,Upper CI,Africa_Northern,missing,missing,missing,missing,missing,missing,Dairy,missing,missing,missing,"median change in
 herd size compared
 to reference scenario (%)",DairyAfrica_Northern
147,0.00341881,0.0035027,0.00171841,0.00136427,0.00140003,,,,1.3191471229879275,3.0953569847580154,4.00193741747288,4.657623913697279,5.109020117585389,SSP1,Lower CI,Africa_Northern,missing,missing,missing,missing,missing,missing,Pork,missing,missing,missing,"median change in
 herd size compared
 to reference scenario (%)",PorkAfrica_Northern
148,0.00341881,0.0035027,0.00171841,0.00136427,0.00140003,,,,4.067105714145817,4.221125755515024,4.85799608435975,5.285909297740017,5.582439024390249,SSP1,Median,Africa_Northern,missing,missing,missing,missing,missing,missing,Pork,missing,missing,missing,"median change in
 herd size compared
 to reference scenario (%)",PorkAfrica_Northern
149,0.00341881,0.0035027,0.00171841,0.00136427,0.00140003,,,,5.125267787372237,6.793092097645714,5.534250950649493,6.0541623774514814,6.49115104202095,SSP1,Upper CI,Africa_Northern,missing,missing,missing,missing,missing,missing,Pork,missing,missing,missing,"median change in
 herd size compared
 to reference scenario (%)",PorkAfrica_Northern
168,1.24083,2.38333,2.97086,3.78182,4.26,,,,-0.41234192515013973,-0.3437462105729484,-0.22087474010125305,-0.1800405544297972,-0.14807371624010884,SSP1,Lower CI,Africa_Northern,missing,missing,missing,missing,missing,missing,Poultry,missing,missing,missing,"median change in
 herd size compared
 to reference scenario (%)",PoultryAfrica_Northern
169,1.24083,2.38333,2.97086,3.78182,4.26,,,,-0.32814170921996133,-0.12364935649623857,-0.1441991801261368,-0.13366784339495322,-0.10046128589645863,SSP1,Median,Africa_Northern,missing,missing,missing,missing,missing,missing,Poultry,missing,missing,missing,"median change in
 herd size compared
 to reference scenario (%)",PoultryAfrica_Northern
170,1.24083,2.38333,2.97086,3.78182,4.26,,,,-0.15833056555303454,0.41652563709480817,0.016436139165027785,0.009266806329928434,0.019382278433581993,SSP1,Upper CI,Africa_Northern,missing,missing,missing,missing,missing,missing,Poultry,missing,missing,missing,"median change in
 herd size compared
 to reference scenario (%)",PoultryAfrica_Northern
189,0.430932,0.567595,0.655143,0.774658,0.877697,,,,0.23670214269025325,-0.164208866568923,0.1401114644456096,0.16720749130366208,0.16062678398147606,SSP1,Lower CI,Africa_Northern,missing,missing,missing,missing,missing,missing,Sheep & Goat,missing,missing,missing,"median change in
 herd size compared
 to reference scenario (%)",Sheep & GoatAfrica_Northern
190,0.430932,0.567595,0.655143,0.774658,0.877697,,,,0.2818518023223402,0.2010151095519748,0.19735032622341867,0.19992469781884784,0.1937325646002562,SSP1,Median,Africa_Northern,missing,missing,missing,missing,missing,missing,Sheep & Goat,missing,missing,missing,"median change in
 herd size compared
 to reference scenario (%)",Sheep & GoatAfrica_Northern
191,0.430932,0.567595,0.655143,0.774658,0.877697,,,,0.3661645434755414,0.39705136846662925,0.23548087304822715,0.2500764298430104,0.23739256618987337,SSP1,Upper CI,Africa_Northern,missing,missing,missing,missing,missing,missing,Sheep & Goat,missing,missing,missing,"median change in
 herd size compared
 to reference scenario (%)",Sheep & GoatAfrica_Northern
210,0.524968,0.534806,0.948311,1.2854,1.40571,,,,-0.6268069830664513,-1.5347342295737447,-0.954892966811725,-1.003168029338247,-1.005757288779518,SSP1,Lower CI,Africa_Southern,missing,missing,missing,missing,missing,missing,Beef,missing,missing,missing,"median change in
 herd size compared
 to reference scenario (%)",BeefAfrica_Southern
211,0.524968,0.534806,0.948311,1.2854,1.40571,,,,-0.40622089250241766,-0.7137873562890378,-0.9132683165572685,-0.9746622235445848,-0.9739407664007852,SSP1,Median,Africa_Southern,missing,missing,missing,missing,missing,missing,Beef,missing,missing,missing,"median change in
 herd size compared
 to reference scenario (%)",BeefAfrica_Southern
212,0.524968,0.534806,0.948311,1.2854,1.40571,,,,-0.10903983744018392,-0.3480192591580543,-0.7899727222976913,-0.8289476751293182,-0.7988220015135656,SSP1,Upper CI,Africa_Southern,missing,missing,missing,missing,missing,missing,Beef,missing,missing,missing,"median change in
 herd size compared
 to reference scenario (%)",BeefAfrica_Southern
231,2.11045,3.74456,4.30268,4.65295,5.17116,,,,-0.16466845250376355,-0.28402495697838753,-0.3769108513970643,-0.41488162665220185,-0.4707646812215635,SSP1,Lower CI,Africa_Southern,missing,missing,missing,missing,missing,missing,Dairy,missing,missing,missing,"median change in
 herd size compared
 to reference scenario (%)",DairyAfrica_Southern
232,2.11045,3.74456,4.30268,4.65295,5.17116,,,,-0.13226603658813052,-0.2203712173561174,-0.32489690162437496,-0.3710720190971443,-0.42758157063918845,SSP1,Median,Africa_Southern,missing,missing,missing,missing,missing,missing,Dairy,missing,missing,missing,"median change in
 herd size compared
 to reference scenario (%)",DairyAfrica_Southern
233,2.11045,3.74456,4.30268,4.65295,5.17116,,,,-0.02018374197243579,-0.11983347680422139,-0.2951956896673253,-0.34464283398224094,-0.3978223442368796,SSP1,Upper CI,Africa_Southern,missing,missing,missing,missing,missing,missing,Dairy,missing,missing,missing,"median change in
 herd size compared
 to reference scenario (%)",DairyAfrica_Southern
252,0.114148,0.218855,0.320262,0.502642,0.563956,,,,-0.768122478372391,-0.7497632040858013,-0.9148182953949431,-0.8993045826539555,-0.8803078070925653,SSP1,Lower CI,Africa_Southern,missing,missing,missing,missing,missing,missing,Pork,missing,missing,missing,"median change in
 herd size compared
 to reference scenario (%)",PorkAfrica_Southern
253,0.114148,0.218855,0.320262,0.502642,0.563956,,,,0.059998792198228706,-0.45090244397223705,-0.6948033224988113,-0.7284904955074429,-0.7153624378482241,SSP1,Median,Africa_Southern,missing,missing,missing,missing,missing,missing,Pork,missing,missing,missing,"median change in
 herd size compared
 to reference scenario (%)",PorkAfrica_Southern
254,0.114148,0.218855,0.320262,0.502642,0.563956,,,,0.47137068813979766,0.27521253202010487,-0.39191014908496036,-0.4211314277143542,-0.44009382003667363,SSP1,Upper CI,Africa_Southern,missing,missing,missing,missing,missing,missing,Pork,missing,missing,missing,"median change in
 herd size compared
 to reference scenario (%)",PorkAfrica_Southern
273,0.233656,0.435208,0.557189,0.714681,0.783037,,,,-0.5658520041767238,0.12309867799371688,0.18676411626936373,0.3611318396816998,0.6709770913931083,SSP1,Lower CI,Africa_Southern,missing,missing,missing,missing,missing,missing,Poultry,missing,missing,missing,"median change in
 herd size compared
 to reference scenario (%)",PoultryAfrica_Southern
274,0.233656,0.435208,0.557189,0.714681,0.783037,,,,0.4262829066051852,0.4369992308626801,0.43566358702554236,0.5892947315111366,0.9052910890398772,SSP1,Median,Africa_Southern,missing,missing,missing,missing,missing,missing,Poultry,missing,missing,missing,"median change in
 herd size compared
 to reference scenario (%)",PoultryAfrica_Southern
275,0.233656,0.435208,0.557189,0.714681,0.783037,,,,0.9813882828843025,2.298325265324865,1.4832715544806145,1.7065041544307962,1.910241894748069,SSP1,Upper CI,Africa_Southern,missing,missing,missing,missing,missing,missing,Poultry,missing,missing,missing,"median change in
 herd size compared
 to reference scenario (%)",PoultryAfrica_Southern
294,0.086532,0.1227,0.180172,0.221147,0.25198,,,,0.0828107465065474,-0.1378558441592629,-0.2417580894136576,-0.21047651609317797,-0.17718926362315612,SSP1,Lower CI,Africa_Southern,missing,missing,missing,missing,missing,missing,Sheep & Goat,missing,missing,missing,"median change in
 herd size compared
 to reference scenario (%)",Sheep & GoatAfrica_Southern
295,0.086532,0.1227,0.180172,0.221147,0.25198,,,,0.1488279724919794,-0.037724258753512506,-0.16123536113766043,-0.17823219370412297,-0.1561339582226697,SSP1,Median,Africa_Southern,missing,missing,missing,missing,missing,missing,Sheep & Goat,missing,missing,missing,"median change in
 herd size compared
 to reference scenario (%)",Sheep & GoatAfrica_Southern
296,0.086532,0.1227,0.180172,0.221147,0.25198,,,,0.31268772130844963,0.1402957215910852,-0.0774248354728018,-0.07677557207300885,-0.05476346875133307,SSP1,Upper CI,Africa_Southern,missing,missing,missing,missing,missing,missing,Sheep & Goat,missing,missing,missing,"median change in
 herd size compared
 to reference scenario (%)",Sheep & GoatAfrica_Southern
315,0.771928,1.14799,1.81508,2.21205,2.45291,,,,-0.32882213616826994,-0.4362434108431227,-0.28839974903075816,-0.2377088901638832,-0.1837285130052563,SSP1,Lower CI,Africa_Western,missing,missing,missing,missing,missing,missing,Beef,missing,missing,missing,"median change in
 herd size compared
 to reference scenario (%)",BeefAfrica_Western
316,0.771928,1.14799,1.81508,2.21205,2.45291,,,,-0.1959847759026192,-0.2668770043095821,-0.25469244118565054,-0.22929499557513267,-0.17765389836303314,SSP1,Median,Africa_Western,missing,missing,missing,missing,missing,missing,Beef,missing,missing,missing,"median change in
 herd size compared
 to reference scenario (%)",BeefAfrica_Western
317,0.771928,1.14799,1.81508,2.21205,2.45291,,,,-0.08686322045206636,-0.1043030338463099,-0.1960025402960524,-0.13755677659276772,-0.09976373577450184,SSP1,Upper CI,Africa_Western,missing,missing,missing,missing,missing,missing,Beef,missing,missing,missing,"median change in
 herd size compared
 to reference scenario (%)",BeefAfrica_Western
336,2.26188,4.11235,4.78556,4.93912,5.43362,,,,-0.3379204035847391,-1.6124355239404917,-0.30604828275270307,-0.31127348035910773,-0.35104098527062155,SSP1,Lower CI,Africa_Western,missing,missing,missing,missing,missing,missing,Dairy,missing,missing,missing,"median change in
 herd size compared
 to reference scenario (%)",DairyAfrica_Western
337,2.26188,4.11235,4.78556,4.93912,5.43362,,,,-0.2710479214697009,-0.223036790935203,-0.23118024285771757,-0.26133946470317304,-0.3126942457206628,SSP1,Median,Africa_Western,missing,missing,missing,missing,missing,missing,Dairy,missing,missing,missing,"median change in
 herd size compared
 to reference scenario (%)",DairyAfrica_Western
338,2.26188,4.11235,4.78556,4.93912,5.43362,,,,-0.189831069380002,4.073480602256204,-0.1548291538776997,-0.24893302779535056,-0.29019063700174297,SSP1,Upper CI,Africa_Western,missing,missing,missing,missing,missing,missing,Dairy,missing,missing,missing,"median change in
 herd size compared
 to reference scenario (%)",DairyAfrica_Western
357,0.232489,0.372222,0.451264,0.521243,0.566718,,,,-0.5602114637741168,-0.23659599560955552,-0.053046054817008054,0.11983667950974608,0.25057907078259345,SSP1,Lower CI,Africa_Western,missing,missing,missing,missing,missing,missing,Pork,missing,missing,missing,"median change in
 herd size compared
 to reference scenario (%)",PorkAfrica_Western
358,0.232489,0.372222,0.451264,0.521243,0.566718,,,,0.22927819768491783,0.08896189006214905,0.12653665289800575,0.2868012022352467,0.40039089112243725,SSP1,Median,Africa_Western,missing,missing,missing,missing,missing,missing,Pork,missing,missing,missing,"median change in
 herd size compared
 to reference scenario (%)",PorkAfrica_Western
359,0.232489,0.372222,0.451264,0.521243,0.566718,,,,0.6546393285029016,0.7615185175247177,0.4520134969180156,0.6266147677474679,0.7210639354425856,SSP1,Upper CI,Africa_Western,missing,missing,missing,missing,missing,missing,Pork,missing,missing,missing,"median change in
 herd size compared
 to reference scenario (%)",PorkAfrica_Western
378,0.814845,1.26382,1.5629,1.74136,1.88848,,,,-0.5027498344291871,-1.465248100492956,0.11778393421465949,0.2922854439913438,0.5076921547631654,SSP1,Lower CI,Africa_Western,missing,missing,missing,missing,missing,missing,Poultry,missing,missing,missing,"median change in
 herd size compared
 to reference scenario (%)",PoultryAfrica_Western
379,0.814845,1.26382,1.5629,1.74136,1.88848,,,,0.5314313465767067,0.5581834394198029,0.2432825760094231,0.4315634283087971,0.6204513943198827,SSP1,Median,Africa_Western,missing,missing,missing,missing,missing,missing,Poultry,missing,missing,missing,"median change in
 herd size compared
 to reference scenario (%)",PoultryAfrica_Western
380,0.814845,1.26382,1.5629,1.74136,1.88848,,,,1.8625888683166298,7.6799863684934815,1.4510765089716284,1.618478051264575,1.7776518572594444,SSP1,Upper CI,Africa_Western,missing,missing,missing,missing,missing,missing,Poultry,missing,missing,missing,"median change in
 herd size compared
 to reference scenario (%)",PoultryAfrica_Western
399,0.430902,0.79916,1.04372,1.24868,1.41769,,,,-0.24905393416569396,-1.9994349531105091,-0.5863988999554618,-0.5546633463456536,-0.5718872764826484,SSP1,Lower CI,Africa_Western,missing,missing,missing,missing,missing,missing,Sheep & Goat,missing,missing,missing,"median change in
 herd size compared
 to reference scenario (%)",Sheep & GoatAfrica_Western
400,0.430902,0.79916,1.04372,1.24868,1.41769,,,,-0.20016118579970835,-0.4504552120828684,-0.48095106830851453,-0.501229455351189,-0.5318380733810621,SSP1,Median,Africa_Western,missing,missing,missing,missing,missing,missing,Sheep & Goat,missing,missing,missing,"median change in
 herd size compared
 to reference scenario (%)",Sheep & GoatAfrica_Western
401,0.430902,0.79916,1.04372,1.24868,1.41769,,,,-0.038263150822232445,0.07253487450571072,-0.4042863520446569,-0.35010300163046665,-0.4150782412598919,SSP1,Upper CI,Africa_Western,missing,missing,missing,missing,missing,missing,Sheep & Goat,missing,missing,missing,"median change in
 herd size compared
 to reference scenario (%)",Sheep & GoatAfrica_Western
420,2.75486,3.01402,2.95953,2.96044,3.17088,,,,-0.7114478520892064,-0.9553451095068749,-0.9573860265290597,-1.0734518725110493,-1.232551176046097,SSP1,Lower CI,Argentina,missing,missing,missing,missing,missing,missing,Beef,missing,missing,missing,"median change in
 herd size compared
 to reference scenario (%)",BeefArgentina
421,2.75486,3.01402,2.95953,2.96044,3.17088,,,,-0.6180419834712787,-0.7842402086316557,-0.9095028668331963,-1.0385539379752864,-1.1932911427971387,SSP1,Median,Argentina,missing,missing,missing,missing,missing,missing,Beef,missing,missing,missing,"median change in
 herd size compared
 to reference scenario (%)",BeefArgentina
422,2.75486,3.01402,2.95953,2.96044,3.17088,,,,-0.2700648708403245,-0.7304061873776914,-0.8625572252513412,-0.9932077746872577,-1.1471676491793714,SSP1,Upper CI,Argentina,missing,missing,missing,missing,missing,missing,Beef,missing,missing,missing,"median change in
 herd size compared
 to reference scenario (%)",BeefArgentina
441,6.41768,9.30447,10.8411,10.8863,11.4169,,,,-0.543849466230264,-0.7896446994175104,-0.5735579404741551,-0.5597414318469369,-0.572576462640204,SSP1,Lower CI,Argentina,missing,missing,missing,missing,missing,missing,Dairy,missing,missing,missing,"median change in
 herd size compared
 to reference scenario (%)",DairyArgentina
442,6.41768,9.30447,10.8411,10.8863,11.4169,,,,-0.515350355510313,-0.5473911031579153,-0.545808049335041,-0.5481879951675601,-0.5628205895540095,SSP1,Median,Argentina,missing,missing,missing,missing,missing,missing,Dairy,missing,missing,missing,"median change in
 herd size compared
 to reference scenario (%)",DairyArgentina
443,6.41768,9.30447,10.8411,10.8863,11.4169,,,,-0.44593793412389005,-0.43465810268120014,-0.5201951974674841,-0.5336626786860634,-0.5521481384109509,SSP1,Upper CI,Argentina,missing,missing,missing,missing,missing,missing,Dairy,missing,missing,missing,"median change in
 herd size compared
 to reference scenario (%)",DairyArgentina
462,0.160788,0.192951,0.313099,0.507992,0.544915,,,,-0.06114373586350138,-0.07349716365722189,-0.012751577312642235,-0.0046290986079887235,-0.012510336148135962,SSP1,Lower CI,Argentina,missing,missing,missing,missing,missing,missing,Pork,missing,missing,missing,"median change in
 herd size compared
 to reference scenario (%)",PorkArgentina
463,0.160788,0.192951,0.313099,0.507992,0.544915,,,,0.03764015433377571,0.029386533002179183,0.022268098765950962,0.01644454056669957,0.0055914742377948775,SSP1,Median,Argentina,missing,missing,missing,missing,missing,missing,Pork,missing,missing,missing,"median change in
 herd size compared
 to reference scenario (%)",PorkArgentina
464,0.160788,0.192951,0.313099,0.507992,0.544915,,,,0.1370771414830698,0.1332845871459359,0.06029928489025693,0.060484897111783106,0.04971454977468612,SSP1,Upper CI,Argentina,missing,missing,missing,missing,missing,missing,Pork,missing,missing,missing,"median change in
 herd size compared
 to reference scenario (%)",PorkArgentina
483,0.68136,1.42853,2.23105,2.80021,3.00487,,,,0.01869057104429883,-0.49781549643654227,-0.16095458985030212,-0.17902770896580555,-0.19028329707592032,SSP1,Lower CI,Argentina,missing,missing,missing,missing,missing,missing,Poultry,missing,missing,missing,"median change in
 herd size compared
 to reference scenario (%)",PoultryArgentina
484,0.68136,1.42853,2.23105,2.80021,3.00487,,,,0.5197137953647334,0.033229467641321425,0.02129121747251878,0.006178427451057531,-0.052023104404095674,SSP1,Median,Argentina,missing,missing,missing,missing,missing,missing,Poultry,missing,missing,missing,"median change in
 herd size compared
 to reference scenario (%)",PoultryArgentina
485,0.68136,1.42853,2.23105,2.80021,3.00487,,,,1.178839970503148,0.34459678170568026,0.23335324006996364,0.18833069583719725,0.15243283551329592,SSP1,Upper CI,Argentina,missing,missing,missing,missing,missing,missing,Poultry,missing,missing,missing,"median change in
 herd size compared
 to reference scenario (%)",PoultryArgentina
504,0.0872578,0.0589352,0.0719592,0.0715593,0.0763461,,,,0.17323894333695117,0.2872342104009763,0.3538675295396467,0.365747108808538,0.36402990395781776,SSP1,Lower CI,Argentina,missing,missing,missing,missing,missing,missing,Sheep & Goat,missing,missing,missing,"median change in
 herd size compared
 to reference scenario (%)",Sheep & GoatArgentina
505,0.0872578,0.0589352,0.0719592,0.0715593,0.0763461,,,,0.22015160842191578,0.34126805054151427,0.4188562646398335,0.4362183145371516,0.4351404000162939,SSP1,Median,Argentina,missing,missing,missing,missing,missing,missing,Sheep & Goat,missing,missing,missing,"median change in
 herd size compared
 to reference scenario (%)",Sheep & GoatArgentina
506,0.0872578,0.0589352,0.0719592,0.0715593,0.0763461,,,,0.3407323318041056,0.4359156090936024,0.49303609672118337,0.5196383615893597,0.5219626232154128,SSP1,Upper CI,Argentina,missing,missing,missing,missing,missing,missing,Sheep & Goat,missing,missing,missing,"median change in
 herd size compared
 to reference scenario (%)",Sheep & GoatArgentina
525,2.1975,2.76711,2.9188,3.25406,3.64431,,,,0.5416622224972629,-0.26113934898895474,0.15825079284837337,0.08796328498464834,-0.2487581401359692,SSP1,Lower CI,Australia_NZ,missing,missing,missing,missing,missing,missing,Beef,missing,missing,missing,"median change in
 herd size compared
 to reference scenario (%)",BeefAustralia_NZ
526,2.1975,2.76711,2.9188,3.25406,3.64431,,,,0.6652729119806879,0.624654726880235,0.39297051466933847,0.24013627012072936,-0.10621587989202738,SSP1,Median,Australia_NZ,missing,missing,missing,missing,missing,missing,Beef,missing,missing,missing,"median change in
 herd size compared
 to reference scenario (%)",BeefAustralia_NZ
527,2.1975,2.76711,2.9188,3.25406,3.64431,,,,1.3164520079163196,0.9404124120789515,0.6113044057273662,0.41198194020903217,0.024513322365002047,SSP1,Upper CI,Australia_NZ,missing,missing,missing,missing,missing,missing,Beef,missing,missing,missing,"median change in
 herd size compared
 to reference scenario (%)",BeefAustralia_NZ
546,14.2468,25.0021,26.2787,30.6538,33.1485,,,,-1.7962705593325299,-2.5376262659763067,-1.7313242865939162,-1.6427318618969298,-1.573483926332832,SSP1,Lower CI,Australia_NZ,missing,missing,missing,missing,missing,missing,Dairy,missing,missing,missing,"median change in
 herd size compared
 to reference scenario (%)",DairyAustralia_NZ
547,14.2468,25.0021,26.2787,30.6538,33.1485,,,,-1.491846064511971,-1.5935951349170407,-1.6532612951761079,-1.5947413096924163,-1.5556017641413284,SSP1,Median,Australia_NZ,missing,missing,missing,missing,missing,missing,Dairy,missing,missing,missing,"median change in
 herd size compared
 to reference scenario (%)",DairyAustralia_NZ
548,14.2468,25.0021,26.2787,30.6538,33.1485,,,,-1.0157598494286932,-1.0602328719848688,-1.5148068288021055,-1.4900623174427676,-1.4917756815713024,SSP1,Upper CI,Australia_NZ,missing,missing,missing,missing,missing,missing,Dairy,missing,missing,missing,"median change in
 herd size compared
 to reference scenario (%)",DairyAustralia_NZ
567,0.358477,0.444161,0.39,0.429895,0.482353,,,,-0.8447295181971165,-0.4788029827518347,-0.18244146421383223,-0.20326619076133512,-0.27716221934638086,SSP1,Lower CI,Australia_NZ,missing,missing,missing,missing,missing,missing,Pork,missing,missing,missing,"median change in
 herd size compared
 to reference scenario (%)",PorkAustralia_NZ
568,0.358477,0.444161,0.39,0.429895,0.482353,,,,0.2979338447232013,0.1971893093101572,0.028667344810138787,-0.03684005836405901,-0.09517753264191263,SSP1,Median,Australia_NZ,missing,missing,missing,missing,missing,missing,Pork,missing,missing,missing,"median change in
 herd size compared
 to reference scenario (%)",PorkAustralia_NZ
569,0.358477,0.444161,0.39,0.429895,0.482353,,,,1.2927252317311255,0.9623264108660701,0.4181300860502768,0.28457834645624636,0.16023761504679107,SSP1,Upper CI,Australia_NZ,missing,missing,missing,missing,missing,missing,Pork,missing,missing,missing,"median change in
 herd size compared
 to reference scenario (%)",PorkAustralia_NZ
588,0.700833,1.12917,1.36,1.67965,1.84722,,,,0.2650850074583773,0.08195691830991672,0.2374674343229364,0.22704033893565406,0.21499270811495536,SSP1,Lower CI,Australia_NZ,missing,missing,missing,missing,missing,missing,Poultry,missing,missing,missing,"median change in
 herd size compared
 to reference scenario (%)",PoultryAustralia_NZ
589,0.700833,1.12917,1.36,1.67965,1.84722,,,,0.38373640388720837,0.3133384280981284,0.2761247220945702,0.2772309095900452,0.2596146932586526,SSP1,Median,Australia_NZ,missing,missing,missing,missing,missing,missing,Poultry,missing,missing,missing,"median change in
 herd size compared
 to reference scenario (%)",PoultryAustralia_NZ
590,0.700833,1.12917,1.36,1.67965,1.84722,,,,0.5549958848040577,0.44940962486778757,0.3638545732092767,0.33166952216353757,0.2995041188898198,SSP1,Upper CI,Australia_NZ,missing,missing,missing,missing,missing,missing,Poultry,missing,missing,missing,"median change in
 herd size compared
 to reference scenario (%)",PoultryAustralia_NZ
609,1.19857,1.17487,1.153,1.23641,1.27405,,,,-0.440554415681517,-0.8383479293636619,-0.5681939230727613,-0.5937170319013634,-0.5815035204091004,SSP1,Lower CI,Australia_NZ,missing,missing,missing,missing,missing,missing,Sheep & Goat,missing,missing,missing,"median change in
 herd size compared
 to reference scenario (%)",Sheep & GoatAustralia_NZ
610,1.19857,1.17487,1.153,1.23641,1.27405,,,,-0.26860943820035255,-0.49817456200233384,-0.4925345258960732,-0.5109435245630964,-0.4371989846799271,SSP1,Median,Australia_NZ,missing,missing,missing,missing,missing,missing,Sheep & Goat,missing,missing,missing,"median change in
 herd size compared
 to reference scenario (%)",Sheep & GoatAustralia_NZ
611,1.19857,1.17487,1.153,1.23641,1.27405,,,,-0.16847943422048514,-0.36074089201308024,-0.33848561230667046,-0.4388034369789835,-0.38539578418033293,SSP1,Upper CI,Australia_NZ,missing,missing,missing,missing,missing,missing,Sheep & Goat,missing,missing,missing,"median change in
 herd size compared
 to reference scenario (%)",Sheep & GoatAustralia_NZ
630,4.32326,8.3838,9.28744,12.9832,13.8956,,,,-0.07424400612955845,-0.6825731308593701,-0.6365874000709358,-0.782667710917168,-0.9917429136890799,SSP1,Lower CI,Brazil,missing,missing,missing,missing,missing,missing,Beef,missing,missing,missing,"median change in
 herd size compared
 to reference scenario (%)",BeefBrazil
631,4.32326,8.3838,9.28744,12.9832,13.8956,,,,0.08970378607425264,-0.25522644060300437,-0.39029971464705254,-0.5461328375438608,-0.765037271074059,SSP1,Median,Brazil,missing,missing,missing,missing,missing,missing,Beef,missing,missing,missing,"median change in
 herd size compared
 to reference scenario (%)",BeefBrazil
632,4.32326,8.3838,9.28744,12.9832,13.8956,,,,0.3092733787617979,-0.11633418247230776,-0.2914868399692849,-0.44211648318909846,-0.6667965336268742,SSP1,Upper CI,Brazil,missing,missing,missing,missing,missing,missing,Beef,missing,missing,missing,"median change in
 herd size compared
 to reference scenario (%)",BeefBrazil
651,15.2416,25.2281,31.3542,35.4797,37.7289,,,,-0.10396144169650827,-0.14934020523549438,-0.12323359132558341,-0.11318461891136221,-0.11701579724399988,SSP1,Lower CI,Brazil,missing,missing,missing,missing,missing,missing,Dairy,missing,missing,missing,"median change in
 herd size compared
 to reference scenario (%)",DairyBrazil
652,15.2416,25.2281,31.3542,35.4797,37.7289,,,,-0.09211811352684116,-0.09307619204301329,-0.09057618116556543,-0.09082854419209033,-0.09433053191685736,SSP1,Median,Brazil,missing,missing,missing,missing,missing,missing,Dairy,missing,missing,missing,"median change in
 herd size compared
 to reference scenario (%)",DairyBrazil
653,15.2416,25.2281,31.3542,35.4797,37.7289,,,,-0.04603192640218061,-0.031828824872412835,-0.07757692917023155,-0.07462062275816937,-0.07983979780038811,SSP1,Upper CI,Brazil,missing,missing,missing,missing,missing,missing,Dairy,missing,missing,missing,"median change in
 herd size compared
 to reference scenario (%)",DairyBrazil
672,1.126,2.9578,3.14508,3.55886,3.76839,,,,1.9540454945329042,1.9788130318633184,2.737469638880385,2.9556366334879254,3.215103148267553,SSP1,Lower CI,Brazil,missing,missing,missing,missing,missing,missing,Pork,missing,missing,missing,"median change in
 herd size compared
 to reference scenario (%)",PorkBrazil
673,1.126,2.9578,3.14508,3.55886,3.76839,,,,2.2049526985147203,3.187187652588068,3.9454720072328566,4.2916607554289214,4.5247341419275156,SSP1,Median,Brazil,missing,missing,missing,missing,missing,missing,Pork,missing,missing,missing,"median change in
 herd size compared
 to reference scenario (%)",PorkBrazil
674,1.126,2.9578,3.14508,3.55886,3.76839,,,,3.354276003481748,3.9493986652789137,4.5532609505961705,4.9751376084201935,5.188191399208734,SSP1,Upper CI,Brazil,missing,missing,missing,missing,missing,missing,Pork,missing,missing,missing,"median change in
 herd size compared
 to reference scenario (%)",PorkBrazil
693,3.71606,10.3216,13.3785,16.1225,17.5806,,,,0.6626625758095358,-2.185725573111187,-1.4670012501728373,-1.5969754288719782,-1.5788346634141592,SSP1,Lower CI,Brazil,missing,missing,missing,missing,missing,missing,Poultry,missing,missing,missing,"median change in
 herd size compared
 to reference scenario (%)",PoultryBrazil
694,3.71606,10.3216,13.3785,16.1225,17.5806,,,,2.0226020774744815,0.28469334390520074,-0.05058591231160407,-0.08461121106211085,-0.20496504782534955,SSP1,Median,Brazil,missing,missing,missing,missing,missing,missing,Poultry,missing,missing,missing,"median change in
 herd size compared
 to reference scenario (%)",PoultryBrazil
695,3.71606,10.3216,13.3785,16.1225,17.5806,,,,2.3963477367869244,1.4421429579797727,0.7436511376905653,0.6817597966465605,0.5529360278599117,SSP1,Upper CI,Brazil,missing,missing,missing,missing,missing,missing,Poultry,missing,missing,missing,"median change in
 herd size compared
 to reference scenario (%)",PoultryBrazil
714,0.110612,0.104422,0.114189,0.130178,0.136611,,,,1.2017700181247761,2.6475449372833992,3.638227032661067,4.021347384067214,4.276894416699488,SSP1,Lower CI,Brazil,missing,missing,missing,missing,missing,missing,Sheep & Goat,missing,missing,missing,"median change in
 herd size compared
 to reference scenario (%)",Sheep & GoatBrazil
715,0.110612,0.104422,0.114189,0.130178,0.136611,,,,1.5475622671617635,3.38588114043157,4.409830357991772,4.936652864899366,5.347714167531634,SSP1,Median,Brazil,missing,missing,missing,missing,missing,missing,Sheep & Goat,missing,missing,missing,"median change in
 herd size compared
 to reference scenario (%)",Sheep & GoatBrazil
716,0.110612,0.104422,0.114189,0.130178,0.136611,,,,1.798951957908808,4.162238066231477,5.3428606981334035,6.021312038769722,6.4635583997765185,SSP1,Upper CI,Brazil,missing,missing,missing,missing,missing,missing,Sheep & Goat,missing,missing,missing,"median change in
 herd size compared
 to reference scenario (%)",Sheep & GoatBrazil
735,0.912834,1.35602,1.19072,1.33635,1.49719,,,,0.31745375794757646,-0.6652532180349626,0.024687269199843237,0.033455465383965655,-0.084899615035989,SSP1,Lower CI,Canada,missing,missing,missing,missing,missing,missing,Beef,missing,missing,missing,"median change in
 herd size compared
 to reference scenario (%)",BeefCanada
736,0.912834,1.35602,1.19072,1.33635,1.49719,,,,1.0812492751063016,0.1842480254546285,0.23668753641086793,0.0861693330992294,-0.002889644338237926,SSP1,Median,Canada,missing,missing,missing,missing,missing,missing,Beef,missing,missing,missing,"median change in
 herd size compared
 to reference scenario (%)",BeefCanada
737,0.912834,1.35602,1.19072,1.33635,1.49719,,,,2.449051499844799,0.8574141416178187,0.4815296148942322,0.34276463294338566,0.19506096849207114,SSP1,Upper CI,Canada,missing,missing,missing,missing,missing,missing,Beef,missing,missing,missing,"median change in
 herd size compared
 to reference scenario (%)",BeefCanada
756,7.84107,7.9262,7.94962,8.23773,8.76394,,,,-0.2225221197026549,-0.34653021230327763,-0.22094056573235082,-0.20778655196876378,-0.20638607862317337,SSP1,Lower CI,Canada,missing,missing,missing,missing,missing,missing,Dairy,missing,missing,missing,"median change in
 herd size compared
 to reference scenario (%)",DairyCanada
757,7.84107,7.9262,7.94962,8.23773,8.76394,,,,-0.19698768876898307,-0.19763383167006823,-0.20042184685301004,-0.1939527382573658,-0.19902788694041956,SSP1,Median,Canada,missing,missing,missing,missing,missing,missing,Dairy,missing,missing,missing,"median change in
 herd size compared
 to reference scenario (%)",DairyCanada
758,7.84107,7.9262,7.94962,8.23773,8.76394,,,,-0.16068154553079755,-0.13359307784564506,-0.1895764416576856,-0.18029723090153577,-0.1872545485704284,SSP1,Upper CI,Canada,missing,missing,missing,missing,missing,missing,Dairy,missing,missing,missing,"median change in
 herd size compared
 to reference scenario (%)",DairyCanada
777,1.15731,1.90806,1.97867,2.08111,2.29295,,,,-1.8466928048531979,-1.1527164701420487,-0.7216913698960037,-0.5989585101594087,-0.5281318350020551,SSP1,Lower CI,Canada,missing,missing,missing,missing,missing,missing,Pork,missing,missing,missing,"median change in
 herd size compared
 to reference scenario (%)",PorkCanada
778,1.15731,1.90806,1.97867,2.08111,2.29295,,,,-0.9035353130492396,-0.28065636755977114,-0.27684410044394553,-0.33128685097031063,-0.28301489198486096,SSP1,Median,Canada,missing,missing,missing,missing,missing,missing,Pork,missing,missing,missing,"median change in
 herd size compared
 to reference scenario (%)",PorkCanada
779,1.15731,1.90806,1.97867,2.08111,2.29295,,,,-0.06103745855729881,0.28522084139035847,-0.10647057147231997,-0.035717351699494304,-0.09278155869753943,SSP1,Upper CI,Canada,missing,missing,missing,missing,missing,missing,Pork,missing,missing,missing,"median change in
 herd size compared
 to reference scenario (%)",PorkCanada
798,1.03895,1.54957,1.66995,1.83799,1.97524,,,,0.23733880558413,-0.09055020111854983,-0.022939199848743957,-0.017993005188334715,-0.03045351757693869,SSP1,Lower CI,Canada,missing,missing,missing,missing,missing,missing,Poultry,missing,missing,missing,"median change in
 herd size compared
 to reference scenario (%)",PoultryCanada
799,1.03895,1.54957,1.66995,1.83799,1.97524,,,,0.9425246012385489,0.02583989497713633,0.0019177440456783418,0.010758751288875162,0.0003603239903628291,SSP1,Median,Canada,missing,missing,missing,missing,missing,missing,Poultry,missing,missing,missing,"median change in
 herd size compared
 to reference scenario (%)",PoultryCanada
800,1.03895,1.54957,1.66995,1.83799,1.97524,,,,1.4097858193746604,0.442078782633027,0.3066038243743785,0.30947510907266473,0.26284352693890206,SSP1,Upper CI,Canada,missing,missing,missing,missing,missing,missing,Poultry,missing,missing,missing,"median change in
 herd size compared
 to reference scenario (%)",PoultryCanada
819,0.00966565,0.016926,0.0170992,0.0167406,0.0178479,,,,0.797617521567571,1.9523416949390382,3.240698170504968,3.5996347630472645,3.621203618846979,SSP1,Lower CI,Canada,missing,missing,missing,missing,missing,missing,Sheep & Goat,missing,missing,missing,"median change in
 herd size compared
 to reference scenario (%)",Sheep & GoatCanada
820,0.00966565,0.016926,0.0170992,0.0167406,0.0178479,,,,1.6809457201693987,2.7906887779499083,3.898252996383059,4.458841286427487,4.4915424338083785,SSP1,Median,Canada,missing,missing,missing,missing,missing,missing,Sheep & Goat,missing,missing,missing,"median change in
 herd size compared
 to reference scenario (%)",Sheep & GoatCanada
821,0.00966565,0.016926,0.0170992,0.0167406,0.0178479,,,,2.491144072357791,3.5282344225797413,4.609408645434434,5.098746508836729,5.1588574035519175,SSP1,Upper CI,Canada,missing,missing,missing,missing,missing,missing,Sheep & Goat,missing,missing,missing,"median change in
 herd size compared
 to reference scenario (%)",Sheep & GoatCanada
840,0.55431,0.572642,0.75714,0.890629,0.950433,,,,-0.18182350220275031,-4.1093071035515,-0.6001850335851708,-0.11752677217027577,-0.20296069113909995,SSP1,Lower CI,Central America and Caribbean,missing,missing,missing,missing,missing,missing,Beef,missing,missing,missing,"median change in
 herd size compared
 to reference scenario (%)",BeefCentral America and Caribbean
841,0.55431,0.572642,0.75714,0.890629,0.950433,,,,-0.07780203805720515,-0.02064041387408362,-0.07589412049198495,-0.10877306771141305,-0.172847248895421,SSP1,Median,Central America and Caribbean,missing,missing,missing,missing,missing,missing,Beef,missing,missing,missing,"median change in
 herd size compared
 to reference scenario (%)",BeefCentral America and Caribbean
842,0.55431,0.572642,0.75714,0.890629,0.950433,,,,0.0677317011274792,10.812938249598268,1.4003687013511779,-0.016628366767688425,-0.10634491214744754,SSP1,Upper CI,Central America and Caribbean,missing,missing,missing,missing,missing,missing,Beef,missing,missing,missing,"median change in
 herd size compared
 to reference scenario (%)",BeefCentral America and Caribbean
861,3.15996,4.39074,5.0508,5.33278,5.66593,,,,-0.026320731475872824,-0.3029969815947303,-0.14179618451422946,0.03204680112838124,0.01840620295842468,SSP1,Lower CI,Central America and Caribbean,missing,missing,missing,missing,missing,missing,Dairy,missing,missing,missing,"median change in
 herd size compared
 to reference scenario (%)",DairyCentral America and Caribbean
862,3.15996,4.39074,5.0508,5.33278,5.66593,,,,0.017252902416134103,0.05587641292241527,0.05549928892712049,0.05361921652718988,0.038462859796113975,SSP1,Median,Central America and Caribbean,missing,missing,missing,missing,missing,missing,Dairy,missing,missing,missing,"median change in
 herd size compared
 to reference scenario (%)",DairyCentral America and Caribbean
863,3.15996,4.39074,5.0508,5.33278,5.66593,,,,0.05887253963810911,1.1116321514207308,0.5617952636683218,0.07250395189956188,0.05335093525022182,SSP1,Upper CI,Central America and Caribbean,missing,missing,missing,missing,missing,missing,Dairy,missing,missing,missing,"median change in
 herd size compared
 to reference scenario (%)",DairyCentral America and Caribbean
882,0.218402,0.402341,0.493289,0.536887,0.569889,,,,-0.44924366480366096,-1.005127656797536,-0.573810315144918,-0.0499139500911521,-0.05265100481302515,SSP1,Lower CI,Central America and Caribbean,missing,missing,missing,missing,missing,missing,Pork,missing,missing,missing,"median change in
 herd size compared
 to reference scenario (%)",PorkCentral America and Caribbean
883,0.218402,0.402341,0.493289,0.536887,0.569889,,,,0.3880800530982864,0.36060846985067085,0.17047241022703563,0.12650289647191007,0.1318846014652225,SSP1,Median,Central America and Caribbean,missing,missing,missing,missing,missing,missing,Pork,missing,missing,missing,"median change in
 herd size compared
 to reference scenario (%)",PorkCentral America and Caribbean
884,0.218402,0.402341,0.493289,0.536887,0.569889,,,,0.794121157792988,4.55326633977307,2.1985272520389127,0.4829626952084206,0.4584020219132014,SSP1,Upper CI,Central America and Caribbean,missing,missing,missing,missing,missing,missing,Pork,missing,missing,missing,"median change in
 herd size compared
 to reference scenario (%)",PorkCentral America and Caribbean
903,0.917197,1.78269,1.99994,2.32731,2.48139,,,,-1.4084849609537726,-1.3967716173930758,-0.870975903460371,-0.5172454397406554,-0.5034242541187295,SSP1,Lower CI,Central America and Caribbean,missing,missing,missing,missing,missing,missing,Poultry,missing,missing,missing,"median change in
 herd size compared
 to reference scenario (%)",PoultryCentral America and Caribbean
904,0.917197,1.78269,1.99994,2.32731,2.48139,,,,-0.8096352551620207,-0.3619452181725198,-0.3081232385110883,-0.17426901216773188,-0.23141749739590245,SSP1,Median,Central America and Caribbean,missing,missing,missing,missing,missing,missing,Poultry,missing,missing,missing,"median change in
 herd size compared
 to reference scenario (%)",PoultryCentral America and Caribbean
905,0.917197,1.78269,1.99994,2.32731,2.48139,,,,-0.3757204107114661,3.576101678017271,1.7870159716367744,0.3735813281211295,0.3252645884232368,SSP1,Upper CI,Central America and Caribbean,missing,missing,missing,missing,missing,missing,Poultry,missing,missing,missing,"median change in
 herd size compared
 to reference scenario (%)",PoultryCentral America and Caribbean
924,0.0155574,0.0229763,0.0280363,0.0322877,0.0350334,,,,0.12901048789449043,-0.01822965686539596,0.41485642970039227,0.5131299317437832,0.52366618170508,SSP1,Lower CI,Central America and Caribbean,missing,missing,missing,missing,missing,missing,Sheep & Goat,missing,missing,missing,"median change in
 herd size compared
 to reference scenario (%)",Sheep & GoatCentral America and Caribbean
925,0.0155574,0.0229763,0.0280363,0.0322877,0.0350334,,,,0.17201395277523143,0.3976403966385403,0.5342951932721297,0.6109594225622488,0.6081918688491454,SSP1,Median,Central America and Caribbean,missing,missing,missing,missing,missing,missing,Sheep & Goat,missing,missing,missing,"median change in
 herd size compared
 to reference scenario (%)",Sheep & GoatCentral America and Caribbean
926,0.0155574,0.0229763,0.0280363,0.0322877,0.0350334,,,,0.2363052566185896,0.5387799765441046,0.6061468635802547,0.6460554332726012,0.6556209944157202,SSP1,Upper CI,Central America and Caribbean,missing,missing,missing,missing,missing,missing,Sheep & Goat,missing,missing,missing,"median change in
 herd size compared
 to reference scenario (%)",Sheep & GoatCentral America and Caribbean
945,1.64655,1.30896,1.64923,2.27615,2.54096,,,,-0.08625150232209622,-0.3919990210177367,0.07571307864410969,0.16189222415228677,0.22038633514571054,SSP1,Lower CI,Central Asia,missing,missing,missing,missing,missing,missing,Beef,missing,missing,missing,"median change in
 herd size compared
 to reference scenario (%)",BeefCentral Asia
946,1.64655,1.30896,1.64923,2.27615,2.54096,,,,-0.014228930688741336,0.09983098220243572,0.11964396493935552,0.1729479070890951,0.22932540172392188,SSP1,Median,Central Asia,missing,missing,missing,missing,missing,missing,Beef,missing,missing,missing,"median change in
 herd size compared
 to reference scenario (%)",BeefCentral Asia
947,1.64655,1.30896,1.64923,2.27615,2.54096,,,,0.05204904159821988,0.6448637175791292,0.3255171876171756,0.23928943068542496,0.26689580853004546,SSP1,Upper CI,Central Asia,missing,missing,missing,missing,missing,missing,Beef,missing,missing,missing,"median change in
 herd size compared
 to reference scenario (%)",BeefCentral Asia
966,15.2514,15.7153,18.8213,22.8001,25.0579,,,,0.03695517473625565,-0.06057405419500761,0.08544694830679059,0.12600784471563628,0.13783544307618684,SSP1,Lower CI,Central Asia,missing,missing,missing,missing,missing,missing,Dairy,missing,missing,missing,"median change in
 herd size compared
 to reference scenario (%)",DairyCentral Asia
967,15.2514,15.7153,18.8213,22.8001,25.0579,,,,0.07146035713462841,0.11713724222721655,0.13132752595770872,0.13676060735623988,0.14419563581729689,SSP1,Median,Central Asia,missing,missing,missing,missing,missing,missing,Dairy,missing,missing,missing,"median change in
 herd size compared
 to reference scenario (%)",DairyCentral Asia
968,15.2514,15.7153,18.8213,22.8001,25.0579,,,,0.09167346810607813,0.5835737047366336,0.30031189282753,0.17071609842756016,0.15580992055175213,SSP1,Upper CI,Central Asia,missing,missing,missing,missing,missing,missing,Dairy,missing,missing,missing,"median change in
 herd size compared
 to reference scenario (%)",DairyCentral Asia
987,0.441825,0.193971,0.174915,0.184617,0.206241,,,,-1.5656858873475903,-1.6382722667930456,-0.8136005242672245,-0.3970255782179845,-0.30922271741354745,SSP1,Lower CI,Central Asia,missing,missing,missing,missing,missing,missing,Pork,missing,missing,missing,"median change in
 herd size compared
 to reference scenario (%)",PorkCentral Asia
988,0.441825,0.193971,0.174915,0.184617,0.206241,,,,-0.20522479525977863,-0.17575986540124613,-0.18608665264179253,-0.2176429270995062,-0.14139449768123885,SSP1,Median,Central Asia,missing,missing,missing,missing,missing,missing,Pork,missing,missing,missing,"median change in
 herd size compared
 to reference scenario (%)",PorkCentral Asia
989,0.441825,0.193971,0.174915,0.184617,0.206241,,,,0.09089055971894122,5.952171739303754,2.136797700408068,0.4557270729983253,0.26550692066557025,SSP1,Upper CI,Central Asia,missing,missing,missing,missing,missing,missing,Pork,missing,missing,missing,"median change in
 herd size compared
 to reference scenario (%)",PorkCentral Asia
1008,0.779172,0.559267,0.835983,1.19662,1.32644,,,,-1.5252327185325076,-1.1816949014984184,-0.34136820484047803,-0.05025347021367699,0.05525185611498229,SSP1,Lower CI,Central Asia,missing,missing,missing,missing,missing,missing,Poultry,missing,missing,missing,"median change in
 herd size compared
 to reference scenario (%)",PoultryCentral Asia
1009,0.779172,0.559267,0.835983,1.19662,1.32644,,,,-1.05082263245619,-0.01697315800411707,0.15006836222283748,0.20583407998920744,0.27658876122208614,SSP1,Median,Central Asia,missing,missing,missing,missing,missing,missing,Poultry,missing,missing,missing,"median change in
 herd size compared
 to reference scenario (%)",PoultryCentral Asia
1010,0.779172,0.559267,0.835983,1.19662,1.32644,,,,-0.3423831835471506,4.716794016839869,2.1176701684162205,0.9703882633692955,0.8214486504136052,SSP1,Upper CI,Central Asia,missing,missing,missing,missing,missing,missing,Poultry,missing,missing,missing,"median change in
 herd size compared
 to reference scenario (%)",PoultryCentral Asia
1029,0.667394,0.513753,0.764654,1.00167,1.12916,,,,0.1238754419749503,-0.13082179451042986,0.17549117150325771,0.23500714962382868,0.21065434615191322,SSP1,Lower CI,Central Asia,missing,missing,missing,missing,missing,missing,Sheep & Goat,missing,missing,missing,"median change in
 herd size compared
 to reference scenario (%)",Sheep & GoatCentral Asia
1030,0.667394,0.513753,0.764654,1.00167,1.12916,,,,0.19304092926342512,0.24497629132875415,0.25594759048733023,0.2706114428619368,0.26931628552177844,SSP1,Median,Central Asia,missing,missing,missing,missing,missing,missing,Sheep & Goat,missing,missing,missing,"median change in
 herd size compared
 to reference scenario (%)",Sheep & GoatCentral Asia
1031,0.667394,0.513753,0.764654,1.00167,1.12916,,,,0.2643578352164465,1.3342706221959588,0.6571034914094955,0.3542097728515848,0.3133741519925324,SSP1,Upper CI,Central Asia,missing,missing,missing,missing,missing,missing,Sheep & Goat,missing,missing,missing,"median change in
 herd size compared
 to reference scenario (%)",Sheep & GoatCentral Asia
1050,1.33577,5.78972,6.20604,6.27562,6.7432,,,,-0.5312390520262928,-1.2459382359132052,-0.44699256242196933,-0.4491690209018401,-0.4217165933350887,SSP1,Lower CI,China,missing,missing,missing,missing,missing,missing,Beef,missing,missing,missing,"median change in
 herd size compared
 to reference scenario (%)",BeefChina
1051,1.33577,5.78972,6.20604,6.27562,6.7432,,,,-0.43290412186608046,-0.33882662467982894,-0.3878452256468705,-0.4096560178169523,-0.39077122931611297,SSP1,Median,China,missing,missing,missing,missing,missing,missing,Beef,missing,missing,missing,"median change in
 herd size compared
 to reference scenario (%)",BeefChina
1052,1.33577,5.78972,6.20604,6.27562,6.7432,,,,-0.32643991849117104,-0.06428811802359014,-0.3613365816582765,-0.3720670794655636,-0.3507539561392736,SSP1,Upper CI,China,missing,missing,missing,missing,missing,missing,Beef,missing,missing,missing,"median change in
 herd size compared
 to reference scenario (%)",BeefChina
1071,6.92293,31.0738,40.8318,37.4921,41.0612,,,,0.31483105639994924,0.16445258667367676,0.05840624418249461,-0.09664722870675944,-0.20721134240531813,SSP1,Lower CI,China,missing,missing,missing,missing,missing,missing,Dairy,missing,missing,missing,"median change in
 herd size compared
 to reference scenario (%)",DairyChina
1072,6.92293,31.0738,40.8318,37.4921,41.0612,,,,0.3336126607165732,0.24923676972182826,0.08629616824326218,-0.07537638254418824,-0.18404923988960684,SSP1,Median,China,missing,missing,missing,missing,missing,missing,Dairy,missing,missing,missing,"median change in
 herd size compared
 to reference scenario (%)",DairyChina
1073,6.92293,31.0738,40.8318,37.4921,41.0612,,,,0.4140250012715728,0.3013453019192065,0.11347957396753329,-0.05350126423156888,-0.16477288160154446,SSP1,Upper CI,China,missing,missing,missing,missing,missing,missing,Dairy,missing,missing,missing,"median change in
 herd size compared
 to reference scenario (%)",DairyChina
1092,23.0336,44.3022,50.3422,55.5404,61.359,,,,-0.023509156877857193,-0.108420550682553,-0.07248463600647094,-0.11250575745597605,-0.13699767075472769,SSP1,Lower CI,China,missing,missing,missing,missing,missing,missing,Pork,missing,missing,missing,"median change in
 herd size compared
 to reference scenario (%)",PorkChina
1093,23.0336,44.3022,50.3422,55.5404,61.359,,,,0.03922258132791279,0.011140078736927586,-0.03992472251524838,-0.08484783041761357,-0.10287022137943996,SSP1,Median,China,missing,missing,missing,missing,missing,missing,Pork,missing,missing,missing,"median change in
 herd size compared
 to reference scenario (%)",PorkChina
1094,23.0336,44.3022,50.3422,55.5404,61.359,,,,0.15622617809797235,0.1175182816510325,0.007903516521911652,-0.034479769424223115,-0.06428400079885255,SSP1,Upper CI,China,missing,missing,missing,missing,missing,missing,Pork,missing,missing,missing,"median change in
 herd size compared
 to reference scenario (%)",PorkChina
1113,11.8298,37.4972,44.4677,48.5404,53.7104,,,,-0.15823588762487034,-0.2295625219334016,-0.0718798005267264,-0.00031100611004773043,0.014484661739437812,SSP1,Lower CI,China,missing,missing,missing,missing,missing,missing,Poultry,missing,missing,missing,"median change in
 herd size compared
 to reference scenario (%)",PoultryChina
1114,11.8298,37.4972,44.4677,48.5404,53.7104,,,,-0.04417252664454155,-0.13835676578759334,0.016531568977914732,0.049310404215362154,0.05118563642215889,SSP1,Median,China,missing,missing,missing,missing,missing,missing,Poultry,missing,missing,missing,"median change in
 herd size compared
 to reference scenario (%)",PoultryChina
1115,11.8298,37.4972,44.4677,48.5404,53.7104,,,,0.0323671554346676,-0.04955822062328165,0.036925178706144625,0.08405086806153739,0.0880316716129564,SSP1,Upper CI,China,missing,missing,missing,missing,missing,missing,Poultry,missing,missing,missing,"median change in
 herd size compared
 to reference scenario (%)",PoultryChina
1134,1.05264,3.49026,4.02459,4.52784,5.0446,,,,-0.24577125816032386,-0.45235039793719034,-0.377461640974246,-0.3813293690336773,-0.38877535250246537,SSP1,Lower CI,China,missing,missing,missing,missing,missing,missing,Sheep & Goat,missing,missing,missing,"median change in
 herd size compared
 to reference scenario (%)",Sheep & GoatChina
1135,1.05264,3.49026,4.02459,4.52784,5.0446,,,,-0.21187088634988746,-0.3099668337337287,-0.3160999545334864,-0.3231095614087032,-0.3311762718824709,SSP1,Median,China,missing,missing,missing,missing,missing,missing,Sheep & Goat,missing,missing,missing,"median change in
 herd size compared
 to reference scenario (%)",Sheep & GoatChina
1136,1.05264,3.49026,4.02459,4.52784,5.0446,,,,-0.12494493283614783,-0.18504202197923633,-0.2746013399437431,-0.2772845039137106,-0.29364713045642815,SSP1,Upper CI,China,missing,missing,missing,missing,missing,missing,Sheep & Goat,missing,missing,missing,"median change in
 herd size compared
 to reference scenario (%)",Sheep & GoatChina
1155,0.671157,0.767036,0.834613,1.05485,1.14343,,,,-0.34421394867626603,-0.36450093250703114,-0.4091379704571885,-0.44030649455123416,-0.485112171853596,SSP1,Lower CI,Colombia,missing,missing,missing,missing,missing,missing,Beef,missing,missing,missing,"median change in
 herd size compared
 to reference scenario (%)",BeefColombia
1156,0.671157,0.767036,0.834613,1.05485,1.14343,,,,-0.31669602075748016,-0.3320818856602085,-0.3841538005604559,-0.42185407127935165,-0.4682342912380151,SSP1,Median,Colombia,missing,missing,missing,missing,missing,missing,Beef,missing,missing,missing,"median change in
 herd size compared
 to reference scenario (%)",BeefColombia
1157,0.671157,0.767036,0.834613,1.05485,1.14343,,,,-0.27013948267034554,-0.296027416065117,-0.3453033591136743,-0.3733646272711021,-0.4256630535794549,SSP1,Upper CI,Colombia,missing,missing,missing,missing,missing,missing,Beef,missing,missing,missing,"median change in
 herd size compared
 to reference scenario (%)",BeefColombia
1176,3.97164,6.59231,6.57875,6.88112,7.42646,,,,0.004778392012492317,-0.075278842340551,-0.02582867061501495,-0.017529230863909742,-0.02624996455317331,SSP1,Lower CI,Colombia,missing,missing,missing,missing,missing,missing,Dairy,missing,missing,missing,"median change in
 herd size compared
 to reference scenario (%)",DairyColombia
1177,3.97164,6.59231,6.57875,6.88112,7.42646,,,,0.01547182941059942,0.004352462358236006,-0.005054845014633513,-0.009965954904957629,-0.01947918450575922,SSP1,Median,Colombia,missing,missing,missing,missing,missing,missing,Dairy,missing,missing,missing,"median change in
 herd size compared
 to reference scenario (%)",DairyColombia
1178,3.97164,6.59231,6.57875,6.88112,7.42646,,,,0.03398863789812986,0.04858373987662619,0.006979136573890928,0.021048617315906945,0.008430390707548713,SSP1,Upper CI,Colombia,missing,missing,missing,missing,missing,missing,Dairy,missing,missing,missing,"median change in
 herd size compared
 to reference scenario (%)",DairyColombia
1197,0.131706,0.141373,0.221181,0.321357,0.350844,,,,-0.7990961016375978,-0.610103630991073,-0.7827791361808123,-0.8064823899479224,-0.8436070182662686,SSP1,Lower CI,Colombia,missing,missing,missing,missing,missing,missing,Pork,missing,missing,missing,"median change in
 herd size compared
 to reference scenario (%)",PorkColombia
1198,0.131706,0.141373,0.221181,0.321357,0.350844,,,,-0.3187403706766995,-0.44116535525380207,-0.6406589983241077,-0.7017542340651175,-0.7445041434928988,SSP1,Median,Colombia,missing,missing,missing,missing,missing,missing,Pork,missing,missing,missing,"median change in
 herd size compared
 to reference scenario (%)",PorkColombia
1199,0.131706,0.141373,0.221181,0.321357,0.350844,,,,-0.13269116128489533,-0.023011991720135183,-0.3710088978770718,-0.435776858581716,-0.5101846544393712,SSP1,Upper CI,Colombia,missing,missing,missing,missing,missing,missing,Pork,missing,missing,missing,"median change in
 herd size compared
 to reference scenario (%)",PorkColombia
1218,0.554748,1.26766,1.69002,2.17076,2.36773,,,,-0.13434157890018375,-0.036008838002105525,-0.005635295778509006,0.01457212676087713,0.016671465168586724,SSP1,Lower CI,Colombia,missing,missing,missing,missing,missing,missing,Poultry,missing,missing,missing,"median change in
 herd size compared
 to reference scenario (%)",PoultryColombia
1219,0.554748,1.26766,1.69002,2.17076,2.36773,,,,-0.09243983507789412,0.006239901007594799,0.038841486630707474,0.05540201716812415,0.05690562535062786,SSP1,Median,Colombia,missing,missing,missing,missing,missing,missing,Poultry,missing,missing,missing,"median change in
 herd size compared
 to reference scenario (%)",PoultryColombia
1220,0.554748,1.26766,1.69002,2.17076,2.36773,,,,0.015779538080780253,0.23178846891372334,0.1620915296453751,0.16811212568822548,0.1526499978214843,SSP1,Upper CI,Colombia,missing,missing,missing,missing,missing,missing,Poultry,missing,missing,missing,"median change in
 herd size compared
 to reference scenario (%)",PoultryColombia
1239,0.0125343,0.00744363,0.0033514,0.00500259,0.00560485,,,,-1.114795543201861,-1.029594501472402,-0.4421495705982547,-0.26830791913553664,-0.3402266760858407,SSP1,Lower CI,Colombia,missing,missing,missing,missing,missing,missing,Sheep & Goat,missing,missing,missing,"median change in
 herd size compared
 to reference scenario (%)",Sheep & GoatColombia
1240,0.0125343,0.00744363,0.0033514,0.00500259,0.00560485,,,,-0.9626171161384985,-0.4265619715227417,-0.10272347911093427,-0.038109459701189265,-0.13749514742101895,SSP1,Median,Colombia,missing,missing,missing,missing,missing,missing,Sheep & Goat,missing,missing,missing,"median change in
 herd size compared
 to reference scenario (%)",Sheep & GoatColombia
1241,0.0125343,0.00744363,0.0033514,0.00500259,0.00560485,,,,-0.8290605430505188,0.01428151029942426,-0.049883100338083575,0.09538948634169928,0.009079375055934785,SSP1,Upper CI,Colombia,missing,missing,missing,missing,missing,missing,Sheep & Goat,missing,missing,missing,"median change in
 herd size compared
 to reference scenario (%)",Sheep & GoatColombia
1260,1.93532,0.814539,0.845495,0.902094,1.05772,,,,-0.9436717938696881,-2.4887528263793253,-0.8960497256813227,-1.0294178302828563,-1.3581464086692066,SSP1,Lower CI,EU-12,missing,missing,missing,missing,missing,missing,Beef,missing,missing,missing,"median change in
 herd size compared
 to reference scenario (%)",BeefEU-12
1261,1.93532,0.814539,0.845495,0.902094,1.05772,,,,1.3230066519039354,-0.03700393519395539,-0.2121914790528716,-0.6094644983718228,-1.0537605590757806,SSP1,Median,EU-12,missing,missing,missing,missing,missing,missing,Beef,missing,missing,missing,"median change in
 herd size compared
 to reference scenario (%)",BeefEU-12
1262,1.93532,0.814539,0.845495,0.902094,1.05772,,,,3.4827411437954794,1.414661243315368,0.2871169482349911,-0.049634068473809634,-0.582457450142767,SSP1,Upper CI,EU-12,missing,missing,missing,missing,missing,missing,Beef,missing,missing,missing,"median change in
 herd size compared
 to reference scenario (%)",BeefEU-12
1281,36.3716,29.1414,28.4045,29.1377,30.1906,,,,-0.6632306485569796,-1.0042609587149711,-0.7121891938766568,-0.7016863682504513,-0.7225084040615358,SSP1,Lower CI,EU-12,missing,missing,missing,missing,missing,missing,Dairy,missing,missing,missing,"median change in
 herd size compared
 to reference scenario (%)",DairyEU-12
1282,36.3716,29.1414,28.4045,29.1377,30.1906,,,,-0.5509607710012332,-0.63327843896778,-0.6751966700024795,-0.6888391004107165,-0.7114270140190626,SSP1,Median,EU-12,missing,missing,missing,missing,missing,missing,Dairy,missing,missing,missing,"median change in
 herd size compared
 to reference scenario (%)",DairyEU-12
1283,36.3716,29.1414,28.4045,29.1377,30.1906,,,,-0.4070834701372056,-0.5084123585765332,-0.6660811983782583,-0.6733013792048614,-0.6979190407651922,SSP1,Upper CI,EU-12,missing,missing,missing,missing,missing,missing,Dairy,missing,missing,missing,"median change in
 herd size compared
 to reference scenario (%)",DairyEU-12
1302,5.34956,3.92534,3.46887,3.47321,3.70363,,,,-1.8459433447354567,-1.9940031706857786,-0.9801902546616226,-0.9806164653335419,-0.9520396213223417,SSP1,Lower CI,EU-12,missing,missing,missing,missing,missing,missing,Pork,missing,missing,missing,"median change in
 herd size compared
 to reference scenario (%)",PorkEU-12
1303,5.34956,3.92534,3.46887,3.47321,3.70363,,,,-0.6248567891882032,-0.9057043398458812,-0.673019801312485,-0.7964891504459205,-0.8637295236150245,SSP1,Median,EU-12,missing,missing,missing,missing,missing,missing,Pork,missing,missing,missing,"median change in
 herd size compared
 to reference scenario (%)",PorkEU-12
1304,5.34956,3.92534,3.46887,3.47321,3.70363,,,,1.1876286153007753,0.5936314441500841,-0.5326875338057313,-0.6299155133729595,-0.6750493996181797,SSP1,Upper CI,EU-12,missing,missing,missing,missing,missing,missing,Pork,missing,missing,missing,"median change in
 herd size compared
 to reference scenario (%)",PorkEU-12
1323,3.27649,3.65056,4.00193,4.59907,4.94388,,,,-0.5985610714887023,-1.7182087896549065,-0.26909310021848515,-0.24230495220219397,-0.2611713776872357,SSP1,Lower CI,EU-12,missing,missing,missing,missing,missing,missing,Poultry,missing,missing,missing,"median change in
 herd size compared
 to reference scenario (%)",PoultryEU-12
1324,3.27649,3.65056,4.00193,4.59907,4.94388,,,,0.6768361543145737,-0.07677071526815082,0.15660988584447244,0.07133580440787093,-0.005341245176227759,SSP1,Median,EU-12,missing,missing,missing,missing,missing,missing,Poultry,missing,missing,missing,"median change in
 herd size compared
 to reference scenario (%)",PoultryEU-12
1325,3.27649,3.65056,4.00193,4.59907,4.94388,,,,2.365208131380084,1.1676205931910593,0.4400426513726024,0.25496970720284035,0.1807897185325485,SSP1,Upper CI,EU-12,missing,missing,missing,missing,missing,missing,Poultry,missing,missing,missing,"median change in
 herd size compared
 to reference scenario (%)",PoultryEU-12
1344,0.22152,0.0970808,0.105374,0.117942,0.123958,,,,-0.046223975198227386,-0.07899363952374311,0.13382270422128784,0.14434175114506065,0.13106819114768112,SSP1,Lower CI,EU-12,missing,missing,missing,missing,missing,missing,Sheep & Goat,missing,missing,missing,"median change in
 herd size compared
 to reference scenario (%)",Sheep & GoatEU-12
1345,0.22152,0.0970808,0.105374,0.117942,0.123958,,,,0.030768531996699332,0.25673077134064676,0.28963751937962107,0.32574230378282754,0.31492858751162633,SSP1,Median,EU-12,missing,missing,missing,missing,missing,missing,Sheep & Goat,missing,missing,missing,"median change in
 herd size compared
 to reference scenario (%)",Sheep & GoatEU-12
1346,0.22152,0.0970808,0.105374,0.117942,0.123958,,,,0.13580854454916952,0.4557271512764243,0.5549466145064774,0.6093854168423896,0.6024921842138146,SSP1,Upper CI,EU-12,missing,missing,missing,missing,missing,missing,Sheep & Goat,missing,missing,missing,"median change in
 herd size compared
 to reference scenario (%)",Sheep & GoatEU-12
1365,8.81376,7.33787,7.24543,7.10578,7.51825,,,,-0.01612375209563502,-0.7092504335305331,0.08687863321187957,0.09035797484323824,0.06855509603695957,SSP1,Lower CI,EU-15,missing,missing,missing,missing,missing,missing,Beef,missing,missing,missing,"median change in
 herd size compared
 to reference scenario (%)",BeefEU-15
1366,8.81376,7.33787,7.24543,7.10578,7.51825,,,,0.30320472203439935,0.10271370788269643,0.22856976235638438,0.17216847308620836,0.1289404178810331,SSP1,Median,EU-15,missing,missing,missing,missing,missing,missing,Beef,missing,missing,missing,"median change in
 herd size compared
 to reference scenario (%)",BeefEU-15
1367,8.81376,7.33787,7.24543,7.10578,7.51825,,,,0.45210337055628624,0.32047265622511023,0.2728606833955838,0.2542075496718318,0.19594920540153754,SSP1,Upper CI,EU-15,missing,missing,missing,missing,missing,missing,Beef,missing,missing,missing,"median change in
 herd size compared
 to reference scenario (%)",BeefEU-15
1386,128.051,122.663,124.683,135.019,140.641,,,,-0.35437999100488005,-0.6364439637731281,-0.4178156742369522,-0.41390933800964924,-0.42455908192523684,SSP1,Lower CI,EU-15,missing,missing,missing,missing,missing,missing,Dairy,missing,missing,missing,"median change in
 herd size compared
 to reference scenario (%)",DairyEU-15
1387,128.051,122.663,124.683,135.019,140.641,,,,-0.2973734113535121,-0.4062254981162928,-0.3946368305040066,-0.40288826902403146,-0.4141579782781617,SSP1,Median,EU-15,missing,missing,missing,missing,missing,missing,Dairy,missing,missing,missing,"median change in
 herd size compared
 to reference scenario (%)",DairyEU-15
1388,128.051,122.663,124.683,135.019,140.641,,,,-0.250447286324299,-0.3459055994527719,-0.37926687385589775,-0.3781745140012587,-0.39518895783069585,SSP1,Upper CI,EU-15,missing,missing,missing,missing,missing,missing,Dairy,missing,missing,missing,"median change in
 herd size compared
 to reference scenario (%)",DairyEU-15
1407,15.3321,18.0187,19.3104,19.9387,20.7708,,,,-0.3911909009692195,-0.8134717783034494,0.06811054471675126,0.12650411262063316,0.18555059238121613,SSP1,Lower CI,EU-15,missing,missing,missing,missing,missing,missing,Pork,missing,missing,missing,"median change in
 herd size compared
 to reference scenario (%)",PorkEU-15
1408,15.3321,18.0187,19.3104,19.9387,20.7708,,,,0.09420875409263649,0.1961821244128066,0.22558067991708539,0.22904355480162628,0.23532034433013488,SSP1,Median,EU-15,missing,missing,missing,missing,missing,missing,Pork,missing,missing,missing,"median change in
 herd size compared
 to reference scenario (%)",PorkEU-15
1409,15.3321,18.0187,19.3104,19.9387,20.7708,,,,0.7288854520090212,0.7327812175666907,0.5534324519911755,0.41478389019092704,0.343670303879617,SSP1,Upper CI,EU-15,missing,missing,missing,missing,missing,missing,Pork,missing,missing,missing,"median change in
 herd size compared
 to reference scenario (%)",PorkEU-15
1428,12.086,13.9569,14.7167,16.0166,16.6722,,,,-0.6772563877277537,-0.9012788415726833,-0.19015463379557893,-0.16715088819471138,-0.1495024664032893,SSP1,Lower CI,EU-15,missing,missing,missing,missing,missing,missing,Poultry,missing,missing,missing,"median change in
 herd size compared
 to reference scenario (%)",PoultryEU-15
1429,12.086,13.9569,14.7167,16.0166,16.6722,,,,-0.14546081368913763,-0.07421346935135241,-0.0423201912124591,-0.10989067626675791,-0.10829199963072597,SSP1,Median,EU-15,missing,missing,missing,missing,missing,missing,Poultry,missing,missing,missing,"median change in
 herd size compared
 to reference scenario (%)",PoultryEU-15
1430,12.086,13.9569,14.7167,16.0166,16.6722,,,,0.2596530146709791,0.1869918689395454,0.24790148340319598,0.13663022594519195,0.06051375767000478,SSP1,Upper CI,EU-15,missing,missing,missing,missing,missing,missing,Poultry,missing,missing,missing,"median change in
 herd size compared
 to reference scenario (%)",PoultryEU-15
1449,1.18547,1.09193,0.935441,0.848204,0.904135,,,,-0.045820307555094586,-0.2927581720553267,-0.10230446083169524,-0.1591007429779194,-0.2261737945566663,SSP1,Lower CI,EU-15,missing,missing,missing,missing,missing,missing,Sheep & Goat,missing,missing,missing,"median change in
 herd size compared
 to reference scenario (%)",Sheep & GoatEU-15
1450,1.18547,1.09193,0.935441,0.848204,0.904135,,,,0.057447296043805315,0.08725139312139837,0.051852172794981374,-0.04870157682661707,-0.12858793788186093,SSP1,Median,EU-15,missing,missing,missing,missing,missing,missing,Sheep & Goat,missing,missing,missing,"median change in
 herd size compared
 to reference scenario (%)",Sheep & GoatEU-15
1451,1.18547,1.09193,0.935441,0.848204,0.904135,,,,0.1630975063910459,0.22811418457428848,0.2786296015047571,0.23599796954622757,0.1538629513535737,SSP1,Upper CI,EU-15,missing,missing,missing,missing,missing,missing,Sheep & Goat,missing,missing,missing,"median change in
 herd size compared
 to reference scenario (%)",Sheep & GoatEU-15
1470,2.38499,0.866304,0.757109,0.762693,0.814357,,,,0.10014238586937818,-0.753993137140747,-0.29272084352907635,-0.43234691870974284,-0.6225772416359783,SSP1,Lower CI,Europe_Eastern,missing,missing,missing,missing,missing,missing,Beef,missing,missing,missing,"median change in
 herd size compared
 to reference scenario (%)",BeefEurope_Eastern
1471,2.38499,0.866304,0.757109,0.762693,0.814357,,,,0.9312587432210817,0.12538033563733147,-0.028799782264850544,-0.27419537100653585,-0.48603230358416427,SSP1,Median,Europe_Eastern,missing,missing,missing,missing,missing,missing,Beef,missing,missing,missing,"median change in
 herd size compared
 to reference scenario (%)",BeefEurope_Eastern
1472,2.38499,0.866304,0.757109,0.762693,0.814357,,,,1.9790631700639398,0.6708522352878193,0.3913042685578203,0.1688957883982899,-0.060377894931597675,SSP1,Upper CI,Europe_Eastern,missing,missing,missing,missing,missing,missing,Beef,missing,missing,missing,"median change in
 herd size compared
 to reference scenario (%)",BeefEurope_Eastern
1491,29.9375,19.4103,18.514,18.3083,18.6821,,,,-0.7239235379792684,-0.8952941039112504,-0.5955385309518241,-0.6011829046050593,-0.6332971190491256,SSP1,Lower CI,Europe_Eastern,missing,missing,missing,missing,missing,missing,Dairy,missing,missing,missing,"median change in
 herd size compared
 to reference scenario (%)",DairyEurope_Eastern
1492,29.9375,19.4103,18.514,18.3083,18.6821,,,,-0.6048097967674788,-0.5902584092961396,-0.5317224318083245,-0.5694797262575537,-0.5993271825671018,SSP1,Median,Europe_Eastern,missing,missing,missing,missing,missing,missing,Dairy,missing,missing,missing,"median change in
 herd size compared
 to reference scenario (%)",DairyEurope_Eastern
1493,29.9375,19.4103,18.514,18.3083,18.6821,,,,-0.4668208979935763,-0.4853149791796688,-0.5248706791431822,-0.5588444606359942,-0.5975024298338419,SSP1,Upper CI,Europe_Eastern,missing,missing,missing,missing,missing,missing,Dairy,missing,missing,missing,"median change in
 herd size compared
 to reference scenario (%)",DairyEurope_Eastern
1512,2.00173,0.942733,1.10253,1.21785,1.26252,,,,-0.2672371155316485,-0.27145706381140816,-0.053146630189136825,-0.0742278756655549,-0.12449138159576749,SSP1,Lower CI,Europe_Eastern,missing,missing,missing,missing,missing,missing,Pork,missing,missing,missing,"median change in
 herd size compared
 to reference scenario (%)",PorkEurope_Eastern
1513,2.00173,0.942733,1.10253,1.21785,1.26252,,,,0.022074424849082674,0.08117402707409564,0.0416621742152678,-0.008742022267234585,-0.055576135192581935,SSP1,Median,Europe_Eastern,missing,missing,missing,missing,missing,missing,Pork,missing,missing,missing,"median change in
 herd size compared
 to reference scenario (%)",PorkEurope_Eastern
1514,2.00173,0.942733,1.10253,1.21785,1.26252,,,,0.28920981492060777,0.25579190069183905,0.14584685811638717,0.07836883358163042,0.02706739162310197,SSP1,Upper CI,Europe_Eastern,missing,missing,missing,missing,missing,missing,Pork,missing,missing,missing,"median change in
 herd size compared
 to reference scenario (%)",PorkEurope_Eastern
1533,1.94737,1.66576,2.55606,2.97768,3.1216,,,,0.08884178952310784,-0.7725959501115397,-0.24819158997582627,-0.3017376751629638,-0.3227792862857173,SSP1,Lower CI,Europe_Eastern,missing,missing,missing,missing,missing,missing,Poultry,missing,missing,missing,"median change in
 herd size compared
 to reference scenario (%)",PoultryEurope_Eastern
1534,1.94737,1.66576,2.55606,2.97768,3.1216,,,,0.5759182864403751,-0.13315465919320021,-0.12050394292042656,-0.13407659062979926,-0.15149907003445137,SSP1,Median,Europe_Eastern,missing,missing,missing,missing,missing,missing,Poultry,missing,missing,missing,"median change in
 herd size compared
 to reference scenario (%)",PoultryEurope_Eastern
1535,1.94737,1.66576,2.55606,2.97768,3.1216,,,,1.5604356709233769,0.31811732990138564,0.15985008629832156,0.10674211980117343,0.07395222470957165,SSP1,Upper CI,Europe_Eastern,missing,missing,missing,missing,missing,missing,Poultry,missing,missing,missing,"median change in
 herd size compared
 to reference scenario (%)",PoultryEurope_Eastern
1554,0.0500995,0.0198,0.023088,0.0195998,0.0202435,,,,0.2657139860909589,0.7980245047070265,1.1694279115456199,1.2775329154428983,1.3771102068117445,SSP1,Lower CI,Europe_Eastern,missing,missing,missing,missing,missing,missing,Sheep & Goat,missing,missing,missing,"median change in
 herd size compared
 to reference scenario (%)",Sheep & GoatEurope_Eastern
1555,0.0500995,0.0198,0.023088,0.0195998,0.0202435,,,,0.4379424341514264,1.120199627050551,1.4409116975086709,1.6042509655000807,1.7170329670329658,SSP1,Median,Europe_Eastern,missing,missing,missing,missing,missing,missing,Sheep & Goat,missing,missing,missing,"median change in
 herd size compared
 to reference scenario (%)",Sheep & GoatEurope_Eastern
1556,0.0500995,0.0198,0.023088,0.0195998,0.0202435,,,,0.5114814369774716,1.3208809096662366,1.725761655749691,1.9011829561122484,2.0388079244662025,SSP1,Upper CI,Europe_Eastern,missing,missing,missing,missing,missing,missing,Sheep & Goat,missing,missing,missing,"median change in
 herd size compared
 to reference scenario (%)",Sheep & GoatEurope_Eastern
1575,0.638489,0.590878,0.972787,1.48886,1.58042,,,,-0.12974930519091224,-0.7435147027297382,-0.15036359068781885,-0.09962763739888454,-0.08114004046404791,SSP1,Lower CI,Europe_Non_EU,missing,missing,missing,missing,missing,missing,Beef,missing,missing,missing,"median change in
 herd size compared
 to reference scenario (%)",BeefEurope_Non_EU
1576,0.638489,0.590878,0.972787,1.48886,1.58042,,,,-0.08903204081681564,-0.0804090624184394,-0.0988368050665694,-0.08343520830207472,-0.07097189684399613,SSP1,Median,Europe_Non_EU,missing,missing,missing,missing,missing,missing,Beef,missing,missing,missing,"median change in
 herd size compared
 to reference scenario (%)",BeefEurope_Non_EU
1577,0.638489,0.590878,0.972787,1.48886,1.58042,,,,-0.006188606083534769,0.19099496678781053,-0.07202673796210901,-0.038150239468359395,-0.0327262747356654,SSP1,Upper CI,Europe_Non_EU,missing,missing,missing,missing,missing,missing,Beef,missing,missing,missing,"median change in
 herd size compared
 to reference scenario (%)",BeefEurope_Non_EU
1596,14.2323,16.0026,18.9253,23.7019,24.8055,,,,1.1046130631262503,1.0544412096982372,1.283426738691171,1.3955276827270142,1.491217340916932,SSP1,Lower CI,Europe_Non_EU,missing,missing,missing,missing,missing,missing,Dairy,missing,missing,missing,"median change in
 herd size compared
 to reference scenario (%)",DairyEurope_Non_EU
1597,14.2323,16.0026,18.9253,23.7019,24.8055,,,,1.1245210263938117,1.2190281540781387,1.311135386539987,1.4088158004935898,1.5039293689476805,SSP1,Median,Europe_Non_EU,missing,missing,missing,missing,missing,missing,Dairy,missing,missing,missing,"median change in
 herd size compared
 to reference scenario (%)",DairyEurope_Non_EU
1598,14.2323,16.0026,18.9253,23.7019,24.8055,,,,1.1665979083354812,1.2796344837277158,1.3248086868076412,1.430685336609849,1.5221267310495479,SSP1,Upper CI,Europe_Non_EU,missing,missing,missing,missing,missing,missing,Dairy,missing,missing,missing,"median change in
 herd size compared
 to reference scenario (%)",DairyEurope_Non_EU
1617,0.735157,0.572287,0.436707,0.446852,0.471717,,,,1.1099241141195852,0.883883558852232,2.0382309194319093,2.446310026766219,2.6081121322277445,SSP1,Lower CI,Europe_Non_EU,missing,missing,missing,missing,missing,missing,Pork,missing,missing,missing,"median change in
 herd size compared
 to reference scenario (%)",PorkEurope_Non_EU
1618,0.735157,0.572287,0.436707,0.446852,0.471717,,,,2.27266075935089,2.370401348373834,2.3877038913313533,2.6698865922858035,2.7683909458218614,SSP1,Median,Europe_Non_EU,missing,missing,missing,missing,missing,missing,Pork,missing,missing,missing,"median change in
 herd size compared
 to reference scenario (%)",PorkEurope_Non_EU
1619,0.735157,0.572287,0.436707,0.446852,0.471717,,,,3.1162137439282693,3.8145536895664014,2.792736725117279,3.040623018993114,3.121200745719187,SSP1,Upper CI,Europe_Non_EU,missing,missing,missing,missing,missing,missing,Pork,missing,missing,missing,"median change in
 herd size compared
 to reference scenario (%)",PorkEurope_Non_EU
1638,1.2324,2.06608,2.7077,3.54461,3.78941,,,,0.7424797239870379,1.1628500911182498,1.0305933250827697,1.2232251155461913,1.3217219013259618,SSP1,Lower CI,Europe_Non_EU,missing,missing,missing,missing,missing,missing,Poultry,missing,missing,missing,"median change in
 herd size compared
 to reference scenario (%)",PoultryEurope_Non_EU
1639,1.2324,2.06608,2.7077,3.54461,3.78941,,,,1.3399759970909408,1.5092351564947273,1.3646093568186675,1.372223518588827,1.4486630134133718,SSP1,Median,Europe_Non_EU,missing,missing,missing,missing,missing,missing,Poultry,missing,missing,missing,"median change in
 herd size compared
 to reference scenario (%)",PoultryEurope_Non_EU
1640,1.2324,2.06608,2.7077,3.54461,3.78941,,,,2.615204850296928,1.7701808699668737,1.4863119950393608,1.4985421728101784,1.5682421520042358,SSP1,Upper CI,Europe_Non_EU,missing,missing,missing,missing,missing,missing,Poultry,missing,missing,missing,"median change in
 herd size compared
 to reference scenario (%)",PoultryEurope_Non_EU
1659,0.355344,0.152582,0.190322,0.36707,0.40069,,,,0.2317791941906583,-0.32509476956756145,-0.05955734555220657,0.03001430410482918,0.01792552644361481,SSP1,Lower CI,Europe_Non_EU,missing,missing,missing,missing,missing,missing,Sheep & Goat,missing,missing,missing,"median change in
 herd size compared
 to reference scenario (%)",Sheep & GoatEurope_Non_EU
1660,0.355344,0.152582,0.190322,0.36707,0.40069,,,,0.36565140545417285,0.2228587822368331,0.08854201033790707,0.11981237510201323,0.10747739650067673,SSP1,Median,Europe_Non_EU,missing,missing,missing,missing,missing,missing,Sheep & Goat,missing,missing,missing,"median change in
 herd size compared
 to reference scenario (%)",Sheep & GoatEurope_Non_EU
1661,0.355344,0.152582,0.190322,0.36707,0.40069,,,,0.4291343686843524,0.36446300014486044,0.14244065598129343,0.21743382662935334,0.2032023037433234,SSP1,Upper CI,Europe_Non_EU,missing,missing,missing,missing,missing,missing,Sheep & Goat,missing,missing,missing,"median change in
 herd size compared
 to reference scenario (%)",Sheep & GoatEurope_Non_EU
1680,0.245667,0.224452,0.229244,0.238164,0.250506,,,,-0.3058328637573263,-0.8938088482771622,0.10619319042796921,0.2341934414150382,0.37492944624081537,SSP1,Lower CI,European Free Trade Association,missing,missing,missing,missing,missing,missing,Beef,missing,missing,missing,"median change in
 herd size compared
 to reference scenario (%)",BeefEuropean Free Trade Association
1681,0.245667,0.224452,0.229244,0.238164,0.250506,,,,-0.10265471203824482,0.09073959675454658,0.17259724656251327,0.294638237447299,0.43354389297485074,SSP1,Median,European Free Trade Association,missing,missing,missing,missing,missing,missing,Beef,missing,missing,missing,"median change in
 herd size compared
 to reference scenario (%)",BeefEuropean Free Trade Association
1682,0.245667,0.224452,0.229244,0.238164,0.250506,,,,0.026421693904900678,0.5758257396503419,0.22900883052765608,0.3482382169813223,0.47865309701047465,SSP1,Upper CI,European Free Trade Association,missing,missing,missing,missing,missing,missing,Beef,missing,missing,missing,"median change in
 herd size compared
 to reference scenario (%)",BeefEuropean Free Trade Association
1701,5.92978,5.60801,5.81751,5.75211,6.03752,,,,-0.18090888952118753,-0.3148691830344708,-0.2333716061411752,-0.2240568770318627,-0.22542636761437637,SSP1,Lower CI,European Free Trade Association,missing,missing,missing,missing,missing,missing,Dairy,missing,missing,missing,"median change in
 herd size compared
 to reference scenario (%)",DairyEuropean Free Trade Association
1702,5.92978,5.60801,5.81751,5.75211,6.03752,,,,-0.1684587688923332,-0.1957966415176597,-0.21445781890887605,-0.2079315811193521,-0.21511880411689202,SSP1,Median,European Free Trade Association,missing,missing,missing,missing,missing,missing,Dairy,missing,missing,missing,"median change in
 herd size compared
 to reference scenario (%)",DairyEuropean Free Trade Association
1703,5.92978,5.60801,5.81751,5.75211,6.03752,,,,-0.14180273679214564,-0.11266560049113185,-0.19997806089623904,-0.19760403792579753,-0.2054347157091865,SSP1,Upper CI,European Free Trade Association,missing,missing,missing,missing,missing,missing,Dairy,missing,missing,missing,"median change in
 herd size compared
 to reference scenario (%)",DairyEuropean Free Trade Association
1722,0.360921,0.354884,0.381198,0.380141,0.401304,,,,-0.3594851403237053,-0.4588178761603452,-0.4289808403168182,-0.4295785556204144,-0.4423599188126558,SSP1,Lower CI,European Free Trade Association,missing,missing,missing,missing,missing,missing,Pork,missing,missing,missing,"median change in
 herd size compared
 to reference scenario (%)",PorkEuropean Free Trade Association
1723,0.360921,0.354884,0.381198,0.380141,0.401304,,,,-0.20382384368002884,-0.2979073662561458,-0.3744002563768778,-0.3715954401328132,-0.40662008996172516,SSP1,Median,European Free Trade Association,missing,missing,missing,missing,missing,missing,Pork,missing,missing,missing,"median change in
 herd size compared
 to reference scenario (%)",PorkEuropean Free Trade Association
1724,0.360921,0.354884,0.381198,0.380141,0.401304,,,,-0.105385659445496,-0.027489986995925808,-0.30446385063190656,-0.3182246055716272,-0.3463668482606489,SSP1,Upper CI,European Free Trade Association,missing,missing,missing,missing,missing,missing,Pork,missing,missing,missing,"median change in
 herd size compared
 to reference scenario (%)",PorkEuropean Free Trade Association
1743,0.147811,0.216798,0.272119,0.323528,0.339994,,,,-1.4209750995375017,-0.8483480067882729,-0.7157402734154151,-0.6770316017782232,-0.6556293316092858,SSP1,Lower CI,European Free Trade Association,missing,missing,missing,missing,missing,missing,Poultry,missing,missing,missing,"median change in
 herd size compared
 to reference scenario (%)",PoultryEuropean Free Trade Association
1744,0.147811,0.216798,0.272119,0.323528,0.339994,,,,-0.74148133975851,-0.39351798137954425,-0.45040132031268965,-0.3275897722835675,-0.34881273629823617,SSP1,Median,European Free Trade Association,missing,missing,missing,missing,missing,missing,Poultry,missing,missing,missing,"median change in
 herd size compared
 to reference scenario (%)",PoultryEuropean Free Trade Association
1745,0.147811,0.216798,0.272119,0.323528,0.339994,,,,-0.38713898790957413,0.46112950271956693,0.09282019545081477,0.17571442996575276,0.14308488153750426,SSP1,Upper CI,European Free Trade Association,missing,missing,missing,missing,missing,missing,Poultry,missing,missing,missing,"median change in
 herd size compared
 to reference scenario (%)",PoultryEuropean Free Trade Association
1764,0.0387886,0.0405097,0.0393143,0.0426288,0.0452322,,,,-0.48251969627138835,-0.7135867368895242,-0.7302066072343375,-0.7555200862621796,-0.814252160175111,SSP1,Lower CI,European Free Trade Association,missing,missing,missing,missing,missing,missing,Sheep & Goat,missing,missing,missing,"median change in
 herd size compared
 to reference scenario (%)",Sheep & GoatEuropean Free Trade Association
1765,0.0387886,0.0405097,0.0393143,0.0426288,0.0452322,,,,-0.40610561400250006,-0.5221115441990286,-0.6139720819548409,-0.6774374604798492,-0.7518220844471923,SSP1,Median,European Free Trade Association,missing,missing,missing,missing,missing,missing,Sheep & Goat,missing,missing,missing,"median change in
 herd size compared
 to reference scenario (%)",Sheep & GoatEuropean Free Trade Association
1766,0.0387886,0.0405097,0.0393143,0.0426288,0.0452322,,,,-0.3644680829126855,-0.47771350161730547,-0.5697550547126259,-0.6344298402410891,-0.7042409142312075,SSP1,Upper CI,European Free Trade Association,missing,missing,missing,missing,missing,missing,Sheep & Goat,missing,missing,missing,"median change in
 herd size compared
 to reference scenario (%)",Sheep & GoatEuropean Free Trade Association
1785,2.12227,2.34712,2.61283,2.64644,2.57433,,,,1.4266048146812467,3.1436338673698394,4.884978837711208,6.01956553893991,7.613463939608034,SSP1,Lower CI,India,missing,missing,missing,missing,missing,missing,Beef,missing,missing,missing,"median change in
 herd size compared
 to reference scenario (%)",BeefIndia
1786,2.12227,2.34712,2.61283,2.64644,2.57433,,,,2.0689044631541993,3.887254107147502,5.2545673037357625,6.488107612597198,8.124755194668463,SSP1,Median,India,missing,missing,missing,missing,missing,missing,Beef,missing,missing,missing,"median change in
 herd size compared
 to reference scenario (%)",BeefIndia
1787,2.12227,2.34712,2.61283,2.64644,2.57433,,,,2.217071407118204,4.951578075600919,5.662184958315948,6.826548393554161,8.49078694478726,SSP1,Upper CI,India,missing,missing,missing,missing,missing,missing,Beef,missing,missing,missing,"median change in
 herd size compared
 to reference scenario (%)",BeefIndia
1806,52.8666,96.5264,122.378,156.349,170.066,,,,1.593207860580539,1.638945284143171,1.7372174399458944,1.843364904086307,1.9678944377920422,SSP1,Lower CI,India,missing,missing,missing,missing,missing,missing,Dairy,missing,missing,missing,"median change in
 herd size compared
 to reference scenario (%)",DairyIndia
1807,52.8666,96.5264,122.378,156.349,170.066,,,,1.6297241757312055,1.6844932500333165,1.7689032790021648,1.8639787092475877,1.9741420993180843,SSP1,Median,India,missing,missing,missing,missing,missing,missing,Dairy,missing,missing,missing,"median change in
 herd size compared
 to reference scenario (%)",DairyIndia
1808,52.8666,96.5264,122.378,156.349,170.066,,,,1.6837333232588636,1.7600723573553128,1.7989824586857226,1.8866741421692308,1.9857292233805979,SSP1,Upper CI,India,missing,missing,missing,missing,missing,missing,Dairy,missing,missing,missing,"median change in
 herd size compared
 to reference scenario (%)",DairyIndia
1827,0.4123,0.425915,0.3703,0.362793,0.407036,,,,0.41873215727141366,0.25570241012027295,0.40807086211886573,0.43334617256168473,0.4022801566675377,SSP1,Lower CI,India,missing,missing,missing,missing,missing,missing,Pork,missing,missing,missing,"median change in
 herd size compared
 to reference scenario (%)",PorkIndia
1828,0.4123,0.425915,0.3703,0.362793,0.407036,,,,0.5044753843899086,0.5030629488123687,0.4724239548206292,0.4667380758004199,0.40791452834205544,SSP1,Median,India,missing,missing,missing,missing,missing,missing,Pork,missing,missing,missing,"median change in
 herd size compared
 to reference scenario (%)",PorkIndia
1829,0.4123,0.425915,0.3703,0.362793,0.407036,,,,0.6260428936441477,0.7323802391269206,0.5299349238019663,0.5363934228221793,0.469337630456774,SSP1,Upper CI,India,missing,missing,missing,missing,missing,missing,Pork,missing,missing,missing,"median change in
 herd size compared
 to reference scenario (%)",PorkIndia
1848,1.58016,4.09263,5.7035,7.70207,8.63436,,,,-0.5098165400030444,-0.5245782731416618,-0.5592903304395673,-0.6026963176027529,-0.6466623412357018,SSP1,Lower CI,India,missing,missing,missing,missing,missing,missing,Poultry,missing,missing,missing,"median change in
 herd size compared
 to reference scenario (%)",PoultryIndia
1849,1.58016,4.09263,5.7035,7.70207,8.63436,,,,-0.26482112007696906,-0.2981694894834932,-0.4507716182174266,-0.48051144268784873,-0.556253031320063,SSP1,Median,India,missing,missing,missing,missing,missing,missing,Poultry,missing,missing,missing,"median change in
 herd size compared
 to reference scenario (%)",PoultryIndia
1850,1.58016,4.09263,5.7035,7.70207,8.63436,,,,-0.09464505006112736,-0.09129040554083823,-0.2710510883100159,-0.2906203139956908,-0.3276386291343557,SSP1,Upper CI,India,missing,missing,missing,missing,missing,missing,Poultry,missing,missing,missing,"median change in
 herd size compared
 to reference scenario (%)",PoultryIndia
1869,0.6116,0.749275,0.773376,0.815233,0.924108,,,,0.08178744570546552,-0.16340416058091814,-0.051529010672434074,-0.07816450073168228,-0.15369917687204648,SSP1,Lower CI,India,missing,missing,missing,missing,missing,missing,Sheep & Goat,missing,missing,missing,"median change in
 herd size compared
 to reference scenario (%)",Sheep & GoatIndia
1870,0.6116,0.749275,0.773376,0.815233,0.924108,,,,0.21392505244564286,0.14267316329841034,0.023082247529984844,-0.0027136057478591154,-0.07993697489014576,SSP1,Median,India,missing,missing,missing,missing,missing,missing,Sheep & Goat,missing,missing,missing,"median change in
 herd size compared
 to reference scenario (%)",Sheep & GoatIndia
1871,0.6116,0.749275,0.773376,0.815233,0.924108,,,,0.28002042144533973,0.40786319968702867,0.1437567628645962,0.1243963023618699,0.03187982493837549,SSP1,Upper CI,India,missing,missing,missing,missing,missing,missing,Sheep & Goat,missing,missing,missing,"median change in
 herd size compared
 to reference scenario (%)",Sheep & GoatIndia
1890,0.30618,0.423176,0.61872,1.46698,1.68159,,,,-1.1828486197760923,-10.814523249759334,-2.031468159187934,-1.3541816571146879,-1.3607447574473164,SSP1,Lower CI,Indonesia,missing,missing,missing,missing,missing,missing,Beef,missing,missing,missing,"median change in
 herd size compared
 to reference scenario (%)",BeefIndonesia
1891,0.30618,0.423176,0.61872,1.46698,1.68159,,,,-1.1021227816543604,-1.0575271665851929,-1.2687056771126652,-1.3234736351505902,-1.3281862043723147,SSP1,Median,Indonesia,missing,missing,missing,missing,missing,missing,Beef,missing,missing,missing,"median change in
 herd size compared
 to reference scenario (%)",BeefIndonesia
1892,0.30618,0.423176,0.61872,1.46698,1.68159,,,,-1.0449264649172327,25.768013987976992,1.116063979461143,-1.042727236723686,-1.1492784287457956,SSP1,Upper CI,Indonesia,missing,missing,missing,missing,missing,missing,Beef,missing,missing,missing,"median change in
 herd size compared
 to reference scenario (%)",BeefIndonesia
1911,0.69335,1.09931,1.44425,1.4586,1.64663,,,,-1.4004148274323491,-2.8967529264507403,-1.8864729946252856,-1.2976203420787025,-1.4322249273319052,SSP1,Lower CI,Indonesia,missing,missing,missing,missing,missing,missing,Dairy,missing,missing,missing,"median change in
 herd size compared
 to reference scenario (%)",DairyIndonesia
1912,0.69335,1.09931,1.44425,1.4586,1.64663,,,,-1.310314539010802,-1.1845324434358668,-1.1631044863194333,-1.193501250471929,-1.3209000298303315,SSP1,Median,Indonesia,missing,missing,missing,missing,missing,missing,Dairy,missing,missing,missing,"median change in
 herd size compared
 to reference scenario (%)",DairyIndonesia
1913,0.69335,1.09931,1.44425,1.4586,1.64663,,,,-1.1870114555920421,3.781822149076299,0.8712918911700421,-1.0372817915035886,-1.2866000463489375,SSP1,Upper CI,Indonesia,missing,missing,missing,missing,missing,missing,Dairy,missing,missing,missing,"median change in
 herd size compared
 to reference scenario (%)",DairyIndonesia
1932,0.5313,0.257648,0.224275,0.321684,0.369346,,,,-0.6925003002383082,-0.7124920212384623,-0.6916011418842036,-0.2966172334093013,-0.2689512896089076,SSP1,Lower CI,Indonesia,missing,missing,missing,missing,missing,missing,Pork,missing,missing,missing,"median change in
 herd size compared
 to reference scenario (%)",PorkIndonesia
1933,0.5313,0.257648,0.224275,0.321684,0.369346,,,,-0.2699250061503855,-0.22592703251686844,-0.23051874674355013,-0.20202911747427568,-0.17047914790876753,SSP1,Median,Indonesia,missing,missing,missing,missing,missing,missing,Pork,missing,missing,missing,"median change in
 herd size compared
 to reference scenario (%)",PorkIndonesia
1934,0.5313,0.257648,0.224275,0.321684,0.369346,,,,-0.042160722162344344,1.560697480503051,1.160877915007453,0.0462780739206895,0.03777665986865719,SSP1,Upper CI,Indonesia,missing,missing,missing,missing,missing,missing,Pork,missing,missing,missing,"median change in
 herd size compared
 to reference scenario (%)",PorkIndonesia
1953,1.01026,2.36857,2.98823,4.91244,5.61819,,,,0.09892514652263606,-0.35097124824611875,-0.2747252877838801,-0.015274842502541394,-0.00392336555059649,SSP1,Lower CI,Indonesia,missing,missing,missing,missing,missing,missing,Poultry,missing,missing,missing,"median change in
 herd size compared
 to reference scenario (%)",PoultryIndonesia
1954,1.01026,2.36857,2.98823,4.91244,5.61819,,,,0.11905338548996852,0.06442994681155424,0.00991507019990304,0.004380668338407108,0.0060802192818916875,SSP1,Median,Indonesia,missing,missing,missing,missing,missing,missing,Poultry,missing,missing,missing,"median change in
 herd size compared
 to reference scenario (%)",PoultryIndonesia
1955,1.01026,2.36857,2.98823,4.91244,5.61819,,,,0.13443531008561516,1.206852737097953,0.877188808937861,0.14234496584883383,0.11208726646004946,SSP1,Upper CI,Indonesia,missing,missing,missing,missing,missing,missing,Poultry,missing,missing,missing,"median change in
 herd size compared
 to reference scenario (%)",PoultryIndonesia
1974,0.095144,0.125255,0.123935,0.126132,0.148833,,,,0.10306693676063389,-1.001696108887956,0.14917245707776683,0.18933494633639533,0.19992583736393527,SSP1,Lower CI,Indonesia,missing,missing,missing,missing,missing,missing,Sheep & Goat,missing,missing,missing,"median change in
 herd size compared
 to reference scenario (%)",Sheep & GoatIndonesia
1975,0.095144,0.125255,0.123935,0.126132,0.148833,,,,0.11679030301093597,0.17716290128773068,0.1955813964204617,0.26521112870362656,0.26413700570525145,SSP1,Median,Indonesia,missing,missing,missing,missing,missing,missing,Sheep & Goat,missing,missing,missing,"median change in
 herd size compared
 to reference scenario (%)",Sheep & GoatIndonesia
1976,0.095144,0.125255,0.123935,0.126132,0.148833,,,,0.16017469859735273,0.6516408997898606,0.3214301203659953,0.4532566570274549,0.4253412177392751,SSP1,Upper CI,Indonesia,missing,missing,missing,missing,missing,missing,Sheep & Goat,missing,missing,missing,"median change in
 herd size compared
 to reference scenario (%)",Sheep & GoatIndonesia
1995,0.566812,0.501993,0.514452,0.495294,0.525497,,,,0.38517398027809807,-1.1255600709183549,1.6607352446878507,2.0439980464382685,2.436495268070151,SSP1,Lower CI,Japan,missing,missing,missing,missing,missing,missing,Beef,missing,missing,missing,"median change in
 herd size compared
 to reference scenario (%)",BeefJapan
1996,0.566812,0.501993,0.514452,0.495294,0.525497,,,,0.9383603285255185,1.5642383667206452,1.8166034250130711,2.211465883065878,2.605161415525667,SSP1,Median,Japan,missing,missing,missing,missing,missing,missing,Beef,missing,missing,missing,"median change in
 herd size compared
 to reference scenario (%)",BeefJapan
1997,0.566812,0.501993,0.514452,0.495294,0.525497,,,,1.3820546516655947,2.8389321341128286,2.036791535219156,2.4206457894672058,2.798588025842645,SSP1,Upper CI,Japan,missing,missing,missing,missing,missing,missing,Beef,missing,missing,missing,"median change in
 herd size compared
 to reference scenario (%)",BeefJapan
2016,8.13985,8.23454,7.74599,7.38107,7.85425,,,,0.09358702210861637,-0.015315451287249024,0.10151633752457268,0.1086362603130709,0.08679142327863282,SSP1,Lower CI,Japan,missing,missing,missing,missing,missing,missing,Dairy,missing,missing,missing,"median change in
 herd size compared
 to reference scenario (%)",DairyJapan
2017,8.13985,8.23454,7.74599,7.38107,7.85425,,,,0.12738474864865354,0.149116526141705,0.14936015968349675,0.14079916878411755,0.11118109371620644,SSP1,Median,Japan,missing,missing,missing,missing,missing,missing,Dairy,missing,missing,missing,"median change in
 herd size compared
 to reference scenario (%)",DairyJapan
2018,8.13985,8.23454,7.74599,7.38107,7.85425,,,,0.23482263808930487,0.2638099129873953,0.1545859887343322,0.16072385403362707,0.1361747174634466,SSP1,Upper CI,Japan,missing,missing,missing,missing,missing,missing,Dairy,missing,missing,missing,"median change in
 herd size compared
 to reference scenario (%)",DairyJapan
2037,1.529,1.25566,1.28338,1.27593,1.35637,,,,-1.4615349385193341,-1.792823995908884,-1.7447726202713234,-1.7902208291424964,-1.9132701569606068,SSP1,Lower CI,Japan,missing,missing,missing,missing,missing,missing,Pork,missing,missing,missing,"median change in
 herd size compared
 to reference scenario (%)",PorkJapan
2038,1.529,1.25566,1.28338,1.27593,1.35637,,,,-0.06327293189006758,-0.7546434900538765,-1.2449613868811524,-1.4077561698612053,-1.5138342341021733,SSP1,Median,Japan,missing,missing,missing,missing,missing,missing,Pork,missing,missing,missing,"median change in
 herd size compared
 to reference scenario (%)",PorkJapan
2039,1.529,1.25566,1.28338,1.27593,1.35637,,,,0.5510621004128865,0.4430668717055418,-0.8071450259549448,-0.884852853416539,-1.0389827027079621,SSP1,Upper CI,Japan,missing,missing,missing,missing,missing,missing,Pork,missing,missing,missing,"median change in
 herd size compared
 to reference scenario (%)",PorkJapan
2058,3.8584,3.81215,4.02135,4.70313,4.94094,,,,-0.38818890775494685,0.11160669426333686,0.19871802122382975,0.24450260603839896,0.25245747003732766,SSP1,Lower CI,Japan,missing,missing,missing,missing,missing,missing,Poultry,missing,missing,missing,"median change in
 herd size compared
 to reference scenario (%)",PoultryJapan
2059,3.8584,3.81215,4.02135,4.70313,4.94094,,,,0.05208790578498817,0.44753444296622824,0.48174671586944123,0.526146520591027,0.5274180959005723,SSP1,Median,Japan,missing,missing,missing,missing,missing,missing,Poultry,missing,missing,missing,"median change in
 herd size compared
 to reference scenario (%)",PoultryJapan
2060,3.8584,3.81215,4.02135,4.70313,4.94094,,,,0.5188790884437147,1.0172570172557023,0.8615625700010514,0.929377791525781,0.8995346867981351,SSP1,Upper CI,Japan,missing,missing,missing,missing,missing,missing,Poultry,missing,missing,missing,"median change in
 herd size compared
 to reference scenario (%)",PoultryJapan
2079,0.0003914,0.0001754,0.0002082,0.0002267,0.00026982,,,,-2.3398452962092566,-2.1527280458494173,0.4688380567409405,0.8445207789664495,0.6364930596202374,SSP1,Lower CI,Japan,missing,missing,missing,missing,missing,missing,Sheep & Goat,missing,missing,missing,"median change in
 herd size compared
 to reference scenario (%)",Sheep & GoatJapan
2080,0.0003914,0.0001754,0.0002082,0.0002267,0.00026982,,,,-1.3748161848716505,0.022775664996450926,1.2818245636598524,1.6759166491494848,1.6207542425791837,SSP1,Median,Japan,missing,missing,missing,missing,missing,missing,Sheep & Goat,missing,missing,missing,"median change in
 herd size compared
 to reference scenario (%)",Sheep & GoatJapan
2081,0.0003914,0.0001754,0.0002082,0.0002267,0.00026982,,,,-0.4696218021789381,1.2670548219098923,1.46436254761871,1.9579889938973485,1.8930926974050486,SSP1,Upper CI,Japan,missing,missing,missing,missing,missing,missing,Sheep & Goat,missing,missing,missing,"median change in
 herd size compared
 to reference scenario (%)",Sheep & GoatJapan
2100,1.19672,1.57065,1.78916,2.22069,2.3434,,,,-0.5421024819424088,-0.9943534840480542,-0.5377209716469745,-0.5688079732180504,-0.5996807270923962,SSP1,Lower CI,Mexico,missing,missing,missing,missing,missing,missing,Beef,missing,missing,missing,"median change in
 herd size compared
 to reference scenario (%)",BeefMexico
2101,1.19672,1.57065,1.78916,2.22069,2.3434,,,,-0.3247980759854276,-0.27029457722723427,-0.4720642040313188,-0.5043751246106107,-0.527628127695608,SSP1,Median,Mexico,missing,missing,missing,missing,missing,missing,Beef,missing,missing,missing,"median change in
 herd size compared
 to reference scenario (%)",BeefMexico
2102,1.19672,1.57065,1.78916,2.22069,2.3434,,,,-0.11635229042785947,0.23317996171494115,-0.40336835412726213,-0.4436297793708548,-0.48166240542571004,SSP1,Upper CI,Mexico,missing,missing,missing,missing,missing,missing,Beef,missing,missing,missing,"median change in
 herd size compared
 to reference scenario (%)",BeefMexico
2121,6.53386,10.2016,10.8995,11.5872,12.4201,,,,-0.14016105191712797,-0.24627593458329775,-0.2710935997535466,-0.26980457634194477,-0.2978951746655761,SSP1,Lower CI,Mexico,missing,missing,missing,missing,missing,missing,Dairy,missing,missing,missing,"median change in
 herd size compared
 to reference scenario (%)",DairyMexico
2122,6.53386,10.2016,10.8995,11.5872,12.4201,,,,-0.09787615519273574,-0.17460038050295662,-0.23013245997974993,-0.2530505879296111,-0.2877268862561816,SSP1,Median,Mexico,missing,missing,missing,missing,missing,missing,Dairy,missing,missing,missing,"median change in
 herd size compared
 to reference scenario (%)",DairyMexico
2123,6.53386,10.2016,10.8995,11.5872,12.4201,,,,-0.058915723280087345,0.11706262973563278,-0.19757863608137108,-0.22200888012503267,-0.2615757980775775,SSP1,Upper CI,Mexico,missing,missing,missing,missing,missing,missing,Dairy,missing,missing,missing,"median change in
 herd size compared
 to reference scenario (%)",DairyMexico
2142,0.79538,1.09272,1.20494,1.385,1.4774,,,,-0.8361566558170739,-0.9183420514006871,-1.1876101035310984,-1.2587164500733006,-1.3059035147271159,SSP1,Lower CI,Mexico,missing,missing,missing,missing,missing,missing,Pork,missing,missing,missing,"median change in
 herd size compared
 to reference scenario (%)",PorkMexico
2143,0.79538,1.09272,1.20494,1.385,1.4774,,,,0.07704863326853613,-0.36893289432199244,-0.8885769248118494,-1.0064581924639613,-1.0801415452008087,SSP1,Median,Mexico,missing,missing,missing,missing,missing,missing,Pork,missing,missing,missing,"median change in
 herd size compared
 to reference scenario (%)",PorkMexico
2144,0.79538,1.09272,1.20494,1.385,1.4774,,,,0.5887856999051719,0.8256763376790343,-0.5387849435488634,-0.6216057834340374,-0.6884967488510049,SSP1,Upper CI,Mexico,missing,missing,missing,missing,missing,missing,Pork,missing,missing,missing,"median change in
 herd size compared
 to reference scenario (%)",PorkMexico
2163,1.87872,4.51522,5.11288,5.69786,6.07727,,,,-1.026377047061557,-0.4373603593198759,-0.4287592082768498,-0.3762005983032968,-0.3426559040692081,SSP1,Lower CI,Mexico,missing,missing,missing,missing,missing,missing,Poultry,missing,missing,missing,"median change in
 herd size compared
 to reference scenario (%)",PoultryMexico
2164,1.87872,4.51522,5.11288,5.69786,6.07727,,,,-0.5727952803897585,-0.19514331127846696,-0.21234696817072704,-0.14639012835999018,-0.08829785308848265,SSP1,Median,Mexico,missing,missing,missing,missing,missing,missing,Poultry,missing,missing,missing,"median change in
 herd size compared
 to reference scenario (%)",PoultryMexico
2165,1.87872,4.51522,5.11288,5.69786,6.07727,,,,-0.26149694391484213,0.4235336913930176,0.14512256917544036,0.22095184057435543,0.21922895725155908,SSP1,Upper CI,Mexico,missing,missing,missing,missing,missing,missing,Poultry,missing,missing,missing,"median change in
 herd size compared
 to reference scenario (%)",PoultryMexico
2184,0.0642021,0.0882584,0.100568,0.104318,0.110649,,,,0.001886956404918913,-0.21090256380732147,-0.384443676646409,-0.42055733314852195,-0.4514618095831276,SSP1,Lower CI,Mexico,missing,missing,missing,missing,missing,missing,Sheep & Goat,missing,missing,missing,"median change in
 herd size compared
 to reference scenario (%)",Sheep & GoatMexico
2185,0.0642021,0.0882584,0.100568,0.104318,0.110649,,,,0.048147075336976326,-0.11676131759000453,-0.3178476035902942,-0.384719081680186,-0.4156780287937303,SSP1,Median,Mexico,missing,missing,missing,missing,missing,missing,Sheep & Goat,missing,missing,missing,"median change in
 herd size compared
 to reference scenario (%)",Sheep & GoatMexico
2186,0.0642021,0.0882584,0.100568,0.104318,0.110649,,,,0.06622895202111918,0.09700906805286691,-0.1807803608594488,-0.22511366844537564,-0.2534068311744326,SSP1,Upper CI,Mexico,missing,missing,missing,missing,missing,missing,Sheep & Goat,missing,missing,missing,"median change in
 herd size compared
 to reference scenario (%)",Sheep & GoatMexico
2205,0.42101,0.743196,1.06685,1.10097,1.21122,,,,-0.33839750717439876,-1.1490173676541027,0.9314701449705803,1.2988608373153119,1.6768332854467976,SSP1,Lower CI,Middle East,missing,missing,missing,missing,missing,missing,Beef,missing,missing,missing,"median change in
 herd size compared
 to reference scenario (%)",BeefMiddle East
2206,0.42101,0.743196,1.06685,1.10097,1.21122,,,,0.21622176785620362,0.7775644909574466,1.0409688529446526,1.3340371481595727,1.7469281803806123,SSP1,Median,Middle East,missing,missing,missing,missing,missing,missing,Beef,missing,missing,missing,"median change in
 herd size compared
 to reference scenario (%)",BeefMiddle East
2207,0.42101,0.743196,1.06685,1.10097,1.21122,,,,0.46360756151970295,2.33360632834734,1.2282186441226401,1.5137593857544054,1.9147073198006135,SSP1,Upper CI,Middle East,missing,missing,missing,missing,missing,missing,Beef,missing,missing,missing,"median change in
 herd size compared
 to reference scenario (%)",BeefMiddle East
2226,7.64427,13.5097,14.7255,15.5636,17.1314,,,,2.829335247741652,2.863345174363494,3.1416319655411824,3.2812892717156545,3.4466267032171847,SSP1,Lower CI,Middle East,missing,missing,missing,missing,missing,missing,Dairy,missing,missing,missing,"median change in
 herd size compared
 to reference scenario (%)",DairyMiddle East
2227,7.64427,13.5097,14.7255,15.5636,17.1314,,,,2.9365718047685223,3.120409114590673,3.203723973564813,3.3106472141381373,3.468184625781807,SSP1,Median,Middle East,missing,missing,missing,missing,missing,missing,Dairy,missing,missing,missing,"median change in
 herd size compared
 to reference scenario (%)",DairyMiddle East
2228,7.64427,13.5097,14.7255,15.5636,17.1314,,,,2.9653397262204577,3.736183840589038,3.2207466221271828,3.322557060956119,3.4838487784481758,SSP1,Upper CI,Middle East,missing,missing,missing,missing,missing,missing,Dairy,missing,missing,missing,"median change in
 herd size compared
 to reference scenario (%)",DairyMiddle East
2247,0.014215,0.020345,0.0211883,0.0180962,0.0197802,,,,-2.2435040799777557,-1.9135742803546574,-1.2135341417190282,-1.129741079487465,-1.1289632007220747,SSP1,Lower CI,Middle East,missing,missing,missing,missing,missing,missing,Pork,missing,missing,missing,"median change in
 herd size compared
 to reference scenario (%)",PorkMiddle East
2248,0.014215,0.020345,0.0211883,0.0180962,0.0197802,,,,0.08857395925597579,-0.3057192399550696,-0.632229429352282,-0.6815087266361356,-0.6947452127546276,SSP1,Median,Middle East,missing,missing,missing,missing,missing,missing,Pork,missing,missing,missing,"median change in
 herd size compared
 to reference scenario (%)",PorkMiddle East
2249,0.014215,0.020345,0.0211883,0.0180962,0.0197802,,,,1.1119111755864748,5.1582938680759645,0.1326899723398346,0.029774491340209375,0.08337940958772039,SSP1,Upper CI,Middle East,missing,missing,missing,missing,missing,missing,Pork,missing,missing,missing,"median change in
 herd size compared
 to reference scenario (%)",PorkMiddle East
2268,2.07911,4.3145,5.13543,5.73214,6.3821,,,,-1.633469209307334,-1.1853526847750917,-0.31893904142193036,-0.19367562654672937,-0.10883289744661084,SSP1,Lower CI,Middle East,missing,missing,missing,missing,missing,missing,Poultry,missing,missing,missing,"median change in
 herd size compared
 to reference scenario (%)",PoultryMiddle East
2269,2.07911,4.3145,5.13543,5.73214,6.3821,,,,-1.034699771343321,-0.06018864870269282,0.11937098027608328,0.1906898931173312,0.3165550246027217,SSP1,Median,Middle East,missing,missing,missing,missing,missing,missing,Poultry,missing,missing,missing,"median change in
 herd size compared
 to reference scenario (%)",PoultryMiddle East
2270,2.07911,4.3145,5.13543,5.73214,6.3821,,,,-0.10085211699087615,3.296477730668933,0.9185930478826758,0.9288749128123917,0.9639212594324378,SSP1,Upper CI,Middle East,missing,missing,missing,missing,missing,missing,Poultry,missing,missing,missing,"median change in
 herd size compared
 to reference scenario (%)",PoultryMiddle East
2289,0.711669,0.957671,1.12471,1.20653,1.37214,,,,-0.24760386269557239,-0.5622797975104716,-0.46536302816553315,-0.43473193932405596,-0.4453339753213903,SSP1,Lower CI,Middle East,missing,missing,missing,missing,missing,missing,Sheep & Goat,missing,missing,missing,"median change in
 herd size compared
 to reference scenario (%)",Sheep & GoatMiddle East
2290,0.711669,0.957671,1.12471,1.20653,1.37214,,,,-0.15002914965652125,-0.23346421062317568,-0.320408046332477,-0.32756084807791747,-0.3436625270718802,SSP1,Median,Middle East,missing,missing,missing,missing,missing,missing,Sheep & Goat,missing,missing,missing,"median change in
 herd size compared
 to reference scenario (%)",Sheep & GoatMiddle East
2291,0.711669,0.957671,1.12471,1.20653,1.37214,,,,-0.04427515940246933,-0.04354033131939167,-0.2935241984688582,-0.25763645059147955,-0.2726202654827221,SSP1,Upper CI,Middle East,missing,missing,missing,missing,missing,missing,Sheep & Goat,missing,missing,missing,"median change in
 herd size compared
 to reference scenario (%)",Sheep & GoatMiddle East
2310,0.6656,1.116,1.81316,2.32107,2.65397,,,,0.4208879247082004,0.30018663954560404,0.4400090401568486,0.5039298015144777,0.5536312896385653,SSP1,Lower CI,Pakistan,missing,missing,missing,missing,missing,missing,Beef,missing,missing,missing,"median change in
 herd size compared
 to reference scenario (%)",BeefPakistan
2311,0.6656,1.116,1.81316,2.32107,2.65397,,,,0.48671326188749214,0.46354406501631157,0.4753181583811389,0.5292983405759302,0.5808596210042933,SSP1,Median,Pakistan,missing,missing,missing,missing,missing,missing,Beef,missing,missing,missing,"median change in
 herd size compared
 to reference scenario (%)",BeefPakistan
2312,0.6656,1.116,1.81316,2.32107,2.65397,,,,0.5353848127245753,0.559076515653282,0.5412901239727043,0.6034898410578562,0.6519437682896572,SSP1,Upper CI,Pakistan,missing,missing,missing,missing,missing,missing,Beef,missing,missing,missing,"median change in
 herd size compared
 to reference scenario (%)",BeefPakistan
2331,14.7612,29.8612,35.5254,50.6196,57.133,,,,0.1437380593303424,0.10646903364575167,0.12635721132112304,0.15523301951245114,0.1534202860841333,SSP1,Lower CI,Pakistan,missing,missing,missing,missing,missing,missing,Dairy,missing,missing,missing,"median change in
 herd size compared
 to reference scenario (%)",DairyPakistan
2332,14.7612,29.8612,35.5254,50.6196,57.133,,,,0.16328194372297794,0.14663501814377108,0.15177180428982492,0.16062093443411593,0.16376241685501552,SSP1,Median,Pakistan,missing,missing,missing,missing,missing,missing,Dairy,missing,missing,missing,"median change in
 herd size compared
 to reference scenario (%)",DairyPakistan
2333,14.7612,29.8612,35.5254,50.6196,57.133,,,,0.18027816658236118,0.1677110553436168,0.17029926425219,0.1849116072492951,0.18711057632033265,SSP1,Upper CI,Pakistan,missing,missing,missing,missing,missing,missing,Dairy,missing,missing,missing,"median change in
 herd size compared
 to reference scenario (%)",DairyPakistan
2352,0.0,0.0,0.0,0.0,0.0,,,,,,,,,SSP1,Lower CI,Pakistan,missing,missing,missing,missing,missing,missing,Pork,missing,missing,missing,"median change in
 herd size compared
 to reference scenario (%)",PorkPakistan
2353,0.0,0.0,0.0,0.0,0.0,,,,,,,,,SSP1,Median,Pakistan,missing,missing,missing,missing,missing,missing,Pork,missing,missing,missing,"median change in
 herd size compared
 to reference scenario (%)",PorkPakistan
2354,0.0,0.0,0.0,0.0,0.0,,,,,,,,,SSP1,Upper CI,Pakistan,missing,missing,missing,missing,missing,missing,Pork,missing,missing,missing,"median change in
 herd size compared
 to reference scenario (%)",PorkPakistan
2373,0.381148,0.870409,1.30783,2.01745,2.29287,,,,0.9001773894910625,0.8594732002690719,0.8694177348527597,0.9283817345587533,0.9612291799298717,SSP1,Lower CI,Pakistan,missing,missing,missing,missing,missing,missing,Poultry,missing,missing,missing,"median change in
 herd size compared
 to reference scenario (%)",PoultryPakistan
2374,0.381148,0.870409,1.30783,2.01745,2.29287,,,,1.01199074002025,0.945245051547778,0.9216827172414244,0.9814594529760597,1.0128887472951165,SSP1,Median,Pakistan,missing,missing,missing,missing,missing,missing,Poultry,missing,missing,missing,"median change in
 herd size compared
 to reference scenario (%)",PoultryPakistan
2375,0.381148,0.870409,1.30783,2.01745,2.29287,,,,1.0449765941171163,1.1045474533352935,1.0900090568617886,1.1597942769256786,1.1891138584636827,SSP1,Upper CI,Pakistan,missing,missing,missing,missing,missing,missing,Poultry,missing,missing,missing,"median change in
 herd size compared
 to reference scenario (%)",PoultryPakistan
2394,0.487,0.4724,0.460887,0.616274,0.696651,,,,0.8405687474754792,0.5182999229037972,0.5145368184523917,0.4991711030199032,0.4859595460099158,SSP1,Lower CI,Pakistan,missing,missing,missing,missing,missing,missing,Sheep & Goat,missing,missing,missing,"median change in
 herd size compared
 to reference scenario (%)",Sheep & GoatPakistan
2395,0.487,0.4724,0.460887,0.616274,0.696651,,,,0.9052486983935661,0.6987303794320588,0.6262604307675498,0.6083541562953507,0.5943593664548823,SSP1,Median,Pakistan,missing,missing,missing,missing,missing,missing,Sheep & Goat,missing,missing,missing,"median change in
 herd size compared
 to reference scenario (%)",Sheep & GoatPakistan
2396,0.487,0.4724,0.460887,0.616274,0.696651,,,,0.9393450322987867,0.9849146231175858,0.9152948601654698,0.9062392711749273,0.8758124265859055,SSP1,Upper CI,Pakistan,missing,missing,missing,missing,missing,missing,Sheep & Goat,missing,missing,missing,"median change in
 herd size compared
 to reference scenario (%)",Sheep & GoatPakistan
2415,4.07905,1.83722,1.71206,1.6476,1.72423,,,,-0.2806706506088006,-1.2742854996303974,0.2817647880670279,0.466656109576294,0.6636397613459142,SSP1,Lower CI,Russia,missing,missing,missing,missing,missing,missing,Beef,missing,missing,missing,"median change in
 herd size compared
 to reference scenario (%)",BeefRussia
2416,4.07905,1.83722,1.71206,1.6476,1.72423,,,,0.023607546881574813,0.21508511147007064,0.3078672983407892,0.48534007989274774,0.693808122650017,SSP1,Median,Russia,missing,missing,missing,missing,missing,missing,Beef,missing,missing,missing,"median change in
 herd size compared
 to reference scenario (%)",BeefRussia
2417,4.07905,1.83722,1.71206,1.6476,1.72423,,,,0.07966925144571652,0.7769684477018615,0.43937522262275513,0.6143750578479743,0.8035874119689275,SSP1,Upper CI,Russia,missing,missing,missing,missing,missing,missing,Beef,missing,missing,missing,"median change in
 herd size compared
 to reference scenario (%)",BeefRussia
2436,53.3184,32.061,32.0307,30.4121,31.3654,,,,-0.11218423237806141,-0.15684555207810802,-0.13519356378195999,-0.1316907565291638,-0.14163941025962512,SSP1,Lower CI,Russia,missing,missing,missing,missing,missing,missing,Dairy,missing,missing,missing,"median change in
 herd size compared
 to reference scenario (%)",DairyRussia
2437,53.3184,32.061,32.0307,30.4121,31.3654,,,,-0.09567938351281008,-0.10451272041940056,-0.1138927946440277,-0.12115844658524481,-0.13453698632612762,SSP1,Median,Russia,missing,missing,missing,missing,missing,missing,Dairy,missing,missing,missing,"median change in
 herd size compared
 to reference scenario (%)",DairyRussia
2438,53.3184,32.061,32.0307,30.4121,31.3654,,,,-0.08106577133874537,-0.0733434636544642,-0.10416513193728508,-0.10891056152268408,-0.1271059826238483,SSP1,Upper CI,Russia,missing,missing,missing,missing,missing,missing,Dairy,missing,missing,missing,"median change in
 herd size compared
 to reference scenario (%)",DairyRussia
2457,3.43758,1.72528,2.33985,3.24474,3.41379,,,,-0.7846742823569989,-0.8634078023364568,-0.7697566051630194,-0.7655634437884963,-0.7902005000172296,SSP1,Lower CI,Russia,missing,missing,missing,missing,missing,missing,Pork,missing,missing,missing,"median change in
 herd size compared
 to reference scenario (%)",PorkRussia
2458,3.43758,1.72528,2.33985,3.24474,3.41379,,,,-0.39756787133056254,-0.5520994784017963,-0.6477428603153673,-0.6764030344962139,-0.7180074026240773,SSP1,Median,Russia,missing,missing,missing,missing,missing,missing,Pork,missing,missing,missing,"median change in
 herd size compared
 to reference scenario (%)",PorkRussia
2459,3.43758,1.72528,2.33985,3.24474,3.41379,,,,-0.22842087604347394,-0.2454920960996928,-0.5262542414185107,-0.5483908632934792,-0.5892992252418405,SSP1,Upper CI,Russia,missing,missing,missing,missing,missing,missing,Pork,missing,missing,missing,"median change in
 herd size compared
 to reference scenario (%)",PorkRussia
2478,4.69007,3.44887,4.89659,6.45459,6.78352,,,,-0.44955913816175885,-0.2815056300090538,-0.2176709512132927,-0.1860626357637729,-0.17933215259483207,SSP1,Lower CI,Russia,missing,missing,missing,missing,missing,missing,Poultry,missing,missing,missing,"median change in
 herd size compared
 to reference scenario (%)",PoultryRussia
2479,4.69007,3.44887,4.89659,6.45459,6.78352,,,,-0.22202345794584247,-0.17547543507309948,-0.14726104790777828,-0.10377647922973689,-0.10150496095077488,SSP1,Median,Russia,missing,missing,missing,missing,missing,missing,Poultry,missing,missing,missing,"median change in
 herd size compared
 to reference scenario (%)",PoultryRussia
2480,4.69007,3.44887,4.89659,6.45459,6.78352,,,,-0.12422290076693535,-0.0483584389141946,-0.003948537512620032,0.01793900474532402,0.008093389610604601,SSP1,Upper CI,Russia,missing,missing,missing,missing,missing,missing,Poultry,missing,missing,missing,"median change in
 herd size compared
 to reference scenario (%)",PoultryRussia
2499,0.354556,0.151075,0.187962,0.212946,0.223149,,,,-0.04719351691653437,0.02814094204083817,0.044118371169231785,-0.00628918697895825,-0.06484148867505057,SSP1,Lower CI,Russia,missing,missing,missing,missing,missing,missing,Sheep & Goat,missing,missing,missing,"median change in
 herd size compared
 to reference scenario (%)",Sheep & GoatRussia
2500,0.354556,0.151075,0.187962,0.212946,0.223149,,,,0.10832819860387605,0.2312759142015159,0.19228317202456027,0.12904554687393646,0.06805729004221493,SSP1,Median,Russia,missing,missing,missing,missing,missing,missing,Sheep & Goat,missing,missing,missing,"median change in
 herd size compared
 to reference scenario (%)",Sheep & GoatRussia
2501,0.354556,0.151075,0.187962,0.212946,0.223149,,,,0.2284774411107718,0.5048794630367506,0.47103912506177104,0.44732541836659867,0.38875639187888883,SSP1,Upper CI,Russia,missing,missing,missing,missing,missing,missing,Sheep & Goat,missing,missing,missing,"median change in
 herd size compared
 to reference scenario (%)",Sheep & GoatRussia
2520,0.6195,0.745,0.865321,1.05113,1.16081,,,,0.4351953874403386,0.07246473549552118,0.41457165290408143,0.4116788174183445,0.4158925264766758,SSP1,Lower CI,South Africa,missing,missing,missing,missing,missing,missing,Beef,missing,missing,missing,"median change in
 herd size compared
 to reference scenario (%)",BeefSouth Africa
2521,0.6195,0.745,0.865321,1.05113,1.16081,,,,0.498180190355178,0.4869515289688789,0.4395046854640619,0.43939902767273514,0.4298187238066292,SSP1,Median,South Africa,missing,missing,missing,missing,missing,missing,Beef,missing,missing,missing,"median change in
 herd size compared
 to reference scenario (%)",BeefSouth Africa
2522,0.6195,0.745,0.865321,1.05113,1.16081,,,,0.583105571601718,0.6981386437661401,0.47485974931614877,0.4602623939713731,0.4577563881149989,SSP1,Upper CI,South Africa,missing,missing,missing,missing,missing,missing,Beef,missing,missing,missing,"median change in
 herd size compared
 to reference scenario (%)",BeefSouth Africa
2541,2.4772,2.8426,3.0966,3.46547,3.78968,,,,-0.18606920960141735,-0.4501256262730393,-0.28780254049209114,-0.27875406869105435,-0.29477204332328477,SSP1,Lower CI,South Africa,missing,missing,missing,missing,missing,missing,Dairy,missing,missing,missing,"median change in
 herd size compared
 to reference scenario (%)",DairySouth Africa
2542,2.4772,2.8426,3.0966,3.46547,3.78968,,,,-0.1569282993985537,-0.232083854770523,-0.2610581143097502,-0.2578807467285897,-0.28860961103086413,SSP1,Median,South Africa,missing,missing,missing,missing,missing,missing,Dairy,missing,missing,missing,"median change in
 herd size compared
 to reference scenario (%)",DairySouth Africa
2543,2.4772,2.8426,3.0966,3.46547,3.78968,,,,-0.09682317047810293,-0.040837759753892006,-0.21983881497142227,-0.2353372517741524,-0.26651671272493604,SSP1,Upper CI,South Africa,missing,missing,missing,missing,missing,missing,Dairy,missing,missing,missing,"median change in
 herd size compared
 to reference scenario (%)",DairySouth Africa
2562,0.12484,0.16652,0.195455,0.233932,0.257039,,,,1.588735509389524,1.3543681347380354,1.4603040588502907,1.3707527959464085,1.2746031215531808,SSP1,Lower CI,South Africa,missing,missing,missing,missing,missing,missing,Pork,missing,missing,missing,"median change in
 herd size compared
 to reference scenario (%)",PorkSouth Africa
2563,0.12484,0.16652,0.195455,0.233932,0.257039,,,,2.0397718986129063,1.7677622403397093,1.6126328577099773,1.438906581612501,1.3249879952092714,SSP1,Median,South Africa,missing,missing,missing,missing,missing,missing,Pork,missing,missing,missing,"median change in
 herd size compared
 to reference scenario (%)",PorkSouth Africa
2564,0.12484,0.16652,0.195455,0.233932,0.257039,,,,2.3141085012330036,2.648958248154456,1.7317219148167489,1.542590672441878,1.421125429736691,SSP1,Upper CI,South Africa,missing,missing,missing,missing,missing,missing,Pork,missing,missing,missing,"median change in
 herd size compared
 to reference scenario (%)",PorkSouth Africa
2583,0.674932,1.3565,1.87536,2.1846,2.4115,,,,-0.9403426419537,-0.44462001776629106,-0.2956753006228542,-0.2609974133444644,-0.251120131019902,SSP1,Lower CI,South Africa,missing,missing,missing,missing,missing,missing,Poultry,missing,missing,missing,"median change in
 herd size compared
 to reference scenario (%)",PoultrySouth Africa
2584,0.674932,1.3565,1.87536,2.1846,2.4115,,,,-0.3620827330766942,-0.11260462144142863,-0.024158339972315403,0.047305553128483877,0.045083403043312126,SSP1,Median,South Africa,missing,missing,missing,missing,missing,missing,Poultry,missing,missing,missing,"median change in
 herd size compared
 to reference scenario (%)",PoultrySouth Africa
2585,0.674932,1.3565,1.87536,2.1846,2.4115,,,,-0.08908588026921166,0.6630907163739419,0.4218557028843207,0.48021537759151395,0.4446360247847709,SSP1,Upper CI,South Africa,missing,missing,missing,missing,missing,missing,Poultry,missing,missing,missing,"median change in
 herd size compared
 to reference scenario (%)",PoultrySouth Africa
2604,0.174164,0.150286,0.187404,0.195481,0.215126,,,,1.867090382562189,1.3921588968860832,1.3802924023611909,1.218437018714584,1.0885614050972658,SSP1,Lower CI,South Africa,missing,missing,missing,missing,missing,missing,Sheep & Goat,missing,missing,missing,"median change in
 herd size compared
 to reference scenario (%)",Sheep & GoatSouth Africa
2605,0.174164,0.150286,0.187404,0.195481,0.215126,,,,1.9450118615854401,1.653462075700162,1.4199232799865316,1.2459502571349954,1.125290108841169,SSP1,Median,South Africa,missing,missing,missing,missing,missing,missing,Sheep & Goat,missing,missing,missing,"median change in
 herd size compared
 to reference scenario (%)",Sheep & GoatSouth Africa
2606,0.174164,0.150286,0.187404,0.195481,0.215126,,,,2.0442182813574834,1.8112519913702128,1.4771057003968213,1.3035093773542659,1.1734382756645436,SSP1,Upper CI,South Africa,missing,missing,missing,missing,missing,missing,Sheep & Goat,missing,missing,missing,"median change in
 herd size compared
 to reference scenario (%)",Sheep & GoatSouth Africa
2625,0.350792,0.450044,0.627859,0.574458,0.61189,,,,-0.4306779198633828,-2.1849420192432847,-0.039915701392834735,0.15042683229028825,0.30363988878865217,SSP1,Lower CI,South America_Northern,missing,missing,missing,missing,missing,missing,Beef,missing,missing,missing,"median change in
 herd size compared
 to reference scenario (%)",BeefSouth America_Northern
2626,0.350792,0.450044,0.627859,0.574458,0.61189,,,,-0.2566199717053674,-0.02119058420010643,0.09013073735571088,0.2110860561140159,0.36570908253174694,SSP1,Median,South America_Northern,missing,missing,missing,missing,missing,missing,Beef,missing,missing,missing,"median change in
 herd size compared
 to reference scenario (%)",BeefSouth America_Northern
2627,0.350792,0.450044,0.627859,0.574458,0.61189,,,,-0.08240383586252367,7.994239448798438,0.9453030959263087,0.2926675722599906,0.4330208269654085,SSP1,Upper CI,South America_Northern,missing,missing,missing,missing,missing,missing,Beef,missing,missing,missing,"median change in
 herd size compared
 to reference scenario (%)",BeefSouth America_Northern
2646,1.64556,1.44141,2.35894,2.20718,2.39088,,,,-0.1511413040807923,-0.6110171711896613,-0.33284980307244155,-0.31216102819605746,-0.39285430491713025,SSP1,Lower CI,South America_Northern,missing,missing,missing,missing,missing,missing,Dairy,missing,missing,missing,"median change in
 herd size compared
 to reference scenario (%)",DairySouth America_Northern
2647,1.64556,1.44141,2.35894,2.20718,2.39088,,,,-0.09588975089589746,-0.17872055524567934,-0.23857394513871955,-0.2857180039622858,-0.36642562808854,SSP1,Median,South America_Northern,missing,missing,missing,missing,missing,missing,Dairy,missing,missing,missing,"median change in
 herd size compared
 to reference scenario (%)",DairySouth America_Northern
2648,1.64556,1.44141,2.35894,2.20718,2.39088,,,,-0.038192030596312834,2.0493780161862345,0.34303357655641115,-0.2490437894880899,-0.3403398056487945,SSP1,Upper CI,South America_Northern,missing,missing,missing,missing,missing,missing,Dairy,missing,missing,missing,"median change in
 herd size compared
 to reference scenario (%)",DairySouth America_Northern
2667,0.130558,0.129874,0.205789,0.178667,0.195817,,,,-0.531888081244476,-0.7930817601592559,-0.6355375124136674,-0.6051901177251928,-0.6716199669701715,SSP1,Lower CI,South America_Northern,missing,missing,missing,missing,missing,missing,Pork,missing,missing,missing,"median change in
 herd size compared
 to reference scenario (%)",PorkSouth America_Northern
2668,0.130558,0.129874,0.205789,0.178667,0.195817,,,,-0.10787015110875811,-0.25353013150498777,-0.3682863461646244,-0.5045658079405734,-0.559480574885405,SSP1,Median,South America_Northern,missing,missing,missing,missing,missing,missing,Pork,missing,missing,missing,"median change in
 herd size compared
 to reference scenario (%)",PorkSouth America_Northern
2669,0.130558,0.129874,0.205789,0.178667,0.195817,,,,0.09444593561157605,2.956133436847391,0.9768121508905282,-0.32292420930935206,-0.3999434859110415,SSP1,Upper CI,South America_Northern,missing,missing,missing,missing,missing,missing,Pork,missing,missing,missing,"median change in
 herd size compared
 to reference scenario (%)",PorkSouth America_Northern
2688,0.471114,0.91553,1.26001,0.968086,1.05672,,,,-0.7365783837487798,-0.5588989227880028,-0.17294256920112672,-0.207401817727489,-0.21977823396784105,SSP1,Lower CI,South America_Northern,missing,missing,missing,missing,missing,missing,Poultry,missing,missing,missing,"median change in
 herd size compared
 to reference scenario (%)",PoultrySouth America_Northern
2689,0.471114,0.91553,1.26001,0.968086,1.05672,,,,-0.2534612663203247,0.014164004010976821,0.033217990780764366,0.05657804658635581,0.04669576376708393,SSP1,Median,South America_Northern,missing,missing,missing,missing,missing,missing,Poultry,missing,missing,missing,"median change in
 herd size compared
 to reference scenario (%)",PoultrySouth America_Northern
2690,0.471114,0.91553,1.26001,0.968086,1.05672,,,,-0.0026662014232994857,3.3824459090267185,1.607872355164822,0.4393108178126097,0.38576012500872703,SSP1,Upper CI,South America_Northern,missing,missing,missing,missing,missing,missing,Poultry,missing,missing,missing,"median change in
 herd size compared
 to reference scenario (%)",PoultrySouth America_Northern
2709,0.00908541,0.00871137,0.0121613,0.011646,0.0127004,,,,0.0060558666393036795,-0.0640787889979251,-0.052844227962597516,-0.008194331586238043,-0.042211706918414194,SSP1,Lower CI,South America_Northern,missing,missing,missing,missing,missing,missing,Sheep & Goat,missing,missing,missing,"median change in
 herd size compared
 to reference scenario (%)",Sheep & GoatSouth America_Northern
2710,0.00908541,0.00871137,0.0121613,0.011646,0.0127004,,,,0.06727462998954616,0.04586270155450401,0.02600027182101268,0.015146042805038023,-0.0162121475305266,SSP1,Median,South America_Northern,missing,missing,missing,missing,missing,missing,Sheep & Goat,missing,missing,missing,"median change in
 herd size compared
 to reference scenario (%)",Sheep & GoatSouth America_Northern
2711,0.00908541,0.00871137,0.0121613,0.011646,0.0127004,,,,0.08720314424568068,0.28582897405797203,0.09352407908924715,0.045108978422830535,0.007105703243274728,SSP1,Upper CI,South America_Northern,missing,missing,missing,missing,missing,missing,Sheep & Goat,missing,missing,missing,"median change in
 herd size compared
 to reference scenario (%)",Sheep & GoatSouth America_Northern
2730,1.09153,1.55365,1.77488,2.01269,2.21474,,,,-3.097818960032521,-2.780392445162953,-2.819044019211215,-3.1254674155146036,-3.571497031403842,SSP1,Lower CI,South America_Southern,missing,missing,missing,missing,missing,missing,Beef,missing,missing,missing,"median change in
 herd size compared
 to reference scenario (%)",BeefSouth America_Southern
2731,1.09153,1.55365,1.77488,2.01269,2.21474,,,,-2.052449765864089,-2.4023550329228076,-2.6247042887136915,-2.9328379385140546,-3.382384554408787,SSP1,Median,South America_Southern,missing,missing,missing,missing,missing,missing,Beef,missing,missing,missing,"median change in
 herd size compared
 to reference scenario (%)",BeefSouth America_Southern
2732,1.09153,1.55365,1.77488,2.01269,2.21474,,,,0.47001137106389534,-2.0783623703945024,-2.5312042470110963,-2.8508180652633293,-3.2862191648257832,SSP1,Upper CI,South America_Southern,missing,missing,missing,missing,missing,missing,Beef,missing,missing,missing,"median change in
 herd size compared
 to reference scenario (%)",BeefSouth America_Southern
2751,5.2059,7.70711,9.29109,9.26484,9.99284,,,,-0.34766696353621535,-0.49177485693612405,-0.2675737341966822,-0.23618886710847325,-0.2261026996359553,SSP1,Lower CI,South America_Southern,missing,missing,missing,missing,missing,missing,Dairy,missing,missing,missing,"median change in
 herd size compared
 to reference scenario (%)",DairySouth America_Southern
2752,5.2059,7.70711,9.29109,9.26484,9.99284,,,,-0.2258782261321157,-0.24236871492635442,-0.23729631868233733,-0.2145203441164476,-0.2209531560528284,SSP1,Median,South America_Southern,missing,missing,missing,missing,missing,missing,Dairy,missing,missing,missing,"median change in
 herd size compared
 to reference scenario (%)",DairySouth America_Southern
2753,5.2059,7.70711,9.29109,9.26484,9.99284,,,,0.05484401793210514,-0.08746693782027376,-0.2125404795583827,-0.19796784906798426,-0.2001490366359872,SSP1,Upper CI,South America_Southern,missing,missing,missing,missing,missing,missing,Dairy,missing,missing,missing,"median change in
 herd size compared
 to reference scenario (%)",DairySouth America_Southern
2772,0.464598,0.855175,1.01753,1.11996,1.2291,,,,-1.826698101926463,-0.3436244275157817,-0.16870004874040634,-0.1063106479915705,-0.087480434956506,SSP1,Lower CI,South America_Southern,missing,missing,missing,missing,missing,missing,Pork,missing,missing,missing,"median change in
 herd size compared
 to reference scenario (%)",PorkSouth America_Southern
2773,0.464598,0.855175,1.01753,1.11996,1.2291,,,,-0.25376775704365273,-0.1861808115849517,-0.05543586099231022,0.0069644492092567215,-0.07579747454376883,SSP1,Median,South America_Southern,missing,missing,missing,missing,missing,missing,Pork,missing,missing,missing,"median change in
 herd size compared
 to reference scenario (%)",PorkSouth America_Southern
2774,0.464598,0.855175,1.01753,1.11996,1.2291,,,,2.989546646198482,0.343117813062486,0.02095950054558289,0.03253413818637136,0.010533489344714528,SSP1,Upper CI,South America_Southern,missing,missing,missing,missing,missing,missing,Pork,missing,missing,missing,"median change in
 herd size compared
 to reference scenario (%)",PorkSouth America_Southern
2793,0.933154,2.36451,3.32948,4.05962,4.4595,,,,-0.7962696243213011,-0.37828750251917076,-0.278335461127251,-0.25867544100357387,-0.2566890454273111,SSP1,Lower CI,South America_Southern,missing,missing,missing,missing,missing,missing,Poultry,missing,missing,missing,"median change in
 herd size compared
 to reference scenario (%)",PoultrySouth America_Southern
2794,0.933154,2.36451,3.32948,4.05962,4.4595,,,,-0.2743602711493104,-0.2302104766080502,-0.20399886797378147,-0.19735126935431505,-0.1947496747617564,SSP1,Median,South America_Southern,missing,missing,missing,missing,missing,missing,Poultry,missing,missing,missing,"median change in
 herd size compared
 to reference scenario (%)",PoultrySouth America_Southern
2795,0.933154,2.36451,3.32948,4.05962,4.4595,,,,0.7221501734915036,-0.08477588711816572,-0.1441017161416564,-0.12135663875461773,-0.12570541762516746,SSP1,Upper CI,South America_Southern,missing,missing,missing,missing,missing,missing,Poultry,missing,missing,missing,"median change in
 herd size compared
 to reference scenario (%)",PoultrySouth America_Southern
2814,0.133985,0.123441,0.124165,0.134838,0.142392,,,,0.7772171436457053,1.0201753980520327,1.2243873500790399,1.2350727773299306,1.2909629156239295,SSP1,Lower CI,South America_Southern,missing,missing,missing,missing,missing,missing,Sheep & Goat,missing,missing,missing,"median change in
 herd size compared
 to reference scenario (%)",Sheep & GoatSouth America_Southern
2815,0.133985,0.123441,0.124165,0.134838,0.142392,,,,0.9021579840366595,1.299461477284444,1.3649970261036486,1.387879798289886,1.4555089269761625,SSP1,Median,South America_Southern,missing,missing,missing,missing,missing,missing,Sheep & Goat,missing,missing,missing,"median change in
 herd size compared
 to reference scenario (%)",Sheep & GoatSouth America_Southern
2816,0.133985,0.123441,0.124165,0.134838,0.142392,,,,0.976495747321266,1.464243576649046,1.5953045763304619,1.611466616727011,1.666319820704027,SSP1,Upper CI,South America_Southern,missing,missing,missing,missing,missing,missing,Sheep & Goat,missing,missing,missing,"median change in
 herd size compared
 to reference scenario (%)",Sheep & GoatSouth America_Southern
2835,0.393982,0.548337,0.605574,0.653625,0.762653,,,,0.9264524022012601,0.1260971644103664,0.8423687725116016,0.953859780961926,1.0276713588465434,SSP1,Lower CI,South Asia,missing,missing,missing,missing,missing,missing,Beef,missing,missing,missing,"median change in
 herd size compared
 to reference scenario (%)",BeefSouth Asia
2836,0.393982,0.548337,0.605574,0.653625,0.762653,,,,0.9875652691494207,0.8209764176332331,0.8878821392632291,0.9751519328109225,1.0551539582338927,SSP1,Median,South Asia,missing,missing,missing,missing,missing,missing,Beef,missing,missing,missing,"median change in
 herd size compared
 to reference scenario (%)",BeefSouth Asia
2837,0.393982,0.548337,0.605574,0.653625,0.762653,,,,1.0901181326915732,1.1146501616221092,1.0034914643777384,1.100060029854333,1.168779713618033,SSP1,Upper CI,South Asia,missing,missing,missing,missing,missing,missing,Beef,missing,missing,missing,"median change in
 herd size compared
 to reference scenario (%)",BeefSouth Asia
2856,3.71446,6.44024,7.43049,8.19119,9.38064,,,,5.413956585549958,5.400355317629943,6.435692783606868,6.80645579478923,6.925635619020146,SSP1,Lower CI,South Asia,missing,missing,missing,missing,missing,missing,Dairy,missing,missing,missing,"median change in
 herd size compared
 to reference scenario (%)",DairySouth Asia
2857,3.71446,6.44024,7.43049,8.19119,9.38064,,,,5.449022754509996,5.831945269311475,6.523605100660074,6.857987517255359,6.973309112461505,SSP1,Median,South Asia,missing,missing,missing,missing,missing,missing,Dairy,missing,missing,missing,"median change in
 herd size compared
 to reference scenario (%)",DairySouth Asia
2858,3.71446,6.44024,7.43049,8.19119,9.38064,,,,5.574380001931184,6.103956878825933,6.581852309822887,6.922961561668595,7.027033709949918,SSP1,Upper CI,South Asia,missing,missing,missing,missing,missing,missing,Dairy,missing,missing,missing,"median change in
 herd size compared
 to reference scenario (%)",DairySouth Asia
2877,0.0126018,0.0188901,0.0208062,0.0281793,0.031959,,,,6.470717437369693,7.022286085278483,8.315107023650404,8.933341933042007,9.255702070208137,SSP1,Lower CI,South Asia,missing,missing,missing,missing,missing,missing,Pork,missing,missing,missing,"median change in
 herd size compared
 to reference scenario (%)",PorkSouth Asia
2878,0.0126018,0.0188901,0.0208062,0.0281793,0.031959,,,,6.887898749564257,7.494515619515629,8.484722363661314,9.033276201300977,9.347476575060574,SSP1,Median,South Asia,missing,missing,missing,missing,missing,missing,Pork,missing,missing,missing,"median change in
 herd size compared
 to reference scenario (%)",PorkSouth Asia
2879,0.0126018,0.0188901,0.0208062,0.0281793,0.031959,,,,7.035533464417529,7.940800377807993,8.59603242965491,9.174632483978291,9.487259223041434,SSP1,Upper CI,South Asia,missing,missing,missing,missing,missing,missing,Pork,missing,missing,missing,"median change in
 herd size compared
 to reference scenario (%)",PorkSouth Asia
2898,0.292794,0.645471,0.769523,1.18741,1.3902,,,,0.09279824569129991,0.008666567196848884,0.17679369156385516,0.2631317003979758,0.30573527913448345,SSP1,Lower CI,South Asia,missing,missing,missing,missing,missing,missing,Poultry,missing,missing,missing,"median change in
 herd size compared
 to reference scenario (%)",PoultrySouth Asia
2899,0.292794,0.645471,0.769523,1.18741,1.3902,,,,0.2736330365184441,0.1231171306548687,0.22636087187404236,0.2923526555838979,0.3308400296198416,SSP1,Median,South Asia,missing,missing,missing,missing,missing,missing,Poultry,missing,missing,missing,"median change in
 herd size compared
 to reference scenario (%)",PoultrySouth Asia
2900,0.292794,0.645471,0.769523,1.18741,1.3902,,,,0.5748635861182231,0.5813486050953794,0.48858440363163924,0.5450391534296022,0.5682379325449425,SSP1,Upper CI,South Asia,missing,missing,missing,missing,missing,missing,Poultry,missing,missing,missing,"median change in
 herd size compared
 to reference scenario (%)",PoultrySouth Asia
2919,0.242195,0.326531,0.409454,0.453826,0.541123,,,,0.07932471093806417,-0.6100818683311806,-0.23095291499128587,-0.18427931962409394,-0.19171327722418757,SSP1,Lower CI,South Asia,missing,missing,missing,missing,missing,missing,Sheep & Goat,missing,missing,missing,"median change in
 herd size compared
 to reference scenario (%)",Sheep & GoatSouth Asia
2920,0.242195,0.326531,0.409454,0.453826,0.541123,,,,0.14274062744931562,-0.09376192737884982,-0.15182575914995405,-0.16444043874925926,-0.18027089335192134,SSP1,Median,South Asia,missing,missing,missing,missing,missing,missing,Sheep & Goat,missing,missing,missing,"median change in
 herd size compared
 to reference scenario (%)",Sheep & GoatSouth Asia
2921,0.242195,0.326531,0.409454,0.453826,0.541123,,,,0.20111594395431967,0.15419161269013568,-0.08842577715283848,-0.07401502142254901,-0.10623761789971725,SSP1,Upper CI,South Asia,missing,missing,missing,missing,missing,missing,Sheep & Goat,missing,missing,missing,"median change in
 herd size compared
 to reference scenario (%)",Sheep & GoatSouth Asia
2940,0.147194,0.1976,0.277336,0.333753,0.346397,,,,-2.483305436002615,-5.309040862381447,-1.0890725977493687,-0.09228634022247559,0.3031074482746926,SSP1,Lower CI,South Korea,missing,missing,missing,missing,missing,missing,Beef,missing,missing,missing,"median change in
 herd size compared
 to reference scenario (%)",BeefSouth Korea
2941,0.147194,0.1976,0.277336,0.333753,0.346397,,,,-2.123144017346867,-0.8452471670816584,-0.2017014474895901,0.11477734187580305,0.4676178240661745,SSP1,Median,South Korea,missing,missing,missing,missing,missing,missing,Beef,missing,missing,missing,"median change in
 herd size compared
 to reference scenario (%)",BeefSouth Korea
2942,0.147194,0.1976,0.277336,0.333753,0.346397,,,,-1.2744589612680775,8.813228424040233,1.5758604486739565,0.23735774075321694,0.5292157612461652,SSP1,Upper CI,South Korea,missing,missing,missing,missing,missing,missing,Beef,missing,missing,missing,"median change in
 herd size compared
 to reference scenario (%)",BeefSouth Korea
2961,1.74587,2.25602,2.10866,2.12994,2.21902,,,,-0.47049326417074044,-0.5156762188662043,-0.44063094242169515,-0.4675872865903432,-0.4877279023286472,SSP1,Lower CI,South Korea,missing,missing,missing,missing,missing,missing,Dairy,missing,missing,missing,"median change in
 herd size compared
 to reference scenario (%)",DairySouth Korea
2962,1.74587,2.25602,2.10866,2.12994,2.21902,,,,-0.4437283329716722,-0.3832450818367447,-0.40345947030638896,-0.4107888314732548,-0.46069931563231975,SSP1,Median,South Korea,missing,missing,missing,missing,missing,missing,Dairy,missing,missing,missing,"median change in
 herd size compared
 to reference scenario (%)",DairySouth Korea
2963,1.74587,2.25602,2.10866,2.12994,2.21902,,,,-0.30704678558848786,0.016399084632278182,-0.37066532854757767,-0.39837172610701055,-0.4472199920669952,SSP1,Upper CI,South Korea,missing,missing,missing,missing,missing,missing,Dairy,missing,missing,missing,"median change in
 herd size compared
 to reference scenario (%)",DairySouth Korea
2982,0.5474,1.01022,1.05716,1.26471,1.34532,,,,-1.4837429301244414,-1.5393069039755451,-1.4773166358971495,-1.4394303348553967,-1.507136063389931,SSP1,Lower CI,South Korea,missing,missing,missing,missing,missing,missing,Pork,missing,missing,missing,"median change in
 herd size compared
 to reference scenario (%)",PorkSouth Korea
2983,0.5474,1.01022,1.05716,1.26471,1.34532,,,,-0.6192574040354296,-0.9615653107545945,-1.1501127929502777,-1.2258443129792589,-1.2695734300448223,SSP1,Median,South Korea,missing,missing,missing,missing,missing,missing,Pork,missing,missing,missing,"median change in
 herd size compared
 to reference scenario (%)",PorkSouth Korea
2984,0.5474,1.01022,1.05716,1.26471,1.34532,,,,-0.31991748380976515,0.0747043695161349,-0.8290558784063411,-0.958824443836203,-1.01417650921433,SSP1,Upper CI,South Korea,missing,missing,missing,missing,missing,missing,Pork,missing,missing,missing,"median change in
 herd size compared
 to reference scenario (%)",PorkSouth Korea
3003,0.690699,1.06204,1.26393,1.53626,1.63296,,,,-0.6922469894062937,-0.43351698341192874,-0.3113773935308084,-0.25125181344531217,-0.25791920333988444,SSP1,Lower CI,South Korea,missing,missing,missing,missing,missing,missing,Poultry,missing,missing,missing,"median change in
 herd size compared
 to reference scenario (%)",PoultrySouth Korea
3004,0.690699,1.06204,1.26393,1.53626,1.63296,,,,-0.468785703819705,-0.16689685963992087,-0.14545666118780512,-0.1047145276711402,-0.11954644809509517,SSP1,Median,South Korea,missing,missing,missing,missing,missing,missing,Poultry,missing,missing,missing,"median change in
 herd size compared
 to reference scenario (%)",PoultrySouth Korea
3005,0.690699,1.06204,1.26393,1.53626,1.63296,,,,-0.15173061743567734,0.20484910215815816,-0.0016111524197005844,0.03875397110787844,0.06370437762148741,SSP1,Upper CI,South Korea,missing,missing,missing,missing,missing,missing,Poultry,missing,missing,missing,"median change in
 herd size compared
 to reference scenario (%)",PoultrySouth Korea
3024,0.001238,0.00280741,0.00154641,0.0022013,0.0023587,,,,-5.811547838481337,-5.938292679777012,-5.617090417968777,-5.866029103518488,-6.004003244644422,SSP1,Lower CI,South Korea,missing,missing,missing,missing,missing,missing,Sheep & Goat,missing,missing,missing,"median change in
 herd size compared
 to reference scenario (%)",Sheep & GoatSouth Korea
3025,0.001238,0.00280741,0.00154641,0.0022013,0.0023587,,,,-5.431771878552943,-4.8694878964795105,-4.701687549271879,-4.838546820412358,-5.226629067350577,SSP1,Median,South Korea,missing,missing,missing,missing,missing,missing,Sheep & Goat,missing,missing,missing,"median change in
 herd size compared
 to reference scenario (%)",Sheep & GoatSouth Korea
3026,0.001238,0.00280741,0.00154641,0.0022013,0.0023587,,,,-4.993350070870484,-3.3834915771314407,-4.653027409083265,-4.723845490071844,-5.1388884438638405,SSP1,Upper CI,South Korea,missing,missing,missing,missing,missing,missing,Sheep & Goat,missing,missing,missing,"median change in
 herd size compared
 to reference scenario (%)",Sheep & GoatSouth Korea
3045,0.828784,1.00294,1.48694,1.80399,1.9214,,,,-4.040967710859547,-4.575089743594102,-3.494943923173902,-3.5020315712885575,-3.4297999754039994,SSP1,Lower CI,Southeast Asia,missing,missing,missing,missing,missing,missing,Beef,missing,missing,missing,"median change in
 herd size compared
 to reference scenario (%)",BeefSoutheast Asia
3046,0.828784,1.00294,1.48694,1.80399,1.9214,,,,-3.9288210429861046,-3.4250523408830937,-3.440973911039149,-3.493506174558514,-3.3707475664501976,SSP1,Median,Southeast Asia,missing,missing,missing,missing,missing,missing,Beef,missing,missing,missing,"median change in
 herd size compared
 to reference scenario (%)",BeefSoutheast Asia
3047,0.828784,1.00294,1.48694,1.80399,1.9214,,,,-3.542673357491582,-2.870844632121352,-3.1780378719182236,-3.2125170096203615,-3.1594171282797285,SSP1,Upper CI,Southeast Asia,missing,missing,missing,missing,missing,missing,Beef,missing,missing,missing,"median change in
 herd size compared
 to reference scenario (%)",BeefSoutheast Asia
3066,1.00546,2.26668,3.08093,4.35946,4.525,,,,-5.832068738507616,-5.7782497984312515,-5.124673746289707,-5.505670949252878,-5.887454730669043,SSP1,Lower CI,Southeast Asia,missing,missing,missing,missing,missing,missing,Dairy,missing,missing,missing,"median change in
 herd size compared
 to reference scenario (%)",DairySoutheast Asia
3067,1.00546,2.26668,3.08093,4.35946,4.525,,,,-5.337061999259482,-4.859354496862824,-4.899655309090385,-5.2225499595541445,-5.634356655009898,SSP1,Median,Southeast Asia,missing,missing,missing,missing,missing,missing,Dairy,missing,missing,missing,"median change in
 herd size compared
 to reference scenario (%)",DairySoutheast Asia
3068,1.00546,2.26668,3.08093,4.35946,4.525,,,,-5.141587358320995,-3.3931840119078958,-4.723640938382278,-5.137781415663922,-5.602155873484844,SSP1,Upper CI,Southeast Asia,missing,missing,missing,missing,missing,missing,Dairy,missing,missing,missing,"median change in
 herd size compared
 to reference scenario (%)",DairySoutheast Asia
3087,2.63733,5.65178,6.83336,7.86818,8.80072,,,,-0.1906992362849497,-0.32213789325135633,-0.21085456180683576,-0.20212092316576974,-0.20549585164437453,SSP1,Lower CI,Southeast Asia,missing,missing,missing,missing,missing,missing,Pork,missing,missing,missing,"median change in
 herd size compared
 to reference scenario (%)",PorkSoutheast Asia
3088,2.63733,5.65178,6.83336,7.86818,8.80072,,,,-0.025150468968222626,-0.1332631639114653,-0.14612843975261297,-0.16056409684339704,-0.15794379481164286,SSP1,Median,Southeast Asia,missing,missing,missing,missing,missing,missing,Pork,missing,missing,missing,"median change in
 herd size compared
 to reference scenario (%)",PorkSoutheast Asia
3089,2.63733,5.65178,6.83336,7.86818,8.80072,,,,0.10000887527639432,0.12181874240355209,-0.07179971867601352,-0.07429435020819568,-0.08577122121504807,SSP1,Upper CI,Southeast Asia,missing,missing,missing,missing,missing,missing,Pork,missing,missing,missing,"median change in
 herd size compared
 to reference scenario (%)",PorkSoutheast Asia
3108,3.4205,6.30229,8.3904,10.8877,12.047,,,,-1.2590564923279306,-1.1221025053878182,-0.9861804342831599,-0.9512561683109002,-0.9322782318426737,SSP1,Lower CI,Southeast Asia,missing,missing,missing,missing,missing,missing,Poultry,missing,missing,missing,"median change in
 herd size compared
 to reference scenario (%)",PoultrySoutheast Asia
3109,3.4205,6.30229,8.3904,10.8877,12.047,,,,-0.9788504061179721,-0.9563056342992569,-0.8801120883733056,-0.857815366048542,-0.8366650859231746,SSP1,Median,Southeast Asia,missing,missing,missing,missing,missing,missing,Poultry,missing,missing,missing,"median change in
 herd size compared
 to reference scenario (%)",PoultrySoutheast Asia
3110,3.4205,6.30229,8.3904,10.8877,12.047,,,,-0.8717655907980064,-0.671389991219032,-0.6840341494655655,-0.6634784906895417,-0.6726800322187223,SSP1,Upper CI,Southeast Asia,missing,missing,missing,missing,missing,missing,Poultry,missing,missing,missing,"median change in
 herd size compared
 to reference scenario (%)",PoultrySoutheast Asia
3129,0.0451232,0.0925726,0.145558,0.185344,0.214454,,,,-0.3313729951569505,-0.6020210326500108,-0.09096932838381594,0.011903016345710171,-0.028302579864185537,SSP1,Lower CI,Southeast Asia,missing,missing,missing,missing,missing,missing,Sheep & Goat,missing,missing,missing,"median change in
 herd size compared
 to reference scenario (%)",Sheep & GoatSoutheast Asia
3130,0.0451232,0.0925726,0.145558,0.185344,0.214454,,,,-0.2666351949715185,-0.0495565997083567,0.09083628524031277,0.17120806182943984,0.129476863287478,SSP1,Median,Southeast Asia,missing,missing,missing,missing,missing,missing,Sheep & Goat,missing,missing,missing,"median change in
 herd size compared
 to reference scenario (%)",Sheep & GoatSoutheast Asia
3131,0.0451232,0.0925726,0.145558,0.185344,0.214454,,,,-0.12667658496347187,0.2743567336511067,0.17110887575599054,0.2770354502592485,0.23559234385441974,SSP1,Upper CI,Southeast Asia,missing,missing,missing,missing,missing,missing,Sheep & Goat,missing,missing,missing,"median change in
 herd size compared
 to reference scenario (%)",Sheep & GoatSoutheast Asia
3150,0.0051958,0.0057594,0.0066123,0.0070601,0.00727498,,,,1.8856870334173168,1.407119979291232,3.682076309670232,3.923308501718913,4.263058016317769,SSP1,Lower CI,Taiwan,missing,missing,missing,missing,missing,missing,Beef,missing,missing,missing,"median change in
 herd size compared
 to reference scenario (%)",BeefTaiwan
3151,0.0051958,0.0057594,0.0066123,0.0070601,0.00727498,,,,2.180370482535847,3.7898413696255098,4.245820534462847,4.533956047803101,4.7986934751275365,SSP1,Median,Taiwan,missing,missing,missing,missing,missing,missing,Beef,missing,missing,missing,"median change in
 herd size compared
 to reference scenario (%)",BeefTaiwan
3152,0.0051958,0.0057594,0.0066123,0.0070601,0.00727498,,,,3.0414855315505385,4.908944324565285,4.597088126512447,4.959517145031032,5.221528653845205,SSP1,Upper CI,Taiwan,missing,missing,missing,missing,missing,missing,Beef,missing,missing,missing,"median change in
 herd size compared
 to reference scenario (%)",BeefTaiwan
3171,0.217706,0.345393,0.351718,0.387618,0.403933,,,,0.03570799875501776,0.07138092993497794,-0.02504193321840087,-0.1053148761200201,-0.18503719136969413,SSP1,Lower CI,Taiwan,missing,missing,missing,missing,missing,missing,Dairy,missing,missing,missing,"median change in
 herd size compared
 to reference scenario (%)",DairyTaiwan
3172,0.217706,0.345393,0.351718,0.387618,0.403933,,,,0.08686861370711128,0.1405569325499646,0.08087899289478213,0.014291053014805885,-0.09827562065706398,SSP1,Median,Taiwan,missing,missing,missing,missing,missing,missing,Dairy,missing,missing,missing,"median change in
 herd size compared
 to reference scenario (%)",DairyTaiwan
3173,0.217706,0.345393,0.351718,0.387618,0.403933,,,,0.3909592522205847,0.34379533153978237,0.10311645329453767,0.05223740378256913,-0.05851761710590436,SSP1,Upper CI,Taiwan,missing,missing,missing,missing,missing,missing,Dairy,missing,missing,missing,"median change in
 herd size compared
 to reference scenario (%)",DairyTaiwan
3192,1.01783,0.909385,0.863179,0.828559,0.849266,,,,-0.6418331179008938,-0.7590635528851836,-0.6652824839192819,-0.6732404616425511,-0.6971357188140241,SSP1,Lower CI,Taiwan,missing,missing,missing,missing,missing,missing,Pork,missing,missing,missing,"median change in
 herd size compared
 to reference scenario (%)",PorkTaiwan
3193,1.01783,0.909385,0.863179,0.828559,0.849266,,,,-0.19713596529853494,-0.3843657693475199,-0.5016392481620883,-0.5532948826255015,-0.5884067490312184,SSP1,Median,Taiwan,missing,missing,missing,missing,missing,missing,Pork,missing,missing,missing,"median change in
 herd size compared
 to reference scenario (%)",PorkTaiwan
3194,1.01783,0.909385,0.863179,0.828559,0.849266,,,,-0.02594930051585015,-0.04576842554631644,-0.37421501245453315,-0.38669500047457656,-0.4242947238867975,SSP1,Upper CI,Taiwan,missing,missing,missing,missing,missing,missing,Pork,missing,missing,missing,"median change in
 herd size compared
 to reference scenario (%)",PorkTaiwan
3213,0.696882,1.03401,0.998026,1.04137,1.0548,,,,-1.194700826589391,-0.1514568083612492,0.2592802758208852,0.3042014254583434,0.3638452162376844,SSP1,Lower CI,Taiwan,missing,missing,missing,missing,missing,missing,Poultry,missing,missing,missing,"median change in
 herd size compared
 to reference scenario (%)",PoultryTaiwan
3214,0.696882,1.03401,0.998026,1.04137,1.0548,,,,-0.837181565540674,0.4285299523255776,0.6707115685328338,0.7618831374988873,0.7759309971344251,SSP1,Median,Taiwan,missing,missing,missing,missing,missing,missing,Poultry,missing,missing,missing,"median change in
 herd size compared
 to reference scenario (%)",PoultryTaiwan
3215,0.696882,1.03401,0.998026,1.04137,1.0548,,,,0.2952649159974113,1.7375790249165246,1.4269302948657308,1.4932115157828325,1.4426625025634137,SSP1,Upper CI,Taiwan,missing,missing,missing,missing,missing,missing,Poultry,missing,missing,missing,"median change in
 herd size compared
 to reference scenario (%)",PoultryTaiwan
3234,0.0004126,0.0032718,0.0027473,0.0019418,0.00216654,,,,-0.11597181590484473,0.28757361926712977,1.3887400855246246,1.4907360544484412,1.3743723188972146,SSP1,Lower CI,Taiwan,missing,missing,missing,missing,missing,missing,Sheep & Goat,missing,missing,missing,"median change in
 herd size compared
 to reference scenario (%)",Sheep & GoatTaiwan
3235,0.0004126,0.0032718,0.0027473,0.0019418,0.00216654,,,,0.34825283003051705,1.6092848640234476,2.0891111704205585,2.286469402639781,2.024404769042002,SSP1,Median,Taiwan,missing,missing,missing,missing,missing,missing,Sheep & Goat,missing,missing,missing,"median change in
 herd size compared
 to reference scenario (%)",Sheep & GoatTaiwan
3236,0.0004126,0.0032718,0.0027473,0.0019418,0.00216654,,,,0.663770578241062,1.912723463824574,2.1410005197453432,2.342122122080405,2.2094562557649176,SSP1,Upper CI,Taiwan,missing,missing,missing,missing,missing,missing,Sheep & Goat,missing,missing,missing,"median change in
 herd size compared
 to reference scenario (%)",Sheep & GoatTaiwan
3255,10.5581,11.7334,12.088,12.1638,13.0727,,,,-0.04512940164026279,-0.9041649373924753,-0.1688647226957895,-0.08571775401498011,-0.0779427982257718,SSP1,Lower CI,USA,missing,missing,missing,missing,missing,missing,Beef,missing,missing,missing,"median change in
 herd size compared
 to reference scenario (%)",BeefUSA
3256,10.5581,11.7334,12.088,12.1638,13.0727,,,,0.0796399762367005,-0.08345387730763346,-0.0810931102494855,-0.04330957295973659,-0.03749508970554117,SSP1,Median,USA,missing,missing,missing,missing,missing,missing,Beef,missing,missing,missing,"median change in
 herd size compared
 to reference scenario (%)",BeefUSA
3257,10.5581,11.7334,12.088,12.1638,13.0727,,,,0.13560474879352247,0.20710869996963088,-0.032215383684598906,0.01296526961331912,0.005395907868191205,SSP1,Upper CI,USA,missing,missing,missing,missing,missing,missing,Beef,missing,missing,missing,"median change in
 herd size compared
 to reference scenario (%)",BeefUSA
3276,67.089,80.7136,88.3028,95.084,100.54,,,,-0.19985575782936885,-0.42678084754722606,-0.25117087397485716,-0.2259987203692334,-0.2201031140877831,SSP1,Lower CI,USA,missing,missing,missing,missing,missing,missing,Dairy,missing,missing,missing,"median change in
 herd size compared
 to reference scenario (%)",DairyUSA
3277,67.089,80.7136,88.3028,95.084,100.54,,,,-0.16718595623849106,-0.21148927781208646,-0.21513631947733003,-0.20785472032768423,-0.20730699779128517,SSP1,Median,USA,missing,missing,missing,missing,missing,missing,Dairy,missing,missing,missing,"median change in
 herd size compared
 to reference scenario (%)",DairyUSA
3278,67.089,80.7136,88.3028,95.084,100.54,,,,-0.15381612073575787,-0.12046815193860855,-0.20183187895314672,-0.1887236776886142,-0.19547715998517662,SSP1,Upper CI,USA,missing,missing,missing,missing,missing,missing,Dairy,missing,missing,missing,"median change in
 herd size compared
 to reference scenario (%)",DairyUSA
3297,7.28969,9.46722,10.4709,11.2232,11.9026,,,,0.1792704464116411,-0.06891480018703011,0.3702846065211523,0.5271533828250184,0.5877278173226662,SSP1,Lower CI,USA,missing,missing,missing,missing,missing,missing,Pork,missing,missing,missing,"median change in
 herd size compared
 to reference scenario (%)",PorkUSA
3298,7.28969,9.46722,10.4709,11.2232,11.9026,,,,0.3467401366333075,0.5100265762811417,0.5594453092281608,0.6930884374648342,0.6900034717275437,SSP1,Median,USA,missing,missing,missing,missing,missing,missing,Pork,missing,missing,missing,"median change in
 herd size compared
 to reference scenario (%)",PorkUSA
3299,7.28969,9.46722,10.4709,11.2232,11.9026,,,,0.5923137106253703,0.9406218871788614,0.672257844774401,0.7521138991191901,0.7433975513892671,SSP1,Upper CI,USA,missing,missing,missing,missing,missing,missing,Pork,missing,missing,missing,"median change in
 herd size compared
 to reference scenario (%)",PorkUSA
3318,14.8574,24.0104,25.2764,27.4763,29.3525,,,,0.14686106824006873,-0.7478850393208094,-0.17693222475308923,-0.12374980777952253,-0.10957867876135813,SSP1,Lower CI,USA,missing,missing,missing,missing,missing,missing,Poultry,missing,missing,missing,"median change in
 herd size compared
 to reference scenario (%)",PoultryUSA
3319,14.8574,24.0104,25.2764,27.4763,29.3525,,,,0.3923872237088015,0.06968504578592227,0.04509860182007577,0.10483301570133285,0.05753180653148998,SSP1,Median,USA,missing,missing,missing,missing,missing,missing,Poultry,missing,missing,missing,"median change in
 herd size compared
 to reference scenario (%)",PoultryUSA
3320,14.8574,24.0104,25.2764,27.4763,29.3525,,,,0.4739639766038838,0.4736599247394538,0.19292892179420618,0.1848648660737176,0.13684441355590668,SSP1,Upper CI,USA,missing,missing,missing,missing,missing,missing,Poultry,missing,missing,missing,"median change in
 herd size compared
 to reference scenario (%)",PoultryUSA
3339,0.16309,0.0974177,0.0888041,0.0811784,0.0866054,,,,1.1069522990837062,4.240606494390497,6.813805483909546,7.588144380498826,7.755091345180355,SSP1,Lower CI,USA,missing,missing,missing,missing,missing,missing,Sheep & Goat,missing,missing,missing,"median change in
 herd size compared
 to reference scenario (%)",Sheep & GoatUSA
3340,0.16309,0.0974177,0.0888041,0.0811784,0.0866054,,,,2.047412197088154,6.173605936193119,8.534473403389473,9.531377892700341,9.73828217371262,SSP1,Median,USA,missing,missing,missing,missing,missing,missing,Sheep & Goat,missing,missing,missing,"median change in
 herd size compared
 to reference scenario (%)",Sheep & GoatUSA
3341,0.16309,0.0974177,0.0888041,0.0811784,0.0866054,,,,2.4442169101921065,7.169741256461333,9.912801407534568,11.01438126168163,11.251021308527012,SSP1,Upper CI,USA,missing,missing,missing,missing,missing,missing,Sheep & Goat,missing,missing,missing,"median change in
 herd size compared
 to reference scenario (%)",Sheep & GoatUSA
