,1990,2005,2010,2015,2020,2025,2030,2035,2040,2045,2050,2055,2060,SSP,Version,GCAM,sector,subsector,technology,output,concentration,input,product,fuel,LandLeaf,GHG,Units,categorization
0,275.39697319999993,373.7510683,394.7588538,426.8313396,442.6521465000001,,,,0.3559269281057265,0.1493701035043969,0.1344190253071453,0.22604415363388125,0.24492283896994216,SSP1,Lower CI,Global,missing,Corn,Corn,missing,missing,missing,missing,missing,missing,missing,%,GlobalCorn
1,275.39697319999993,373.7510683,394.7588538,426.8313396,442.6521465000001,,,,0.3887393444747158,0.3096197514722233,0.28003685081938723,0.27722764813147116,0.2608523160822059,SSP1,Median,Global,missing,Corn,Corn,missing,missing,missing,missing,missing,missing,missing,%,GlobalCorn
2,275.39697319999993,373.7510683,394.7588538,426.8313396,442.6521465000001,,,,0.4400520158270846,0.4142744030283744,0.3447609397312137,0.2926030879768466,0.26747198297631913,SSP1,Upper CI,Global,missing,Corn,Corn,missing,missing,missing,missing,missing,missing,missing,%,GlobalCorn
21,122.84316100000004,200.63451,240.068023,273.416083,313.418726,,,,0.007028020802691482,-0.25630669781862614,-0.05709868494888476,-0.05600746917591226,-0.06176911817050022,SSP1,Lower CI,Global,missing,FruitsVeg,Fruits,missing,missing,missing,missing,missing,missing,missing,%,GlobalFruits
22,122.84316100000004,200.63451,240.068023,273.416083,313.418726,,,,0.019916225651451732,-0.012291194816057898,-0.037588216681262075,-0.042484065849621534,-0.05101431361727329,SSP1,Median,Global,missing,FruitsVeg,Fruits,missing,missing,missing,missing,missing,missing,missing,%,GlobalFruits
23,122.84316100000004,200.63451,240.068023,273.416083,313.418726,,,,0.05550934968964451,0.10158849613799982,-0.019446250822555272,-0.01575571961823867,-0.033039429292788886,SSP1,Upper CI,Global,missing,FruitsVeg,Fruits,missing,missing,missing,missing,missing,missing,missing,%,GlobalFruits
42,110.43760199999996,211.610769,242.170331,271.242299,310.762104,,,,-0.055059328752458975,-0.22965100991109588,-0.09818685339006164,-0.0963670959697996,-0.09838568348247484,SSP1,Lower CI,Global,missing,FruitsVeg,Vegetables,missing,missing,missing,missing,missing,missing,missing,%,GlobalVegetables
43,110.43760199999996,211.610769,242.170331,271.242299,310.762104,,,,-0.03990637451291516,-0.05903296275975838,-0.08177636100123867,-0.0837527470641895,-0.0889783786531565,SSP1,Median,Global,missing,FruitsVeg,Vegetables,missing,missing,missing,missing,missing,missing,missing,%,GlobalVegetables
44,110.43760199999996,211.610769,242.170331,271.242299,310.762104,,,,-0.002955563077375111,0.026727426821105113,-0.06330083137575243,-0.0615200257503052,-0.07389896072170818,SSP1,Upper CI,Global,missing,FruitsVeg,Vegetables,missing,missing,missing,missing,missing,missing,missing,%,GlobalVegetables
63,24.776594500000005,37.09926539999999,39.55672,41.8633871,47.66178850000001,,,,-0.046571527333917256,-0.2761060698323988,-0.09901378000171282,-0.09540322850508905,-0.09951540368049135,SSP1,Lower CI,Global,missing,MiscCrop,Other Crops,missing,missing,missing,missing,missing,missing,missing,%,GlobalOther Crops
64,24.776594500000005,37.09926539999999,39.55672,41.8633871,47.66178850000001,,,,-0.0307698887980377,-0.055762417276467136,-0.07641069623294189,-0.08194511968091672,-0.09077041845853069,SSP1,Median,Global,missing,MiscCrop,Other Crops,missing,missing,missing,missing,missing,missing,missing,%,GlobalOther Crops
65,24.776594500000005,37.09926539999999,39.55672,41.8633871,47.66178850000001,,,,-0.00018004122830092562,0.05212566041136292,-0.06313856107355603,-0.05724047370093861,-0.07481466546066719,SSP1,Upper CI,Global,missing,MiscCrop,Other Crops,missing,missing,missing,missing,missing,missing,missing,%,GlobalOther Crops
84,17.8706201,19.477539700000005,26.0629025,29.192878699999994,33.811510204,,,,-0.8546423379816162,-0.7698051448899939,-0.6075898947550075,-0.5631843529851841,-0.521909381738206,SSP1,Lower CI,Global,missing,Oil,Fiber Crops,missing,missing,missing,missing,missing,missing,missing,%,GlobalFiber Crops
85,17.8706201,19.477539700000005,26.0629025,29.192878699999994,33.811510204,,,,-0.8165745444371985,-0.6852457717096689,-0.5783434036085194,-0.5416877008249986,-0.5050524095865284,SSP1,Median,Global,missing,Oil,Fiber Crops,missing,missing,missing,missing,missing,missing,missing,%,GlobalFiber Crops
86,17.8706201,19.477539700000005,26.0629025,29.192878699999994,33.811510204,,,,-0.7634463841409054,-0.6632242113973137,-0.5690947760007484,-0.530672657001305,-0.4920199611126913,SSP1,Upper CI,Global,missing,Oil,Fiber Crops,missing,missing,missing,missing,missing,missing,missing,%,GlobalFiber Crops
105,161.08508300000008,207.975067,249.1718520000001,275.621064,309.694951,,,,-0.36996709281822265,-0.4311258111641414,-0.09520251429986211,-0.04919798558337158,-0.018766015346026902,SSP1,Lower CI,Global,missing,Oil,Plant Oils,missing,missing,missing,missing,missing,missing,missing,%,GlobalPlant Oils
106,161.08508300000008,207.975067,249.1718520000001,275.621064,309.694951,,,,-0.1973583893803363,-0.10653583806988116,-0.028281526410055442,0.006226463275225429,0.018217607153458094,SSP1,Median,Global,missing,Oil,Plant Oils,missing,missing,missing,missing,missing,missing,missing,%,GlobalPlant Oils
107,161.08508300000008,207.975067,249.1718520000001,275.621064,309.694951,,,,-0.1385641734831901,-0.032091482694931756,0.046007732667262116,0.052025296152422636,0.04052769404283549,SSP1,Upper CI,Global,missing,Oil,Plant Oils,missing,missing,missing,missing,missing,missing,missing,%,GlobalPlant Oils
126,33.8623089,61.4398557,113.2688626,153.48695869999997,179.91804909360002,,,,-0.112749509664365,-0.2593305107871207,-0.1365419667282016,-0.12263104901840982,-0.13457541230771575,SSP1,Lower CI,Global,missing,Oil,Palm Oil,missing,missing,missing,missing,missing,missing,missing,%,GlobalPalm Oil
127,33.8623089,61.4398557,113.2688626,153.48695869999997,179.91804909360002,,,,-0.09752605009377625,-0.10109317666697114,-0.10151760647520014,-0.11570815844199522,-0.1269312767796452,SSP1,Median,Global,missing,Oil,Palm Oil,missing,missing,missing,missing,missing,missing,missing,%,GlobalPalm Oil
128,33.8623089,61.4398557,113.2688626,153.48695869999997,179.91804909360002,,,,-0.08917484759741984,-0.03330090535724896,-0.07175836321218385,-0.09751126175438254,-0.11590373437722651,SSP1,Upper CI,Global,missing,Oil,Palm Oil,missing,missing,missing,missing,missing,missing,missing,%,GlobalPalm Oil
147,145.38971800000002,211.946185,214.293848,224.744166,252.670463,,,,-0.1386413086668824,-0.1927481638285016,-0.022284147167253437,-0.04939420961636934,-0.02765134000386232,SSP1,Lower CI,Global,missing,Oil,Soybean,missing,missing,missing,missing,missing,missing,missing,%,GlobalSoybean
148,145.38971800000002,211.946185,214.293848,224.744166,252.670463,,,,-0.053973729801930416,0.03735040320717245,0.028146236211778683,0.0027918476912415892,0.003750121343084025,SSP1,Median,Global,missing,Oil,Soybean,missing,missing,missing,missing,missing,missing,missing,%,GlobalSoybean
149,145.38971800000002,211.946185,214.293848,224.744166,252.670463,,,,0.043107561892977896,0.37136657541814155,0.16386735659089033,0.09408890422507268,0.06230205816620965,SSP1,Upper CI,Global,missing,Oil,Soybean,missing,missing,missing,missing,missing,missing,missing,%,GlobalSoybean
168,225.1795614,215.201179,254.463605,301.63635799999986,312.76591400000007,,,,0.532622347083843,0.2375732853493583,0.4424640514048013,0.4650475359437359,0.4579438161504861,SSP1,Lower CI,Global,missing,OtherGrain,Other Grains,missing,missing,missing,missing,missing,missing,missing,%,GlobalOther Grains
169,225.1795614,215.201179,254.463605,301.63635799999986,312.76591400000007,,,,0.5458541192042009,0.5271833269468897,0.48807415171802265,0.4756758108880011,0.46558052565701535,SSP1,Median,Global,missing,OtherGrain,Other Grains,missing,missing,missing,missing,missing,missing,missing,%,GlobalOther Grains
170,225.1795614,215.201179,254.463605,301.63635799999986,312.76591400000007,,,,0.5720926696884806,0.5980371381194887,0.5063993341420361,0.4842142043011925,0.4731746680402293,SSP1,Upper CI,Global,missing,OtherGrain,Other Grains,missing,missing,missing,missing,missing,missing,missing,%,GlobalOther Grains
189,85.3248369,96.49810100000002,102.668544,112.83824300000002,122.357029,,,,-0.011270702933504835,-0.10000208192299061,-0.12790971831813283,-0.14232783301712604,-0.1604108503164834,SSP1,Lower CI,Global,missing,Protein,Beef,missing,missing,missing,missing,missing,missing,missing,%,GlobalBeef
190,85.3248369,96.49810100000002,102.668544,112.83824300000002,122.357029,,,,0.006005485746105631,-0.06482376413782932,-0.10162620600558493,-0.12360314666484462,-0.14227283353916004,SSP1,Median,Global,missing,Protein,Beef,missing,missing,missing,missing,missing,missing,missing,%,GlobalBeef
191,85.3248369,96.49810100000002,102.668544,112.83824300000002,122.357029,,,,0.040846364736523026,-0.00962196313641453,-0.07435944426964619,-0.09209130023914808,-0.11444205390672572,SSP1,Upper CI,Global,missing,Protein,Beef,missing,missing,missing,missing,missing,missing,missing,%,GlobalBeef
210,366.020761,471.81508900000006,457.710863,459.8925460000001,499.162021,,,,0.47366600703537554,0.34987941824895497,0.4573492990854855,0.4773053668396117,0.4892678620466571,SSP1,Lower CI,Global,missing,Protein,Dairy,missing,missing,missing,missing,missing,missing,missing,%,GlobalDairy
211,366.020761,471.81508900000006,457.710863,459.8925460000001,499.162021,,,,0.4975684502051109,0.4901272120351513,0.48612493859016026,0.4913853335127518,0.5012290629823523,SSP1,Median,Global,missing,Protein,Dairy,missing,missing,missing,missing,missing,missing,missing,%,GlobalDairy
212,366.020761,471.81508900000006,457.710863,459.8925460000001,499.162021,,,,0.5385181148793561,0.5658910738123172,0.5029524609280643,0.5174231903613484,0.5195634224156706,SSP1,Upper CI,Global,missing,Protein,Dairy,missing,missing,missing,missing,missing,missing,missing,%,GlobalDairy
231,67.52856199999998,116.00978500000002,133.29287200000005,150.962137,167.29413699999998,,,,-0.09165803699183962,-0.458253882527882,-0.17645035032553982,-0.16687496753793926,-0.1755127860144759,SSP1,Lower CI,Global,missing,Protein,Fish,missing,missing,missing,missing,missing,missing,missing,%,GlobalFish
232,67.52856199999998,116.00978500000002,133.29287200000005,150.962137,167.29413699999998,,,,-0.06241316773988639,-0.10631325788312897,-0.13926765134306662,-0.14338308264891172,-0.15255034193724565,SSP1,Median,Global,missing,Protein,Fish,missing,missing,missing,missing,missing,missing,missing,%,GlobalFish
233,67.52856199999998,116.00978500000002,133.29287200000005,150.962137,167.29413699999998,,,,0.02604589806649349,0.06929057550091014,-0.0989125303121324,-0.09360277285609189,-0.11640056978455204,SSP1,Upper CI,Global,missing,Protein,Fish,missing,missing,missing,missing,missing,missing,missing,%,GlobalFish
252,215.53776860000005,317.3084595,345.9755813,366.5091223999999,400.999895465,,,,0.11164170400742185,0.04161146416525812,0.10595975989586176,0.09544222882407688,0.09337409491714206,SSP1,Lower CI,Global,missing,Protein,Pork,missing,missing,missing,missing,missing,missing,missing,%,GlobalPork
253,215.53776860000005,317.3084595,345.9755813,366.5091223999999,400.999895465,,,,0.1426562413394556,0.12621296869649132,0.12869975207010428,0.1160477866464381,0.11197191615934259,SSP1,Median,Global,missing,Protein,Pork,missing,missing,missing,missing,missing,missing,missing,%,GlobalPork
254,215.53776860000005,317.3084595,345.9755813,366.5091223999999,400.999895465,,,,0.1696776966935083,0.15792997010210907,0.14350789219649782,0.13670473560462798,0.13028461803751884,SSP1,Upper CI,Global,missing,Protein,Pork,missing,missing,missing,missing,missing,missing,missing,%,GlobalPork
273,100.438809,184.21448400000003,218.165846,250.758771,274.188072,,,,0.03592328595828132,-0.08028608379078829,-0.03985132340162845,-0.03806572492712154,-0.03656453045676159,SSP1,Lower CI,Global,missing,Protein,Poultry,missing,missing,missing,missing,missing,missing,missing,%,GlobalPoultry
274,100.438809,184.21448400000003,218.165846,250.758771,274.188072,,,,0.07581756222668326,0.008313632580342373,-0.006201269709668104,-0.00516290508334887,-0.009153679573552032,SSP1,Median,Global,missing,Protein,Poultry,missing,missing,missing,missing,missing,missing,missing,%,GlobalPoultry
275,100.438809,184.21448400000003,218.165846,250.758771,274.188072,,,,0.11349269571728698,0.047636910791877,0.029936111171963736,0.029345918807565083,0.02461715626181797,SSP1,Upper CI,Global,missing,Protein,Poultry,missing,missing,missing,missing,missing,missing,missing,%,GlobalPoultry
294,17.405977100000005,22.80177770000001,25.51513,29.3853713,32.5735794,,,,0.05482024059178839,-0.26609828672205776,-0.03870098487517035,-0.030040936913983893,-0.0354497320909608,SSP1,Lower CI,Global,missing,Protein,Sheep and Goat,missing,missing,missing,missing,missing,missing,missing,%,GlobalSheep and Goat
295,17.405977100000005,22.80177770000001,25.51513,29.3853713,32.5735794,,,,0.0638351970620141,0.01092903951639721,-0.0074509230111432624,-0.016266862673870827,-0.019802165565960123,SSP1,Median,Global,missing,Protein,Sheep and Goat,missing,missing,missing,missing,missing,missing,missing,%,GlobalSheep and Goat
296,17.405977100000005,22.80177770000001,25.51513,29.3853713,32.5735794,,,,0.1112399115406072,0.16345180382874902,0.037895857211958886,0.043507689785242526,0.031259098624059324,SSP1,Upper CI,Global,missing,Protein,Sheep and Goat,missing,missing,missing,missing,missing,missing,missing,%,GlobalSheep and Goat
315,112.0415257,137.38198849999998,158.17727799999994,177.82981800000007,234.0652000000001,,,,-0.31624047419276546,-0.29938479901299,-0.2146260046032716,-0.20483868988692996,-0.18890763477441802,SSP1,Lower CI,Global,missing,Protein,Legumes,missing,missing,missing,missing,missing,missing,missing,%,GlobalLegumes
316,112.0415257,137.38198849999998,158.17727799999994,177.82981800000007,234.0652000000001,,,,-0.2727370185796001,-0.19483164750723153,-0.18047778559173516,-0.16938224009722233,-0.15629626328123364,SSP1,Median,Global,missing,Protein,Legumes,missing,missing,missing,missing,missing,missing,missing,%,GlobalLegumes
317,112.0415257,137.38198849999998,158.17727799999994,177.82981800000007,234.0652000000001,,,,-0.23042490156407447,0.01927982189930197,-0.12089050387837999,-0.13943365774234792,-0.12069795818138751,SSP1,Upper CI,Global,missing,Protein,Legumes,missing,missing,missing,missing,missing,missing,missing,%,GlobalLegumes
336,61.768135300000026,102.85156270000004,129.57572559999997,152.00482669999997,200.6449528,,,,-0.47599792465298923,-0.40825729524717946,-0.2673974845971791,-0.2820508915453311,-0.26102762018103504,SSP1,Lower CI,Global,missing,Protein,Nuts and Seeds,missing,missing,missing,missing,missing,missing,missing,%,GlobalNuts and Seeds
337,61.768135300000026,102.85156270000004,129.57572559999997,152.00482669999997,200.6449528,,,,-0.2556025033749371,-0.23118182957848915,-0.21055965660656034,-0.18876724477216733,-0.19418584322003937,SSP1,Median,Global,missing,Protein,Nuts and Seeds,missing,missing,missing,missing,missing,missing,missing,%,GlobalNuts and Seeds
338,61.768135300000026,102.85156270000004,129.57572559999997,152.00482669999997,200.6449528,,,,-0.1433661833589272,0.10101716191507357,-0.13074903421261908,-0.15099031671321983,-0.15097155952376728,SSP1,Upper CI,Global,missing,Protein,Nuts and Seeds,missing,missing,missing,missing,missing,missing,missing,%,GlobalNuts and Seeds
357,1127.4726020000005,1369.155308,1412.001734,1432.4432570000008,1449.054198,,,,-0.6040199658999362,-0.7330454322926756,-0.6791519972327329,-0.6088105179377953,-0.5876573286356985,SSP1,Lower CI,Global,missing,Rice,Rice,missing,missing,missing,missing,missing,missing,missing,%,GlobalRice
358,1127.4726020000005,1369.155308,1412.001734,1432.4432570000008,1449.054198,,,,-0.5765972481103134,-0.5883706684540616,-0.6063557116779604,-0.5960811581581662,-0.5804767690352716,SSP1,Median,Global,missing,Rice,Rice,missing,missing,missing,missing,missing,missing,missing,%,GlobalRice
359,1127.4726020000005,1369.155308,1412.001734,1432.4432570000008,1449.054198,,,,-0.5346810432342001,-0.17728472847269044,-0.41551413832883216,-0.5644513609840286,-0.5754896154601852,SSP1,Upper CI,Global,missing,Rice,Rice,missing,missing,missing,missing,missing,missing,missing,%,GlobalRice
378,247.534949,321.44066100000003,367.900565,412.046262,426.371859,,,,0.32925931603859,-0.3611181490254284,0.07110512761249754,0.21731562697518036,0.21863322447857111,SSP1,Lower CI,Global,missing,RootTuber,Roots and Tubers,missing,missing,missing,missing,missing,missing,missing,%,GlobalRoots and Tubers
379,247.534949,321.44066100000003,367.900565,412.046262,426.371859,,,,0.3751281452450699,0.275607034081669,0.24616878599707853,0.24625445649286967,0.23562314264880604,SSP1,Median,Global,missing,RootTuber,Roots and Tubers,missing,missing,missing,missing,missing,missing,missing,%,GlobalRoots and Tubers
380,247.534949,321.44066100000003,367.900565,412.046262,426.371859,,,,0.4685686226523898,0.5558964812816523,0.3306953664967181,0.28098442211257174,0.27020002527321263,SSP1,Upper CI,Global,missing,RootTuber,Roots and Tubers,missing,missing,missing,missing,missing,missing,missing,%,GlobalRoots and Tubers
399,82.21809400000001,102.490775,365.7142800000001,565.7998999999999,638.96557,,,,0.08443149165444028,-0.08654625223254364,0.19894620820081454,0.22569862663686724,0.2788348804780264,SSP1,Lower CI,Global,missing,SugarCrop,Sugar Crops,missing,missing,missing,missing,missing,missing,missing,%,GlobalSugar Crops
400,82.21809400000001,102.490775,365.7142800000001,565.7998999999999,638.96557,,,,0.09914720362461407,0.15704421788594336,0.21723929679874796,0.26712910858772965,0.30931845152955306,SSP1,Median,Global,missing,SugarCrop,Sugar Crops,missing,missing,missing,missing,missing,missing,missing,%,GlobalSugar Crops
401,82.21809400000001,102.490775,365.7142800000001,565.7998999999999,638.96557,,,,0.12613516849375905,0.849243169920634,0.24978480748015192,0.2838250485416268,0.324625244044771,SSP1,Upper CI,Global,missing,SugarCrop,Sugar Crops,missing,missing,missing,missing,missing,missing,missing,%,GlobalSugar Crops
420,1256.4391400000002,1477.8263000000002,1429.5300899999995,1455.3763199999996,1487.1851,,,,0.12089226215504839,0.05691208700187478,0.2093801677318829,0.25980878407279295,0.26323457502530656,SSP1,Lower CI,Global,missing,Wheat,Wheat,missing,missing,missing,missing,missing,missing,missing,%,GlobalWheat
421,1256.4391400000002,1477.8263000000002,1429.5300899999995,1455.3763199999996,1487.1851,,,,0.19575148043908158,0.24308610528041655,0.29375536527818774,0.28013273804991906,0.2708183767642393,SSP1,Median,Global,missing,Wheat,Wheat,missing,missing,missing,missing,missing,missing,missing,%,GlobalWheat
422,1256.4391400000002,1477.8263000000002,1429.5300899999995,1455.3763199999996,1487.1851,,,,0.23054649517380355,0.38205162325178954,0.3281323246710451,0.2953856478587922,0.2779223458812251,SSP1,Upper CI,Global,missing,Wheat,Wheat,missing,missing,missing,missing,missing,missing,missing,%,GlobalWheat
441,15.6366,18.3728,17.5031,16.4512,16.9483,,,,0.1088510392476987,0.03544232793724386,0.08763490894270388,0.14215571035471167,0.15728827666796433,SSP1,Lower CI,USA,missing,Corn,Corn,missing,missing,missing,missing,missing,missing,missing,%,USACorn
443,15.6366,18.3728,17.5031,16.4512,16.9483,,,,0.1663980023587022,0.14050949894867393,0.1321952891974344,0.17226318607711463,0.16979224216480365,SSP1,Median,USA,missing,Corn,Corn,missing,missing,missing,missing,missing,missing,missing,%,USACorn
445,15.6366,18.3728,17.5031,16.4512,16.9483,,,,0.3075896755839306,0.32445205052935533,0.20406115123275342,0.2020110845511021,0.1888228166153342,SSP1,Upper CI,USA,missing,Corn,Corn,missing,missing,missing,missing,missing,missing,missing,%,USACorn
483,10.4278,11.9459,12.7563,14.2132,15.1657,,,,-0.055943639758359795,-0.15799611752552534,-0.054972385966261146,-0.03847725549246647,-0.03207562378005667,SSP1,Lower CI,USA,missing,FruitsVeg,Fruits,missing,missing,missing,missing,missing,missing,missing,%,USAFruits
485,10.4278,11.9459,12.7563,14.2132,15.1657,,,,-0.03419378631491794,-0.02719480355837358,-0.029369170324131954,-0.01964134887140802,-0.020029089773107512,SSP1,Median,USA,missing,FruitsVeg,Fruits,missing,missing,missing,missing,missing,missing,missing,%,USAFruits
487,10.4278,11.9459,12.7563,14.2132,15.1657,,,,0.043072509308765994,0.07822469375431354,-0.008403192101593078,-0.0008571300105373429,-0.005773834086913336,SSP1,Upper CI,USA,missing,FruitsVeg,Fruits,missing,missing,missing,missing,missing,missing,missing,%,USAFruits
525,7.02328,9.27923,8.96542,8.8839,9.48178,,,,-0.04342124115631081,-0.1441757905131006,-0.03128882063510096,-0.012155434270526608,-0.004370964069800544,SSP1,Lower CI,USA,missing,FruitsVeg,Vegetables,missing,missing,missing,missing,missing,missing,missing,%,USAVegetables
527,7.02328,9.27923,8.96542,8.8839,9.48178,,,,-0.019965277604467806,-0.016731921019214495,-0.0032408870045144,0.007858422595659005,0.00916023534813109,SSP1,Median,USA,missing,FruitsVeg,Vegetables,missing,missing,missing,missing,missing,missing,missing,%,USAVegetables
529,7.02328,9.27923,8.96542,8.8839,9.48178,,,,0.05358989186169921,0.09275301991405427,0.015084385612494111,0.025390672326370413,0.022370022999456875,SSP1,Upper CI,USA,missing,FruitsVeg,Vegetables,missing,missing,missing,missing,missing,missing,missing,%,USAVegetables
567,2.84411,3.7072,3.26608,3.14258,3.35663,,,,-0.006517749052245149,-0.06862690289623982,0.0328900651161316,0.04933284145245123,0.05430963047608727,SSP1,Lower CI,USA,missing,MiscCrop,Other Crops,missing,missing,missing,missing,missing,missing,missing,%,USAOther Crops
569,2.84411,3.7072,3.26608,3.14258,3.35663,,,,0.04236987079955309,0.04412031766346207,0.0577768020932865,0.0684265639361816,0.06472672709133771,SSP1,Median,USA,missing,MiscCrop,Other Crops,missing,missing,missing,missing,missing,missing,missing,%,USAOther Crops
571,2.84411,3.7072,3.26608,3.14258,3.35663,,,,0.08530961448627289,0.1360735774562755,0.0733605965241085,0.0820657417218717,0.07550599458730323,SSP1,Upper CI,USA,missing,MiscCrop,Other Crops,missing,missing,missing,missing,missing,missing,missing,%,USAOther Crops
609,1.85293,1.06345,1.53706,1.23784,1.31595,,,,-0.7614153003732604,-0.7081771379025171,-0.6724594654777915,-0.6314756188712018,-0.6059731450976796,SSP1,Lower CI,USA,missing,Oil,Fiber Crops,missing,missing,missing,missing,missing,missing,missing,%,USAFiber Crops
611,1.85293,1.06345,1.53706,1.23784,1.31595,,,,-0.6131060501267149,-0.634974659706193,-0.6121486707035556,-0.5962861832944817,-0.5747924041433747,SSP1,Median,USA,missing,Oil,Fiber Crops,missing,missing,missing,missing,missing,missing,missing,%,USAFiber Crops
613,1.85293,1.06345,1.53706,1.23784,1.31595,,,,-0.5060670190098067,-0.599967975216337,-0.5860097940244083,-0.5692209476213668,-0.5491067545686247,SSP1,Upper CI,USA,missing,Oil,Fiber Crops,missing,missing,missing,missing,missing,missing,missing,%,USAFiber Crops
651,2.94574,5.76815,9.01296,10.7246,11.3599,,,,-0.4473565634084592,-0.5643526997252841,-0.35053626596203796,-0.33816484705115263,-0.3116815442611079,SSP1,Lower CI,USA,missing,Oil,Plant Oils,missing,missing,missing,missing,missing,missing,missing,%,USAPlant Oils
653,2.94574,5.76815,9.01296,10.7246,11.3599,,,,-0.2731029854434396,-0.25654361764075867,-0.27540321843154303,-0.29269450147866793,-0.27446460123372923,SSP1,Median,USA,missing,Oil,Plant Oils,missing,missing,missing,missing,missing,missing,missing,%,USAPlant Oils
655,2.94574,5.76815,9.01296,10.7246,11.3599,,,,-0.19534856266930253,-0.1348516587104101,-0.173361310319535,-0.2098219898803429,-0.23389603284019891,SSP1,Upper CI,USA,missing,Oil,Plant Oils,missing,missing,missing,missing,missing,missing,missing,%,USAPlant Oils
693,0.247741,0.0455727,0.103831,0.138143,0.146999,,,,-0.12793442830370783,-0.08391650618808245,-0.12102477259473073,-0.10358498967008392,-0.10095561573361632,SSP1,Lower CI,USA,missing,Oil,Palm Oil,missing,missing,missing,missing,missing,missing,missing,%,USAPalm Oil
695,0.247741,0.0455727,0.103831,0.138143,0.146999,,,,-0.11614656012603584,-0.06111837981124805,-0.07796512081193098,-0.08221342910690105,-0.0812771447191276,SSP1,Median,USA,missing,Oil,Palm Oil,missing,missing,missing,missing,missing,missing,missing,%,USAPalm Oil
697,0.247741,0.0455727,0.103831,0.138143,0.146999,,,,-0.05802831806786464,0.04432477696522204,-0.023724317828262106,-0.050959162640684036,-0.0637764345200761,SSP1,Upper CI,USA,missing,Oil,Palm Oil,missing,missing,missing,missing,missing,missing,missing,%,USAPalm Oil
735,41.1124,54.4683,45.5267,38.3647,40.9074,,,,0.00014620128895476148,-0.05741440926788424,0.09832930247757742,0.09164403162147929,0.10683331797758625,SSP1,Lower CI,USA,missing,Oil,Soybean,missing,missing,missing,missing,missing,missing,missing,%,USASoybean
737,41.1124,54.4683,45.5267,38.3647,40.9074,,,,0.07871271410305876,0.14167138249071434,0.1347120073277617,0.14259613286603046,0.1429634223747033,SSP1,Median,USA,missing,Oil,Soybean,missing,missing,missing,missing,missing,missing,missing,%,USASoybean
739,41.1124,54.4683,45.5267,38.3647,40.9074,,,,0.15532119920315088,0.23393456236506913,0.2628828366587432,0.2107717414521194,0.19096654607290617,SSP1,Upper CI,USA,missing,Oil,Soybean,missing,missing,missing,missing,missing,missing,missing,%,USASoybean
777,5.91782,5.47794,11.3307,15.8692,16.4076,,,,0.06464827711432017,0.012700426725364145,0.010746863844132565,0.043348661565046825,0.05018820546405608,SSP1,Lower CI,USA,missing,OtherGrain,Other Grains,missing,missing,missing,missing,missing,missing,missing,%,USAOther Grains
779,5.91782,5.47794,11.3307,15.8692,16.4076,,,,0.10999735731348322,0.08132000691838825,0.05628383397146613,0.05396492253052903,0.052746994873054114,SSP1,Median,USA,missing,OtherGrain,Other Grains,missing,missing,missing,missing,missing,missing,missing,%,USAOther Grains
781,5.91782,5.47794,11.3307,15.8692,16.4076,,,,0.3599353597988182,0.15504613378241233,0.08146167563830202,0.06016300270402211,0.05916155876106403,SSP1,Upper CI,USA,missing,OtherGrain,Other Grains,missing,missing,missing,missing,missing,missing,missing,%,USAOther Grains
819,16.4046,18.6856,16.188,15.3211,16.1608,,,,0.04748959245462964,-0.029436310005184152,0.009474926543702664,0.014755691691447435,0.010940903437840516,SSP1,Lower CI,USA,missing,Protein,Beef,missing,missing,missing,missing,missing,missing,missing,%,USABeef
821,16.4046,18.6856,16.188,15.3211,16.1608,,,,0.057475203628447914,0.04195124425368944,0.03536701982861539,0.032518588826612856,0.025563461171649954,SSP1,Median,USA,missing,Protein,Beef,missing,missing,missing,missing,missing,missing,missing,%,USABeef
823,16.4046,18.6856,16.188,15.3211,16.1608,,,,0.10979510633462208,0.08223348570005877,0.04956623628361101,0.049464050893091825,0.0404351754470892,SSP1,Upper CI,USA,missing,Protein,Beef,missing,missing,missing,missing,missing,missing,missing,%,USABeef
861,57.8547,68.2637,56.7332,49.8029,52.6646,,,,0.019753277247684234,-0.10925447521521349,0.012958681567851977,0.029319225300785234,0.03317976944976821,SSP1,Lower CI,USA,missing,Protein,Dairy,missing,missing,missing,missing,missing,missing,missing,%,USADairy
863,57.8547,68.2637,56.7332,49.8029,52.6646,,,,0.0316877166962299,0.03614957191402477,0.04410280341652276,0.048398782286039506,0.04805402762091745,SSP1,Median,USA,missing,Protein,Dairy,missing,missing,missing,missing,missing,missing,missing,%,USADairy
865,57.8547,68.2637,56.7332,49.8029,52.6646,,,,0.09086649662879155,0.12311181111557672,0.05693257608009411,0.06625128413631495,0.06052028377765549,SSP1,Upper CI,USA,missing,Protein,Dairy,missing,missing,missing,missing,missing,missing,missing,%,USADairy
903,3.28213,5.34392,5.35557,5.98439,6.3334,,,,-0.02710358173896952,-0.17827793193046132,-0.03535444380225314,-0.01762573343530131,-0.015638969898754084,SSP1,Lower CI,USA,missing,Protein,Fish,missing,missing,missing,missing,missing,missing,missing,%,USAFish
905,3.28213,5.34392,5.35557,5.98439,6.3334,,,,0.009611674852890816,-0.008146481390497852,-0.0018867520834510247,0.006245193573512529,0.003820982161736659,SSP1,Median,USA,missing,Protein,Fish,missing,missing,missing,missing,missing,missing,missing,%,USAFish
907,3.28213,5.34392,5.35557,5.98439,6.3334,,,,0.09941999253696077,0.12636458702715608,0.022749615848222045,0.031534017988057425,0.021948618073723076,SSP1,Upper CI,USA,missing,Protein,Fish,missing,missing,missing,missing,missing,missing,missing,%,USAFish
945,16.2747,19.1399,17.6262,16.6884,17.6627,,,,0.14867477989783087,0.06778244525520465,0.16950424454284868,0.19441193287835584,0.2056438555576236,SSP1,Lower CI,USA,missing,Protein,Pork,missing,missing,missing,missing,missing,missing,missing,%,USAPork
947,16.2747,19.1399,17.6262,16.6884,17.6627,,,,0.165467900348789,0.1919918568064923,0.20135374346564344,0.21691689276645462,0.2225016507640395,SSP1,Median,USA,missing,Protein,Pork,missing,missing,missing,missing,missing,missing,missing,%,USAPork
949,16.2747,19.1399,17.6262,16.6884,17.6627,,,,0.19879414709388196,0.2340380062642078,0.22478196270401896,0.2402965175447272,0.24232075045734375,SSP1,Upper CI,USA,missing,Protein,Pork,missing,missing,missing,missing,missing,missing,missing,%,USAPork
987,17.1057,25.4023,25.773,28.5321,30.2119,,,,0.08334664091873834,-0.044515653570468376,0.05076284637512319,0.06926372310180304,0.07477994652571628,SSP1,Lower CI,USA,missing,Protein,Poultry,missing,missing,missing,missing,missing,missing,missing,%,USAPoultry
989,17.1057,25.4023,25.773,28.5321,30.2119,,,,0.11908189502600597,0.08003352734245034,0.08379829544337433,0.08945984124851139,0.09018323117502412,SSP1,Median,USA,missing,Protein,Poultry,missing,missing,missing,missing,missing,missing,missing,%,USAPoultry
991,17.1057,25.4023,25.773,28.5321,30.2119,,,,0.14403508620336453,0.13893358515150453,0.1066855925803551,0.11503700247782198,0.10962496234978115,SSP1,Upper CI,USA,missing,Protein,Poultry,missing,missing,missing,missing,missing,missing,missing,%,USAPoultry
1029,0.440995,0.427226,0.359824,0.373514,0.392826,,,,0.197804921611715,0.15483322251965836,0.2686186141923072,0.2852730296113796,0.2948871447919816,SSP1,Lower CI,USA,missing,Protein,Sheep and Goat,missing,missing,missing,missing,missing,missing,missing,%,USASheep and Goat
1031,0.440995,0.427226,0.359824,0.373514,0.392826,,,,0.2346787008449072,0.2734606927261334,0.29672911312638117,0.31617529931696176,0.3284769540216349,SSP1,Median,USA,missing,Protein,Sheep and Goat,missing,missing,missing,missing,missing,missing,missing,%,USASheep and Goat
1033,0.440995,0.427226,0.359824,0.373514,0.392826,,,,0.2723009569977384,0.3947147412361084,0.3690543228199981,0.3885421421490534,0.3996947606833972,SSP1,Upper CI,USA,missing,Protein,Sheep and Goat,missing,missing,missing,missing,missing,missing,missing,%,USASheep and Goat
1071,3.07421,4.00292,4.07343,4.12072,4.70942,,,,-0.42046837149946714,-0.32913173261172135,-0.21240004645358168,-0.20364392882291382,-0.19027116228789304,SSP1,Lower CI,USA,missing,Protein,Legumes,missing,missing,missing,missing,missing,missing,missing,%,USALegumes
1073,3.07421,4.00292,4.07343,4.12072,4.70942,,,,-0.29950330110206674,-0.18296418063677986,-0.14834662616205213,-0.13719291201767023,-0.136693225050097,SSP1,Median,USA,missing,Protein,Legumes,missing,missing,missing,missing,missing,missing,missing,%,USALegumes
1075,3.07421,4.00292,4.07343,4.12072,4.70942,,,,-0.2144328216744259,-0.008008812144973815,-0.06263962348681719,-0.0839915539268864,-0.07228111110069561,SSP1,Upper CI,USA,missing,Protein,Legumes,missing,missing,missing,missing,missing,missing,missing,%,USALegumes
1113,6.12033,8.86654,9.97946,10.8743,12.2806,,,,-0.3718947564919758,-0.3865851633822748,-0.060431118820674506,-0.12692144956140364,-0.11106071382319796,SSP1,Lower CI,USA,missing,Protein,Nuts and Seeds,missing,missing,missing,missing,missing,missing,missing,%,USANuts and Seeds
1115,6.12033,8.86654,9.97946,10.8743,12.2806,,,,-0.12849231815783121,-0.017540502521893268,-0.019522352996577157,0.0,-0.017615733028516184,SSP1,Median,USA,missing,Protein,Nuts and Seeds,missing,missing,missing,missing,missing,missing,missing,%,USANuts and Seeds
1117,6.12033,8.86654,9.97946,10.8743,12.2806,,,,0.05058273965735602,1.0259807745036782,0.12534755307646972,0.04609138115991355,0.03417909356106375,SSP1,Upper CI,USA,missing,Protein,Nuts and Seeds,missing,missing,missing,missing,missing,missing,missing,%,USANuts and Seeds
1155,7.21018,8.42588,8.51922,8.79923,9.05664,,,,-1.0836717483278206,-0.9196921044825384,-0.9123033705954731,-0.8037055856274021,-0.7443075033048122,SSP1,Lower CI,USA,missing,Rice,Rice,missing,missing,missing,missing,missing,missing,missing,%,USARice
1157,7.21018,8.42588,8.51922,8.79923,9.05664,,,,-0.8487844181219948,-0.7913668988837836,-0.8342540323752774,-0.7859175217896139,-0.7304039533973425,SSP1,Median,USA,missing,Rice,Rice,missing,missing,missing,missing,missing,missing,missing,%,USARice
1159,7.21018,8.42588,8.51922,8.79923,9.05664,,,,-0.6575038445647949,-0.21412083428185918,-0.6305417617576163,-0.7665885376223426,-0.720551921807212,SSP1,Upper CI,USA,missing,Rice,Rice,missing,missing,missing,missing,missing,missing,missing,%,USARice
1197,10.6559,13.4639,12.6694,12.8673,13.2881,,,,-0.37795644621430347,-0.480480965113961,-0.3733849534971864,-0.3138036917681934,-0.30178059561041976,SSP1,Lower CI,USA,missing,RootTuber,Roots and Tubers,missing,missing,missing,missing,missing,missing,missing,%,USARoots and Tubers
1199,10.6559,13.4639,12.6694,12.8673,13.2881,,,,-0.237836822246534,-0.30535944783860214,-0.3013929048325262,-0.2676026519572122,-0.27571347541577673,SSP1,Median,USA,missing,RootTuber,Roots and Tubers,missing,missing,missing,missing,missing,missing,missing,%,USARoots and Tubers
1201,10.6559,13.4639,12.6694,12.8673,13.2881,,,,0.03608395966917968,0.0668972571297051,-0.21484599684914635,-0.2291316275516158,-0.24887754803975798,SSP1,Upper CI,USA,missing,RootTuber,Roots and Tubers,missing,missing,missing,missing,missing,missing,missing,%,USARoots and Tubers
1239,9.78634,12.4992,26.0867,38.053,40.5193,,,,-0.25424458113291765,-0.393731843689859,-0.25611784001201526,-0.2506010563330108,-0.2396559340560341,SSP1,Lower CI,USA,missing,SugarCrop,Sugar Crops,missing,missing,missing,missing,missing,missing,missing,%,USASugar Crops
1241,9.78634,12.4992,26.0867,38.053,40.5193,,,,-0.1631057597088238,-0.20992775172843703,-0.23274747514643768,-0.2295218078097282,-0.22509758037850702,SSP1,Median,USA,missing,SugarCrop,Sugar Crops,missing,missing,missing,missing,missing,missing,missing,%,USASugar Crops
1243,9.78634,12.4992,26.0867,38.053,40.5193,,,,-0.0719669382847299,0.21529974599315743,-0.19326878300031344,-0.2062479284548079,-0.20131951107544535,SSP1,Upper CI,USA,missing,SugarCrop,Sugar Crops,missing,missing,missing,missing,missing,missing,missing,%,USASugar Crops
1281,71.9059,87.9658,76.5519,70.9891,73.9377,,,,-0.020084088599404117,-0.05488200492653976,0.06395576233112486,0.07621220037113707,0.07839116256213752,SSP1,Lower CI,USA,missing,Wheat,Wheat,missing,missing,missing,missing,missing,missing,missing,%,USAWheat
1283,71.9059,87.9658,76.5519,70.9891,73.9377,,,,0.0609383805408731,0.10222417430337555,0.10976204509601965,0.08977283559670003,0.08578563748705613,SSP1,Median,USA,missing,Wheat,Wheat,missing,missing,missing,missing,missing,missing,missing,%,USAWheat
1285,71.9059,87.9658,76.5519,70.9891,73.9377,,,,0.1005972255650506,0.14659473511628668,0.1380269824907861,0.10616383736535398,0.09091702152051506,SSP1,Upper CI,USA,missing,Wheat,Wheat,missing,missing,missing,missing,missing,missing,missing,%,USAWheat
2205,16.3092,27.1534,33.3563,38.5175,41.7875,,,,0.48775540800257333,0.18643563892857845,0.2934728078713879,0.32799607808694925,0.32508856011262505,SSP1,Lower CI,Eastern Africa,missing,Corn,Corn,missing,missing,missing,missing,missing,missing,missing,%,Eastern AfricaCorn
2207,16.3092,27.1534,33.3563,38.5175,41.7875,,,,0.5222794755977757,0.3880735691877207,0.3420101403559185,0.3437157163517142,0.3362600792943672,SSP1,Median,Eastern Africa,missing,Corn,Corn,missing,missing,missing,missing,missing,missing,missing,%,Eastern AfricaCorn
2209,16.3092,27.1534,33.3563,38.5175,41.7875,,,,0.5754412535955019,0.5022022410139311,0.3565060965655357,0.3547810539096076,0.346839842103884,SSP1,Upper CI,Eastern Africa,missing,Corn,Corn,missing,missing,missing,missing,missing,missing,missing,%,Eastern AfricaCorn
2247,7.24884,10.2435,10.7759,10.2364,12.4469,,,,-0.06030702136646359,-0.28016380341080194,-0.111157924477581,-0.11782650920966843,-0.1395949116946552,SSP1,Lower CI,Eastern Africa,missing,FruitsVeg,Fruits,missing,missing,missing,missing,missing,missing,missing,%,Eastern AfricaFruits
2249,7.24884,10.2435,10.7759,10.2364,12.4469,,,,-0.04178304420802669,-0.07673553413198536,-0.08588589420946045,-0.10110938007347409,-0.11770106256351996,SSP1,Median,Eastern Africa,missing,FruitsVeg,Fruits,missing,missing,missing,missing,missing,missing,missing,%,Eastern AfricaFruits
2251,7.24884,10.2435,10.7759,10.2364,12.4469,,,,-0.01702118657580711,0.03197669470488512,-0.06520926237253619,-0.073127861011914,-0.08911683724456997,SSP1,Upper CI,Eastern Africa,missing,FruitsVeg,Fruits,missing,missing,missing,missing,missing,missing,missing,%,Eastern AfricaFruits
2289,1.17931,2.45731,2.80783,3.23002,3.92761,,,,-0.0456741408420161,-0.2667625421062803,-0.09595765376993434,-0.102241176526354,-0.12331197110786507,SSP1,Lower CI,Eastern Africa,missing,FruitsVeg,Vegetables,missing,missing,missing,missing,missing,missing,missing,%,Eastern AfricaVegetables
2291,1.17931,2.45731,2.80783,3.23002,3.92761,,,,-0.026921266884797703,-0.0641162197228361,-0.07038821745999033,-0.08521274713553413,-0.10124395996959941,SSP1,Median,Eastern Africa,missing,FruitsVeg,Vegetables,missing,missing,missing,missing,missing,missing,missing,%,Eastern AfricaVegetables
2293,1.17931,2.45731,2.80783,3.23002,3.92761,,,,-0.0014636020599419833,0.04700573533738349,-0.0487134058678203,-0.05639548656205757,-0.07165317781191899,SSP1,Upper CI,Eastern Africa,missing,FruitsVeg,Vegetables,missing,missing,missing,missing,missing,missing,missing,%,Eastern AfricaVegetables
2331,0.224861,0.338275,0.768787,1.2261,1.49083,,,,-0.045596910040778066,-0.2551577234329354,-0.08143864371950114,-0.08522317632269932,-0.1075073743458271,SSP1,Lower CI,Eastern Africa,missing,MiscCrop,Other Crops,missing,missing,missing,missing,missing,missing,missing,%,Eastern AfricaOther Crops
2333,0.224861,0.338275,0.768787,1.2261,1.49083,,,,-0.031069642100627428,-0.05074634786227047,-0.05874532216588129,-0.07015187303039866,-0.08788121739261175,SSP1,Median,Eastern Africa,missing,MiscCrop,Other Crops,missing,missing,missing,missing,missing,missing,missing,%,Eastern AfricaOther Crops
2335,0.224861,0.338275,0.768787,1.2261,1.49083,,,,-0.01439036431800656,0.053252041512832374,-0.043036848208369366,-0.04895691458269504,-0.06505449918566208,SSP1,Upper CI,Eastern Africa,missing,MiscCrop,Other Crops,missing,missing,missing,missing,missing,missing,missing,%,Eastern AfricaOther Crops
2373,0.319216,0.290197,0.236462,0.224681,0.27296,,,,-0.28198074576009996,-0.4643244423043993,-0.2712315053046838,-0.22043594286350232,-0.18389396047236622,SSP1,Lower CI,Eastern Africa,missing,Oil,Fiber Crops,missing,missing,missing,missing,missing,missing,missing,%,Eastern AfricaFiber Crops
2375,0.319216,0.290197,0.236462,0.224681,0.27296,,,,-0.1887899911273734,-0.15226980882273328,-0.2066525685940485,-0.180873770470728,-0.15823625445183745,SSP1,Median,Eastern Africa,missing,Oil,Fiber Crops,missing,missing,missing,missing,missing,missing,missing,%,Eastern AfricaFiber Crops
2377,0.319216,0.290197,0.236462,0.224681,0.27296,,,,-0.15084073523892078,-0.0736474383451455,-0.18840172173120884,-0.16880489016672634,-0.149729415894106,SSP1,Upper CI,Eastern Africa,missing,Oil,Fiber Crops,missing,missing,missing,missing,missing,missing,missing,%,Eastern AfricaFiber Crops
2415,2.16,3.04947,4.15948,4.81318,5.89719,,,,0.21262170686965837,-0.045054785652078516,0.38797389843038566,0.41808759389763794,0.40711350799955537,SSP1,Lower CI,Eastern Africa,missing,Oil,Plant Oils,missing,missing,missing,missing,missing,missing,missing,%,Eastern AfricaPlant Oils
2417,2.16,3.04947,4.15948,4.81318,5.89719,,,,0.347648105260253,0.4649584005369511,0.45765183559372125,0.46164256303529205,0.439971399842475,SSP1,Median,Eastern Africa,missing,Oil,Plant Oils,missing,missing,missing,missing,missing,missing,missing,%,Eastern AfricaPlant Oils
2419,2.16,3.04947,4.15948,4.81318,5.89719,,,,0.4009761239360053,0.5389610094731501,0.5382115399423195,0.504828197017649,0.45430418011306983,SSP1,Upper CI,Eastern Africa,missing,Oil,Plant Oils,missing,missing,missing,missing,missing,missing,missing,%,Eastern AfricaPlant Oils
2457,1.70488,6.09279,10.3059,5.12356,6.23425,,,,-0.05482877738802375,-0.06002736203212658,-0.04765378000514808,-0.04832010271724032,-0.06817260556954854,SSP1,Lower CI,Eastern Africa,missing,Oil,Palm Oil,missing,missing,missing,missing,missing,missing,missing,%,Eastern AfricaPalm Oil
2459,1.70488,6.09279,10.3059,5.12356,6.23425,,,,-0.02304815560444533,0.007659460342130835,-0.003365039464269533,-0.024704179923561286,-0.04620025943202003,SSP1,Median,Eastern Africa,missing,Oil,Palm Oil,missing,missing,missing,missing,missing,missing,missing,%,Eastern AfricaPalm Oil
2461,1.70488,6.09279,10.3059,5.12356,6.23425,,,,-0.004650333849238825,0.03611282474171225,0.040864665296547045,0.002095955105172853,-0.025249182187186425,SSP1,Upper CI,Eastern Africa,missing,Oil,Palm Oil,missing,missing,missing,missing,missing,missing,missing,%,Eastern AfricaPalm Oil
2499,0.533229,0.949232,0.826145,0.748835,0.91307,,,,-0.05397491984371965,-0.2291184398197803,0.03785117885544427,0.015913585508519068,0.02111483684003477,SSP1,Lower CI,Eastern Africa,missing,Oil,Soybean,missing,missing,missing,missing,missing,missing,missing,%,Eastern AfricaSoybean
2501,0.533229,0.949232,0.826145,0.748835,0.91307,,,,0.008831624634749614,0.08700525850579344,0.09854409853884011,0.07249989920545108,0.056191928308963426,SSP1,Median,Eastern Africa,missing,Oil,Soybean,missing,missing,missing,missing,missing,missing,missing,%,Eastern AfricaSoybean
2503,0.533229,0.949232,0.826145,0.748835,0.91307,,,,0.1359828628807146,0.33854428417130833,0.21432950839951836,0.14590328883144246,0.09759515862493398,SSP1,Upper CI,Eastern Africa,missing,Oil,Soybean,missing,missing,missing,missing,missing,missing,missing,%,Eastern AfricaSoybean
2541,22.3899,32.6778,35.6094,44.9129,48.7445,,,,0.4498484519532621,0.19713210939673154,0.3367775244615215,0.3809954704090533,0.39780746162615127,SSP1,Lower CI,Eastern Africa,missing,OtherGrain,Other Grains,missing,missing,missing,missing,missing,missing,missing,%,Eastern AfricaOther Grains
2543,22.3899,32.6778,35.6094,44.9129,48.7445,,,,0.46511459732510746,0.41418480176786415,0.38421360083532846,0.3941546644676319,0.4104785507617892,SSP1,Median,Eastern Africa,missing,OtherGrain,Other Grains,missing,missing,missing,missing,missing,missing,missing,%,Eastern AfricaOther Grains
2545,22.3899,32.6778,35.6094,44.9129,48.7445,,,,0.48337515346895027,0.5009749749111502,0.4015686317690133,0.4056624243327536,0.41783426353228575,SSP1,Upper CI,Eastern Africa,missing,OtherGrain,Other Grains,missing,missing,missing,missing,missing,missing,missing,%,Eastern AfricaOther Grains
2583,1.55037,2.30918,2.61616,3.49984,3.87735,,,,0.11229887215130825,-0.1590655482592614,-0.18349137508055446,-0.18843014842629974,-0.175411502955447,SSP1,Lower CI,Eastern Africa,missing,Protein,Beef,missing,missing,missing,missing,missing,missing,missing,%,Eastern AfricaBeef
2585,1.55037,2.30918,2.61616,3.49984,3.87735,,,,0.20361962950940854,-0.06251425279147271,-0.13948981516576792,-0.15814855208059042,-0.1576004495587063,SSP1,Median,Eastern Africa,missing,Protein,Beef,missing,missing,missing,missing,missing,missing,missing,%,Eastern AfricaBeef
2587,1.55037,2.30918,2.61616,3.49984,3.87735,,,,0.3085266410178438,0.015113075598956152,-0.06418767271140201,-0.06529717265771456,-0.0436663454624097,SSP1,Upper CI,Eastern Africa,missing,Protein,Beef,missing,missing,missing,missing,missing,missing,missing,%,Eastern AfricaBeef
2625,7.06213,12.5022,11.2267,11.1004,12.3395,,,,0.12496968215404941,-0.09292227047733158,-0.09756355550914678,-0.0961222091707193,-0.09017206199613073,SSP1,Lower CI,Eastern Africa,missing,Protein,Dairy,missing,missing,missing,missing,missing,missing,missing,%,Eastern AfricaDairy
2627,7.06213,12.5022,11.2267,11.1004,12.3395,,,,0.200577763617344,0.005684366062536319,-0.04211508405447734,-0.05053193247228055,-0.05115089477728111,SSP1,Median,Eastern Africa,missing,Protein,Dairy,missing,missing,missing,missing,missing,missing,missing,%,Eastern AfricaDairy
2629,7.06213,12.5022,11.2267,11.1004,12.3395,,,,0.2624896096494543,0.0825640923189241,0.014492831009785288,0.011441328648747945,0.01830655047424956,SSP1,Upper CI,Eastern Africa,missing,Protein,Dairy,missing,missing,missing,missing,missing,missing,missing,%,Eastern AfricaDairy
2667,1.2142,2.27645,2.76896,2.98877,3.37084,,,,-0.027349646273296384,-0.3846834332710969,-0.25663028036845487,-0.25786826148541964,-0.27659874280259084,SSP1,Lower CI,Eastern Africa,missing,Protein,Fish,missing,missing,missing,missing,missing,missing,missing,%,Eastern AfricaFish
2669,1.2142,2.27645,2.76896,2.98877,3.37084,,,,-0.002256220914365905,-0.15709145708893169,-0.19534960871333676,-0.2130842874325218,-0.23797316647222427,SSP1,Median,Eastern Africa,missing,Protein,Fish,missing,missing,missing,missing,missing,missing,missing,%,Eastern AfricaFish
2671,1.2142,2.27645,2.76896,2.98877,3.37084,,,,0.08304607113040252,0.0017955772284630467,-0.12611688955363642,-0.13850382185451113,-0.15622862975889884,SSP1,Upper CI,Eastern Africa,missing,Protein,Fish,missing,missing,missing,missing,missing,missing,missing,%,Eastern AfricaFish
2709,0.303838,0.426841,0.56519,0.720616,0.804533,,,,0.3586133375445312,0.18668345911085607,0.18270312536412017,0.20221562585637062,0.22749786428511345,SSP1,Lower CI,Eastern Africa,missing,Protein,Pork,missing,missing,missing,missing,missing,missing,missing,%,Eastern AfricaPork
2711,0.303838,0.426841,0.56519,0.720616,0.804533,,,,0.40689434940681735,0.23197442272832128,0.24466558357469403,0.24707283100532715,0.2676355501800125,SSP1,Median,Eastern Africa,missing,Protein,Pork,missing,missing,missing,missing,missing,missing,missing,%,Eastern AfricaPork
2713,0.303838,0.426841,0.56519,0.720616,0.804533,,,,0.43181560556217913,0.31098407292813623,0.3013951020652875,0.31709426840211896,0.3448365339503545,SSP1,Upper CI,Eastern Africa,missing,Protein,Pork,missing,missing,missing,missing,missing,missing,missing,%,Eastern AfricaPork
2751,0.503941,0.557029,0.686422,0.904681,1.01684,,,,0.12032086586700565,-0.034999913498480965,-0.12342153076193536,-0.11005389293509654,-0.0857654071427771,SSP1,Lower CI,Eastern Africa,missing,Protein,Poultry,missing,missing,missing,missing,missing,missing,missing,%,Eastern AfricaPoultry
2753,0.503941,0.557029,0.686422,0.904681,1.01684,,,,0.19231487317583792,-0.030675532843359388,-0.0821049499232629,-0.08065932368675859,-0.06661831357677406,SSP1,Median,Eastern Africa,missing,Protein,Poultry,missing,missing,missing,missing,missing,missing,missing,%,Eastern AfricaPoultry
2755,0.503941,0.557029,0.686422,0.904681,1.01684,,,,0.30065521560404546,0.09405654908633856,0.018094570899723453,0.03279915768951789,0.06721347171634849,SSP1,Upper CI,Eastern Africa,missing,Protein,Poultry,missing,missing,missing,missing,missing,missing,missing,%,Eastern AfricaPoultry
2793,0.753971,1.33698,1.56364,1.43101,1.60718,,,,0.08890313768239418,-0.27058335444204806,-0.18244875314552003,-0.17581757551359806,-0.1708463672796942,SSP1,Lower CI,Eastern Africa,missing,Protein,Sheep and Goat,missing,missing,missing,missing,missing,missing,missing,%,Eastern AfricaSheep and Goat
2795,0.753971,1.33698,1.56364,1.43101,1.60718,,,,0.11081125733474281,-0.07409637912028764,-0.14130738079361935,-0.15318626668778723,-0.15958248907817302,SSP1,Median,Eastern Africa,missing,Protein,Sheep and Goat,missing,missing,missing,missing,missing,missing,missing,%,Eastern AfricaSheep and Goat
2797,0.753971,1.33698,1.56364,1.43101,1.60718,,,,0.2210135684841144,0.06222114941473891,-0.055490977598694896,-0.05482181759422356,-0.046848664051697464,SSP1,Upper CI,Eastern Africa,missing,Protein,Sheep and Goat,missing,missing,missing,missing,missing,missing,missing,%,Eastern AfricaSheep and Goat
2835,6.92077,11.0085,15.2307,18.118,24.0553,,,,0.08632009062726709,0.09457358227195711,0.21859519116905995,0.2411038477603324,0.25635086849333844,SSP1,Lower CI,Eastern Africa,missing,Protein,Legumes,missing,missing,missing,missing,missing,missing,missing,%,Eastern AfricaLegumes
2837,6.92077,11.0085,15.2307,18.118,24.0553,,,,0.16769041177764965,0.2677421182439363,0.27728348541256886,0.3016591249665876,0.3251466060725284,SSP1,Median,Eastern Africa,missing,Protein,Legumes,missing,missing,missing,missing,missing,missing,missing,%,Eastern AfricaLegumes
2839,6.92077,11.0085,15.2307,18.118,24.0553,,,,0.19509879412847336,0.2995159154760923,0.328970360283466,0.3532304590416336,0.37730472491994205,SSP1,Upper CI,Eastern Africa,missing,Protein,Legumes,missing,missing,missing,missing,missing,missing,missing,%,Eastern AfricaLegumes
2877,1.41003,2.15761,2.54964,4.38672,5.84976,,,,-0.7168582308353353,-0.5962186704886188,-0.45816114921697804,-0.5232365825081855,-0.507123980737095,SSP1,Lower CI,Eastern Africa,missing,Protein,Nuts and Seeds,missing,missing,missing,missing,missing,missing,missing,%,Eastern AfricaNuts and Seeds
2879,1.41003,2.15761,2.54964,4.38672,5.84976,,,,-0.5916142278031014,-0.44846872464161397,-0.4082032397128753,-0.43374268041749536,-0.44427757846745924,SSP1,Median,Eastern Africa,missing,Protein,Nuts and Seeds,missing,missing,missing,missing,missing,missing,missing,%,Eastern AfricaNuts and Seeds
2881,1.41003,2.15761,2.54964,4.38672,5.84976,,,,-0.40603432454337934,-0.22284778351462864,-0.34587386143652976,-0.3979225169908578,-0.40215205411620136,SSP1,Upper CI,Eastern Africa,missing,Protein,Nuts and Seeds,missing,missing,missing,missing,missing,missing,missing,%,Eastern AfricaNuts and Seeds
2919,5.7171,10.1405,12.0387,14.354,15.6023,,,,-4.069789825546182,-3.891882767823943,-3.156674305102403,-3.0199301772940763,-3.0048834926747996,SSP1,Lower CI,Eastern Africa,missing,Rice,Rice,missing,missing,missing,missing,missing,missing,missing,%,Eastern AfricaRice
2921,5.7171,10.1405,12.0387,14.354,15.6023,,,,-4.02567720847623,-3.5111190862370525,-3.048674848719151,-3.0105695369179153,-2.9911919061701355,SSP1,Median,Eastern Africa,missing,Rice,Rice,missing,missing,missing,missing,missing,missing,missing,%,Eastern AfricaRice
2923,5.7171,10.1405,12.0387,14.354,15.6023,,,,-3.9614738754562926,-2.6526123572454257,-2.8049225456225995,-2.9950571649953637,-2.9820016931439954,SSP1,Upper CI,Eastern Africa,missing,Rice,Rice,missing,missing,missing,missing,missing,missing,missing,%,Eastern AfricaRice
2961,12.1522,16.6494,17.8417,23.33,25.3047,,,,0.2943331975237322,-0.030059556456404513,0.07478513148677798,0.11120383963227161,0.11508105158842846,SSP1,Lower CI,Eastern Africa,missing,RootTuber,Roots and Tubers,missing,missing,missing,missing,missing,missing,missing,%,Eastern AfricaRoots and Tubers
2963,12.1522,16.6494,17.8417,23.33,25.3047,,,,0.3463670484758887,0.17339897241368488,0.11101204177220735,0.13586670270166015,0.1303100463780761,SSP1,Median,Eastern Africa,missing,RootTuber,Roots and Tubers,missing,missing,missing,missing,missing,missing,missing,%,Eastern AfricaRoots and Tubers
2965,12.1522,16.6494,17.8417,23.33,25.3047,,,,0.41259627026722023,0.318139641514627,0.17290990708064724,0.16799456616427827,0.15483109880420104,SSP1,Upper CI,Eastern Africa,missing,RootTuber,Roots and Tubers,missing,missing,missing,missing,missing,missing,missing,%,Eastern AfricaRoots and Tubers
3003,1.11038,1.90977,8.48235,13.0304,15.7235,,,,-0.2452527512081063,-0.6892898460056297,-0.2672005142839583,-0.3000876412881119,-0.3084550551686892,SSP1,Lower CI,Eastern Africa,missing,SugarCrop,Sugar Crops,missing,missing,missing,missing,missing,missing,missing,%,Eastern AfricaSugar Crops
3005,1.11038,1.90977,8.48235,13.0304,15.7235,,,,-0.1953275738553991,-0.23004723577783845,-0.2524951060716178,-0.267345510061264,-0.2776666320309189,SSP1,Median,Eastern Africa,missing,SugarCrop,Sugar Crops,missing,missing,missing,missing,missing,missing,missing,%,Eastern AfricaSugar Crops
3007,1.11038,1.90977,8.48235,13.0304,15.7235,,,,-0.13666651282614156,1.005289545284482,-0.21576350380879153,-0.24280245844975717,-0.24231377223001457,SSP1,Upper CI,Eastern Africa,missing,SugarCrop,Sugar Crops,missing,missing,missing,missing,missing,missing,missing,%,Eastern AfricaSugar Crops
3045,10.724,19.2566,25.083,27.8979,30.3696,,,,0.15782830617337149,0.014608023358504418,0.2998955373390004,0.2999696660547526,0.29624466579090075,SSP1,Lower CI,Eastern Africa,missing,Wheat,Wheat,missing,missing,missing,missing,missing,missing,missing,%,Eastern AfricaWheat
3047,10.724,19.2566,25.083,27.8979,30.3696,,,,0.34804073437168126,0.39732402444057663,0.3697446838487534,0.32011074008993773,0.31658297140819985,SSP1,Median,Eastern Africa,missing,Wheat,Wheat,missing,missing,missing,missing,missing,missing,missing,%,Eastern AfricaWheat
3049,10.724,19.2566,25.083,27.8979,30.3696,,,,0.4304566325965248,1.0422855163247413,0.4844317024305676,0.3675424310375025,0.33610479596444315,SSP1,Upper CI,Eastern Africa,missing,Wheat,Wheat,missing,missing,missing,missing,missing,missing,missing,%,Eastern AfricaWheat
3969,13.1097,21.7038,24.4581,26.7655,27.7532,,,,-0.252169554842992,-0.495583395230052,-0.12934260449773136,-0.031256070056598126,0.012180727596472153,SSP1,Lower CI,Northern Africa,missing,Corn,Corn,missing,missing,missing,missing,missing,missing,missing,%,Northern AfricaCorn
3971,13.1097,21.7038,24.4581,26.7655,27.7532,,,,-0.05513494595721633,-0.0659754314660104,-0.027841511264598037,0.0033728519035646667,0.026573907738886408,SSP1,Median,Northern Africa,missing,Corn,Corn,missing,missing,missing,missing,missing,missing,missing,%,Northern AfricaCorn
3973,13.1097,21.7038,24.4581,26.7655,27.7532,,,,0.017029576265878407,0.2987064562563533,-0.014437527232716019,0.01172903272020516,0.03720155439603684,SSP1,Upper CI,Northern Africa,missing,Corn,Corn,missing,missing,missing,missing,missing,missing,missing,%,Northern AfricaCorn
4011,4.16428,7.61012,9.26992,11.3057,13.099,,,,0.5870149361698296,0.3304841867679187,0.5651320919627072,0.5885769554778538,0.5979335947375838,SSP1,Lower CI,Northern Africa,missing,FruitsVeg,Fruits,missing,missing,missing,missing,missing,missing,missing,%,Northern AfricaFruits
4013,4.16428,7.61012,9.26992,11.3057,13.099,,,,0.6022635578471776,0.568363713023347,0.5936333789575192,0.6083006056984266,0.6095470596689474,SSP1,Median,Northern Africa,missing,FruitsVeg,Fruits,missing,missing,missing,missing,missing,missing,missing,%,Northern AfricaFruits
4015,4.16428,7.61012,9.26992,11.3057,13.099,,,,0.627268297728879,0.7075103428450078,0.6117433441965607,0.625502615981255,0.6215565915656537,SSP1,Upper CI,Northern Africa,missing,FruitsVeg,Fruits,missing,missing,missing,missing,missing,missing,missing,%,Northern AfricaFruits
4053,3.75144,6.71701,7.95502,8.12733,9.42923,,,,0.20257582509538904,-0.05140253864274544,0.19033531653567928,0.20962489880684898,0.2159123661272326,SSP1,Lower CI,Northern Africa,missing,FruitsVeg,Vegetables,missing,missing,missing,missing,missing,missing,missing,%,Northern AfricaVegetables
4055,3.75144,6.71701,7.95502,8.12733,9.42923,,,,0.221109804907606,0.18861365621708812,0.22109898342925988,0.22909915227911934,0.2279780710155913,SSP1,Median,Northern Africa,missing,FruitsVeg,Vegetables,missing,missing,missing,missing,missing,missing,missing,%,Northern AfricaVegetables
4057,3.75144,6.71701,7.95502,8.12733,9.42923,,,,0.24768770841210916,0.3289800422632466,0.2385449922566261,0.2475113153263141,0.24138715813573144,SSP1,Upper CI,Northern Africa,missing,FruitsVeg,Vegetables,missing,missing,missing,missing,missing,missing,missing,%,Northern AfricaVegetables
4095,0.465486,0.966104,0.943095,0.837106,0.973457,,,,0.04283618527489008,-0.18914932063784926,0.04178008666495721,0.05608287150404404,0.05400193168501893,SSP1,Lower CI,Northern Africa,missing,MiscCrop,Other Crops,missing,missing,missing,missing,missing,missing,missing,%,Northern AfricaOther Crops
4097,0.465486,0.966104,0.943095,0.837106,0.973457,,,,0.05838447116374329,0.03606606083561114,0.06582887658989009,0.07276435390037175,0.06269451743722108,SSP1,Median,Northern Africa,missing,MiscCrop,Other Crops,missing,missing,missing,missing,missing,missing,missing,%,Northern AfricaOther Crops
4099,0.465486,0.966104,0.943095,0.837106,0.973457,,,,0.06729815805671935,0.16817296801391698,0.08450897672180939,0.08685249421820691,0.07097463925890862,SSP1,Upper CI,Northern Africa,missing,MiscCrop,Other Crops,missing,missing,missing,missing,missing,missing,missing,%,Northern AfricaOther Crops
4137,1.02182,0.303002,0.069827,0.0050794,0.00586354,,,,-1.2536874996281349,-0.9711659588193973,-0.754663411509215,-0.6543360029456037,-0.5743090727668063,SSP1,Lower CI,Northern Africa,missing,Oil,Fiber Crops,missing,missing,missing,missing,missing,missing,missing,%,Northern AfricaFiber Crops
4139,1.02182,0.303002,0.069827,0.0050794,0.00586354,,,,-1.0204959341165731,-0.8288654774846863,-0.6684662576687094,-0.6130195483013829,-0.5349427972779948,SSP1,Median,Northern Africa,missing,Oil,Fiber Crops,missing,missing,missing,missing,missing,missing,missing,%,Northern AfricaFiber Crops
4141,1.02182,0.303002,0.069827,0.0050794,0.00586354,,,,-0.8484603971369434,-0.7811962115236661,-0.6578002630145039,-0.5914811400256831,-0.5182175377462312,SSP1,Upper CI,Northern Africa,missing,Oil,Fiber Crops,missing,missing,missing,missing,missing,missing,missing,%,Northern AfricaFiber Crops
4179,3.43896,4.00978,5.18842,6.7543,7.79832,,,,-0.6299462219081307,-0.5625349905514964,-0.13062624698940212,-0.019820726791054316,0.0848307577975203,SSP1,Lower CI,Northern Africa,missing,Oil,Plant Oils,missing,missing,missing,missing,missing,missing,missing,%,Northern AfricaPlant Oils
4181,3.43896,4.00978,5.18842,6.7543,7.79832,,,,-0.37270187707755853,-0.036130004900092154,-0.001502855414011711,0.035482305658477084,0.13094165260375107,SSP1,Median,Northern Africa,missing,Oil,Plant Oils,missing,missing,missing,missing,missing,missing,missing,%,Northern AfricaPlant Oils
4183,3.43896,4.00978,5.18842,6.7543,7.79832,,,,-0.13356257709064373,0.032942425972461886,0.08704343998296275,0.13187011308096977,0.17282862313244585,SSP1,Upper CI,Northern Africa,missing,Oil,Plant Oils,missing,missing,missing,missing,missing,missing,missing,%,Northern AfricaPlant Oils
4221,0.0595831,0.156206,0.355505,0.467783,0.542254,,,,-0.10059242694653826,-0.0658548920329243,-0.004760127162458522,0.02621777216371786,0.038294171511228936,SSP1,Lower CI,Northern Africa,missing,Oil,Palm Oil,missing,missing,missing,missing,missing,missing,missing,%,Northern AfricaPalm Oil
4223,0.0595831,0.156206,0.355505,0.467783,0.542254,,,,0.0037157472529544384,0.0481674914224146,0.05573201641119277,0.06048376011041038,0.06552627983611181,SSP1,Median,Northern Africa,missing,Oil,Palm Oil,missing,missing,missing,missing,missing,missing,missing,%,Northern AfricaPalm Oil
4225,0.0595831,0.156206,0.355505,0.467783,0.542254,,,,0.04576375089142572,0.09217444965128613,0.11075325522001706,0.0899992857210987,0.08086099479937969,SSP1,Upper CI,Northern Africa,missing,Oil,Palm Oil,missing,missing,missing,missing,missing,missing,missing,%,Northern AfricaPalm Oil
4263,1.97113,4.97731,7.52927,9.73785,11.2987,,,,0.00639197490914549,-0.10165592081630756,0.13400591435096765,0.13868740672280938,0.16905573125617923,SSP1,Lower CI,Northern Africa,missing,Oil,Soybean,missing,missing,missing,missing,missing,missing,missing,%,Northern AfricaSoybean
4265,1.97113,4.97731,7.52927,9.73785,11.2987,,,,0.11417569560884158,0.18697168616528306,0.19856969996284027,0.1844787984642165,0.1957744556684555,SSP1,Median,Northern Africa,missing,Oil,Soybean,missing,missing,missing,missing,missing,missing,missing,%,Northern AfricaSoybean
4267,1.97113,4.97731,7.52927,9.73785,11.2987,,,,0.17254724551985262,0.4534629627960295,0.32594447891474215,0.2778058455116457,0.2527640226343445,SSP1,Upper CI,Northern Africa,missing,Oil,Soybean,missing,missing,missing,missing,missing,missing,missing,%,Northern AfricaSoybean
4305,7.51345,6.76551,6.47635,6.47365,6.73564,,,,0.23766235897403762,0.02607093526902765,0.4245127828295276,0.493061244034844,0.491587412731822,SSP1,Lower CI,Northern Africa,missing,OtherGrain,Other Grains,missing,missing,missing,missing,missing,missing,missing,%,Northern AfricaOther Grains
4307,7.51345,6.76551,6.47635,6.47365,6.73564,,,,0.5789941979491423,0.5700313418886155,0.5368514901088794,0.5178852923325701,0.4942805595272509,SSP1,Median,Northern Africa,missing,OtherGrain,Other Grains,missing,missing,missing,missing,missing,missing,missing,%,Northern AfricaOther Grains
4309,7.51345,6.76551,6.47635,6.47365,6.73564,,,,0.6801952730693317,0.7237713954460256,0.5337455107106246,0.5194324649558525,0.5007669208489011,SSP1,Upper CI,Northern Africa,missing,OtherGrain,Other Grains,missing,missing,missing,missing,missing,missing,missing,%,Northern AfricaOther Grains
4347,1.16197,1.88799,2.13574,2.65657,3.00952,,,,0.2048392251441858,-0.06772234153640329,0.03460511091570351,0.03162858934484955,-0.0036350446712970982,SSP1,Lower CI,Northern Africa,missing,Protein,Beef,missing,missing,missing,missing,missing,missing,missing,%,Northern AfricaBeef
4349,1.16197,1.88799,2.13574,2.65657,3.00952,,,,0.24534936035720753,0.11782708952836192,0.08134384697294866,0.0614243113182906,0.023742276989721443,SSP1,Median,Northern Africa,missing,Protein,Beef,missing,missing,missing,missing,missing,missing,missing,%,Northern AfricaBeef
4351,1.16197,1.88799,2.13574,2.65657,3.00952,,,,0.2639934975305457,0.22231539427029195,0.1157627922239233,0.10125215765491333,0.06038741730022023,SSP1,Upper CI,Northern Africa,missing,Protein,Beef,missing,missing,missing,missing,missing,missing,missing,%,Northern AfricaBeef
4389,5.60122,9.95243,10.5965,10.8207,12.2016,,,,0.5148168459808987,0.19955669007163787,0.4828734291949993,0.5162767028120212,0.5345811123453525,SSP1,Lower CI,Northern Africa,missing,Protein,Dairy,missing,missing,missing,missing,missing,missing,missing,%,Northern AfricaDairy
4391,5.60122,9.95243,10.5965,10.8207,12.2016,,,,0.5598875235512687,0.5097685426203687,0.5226438893207198,0.5404165099333055,0.5563895918600962,SSP1,Median,Northern Africa,missing,Protein,Dairy,missing,missing,missing,missing,missing,missing,missing,%,Northern AfricaDairy
4393,5.60122,9.95243,10.5965,10.8207,12.2016,,,,0.597703021454885,0.6502997179580035,0.5448145673337851,0.5695139751286638,0.5803911210065669,SSP1,Upper CI,Northern Africa,missing,Protein,Dairy,missing,missing,missing,missing,missing,missing,missing,%,Northern AfricaDairy
4431,1.05238,2.14731,2.74483,3.61718,4.10336,,,,0.1512859838624383,-0.276919329329442,0.048006016852600815,0.0716225193656508,0.0605623416807118,SSP1,Lower CI,Northern Africa,missing,Protein,Fish,missing,missing,missing,missing,missing,missing,missing,%,Northern AfricaFish
4433,1.05238,2.14731,2.74483,3.61718,4.10336,,,,0.20686596758186176,0.09469256073224759,0.09743954307540595,0.10171741648968945,0.08493914653471704,SSP1,Median,Northern Africa,missing,Protein,Fish,missing,missing,missing,missing,missing,missing,missing,%,Northern AfricaFish
4435,1.05238,2.14731,2.74483,3.61718,4.10336,,,,0.2577866899790521,0.31396100652073106,0.13794516648473215,0.14210615373123653,0.11663648382487711,SSP1,Upper CI,Northern Africa,missing,Protein,Fish,missing,missing,missing,missing,missing,missing,missing,%,Northern AfricaFish
4473,0.0123573,0.0111356,0.0071441,0.0060456,0.00685758,,,,0.29416293305975794,0.09773168019265219,0.37424679653850157,0.3951943192400549,0.39125099426262544,SSP1,Lower CI,Northern Africa,missing,Protein,Pork,missing,missing,missing,missing,missing,missing,missing,%,Northern AfricaPork
4475,0.0123573,0.0111356,0.0071441,0.0060456,0.00685758,,,,0.36036331801269933,0.40957593450204005,0.4415581937874549,0.463131264814989,0.4612039146298525,SSP1,Median,Northern Africa,missing,Protein,Pork,missing,missing,missing,missing,missing,missing,missing,%,Northern AfricaPork
4477,0.0123573,0.0111356,0.0071441,0.0060456,0.00685758,,,,0.5932147363271223,0.4891027633660837,0.505310527342389,0.5239743572584171,0.5198706103277164,SSP1,Upper CI,Northern Africa,missing,Protein,Pork,missing,missing,missing,missing,missing,missing,missing,%,Northern AfricaPork
4515,1.53435,2.93074,3.71979,4.9251,5.58222,,,,0.0898883052595378,-0.05777119864988245,0.012626195913826077,0.019392599328786227,0.020469461515000998,SSP1,Lower CI,Northern Africa,missing,Protein,Poultry,missing,missing,missing,missing,missing,missing,missing,%,Northern AfricaPoultry
4517,1.53435,2.93074,3.71979,4.9251,5.58222,,,,0.10793026517235749,0.060990420964635104,0.04691355403984113,0.04526864541033099,0.04513612044302132,SSP1,Median,Northern Africa,missing,Protein,Poultry,missing,missing,missing,missing,missing,missing,missing,%,Northern AfricaPoultry
4519,1.53435,2.93074,3.71979,4.9251,5.58222,,,,0.11905582289144205,0.22539255259866647,0.07525316294765527,0.07874423722772543,0.07776307392747649,SSP1,Upper CI,Northern Africa,missing,Protein,Poultry,missing,missing,missing,missing,missing,missing,missing,%,Northern AfricaPoultry
4557,0.816433,1.08482,1.23844,1.42169,1.60971,,,,0.2810656637543547,-0.11601553451913654,0.17493926070546448,0.20075946906252085,0.19754203300480097,SSP1,Lower CI,Northern Africa,missing,Protein,Sheep and Goat,missing,missing,missing,missing,missing,missing,missing,%,Northern AfricaSheep and Goat
4559,0.816433,1.08482,1.23844,1.42169,1.60971,,,,0.3130336984753604,0.21352279648474504,0.217555196455742,0.22383908094498697,0.21791128012882627,SSP1,Median,Northern Africa,missing,Protein,Sheep and Goat,missing,missing,missing,missing,missing,missing,missing,%,Northern AfricaSheep and Goat
4561,0.816433,1.08482,1.23844,1.42169,1.60971,,,,0.3523546494535349,0.4170506720042528,0.26136635908470074,0.27144045729588007,0.2574199021753372,SSP1,Upper CI,Northern Africa,missing,Protein,Sheep and Goat,missing,missing,missing,missing,missing,missing,missing,%,Northern AfricaSheep and Goat
4599,3.15219,4.1213,3.75822,3.78952,4.96509,,,,-0.04658942650760163,0.01627110244482402,0.12388851386101875,0.11626313397018179,0.11129902458421079,SSP1,Lower CI,Northern Africa,missing,Protein,Legumes,missing,missing,missing,missing,missing,missing,missing,%,Northern AfricaLegumes
4601,3.15219,4.1213,3.75822,3.78952,4.96509,,,,0.039250239993183264,0.11834076587448882,0.1756813658884642,0.16511509083983353,0.1522480287511765,SSP1,Median,Northern Africa,missing,Protein,Legumes,missing,missing,missing,missing,missing,missing,missing,%,Northern AfricaLegumes
4603,3.15219,4.1213,3.75822,3.78952,4.96509,,,,0.10517870603096065,0.34828230117776393,0.2525534612078234,0.20178923803188964,0.19388011294358773,SSP1,Upper CI,Northern Africa,missing,Protein,Legumes,missing,missing,missing,missing,missing,missing,missing,%,Northern AfricaLegumes
4641,0.575943,1.41068,1.86538,1.97559,2.56849,,,,-1.243046239145151,-1.0219827579341954,-0.7670827349924539,-0.8462082784690405,-0.8950462638680706,SSP1,Lower CI,Northern Africa,missing,Protein,Nuts and Seeds,missing,missing,missing,missing,missing,missing,missing,%,Northern AfricaNuts and Seeds
4643,0.575943,1.41068,1.86538,1.97559,2.56849,,,,-0.9747599893285834,-0.7993510537231732,-0.6990352523713576,-0.751477709631258,-0.8185364526955009,SSP1,Median,Northern Africa,missing,Protein,Nuts and Seeds,missing,missing,missing,missing,missing,missing,missing,%,Northern AfricaNuts and Seeds
4645,0.575943,1.41068,1.86538,1.97559,2.56849,,,,-0.7831069442030125,-0.0566576861321727,-0.5625422482790411,-0.6984553387614653,-0.7612656356723543,SSP1,Upper CI,Northern Africa,missing,Protein,Nuts and Seeds,missing,missing,missing,missing,missing,missing,missing,%,Northern AfricaNuts and Seeds
4683,7.30542,12.5605,13.2946,14.0422,14.4901,,,,-1.9303836286119356,-2.109892419007244,-1.6120421818596558,-1.4975017997175866,-1.423191433042422,SSP1,Lower CI,Northern Africa,missing,Rice,Rice,missing,missing,missing,missing,missing,missing,missing,%,Northern AfricaRice
4685,7.30542,12.5605,13.2946,14.0422,14.4901,,,,-1.676562138216481,-1.6483481410047427,-1.538285719030902,-1.46801749710979,-1.405816718863631,SSP1,Median,Northern Africa,missing,Rice,Rice,missing,missing,missing,missing,missing,missing,missing,%,Northern AfricaRice
4687,7.30542,12.5605,13.2946,14.0422,14.4901,,,,-1.5793567127999146,-1.4249975943690494,-1.485513321878703,-1.457807241102818,-1.4005927141332477,SSP1,Upper CI,Northern Africa,missing,Rice,Rice,missing,missing,missing,missing,missing,missing,missing,%,Northern AfricaRice
4725,2.42319,4.1154,5.17383,5.76874,5.9801,,,,0.001203385180302191,-0.6305837863904002,-0.06926784565136565,0.04446090656498718,0.08603092102847144,SSP1,Lower CI,Northern Africa,missing,RootTuber,Roots and Tubers,missing,missing,missing,missing,missing,missing,missing,%,Northern AfricaRoots and Tubers
4727,2.42319,4.1154,5.17383,5.76874,5.9801,,,,0.057799291050860804,-0.007963237821884328,0.01734442724567827,0.09139648027129138,0.11463537986648385,SSP1,Median,Northern Africa,missing,RootTuber,Roots and Tubers,missing,missing,missing,missing,missing,missing,missing,%,Northern AfricaRoots and Tubers
4729,2.42319,4.1154,5.17383,5.76874,5.9801,,,,0.2453859815312414,0.32167261566813554,0.10726275028628532,0.1329927406971372,0.14347382256775035,SSP1,Upper CI,Northern Africa,missing,RootTuber,Roots and Tubers,missing,missing,missing,missing,missing,missing,missing,%,Northern AfricaRoots and Tubers
4767,1.8968,2.99135,9.32895,14.2947,16.4616,,,,-0.8908269587789195,-1.334843183972152,-0.991669884604287,-1.0117536884554281,-0.9811917004271201,SSP1,Lower CI,Northern Africa,missing,SugarCrop,Sugar Crops,missing,missing,missing,missing,missing,missing,missing,%,Northern AfricaSugar Crops
4769,1.8968,2.99135,9.32895,14.2947,16.4616,,,,-0.8592738574267376,-0.9289220507864931,-0.9758299243694025,-0.9766914332931856,-0.9584579914795933,SSP1,Median,Northern Africa,missing,SugarCrop,Sugar Crops,missing,missing,missing,missing,missing,missing,missing,%,Northern AfricaSugar Crops
4771,1.8968,2.99135,9.32895,14.2947,16.4616,,,,-0.7965435135721834,0.14035410771330625,-0.9535447097794488,-0.9647212532481181,-0.9396261179146487,SSP1,Upper CI,Northern Africa,missing,SugarCrop,Sugar Crops,missing,missing,missing,missing,missing,missing,missing,%,Northern AfricaSugar Crops
4809,67.7341,83.7821,83.5762,85.7957,89.581,,,,0.18622341308211998,0.07870901804671601,0.20404042815096643,0.18607512360900522,0.1686614973999149,SSP1,Lower CI,Northern Africa,missing,Wheat,Wheat,missing,missing,missing,missing,missing,missing,missing,%,Northern AfricaWheat
4811,67.7341,83.7821,83.5762,85.7957,89.581,,,,0.22628543102960247,0.23564423738147441,0.2178306275200188,0.19280456226201567,0.17459380515643882,SSP1,Median,Northern Africa,missing,Wheat,Wheat,missing,missing,missing,missing,missing,missing,missing,%,Northern AfricaWheat
4813,67.7341,83.7821,83.5762,85.7957,89.581,,,,0.36508107004647494,0.5163447394991035,0.26497679741500163,0.208250467218246,0.18143085698662173,SSP1,Upper CI,Northern Africa,missing,Wheat,Wheat,missing,missing,missing,missing,missing,missing,missing,%,Northern AfricaWheat
5733,24.813,33.285,34.8272,37.9047,40.8664,,,,0.10402427801612123,-0.10798473428775042,0.05627711567003277,0.07838851948650842,0.08240544343068607,SSP1,Lower CI,Southern Africa,missing,Corn,Corn,missing,missing,missing,missing,missing,missing,missing,%,Southern AfricaCorn
5735,24.813,33.285,34.8272,37.9047,40.8664,,,,0.11912388655165532,0.08904523038639989,0.08001295996583857,0.08795934306497726,0.0872322936137614,SSP1,Median,Southern Africa,missing,Corn,Corn,missing,missing,missing,missing,missing,missing,missing,%,Southern AfricaCorn
5737,24.813,33.285,34.8272,37.9047,40.8664,,,,0.15650439875736627,0.16325695386994424,0.09742679261002424,0.10479324222285348,0.09924177943474505,SSP1,Upper CI,Southern Africa,missing,Corn,Corn,missing,missing,missing,missing,missing,missing,missing,%,Southern AfricaCorn
5775,1.33349,2.95675,3.6778,5.21445,6.39545,,,,-0.09838664680036828,-0.20560606455489872,-0.1704225456778044,-0.16001214924661256,-0.15702208020643416,SSP1,Lower CI,Southern Africa,missing,FruitsVeg,Fruits,missing,missing,missing,missing,missing,missing,missing,%,Southern AfricaFruits
5777,1.33349,2.95675,3.6778,5.21445,6.39545,,,,-0.08008668142705548,-0.11513792768568232,-0.13578136736732305,-0.13971023382954872,-0.14155761958672017,SSP1,Median,Southern Africa,missing,FruitsVeg,Fruits,missing,missing,missing,missing,missing,missing,missing,%,Southern AfricaFruits
5779,1.33349,2.95675,3.6778,5.21445,6.39545,,,,-0.045859112744732575,-0.045800986956420556,-0.11674940441900122,-0.11789277951598857,-0.12384011673085622,SSP1,Upper CI,Southern Africa,missing,FruitsVeg,Fruits,missing,missing,missing,missing,missing,missing,missing,%,Southern AfricaFruits
5817,0.534345,0.680045,1.0387,1.51997,1.86136,,,,-0.16697036261612014,-0.27878761465909707,-0.24514271034740984,-0.23831389649110898,-0.2386838500016621,SSP1,Lower CI,Southern Africa,missing,FruitsVeg,Vegetables,missing,missing,missing,missing,missing,missing,missing,%,Southern AfricaVegetables
5819,0.534345,0.680045,1.0387,1.51997,1.86136,,,,-0.14822361583734672,-0.1838622253443967,-0.2117745802217127,-0.2190051447958537,-0.22356649591781844,SSP1,Median,Southern Africa,missing,FruitsVeg,Vegetables,missing,missing,missing,missing,missing,missing,missing,%,Southern AfricaVegetables
5821,0.534345,0.680045,1.0387,1.51997,1.86136,,,,-0.11476676876653485,-0.1169762152637269,-0.19558585187759656,-0.19936650762642813,-0.20790020821761657,SSP1,Upper CI,Southern Africa,missing,FruitsVeg,Vegetables,missing,missing,missing,missing,missing,missing,missing,%,Southern AfricaVegetables
5859,0.0449481,0.152493,0.191099,0.193953,0.238028,,,,-0.035232049923930614,-0.11587110372737283,-0.0845516917071085,-0.07320018099433007,-0.06797735073923658,SSP1,Lower CI,Southern Africa,missing,MiscCrop,Other Crops,missing,missing,missing,missing,missing,missing,missing,%,Southern AfricaOther Crops
5861,0.0449481,0.152493,0.191099,0.193953,0.238028,,,,-0.023388702750875495,-0.04252109382423933,-0.05382663447289601,-0.054755970652502636,-0.055405916126394936,SSP1,Median,Southern Africa,missing,MiscCrop,Other Crops,missing,missing,missing,missing,missing,missing,missing,%,Southern AfricaOther Crops
5863,0.0449481,0.152493,0.191099,0.193953,0.238028,,,,-0.0051638819829821075,0.018375444725226182,-0.03680412513669224,-0.03683847708211258,-0.04308149240898154,SSP1,Upper CI,Southern Africa,missing,MiscCrop,Other Crops,missing,missing,missing,missing,missing,missing,missing,%,Southern AfricaOther Crops
5901,0.29762,0.369839,0.497586,0.451173,0.554298,,,,-0.703428283769397,-0.856057440941112,-0.5658662851703565,-0.5383505469458653,-0.5292113337091447,SSP1,Lower CI,Southern Africa,missing,Oil,Fiber Crops,missing,missing,missing,missing,missing,missing,missing,%,Southern AfricaFiber Crops
5903,0.29762,0.369839,0.497586,0.451173,0.554298,,,,-0.630689961455755,-0.561759012883807,-0.5286006801060733,-0.5144180824018647,-0.5095890131731973,SSP1,Median,Southern Africa,missing,Oil,Fiber Crops,missing,missing,missing,missing,missing,missing,missing,%,Southern AfricaFiber Crops
5905,0.29762,0.369839,0.497586,0.451173,0.554298,,,,-0.5951109346919625,-0.46889787663986404,-0.48872574608923813,-0.49358166723913477,-0.49233150865764513,SSP1,Upper CI,Southern Africa,missing,Oil,Fiber Crops,missing,missing,missing,missing,missing,missing,missing,%,Southern AfricaFiber Crops
5943,1.75011,2.26044,3.87017,4.37564,5.34465,,,,0.07401140669934445,-0.6835317311908479,0.18017106555242068,0.16729626853107277,0.19794747674574598,SSP1,Lower CI,Southern Africa,missing,Oil,Plant Oils,missing,missing,missing,missing,missing,missing,missing,%,Southern AfricaPlant Oils
5945,1.75011,2.26044,3.87017,4.37564,5.34465,,,,0.19995349732663228,0.21125576983318076,0.2700522549710436,0.27325328644844277,0.24637063672781276,SSP1,Median,Southern Africa,missing,Oil,Plant Oils,missing,missing,missing,missing,missing,missing,missing,%,Southern AfricaPlant Oils
5947,1.75011,2.26044,3.87017,4.37564,5.34465,,,,0.25654294635625374,0.5324518473101306,0.3971463867014666,0.4231508643743788,0.30291324218984683,SSP1,Upper CI,Southern Africa,missing,Oil,Plant Oils,missing,missing,missing,missing,missing,missing,missing,%,Southern AfricaPlant Oils
5985,0.586548,1.46408,2.68816,4.52335,5.53781,,,,-0.13367088953501882,-0.12290890730397519,-0.15035228509609866,-0.14124768610215507,-0.1459190155440886,SSP1,Lower CI,Southern Africa,missing,Oil,Palm Oil,missing,missing,missing,missing,missing,missing,missing,%,Southern AfricaPalm Oil
5987,0.586548,1.46408,2.68816,4.52335,5.53781,,,,-0.11852414709186546,-0.11546353056690822,-0.11848341151081504,-0.12639277397541446,-0.13207969480590215,SSP1,Median,Southern Africa,missing,Oil,Palm Oil,missing,missing,missing,missing,missing,missing,missing,%,Southern AfricaPalm Oil
5989,0.586548,1.46408,2.68816,4.52335,5.53781,,,,-0.09743180948380295,-0.08502946891517843,-0.08437968197369997,-0.1072752542439763,-0.11888840111627343,SSP1,Upper CI,Southern Africa,missing,Oil,Palm Oil,missing,missing,missing,missing,missing,missing,missing,%,Southern AfricaPalm Oil
6027,0.628582,1.17766,1.9245,2.50076,3.0562,,,,0.19692040973501165,0.12162354580125845,0.3363547509611896,0.2941017967539532,0.32564448222374553,SSP1,Lower CI,Southern Africa,missing,Oil,Soybean,missing,missing,missing,missing,missing,missing,missing,%,Southern AfricaSoybean
6029,0.628582,1.17766,1.9245,2.50076,3.0562,,,,0.32293030507509335,0.45711141073598127,0.4153347581717812,0.3801253674822336,0.3626680408705242,SSP1,Median,Southern Africa,missing,Oil,Soybean,missing,missing,missing,missing,missing,missing,missing,%,Southern AfricaSoybean
6031,0.628582,1.17766,1.9245,2.50076,3.0562,,,,0.4475115091839236,1.0103825277319924,0.5274375009248343,0.4670666720769443,0.41872709582255485,SSP1,Upper CI,Southern Africa,missing,Oil,Soybean,missing,missing,missing,missing,missing,missing,missing,%,Southern AfricaSoybean
6069,2.14267,2.57722,3.72765,4.18978,4.51663,,,,0.08675882843388295,-0.12289317231417954,0.05029761761743562,0.06944454486549512,0.07454511341130135,SSP1,Lower CI,Southern Africa,missing,OtherGrain,Other Grains,missing,missing,missing,missing,missing,missing,missing,%,Southern AfricaOther Grains
6071,2.14267,2.57722,3.72765,4.18978,4.51663,,,,0.12505461769568388,0.08845769566883335,0.07805636022737061,0.0833295860952119,0.086853883553198,SSP1,Median,Southern Africa,missing,OtherGrain,Other Grains,missing,missing,missing,missing,missing,missing,missing,%,Southern AfricaOther Grains
6073,2.14267,2.57722,3.72765,4.18978,4.51663,,,,0.15415675085287256,0.14467469092511467,0.09315880841290017,0.09051768745092284,0.09528565069209968,SSP1,Upper CI,Southern Africa,missing,OtherGrain,Other Grains,missing,missing,missing,missing,missing,missing,missing,%,Southern AfricaOther Grains
6111,0.608487,0.714172,1.24281,1.69855,1.92266,,,,-0.09430684851376167,-0.3984350399269335,-0.4803015131921316,-0.5172085972580727,-0.5651929414751529,SSP1,Lower CI,Southern Africa,missing,Protein,Beef,missing,missing,missing,missing,missing,missing,missing,%,Southern AfricaBeef
6113,0.608487,0.714172,1.24281,1.69855,1.92266,,,,-0.06931572473936301,-0.2766690583667594,-0.395559272485883,-0.4618176270446435,-0.5248851608677382,SSP1,Median,Southern Africa,missing,Protein,Beef,missing,missing,missing,missing,missing,missing,missing,%,Southern AfricaBeef
6115,0.608487,0.714172,1.24281,1.69855,1.92266,,,,0.004803671186528691,0.03223124445309258,-0.3312431312526,-0.38983703351179466,-0.4451534399977843,SSP1,Upper CI,Southern Africa,missing,Protein,Beef,missing,missing,missing,missing,missing,missing,missing,%,Southern AfricaBeef
6153,1.68199,2.77572,2.66319,2.74832,3.12155,,,,-0.07700948015082562,-0.2200385160418173,-0.29119677218855694,-0.2797546776163775,-0.2873590882878249,SSP1,Lower CI,Southern Africa,missing,Protein,Dairy,missing,missing,missing,missing,missing,missing,missing,%,Southern AfricaDairy
6155,1.68199,2.77572,2.66319,2.74832,3.12155,,,,-0.03962977721428904,-0.1339180601096057,-0.2060645058206591,-0.22782424987764616,-0.2438761653792414,SSP1,Median,Southern Africa,missing,Protein,Dairy,missing,missing,missing,missing,missing,missing,missing,%,Southern AfricaDairy
6157,1.68199,2.77572,2.66319,2.74832,3.12155,,,,0.05322491394444309,0.023320655730629455,-0.15250683347101612,-0.17459950492982446,-0.19102162597141092,SSP1,Upper CI,Southern Africa,missing,Protein,Dairy,missing,missing,missing,missing,missing,missing,missing,%,Southern AfricaDairy
6195,0.974803,1.15567,1.50875,2.18396,2.5029,,,,-0.11629876265064099,-0.2688439087165473,-0.34997525458883705,-0.3259483776901711,-0.3336321958473169,SSP1,Lower CI,Southern Africa,missing,Protein,Fish,missing,missing,missing,missing,missing,missing,missing,%,Southern AfricaFish
6197,0.974803,1.15567,1.50875,2.18396,2.5029,,,,-0.08199917192303743,-0.1508547931712445,-0.2498927369553594,-0.26993072711726296,-0.2886778586215349,SSP1,Median,Southern Africa,missing,Protein,Fish,missing,missing,missing,missing,missing,missing,missing,%,Southern AfricaFish
6199,0.974803,1.15567,1.50875,2.18396,2.5029,,,,0.03167823857821825,-0.008401733348271406,-0.1860265580110547,-0.20658625773482392,-0.22689987035527076,SSP1,Upper CI,Southern Africa,missing,Protein,Fish,missing,missing,missing,missing,missing,missing,missing,%,Southern AfricaFish
6237,0.383608,0.781437,1.22577,1.94224,2.22072,,,,0.11486266934031103,-0.05125001779775172,-0.04495432018611159,-0.02649129730580774,-0.0202042444349171,SSP1,Lower CI,Southern Africa,missing,Protein,Pork,missing,missing,missing,missing,missing,missing,missing,%,Southern AfricaPork
6239,0.383608,0.781437,1.22577,1.94224,2.22072,,,,0.20823093560907766,0.11911346519268534,0.042016278423199965,0.0429555984524645,0.03019274028031708,SSP1,Median,Southern Africa,missing,Protein,Pork,missing,missing,missing,missing,missing,missing,missing,%,Southern AfricaPork
6241,0.383608,0.781437,1.22577,1.94224,2.22072,,,,0.22963296459325627,0.2824789011515635,0.09096429043115195,0.08765069128178712,0.08452790851036619,SSP1,Upper CI,Southern Africa,missing,Protein,Pork,missing,missing,missing,missing,missing,missing,missing,%,Southern AfricaPork
6279,0.307769,0.715553,1.03621,1.28309,1.47122,,,,0.10656753501968266,-0.2227186955844535,-0.3106540790930491,-0.3179274771419329,-0.3133782619417774,SSP1,Lower CI,Southern Africa,missing,Protein,Poultry,missing,missing,missing,missing,missing,missing,missing,%,Southern AfricaPoultry
6281,0.307769,0.715553,1.03621,1.28309,1.47122,,,,0.245512696385252,-0.00425155988551898,-0.12022573584162916,-0.15698886924984487,-0.18723445374792544,SSP1,Median,Southern Africa,missing,Protein,Poultry,missing,missing,missing,missing,missing,missing,missing,%,Southern AfricaPoultry
6283,0.307769,0.715553,1.03621,1.28309,1.47122,,,,0.30319905866431995,0.13176680707067778,-0.05153680642692163,-0.07016150226486907,-0.08391967629850847,SSP1,Upper CI,Southern Africa,missing,Protein,Poultry,missing,missing,missing,missing,missing,missing,missing,%,Southern AfricaPoultry
6321,0.115748,0.162949,0.245541,0.303811,0.34666,,,,0.0842562371257152,-0.08995452214684702,-0.18807702480100963,-0.16282769041794237,-0.1458955284826829,SSP1,Lower CI,Southern Africa,missing,Protein,Sheep and Goat,missing,missing,missing,missing,missing,missing,missing,%,Southern AfricaSheep and Goat
6323,0.115748,0.162949,0.245541,0.303811,0.34666,,,,0.10200219012079284,-0.010377642407202663,-0.11346142545370905,-0.12595834165312259,-0.1223230902307578,SSP1,Median,Southern Africa,missing,Protein,Sheep and Goat,missing,missing,missing,missing,missing,missing,missing,%,Southern AfricaSheep and Goat
6325,0.115748,0.162949,0.245541,0.303811,0.34666,,,,0.2026995729038056,0.165596004581527,-0.029920450816044053,-0.041574767719419294,-0.039865980815120876,SSP1,Upper CI,Southern Africa,missing,Protein,Sheep and Goat,missing,missing,missing,missing,missing,missing,missing,%,Southern AfricaSheep and Goat
6363,2.76351,5.11255,5.90922,6.65654,8.94432,,,,-0.04909747797438799,-0.33963182553714977,0.039368180794820094,0.05302629876276727,0.062288106660479015,SSP1,Lower CI,Southern Africa,missing,Protein,Legumes,missing,missing,missing,missing,missing,missing,missing,%,Southern AfricaLegumes
6365,2.76351,5.11255,5.90922,6.65654,8.94432,,,,0.01434337230874644,0.06123970725123034,0.08057245282088996,0.09211070685252842,0.11141285404837835,SSP1,Median,Southern Africa,missing,Protein,Legumes,missing,missing,missing,missing,missing,missing,missing,%,Southern AfricaLegumes
6367,2.76351,5.11255,5.90922,6.65654,8.94432,,,,0.038055358022410016,0.18152972812932178,0.14645706663166674,0.16184137973309598,0.1652920617797479,SSP1,Upper CI,Southern Africa,missing,Protein,Legumes,missing,missing,missing,missing,missing,missing,missing,%,Southern AfricaLegumes
6405,0.89274,2.12517,2.94914,4.12853,5.51396,,,,-0.35460104610315263,-0.29712184665610797,-0.23945169812901262,-0.278452057355355,-0.25264422677104,SSP1,Lower CI,Southern Africa,missing,Protein,Nuts and Seeds,missing,missing,missing,missing,missing,missing,missing,%,Southern AfricaNuts and Seeds
6407,0.89274,2.12517,2.94914,4.12853,5.51396,,,,-0.17678294355574603,-0.16936482873051792,-0.2048377471900191,-0.20193846533232676,-0.19649040230563497,SSP1,Median,Southern Africa,missing,Protein,Nuts and Seeds,missing,missing,missing,missing,missing,missing,missing,%,Southern AfricaNuts and Seeds
6409,0.89274,2.12517,2.94914,4.12853,5.51396,,,,-0.04196356015255176,0.03826547879392064,-0.12467939289288421,-0.17012420512792048,-0.1647655545048243,SSP1,Upper CI,Southern Africa,missing,Protein,Nuts and Seeds,missing,missing,missing,missing,missing,missing,missing,%,Southern AfricaNuts and Seeds
6447,2.66978,5.66145,7.13586,9.18397,9.86017,,,,-0.7515378685583362,-0.7553119492704707,-0.6284560679270752,-0.4983516968825006,-0.4943833145280961,SSP1,Lower CI,Southern Africa,missing,Rice,Rice,missing,missing,missing,missing,missing,missing,missing,%,Southern AfricaRice
6449,2.66978,5.66145,7.13586,9.18397,9.86017,,,,-0.6821755170655861,-0.569748810383055,-0.5103365421223534,-0.4702169208384045,-0.4667481586725586,SSP1,Median,Southern Africa,missing,Rice,Rice,missing,missing,missing,missing,missing,missing,missing,%,Southern AfricaRice
6451,2.66978,5.66145,7.13586,9.18397,9.86017,,,,-0.6248892058820225,-0.065676819623534,-0.17007906199410402,-0.42471198686500167,-0.45632569896570035,SSP1,Upper CI,Southern Africa,missing,Rice,Rice,missing,missing,missing,missing,missing,missing,missing,%,Southern AfricaRice
6489,11.7668,16.8945,21.286,22.3032,23.8671,,,,0.0740449785383516,-0.07890434078015732,-0.07773356265502099,-0.005419984866270662,0.011538468538114377,SSP1,Lower CI,Southern Africa,missing,RootTuber,Roots and Tubers,missing,missing,missing,missing,missing,missing,missing,%,Southern AfricaRoots and Tubers
6491,11.7668,16.8945,21.286,22.3032,23.8671,,,,0.10787370879144641,0.019986184917845352,0.004500278655525284,0.023252871479140777,0.02371209444285318,SSP1,Median,Southern Africa,missing,RootTuber,Roots and Tubers,missing,missing,missing,missing,missing,missing,missing,%,Southern AfricaRoots and Tubers
6493,11.7668,16.8945,21.286,22.3032,23.8671,,,,0.1694618040315548,0.12177529182030356,0.054302962043670966,0.04008332114245539,0.038916589562098536,SSP1,Upper CI,Southern Africa,missing,RootTuber,Roots and Tubers,missing,missing,missing,missing,missing,missing,missing,%,Southern AfricaRoots and Tubers
6531,0.476173,0.819943,4.12431,7.27644,8.87435,,,,0.16703189283463032,-0.035552489720584335,0.3503423030108747,0.336126168608956,0.35694507849771484,SSP1,Lower CI,Southern Africa,missing,SugarCrop,Sugar Crops,missing,missing,missing,missing,missing,missing,missing,%,Southern AfricaSugar Crops
6533,0.476173,0.819943,4.12431,7.27644,8.87435,,,,0.195306986484836,0.2835552553529467,0.36315827635506875,0.38003692738209555,0.386707624561857,SSP1,Median,Southern Africa,missing,SugarCrop,Sugar Crops,missing,missing,missing,missing,missing,missing,missing,%,Southern AfricaSugar Crops
6535,0.476173,0.819943,4.12431,7.27644,8.87435,,,,0.2326136170823246,1.1557419108674472,0.3871538987230944,0.4046730860104933,0.40854281180823304,SSP1,Upper CI,Southern Africa,missing,SugarCrop,Sugar Crops,missing,missing,missing,missing,missing,missing,missing,%,Southern AfricaSugar Crops
6573,3.62989,8.0571,8.9488,9.81566,10.5405,,,,-0.37052484404379166,-0.35435319973306567,-0.07579228371476561,-0.04714203823116462,-0.01255026833734742,SSP1,Lower CI,Southern Africa,missing,Wheat,Wheat,missing,missing,missing,missing,missing,missing,missing,%,Southern AfricaWheat
6575,3.62989,8.0571,8.9488,9.81566,10.5405,,,,-0.14728830174764512,0.09599100887338353,0.09301753424338836,0.004551177962038804,0.022507990167700463,SSP1,Median,Southern Africa,missing,Wheat,Wheat,missing,missing,missing,missing,missing,missing,missing,%,Southern AfricaWheat
6577,3.62989,8.0571,8.9488,9.81566,10.5405,,,,0.011573585112845897,0.8163587058553677,0.23674215375399527,0.08243362874388874,0.044772233209002255,SSP1,Upper CI,Southern Africa,missing,Wheat,Wheat,missing,missing,missing,missing,missing,missing,missing,%,Southern AfricaWheat
7497,19.8843,27.341,37.4724,45.7606,49.6681,,,,0.16058172957495537,0.10915613224019276,-0.05541607674747723,0.044472142897302766,0.0877696082647671,SSP1,Lower CI,Western Africa,missing,Corn,Corn,missing,missing,missing,missing,missing,missing,missing,%,Western AfricaCorn
7499,19.8843,27.341,37.4724,45.7606,49.6681,,,,0.17910269023366257,0.1658457487093501,0.17755715093053093,0.18898257487770823,0.18567203389946102,SSP1,Median,Western Africa,missing,Corn,Corn,missing,missing,missing,missing,missing,missing,missing,%,Western AfricaCorn
7501,19.8843,27.341,37.4724,45.7606,49.6681,,,,0.2161539730016993,0.32319027609903356,0.2587051943250913,0.23414088304490932,0.2196108880472546,SSP1,Upper CI,Western Africa,missing,Corn,Corn,missing,missing,missing,missing,missing,missing,missing,%,Western AfricaCorn
7539,8.81202,12.4004,15.5406,18.7086,22.9835,,,,-0.05730942512986478,-0.9415867694928348,-0.07889664453194427,-0.08045939293808149,-0.08810101988374325,SSP1,Lower CI,Western Africa,missing,FruitsVeg,Fruits,missing,missing,missing,missing,missing,missing,missing,%,Western AfricaFruits
7541,8.81202,12.4004,15.5406,18.7086,22.9835,,,,-0.028391854205124623,-0.04736159233782185,-0.054197445609653436,-0.06122823570743269,-0.07111270458812859,SSP1,Median,Western Africa,missing,FruitsVeg,Fruits,missing,missing,missing,missing,missing,missing,missing,%,Western AfricaFruits
7543,8.81202,12.4004,15.5406,18.7086,22.9835,,,,0.0030815392116557566,0.23200783302115696,-0.03665261788589669,-0.0065974561191779815,-0.041883316923784636,SSP1,Upper CI,Western Africa,missing,FruitsVeg,Fruits,missing,missing,missing,missing,missing,missing,missing,%,Western AfricaFruits
7581,2.702,5.43731,6.29871,7.93129,9.74092,,,,-0.07561120153932228,-0.9678993133873908,-0.09862591062380183,-0.10025558807291095,-0.1071385047652898,SSP1,Lower CI,Western Africa,missing,FruitsVeg,Vegetables,missing,missing,missing,missing,missing,missing,missing,%,Western AfricaVegetables
7583,2.702,5.43731,6.29871,7.93129,9.74092,,,,-0.04725724436465901,-0.0672703952538133,-0.07393638681190264,-0.0807159907943059,-0.09021810200785567,SSP1,Median,Western Africa,missing,FruitsVeg,Vegetables,missing,missing,missing,missing,missing,missing,missing,%,Western AfricaVegetables
7585,2.702,5.43731,6.29871,7.93129,9.74092,,,,-0.01536390966475926,0.2139988135955091,-0.05557491578173851,-0.02500963982645875,-0.06015078504337542,SSP1,Upper CI,Western Africa,missing,FruitsVeg,Vegetables,missing,missing,missing,missing,missing,missing,missing,%,Western AfricaVegetables
7623,0.416325,0.959525,1.73581,1.55956,1.91912,,,,-0.01895079259372327,-0.8814012423841413,-0.028981478572417355,-0.031060531500331025,-0.03787662021618871,SSP1,Lower CI,Western Africa,missing,MiscCrop,Other Crops,missing,missing,missing,missing,missing,missing,missing,%,Western AfricaOther Crops
7625,0.416325,0.959525,1.73581,1.55956,1.91912,,,,0.006276019184266656,-0.001794097383728496,-0.006303205069466378,-0.013630189246089736,-0.023985128877456248,SSP1,Median,Western Africa,missing,MiscCrop,Other Crops,missing,missing,missing,missing,missing,missing,missing,%,Western AfricaOther Crops
7627,0.416325,0.959525,1.73581,1.55956,1.91912,,,,0.023666108594603486,0.2680059916934918,0.004561166534257291,0.03609042589847231,0.0001556468562830815,SSP1,Upper CI,Western Africa,missing,MiscCrop,Other Crops,missing,missing,missing,missing,missing,missing,missing,%,Western AfricaOther Crops
7665,0.564917,1.03499,1.18649,1.71364,2.11675,,,,-0.211129375374425,-0.5182124610822972,-0.14019356904272845,-0.10167544774092913,-0.09859513689161775,SSP1,Lower CI,Western Africa,missing,Oil,Fiber Crops,missing,missing,missing,missing,missing,missing,missing,%,Western AfricaFiber Crops
7667,0.564917,1.03499,1.18649,1.71364,2.11675,,,,-0.14507616196261655,-0.0786232186559317,-0.0695984346656618,-0.06712911071927792,-0.06927876000869786,SSP1,Median,Western Africa,missing,Oil,Fiber Crops,missing,missing,missing,missing,missing,missing,missing,%,Western AfricaFiber Crops
7669,0.564917,1.03499,1.18649,1.71364,2.11675,,,,-0.10082010589001272,0.039032765945113984,-0.04737889389030058,-0.048879248602503006,-0.05184795114122164,SSP1,Upper CI,Western Africa,missing,Oil,Fiber Crops,missing,missing,missing,missing,missing,missing,missing,%,Western AfricaFiber Crops
7707,2.79187,4.71748,6.11155,7.24403,8.89965,,,,0.18366468789627163,-0.34517600554539635,-0.03332190572647262,0.027885167563293595,0.10166762903960354,SSP1,Lower CI,Western Africa,missing,Oil,Plant Oils,missing,missing,missing,missing,missing,missing,missing,%,Western AfricaPlant Oils
7709,2.79187,4.71748,6.11155,7.24403,8.89965,,,,0.29355974922690364,0.34698873968952887,0.3500552506393556,0.30710211806221976,0.26806819969351753,SSP1,Median,Western Africa,missing,Oil,Plant Oils,missing,missing,missing,missing,missing,missing,missing,%,Western AfricaPlant Oils
7711,2.79187,4.71748,6.11155,7.24403,8.89965,,,,0.34753866784764587,0.5601797115791022,0.5211087101735796,0.425366556722512,0.3413797705880241,SSP1,Upper CI,Western Africa,missing,Oil,Plant Oils,missing,missing,missing,missing,missing,missing,missing,%,Western AfricaPlant Oils
7749,9.73446,11.2132,17.3552,24.7455,30.4413,,,,-0.02120411968540035,-0.5209577138130521,-0.08623288845460796,-0.027018188174572376,-0.044315443956878704,SSP1,Lower CI,Western Africa,missing,Oil,Palm Oil,missing,missing,missing,missing,missing,missing,missing,%,Western AfricaPalm Oil
7751,9.73446,11.2132,17.3552,24.7455,30.4413,,,,-0.011033441474072222,-0.00012418796578762082,-0.00707211269349627,-0.017546595943279737,-0.032009389392436874,SSP1,Median,Western Africa,missing,Oil,Palm Oil,missing,missing,missing,missing,missing,missing,missing,%,Western AfricaPalm Oil
7753,9.73446,11.2132,17.3552,24.7455,30.4413,,,,0.007930806633868456,0.1384753375953109,0.02174209237837811,-0.006227993612701786,-0.02176241835616128,SSP1,Upper CI,Western Africa,missing,Oil,Palm Oil,missing,missing,missing,missing,missing,missing,missing,%,Western AfricaPalm Oil
7791,1.01085,3.23158,2.69033,2.31555,2.84991,,,,-0.03401249832315756,-0.4798989871606276,0.07100585288261047,0.06898154705146055,0.10402670819878121,SSP1,Lower CI,Western Africa,missing,Oil,Soybean,missing,missing,missing,missing,missing,missing,missing,%,Western AfricaSoybean
7793,1.01085,3.23158,2.69033,2.31555,2.84991,,,,0.10503406494140775,0.21239040506688814,0.19779168862736302,0.1781321377596584,0.16363071965891068,SSP1,Median,Western Africa,missing,Oil,Soybean,missing,missing,missing,missing,missing,missing,missing,%,Western AfricaSoybean
7795,1.01085,3.23158,2.69033,2.31555,2.84991,,,,0.17960383455917134,2.8910885439129785,0.6311810155864641,0.23568830438996569,0.20838620846397335,SSP1,Upper CI,Western Africa,missing,Oil,Soybean,missing,missing,missing,missing,missing,missing,missing,%,Western AfricaSoybean
7833,40.7443,58.9316,56.2399,54.8499,59.6255,,,,0.20381251425544855,-0.5906929701539491,0.10455936721879136,0.17766901701528587,0.18317657821788097,SSP1,Lower CI,Western Africa,missing,OtherGrain,Other Grains,missing,missing,missing,missing,missing,missing,missing,%,Western AfricaOther Grains
7835,40.7443,58.9316,56.2399,54.8499,59.6255,,,,0.25651889609357115,0.18677105400815497,0.1810914040014178,0.1913905926142808,0.1943344935448307,SSP1,Median,Western Africa,missing,OtherGrain,Other Grains,missing,missing,missing,missing,missing,missing,missing,%,Western AfricaOther Grains
7837,40.7443,58.9316,56.2399,54.8499,59.6255,,,,0.2722896509781623,0.4406358184926427,0.21521750258301606,0.2210111252531216,0.21666177918207252,SSP1,Upper CI,Western Africa,missing,OtherGrain,Other Grains,missing,missing,missing,missing,missing,missing,missing,%,Western AfricaOther Grains
7875,1.15617,1.59292,2.55037,3.17988,3.56966,,,,-0.15903119285842487,-1.382157767370636,-0.376513140138093,-0.38696593387070927,-0.4288775756663433,SSP1,Lower CI,Western Africa,missing,Protein,Beef,missing,missing,missing,missing,missing,missing,missing,%,Western AfricaBeef
7877,1.15617,1.59292,2.55037,3.17988,3.56966,,,,-0.12737887357693004,-0.23910887685549698,-0.3097186525871449,-0.34765439791510405,-0.39529682740120753,SSP1,Median,Western Africa,missing,Protein,Beef,missing,missing,missing,missing,missing,missing,missing,%,Western AfricaBeef
7879,1.15617,1.59292,2.55037,3.17988,3.56966,,,,-0.05580460412189832,0.07393485485502249,-0.25278111068648135,-0.23596093334872786,-0.31867190510439414,SSP1,Upper CI,Western Africa,missing,Protein,Beef,missing,missing,missing,missing,missing,missing,missing,%,Western AfricaBeef
7917,2.28607,4.14603,4.63425,4.61219,5.19765,,,,-0.17102646829884927,-1.8013850191608105,-0.23321213764539128,-0.20874128085386368,-0.2141270975106541,SSP1,Lower CI,Western Africa,missing,Protein,Dairy,missing,missing,missing,missing,missing,missing,missing,%,Western AfricaDairy
7919,2.28607,4.14603,4.63425,4.61219,5.19765,,,,-0.08913990869929647,-0.14837489759534503,-0.15390070270047357,-0.16588955147186615,-0.17539551409390047,SSP1,Median,Western Africa,missing,Protein,Dairy,missing,missing,missing,missing,missing,missing,missing,%,Western AfricaDairy
7921,2.28607,4.14603,4.63425,4.61219,5.19765,,,,0.025054360807746062,0.3497107745218351,-0.1043076996725459,-0.04488584114181421,-0.1046731316471862,SSP1,Upper CI,Western Africa,missing,Protein,Dairy,missing,missing,missing,missing,missing,missing,missing,%,Western AfricaDairy
7959,2.81845,5.00588,6.28678,6.88055,7.78675,,,,-0.23291730908731056,-2.101548877237926,-0.32746361696735043,-0.30290428231029287,-0.3222759035531706,SSP1,Lower CI,Western Africa,missing,Protein,Fish,missing,missing,missing,missing,missing,missing,missing,%,Western AfricaFish
7961,2.81845,5.00588,6.28678,6.88055,7.78675,,,,-0.14225166714812743,-0.22028141465035395,-0.2371377450459098,-0.25964843581474384,-0.2796835864693789,SSP1,Median,Western Africa,missing,Protein,Fish,missing,missing,missing,missing,missing,missing,missing,%,Western AfricaFish
7963,2.81845,5.00588,6.28678,6.88055,7.78675,,,,-0.01651027166558222,0.3772726526635437,-0.18352662049342544,-0.1295971707577757,-0.20286293333943764,SSP1,Upper CI,Western Africa,missing,Protein,Fish,missing,missing,missing,missing,missing,missing,missing,%,Western AfricaFish
8001,0.714268,1.20159,1.48531,1.8814,2.11823,,,,0.03412535683929037,-1.5631489231765658,0.05301852376661419,0.08587373333306156,0.09447326378170534,SSP1,Lower CI,Western Africa,missing,Protein,Pork,missing,missing,missing,missing,missing,missing,missing,%,Western AfricaPork
8003,0.714268,1.20159,1.48531,1.8814,2.11823,,,,0.16016527040343714,0.08529181681281785,0.12207609086556147,0.1381396394091275,0.14092566595455783,SSP1,Median,Western Africa,missing,Protein,Pork,missing,missing,missing,missing,missing,missing,missing,%,Western AfricaPork
8005,0.714268,1.20159,1.48531,1.8814,2.11823,,,,0.19457933746391098,0.5504459732993457,0.1666992605155388,0.24916070234127088,0.20487596267889857,SSP1,Upper CI,Western Africa,missing,Protein,Pork,missing,missing,missing,missing,missing,missing,missing,%,Western AfricaPork
8043,0.964653,1.72931,2.31464,2.80669,3.17072,,,,0.07941026208886087,-0.9378816072733877,-0.20704733312865614,-0.19964467620706938,-0.2042324328492917,SSP1,Lower CI,Western Africa,missing,Protein,Poultry,missing,missing,missing,missing,missing,missing,missing,%,Western AfricaPoultry
8045,0.964653,1.72931,2.31464,2.80669,3.17072,,,,0.16982267336189846,-0.03848373970539069,-0.13617464794569153,-0.12232430774304379,-0.15105271737254547,SSP1,Median,Western Africa,missing,Protein,Poultry,missing,missing,missing,missing,missing,missing,missing,%,Western AfricaPoultry
8047,0.964653,1.72931,2.31464,2.80669,3.17072,,,,0.24460744059238798,0.19164546944702054,-0.018487162181171315,0.034656387104306935,-0.014294575279404947,SSP1,Upper CI,Western Africa,missing,Protein,Poultry,missing,missing,missing,missing,missing,missing,missing,%,Western AfricaPoultry
8085,0.616347,1.1514,1.59305,1.98325,2.23706,,,,-0.07327898297136128,-1.8750074220982225,-0.24905655786498032,-0.22570480317598596,-0.23776012049773185,SSP1,Lower CI,Western Africa,missing,Protein,Sheep and Goat,missing,missing,missing,missing,missing,missing,missing,%,Western AfricaSheep and Goat
8087,0.616347,1.1514,1.59305,1.98325,2.23706,,,,-0.03112845684505511,-0.15476973212666084,-0.17945032733371485,-0.193041231144891,-0.20686094239234998,SSP1,Median,Western Africa,missing,Protein,Sheep and Goat,missing,missing,missing,missing,missing,missing,missing,%,Western AfricaSheep and Goat
8089,0.616347,1.1514,1.59305,1.98325,2.23706,,,,0.05510035511209298,0.40630857203164106,-0.1102825379971857,-0.06035454430907071,-0.12408526980436094,SSP1,Upper CI,Western Africa,missing,Protein,Sheep and Goat,missing,missing,missing,missing,missing,missing,missing,%,Western AfricaSheep and Goat
8127,4.87392,10.2493,14.1054,16.4885,21.8823,,,,0.13680541316827116,-0.17658004578967523,0.13367664919508482,0.15823640936791172,0.17852795430941826,SSP1,Lower CI,Western Africa,missing,Protein,Legumes,missing,missing,missing,missing,missing,missing,missing,%,Western AfricaLegumes
8129,4.87392,10.2493,14.1054,16.4885,21.8823,,,,0.19240499085375926,0.21229180904149686,0.18814763487362823,0.19605018869145713,0.21418539310802068,SSP1,Median,Western Africa,missing,Protein,Legumes,missing,missing,missing,missing,missing,missing,missing,%,Western AfricaLegumes
8131,4.87392,10.2493,14.1054,16.4885,21.8823,,,,0.20834267201194445,1.51190687716378,0.2909980333424112,0.2201341373998863,0.24954714887902046,SSP1,Upper CI,Western Africa,missing,Protein,Legumes,missing,missing,missing,missing,missing,missing,missing,%,Western AfricaLegumes
8169,5.94117,14.8887,19.6968,22.0766,28.999,,,,-0.09581252301780285,-0.1786105304518149,0.06430162936126063,0.05150854243354527,0.0838243693955841,SSP1,Lower CI,Western Africa,missing,Protein,Nuts and Seeds,missing,missing,missing,missing,missing,missing,missing,%,Western AfricaNuts and Seeds
8171,5.94117,14.8887,19.6968,22.0766,28.999,,,,0.07340269347603849,0.08296995558068225,0.10835901408026295,0.12195443510576934,0.1397101448465529,SSP1,Median,Western Africa,missing,Protein,Nuts and Seeds,missing,missing,missing,missing,missing,missing,missing,%,Western AfricaNuts and Seeds
8173,5.94117,14.8887,19.6968,22.0766,28.999,,,,0.20067351369785785,0.16963748340382945,0.1664112546677696,0.1617989588552922,0.1799132353332961,SSP1,Upper CI,Western Africa,missing,Protein,Nuts and Seeds,missing,missing,missing,missing,missing,missing,missing,%,Western AfricaNuts and Seeds
8211,23.0979,38.0403,49.419,56.2881,61.2301,,,,-0.5550527405664788,-1.3394953794325641,-0.5758808147553023,-0.4378918161107389,-0.40754562427918517,SSP1,Lower CI,Western Africa,missing,Rice,Rice,missing,missing,missing,missing,missing,missing,missing,%,Western AfricaRice
8213,23.0979,38.0403,49.419,56.2881,61.2301,,,,-0.5035601549471084,-0.4254727505294449,-0.394567615523541,-0.38156721827349016,-0.3830989925148386,SSP1,Median,Western Africa,missing,Rice,Rice,missing,missing,missing,missing,missing,missing,missing,%,Western AfricaRice
8215,23.0979,38.0403,49.419,56.2881,61.2301,,,,-0.46247777131180084,2.4406694939950286,0.05759924380454268,-0.37273239282010906,-0.37182775599671103,SSP1,Upper CI,Western Africa,missing,Rice,Rice,missing,missing,missing,missing,missing,missing,missing,%,Western AfricaRice
8253,43.9432,65.7427,87.3078,110.774,120.082,,,,0.053694720734642855,-1.0692457404088613,-0.08225334588559743,-0.007884368398545893,-0.003072724585366074,SSP1,Lower CI,Western Africa,missing,RootTuber,Roots and Tubers,missing,missing,missing,missing,missing,missing,missing,%,Western AfricaRoots and Tubers
8255,43.9432,65.7427,87.3078,110.774,120.082,,,,0.09103071590759988,0.005337425355887749,0.0045407074392773104,0.013260589519541054,0.013578821967085269,SSP1,Median,Western Africa,missing,RootTuber,Roots and Tubers,missing,missing,missing,missing,missing,missing,missing,%,Western AfricaRoots and Tubers
8257,43.9432,65.7427,87.3078,110.774,120.082,,,,0.13368668798424505,0.34691417557961957,0.054053162841685994,0.07880691986399542,0.05290505209138914,SSP1,Upper CI,Western Africa,missing,RootTuber,Roots and Tubers,missing,missing,missing,missing,missing,missing,missing,%,Western AfricaRoots and Tubers
8295,1.37545,2.21515,9.58323,15.9619,19.4718,,,,-0.27294692219679956,-1.6344821193736803,-0.3206680369358158,-0.33239744653662867,-0.2864971867756611,SSP1,Lower CI,Western Africa,missing,SugarCrop,Sugar Crops,missing,missing,missing,missing,missing,missing,missing,%,Western AfricaSugar Crops
8297,1.37545,2.21515,9.58323,15.9619,19.4718,,,,-0.2037459126385175,-0.26878773351294716,-0.25300573172626456,-0.2542808821832866,-0.2603731449672121,SSP1,Median,Western Africa,missing,SugarCrop,Sugar Crops,missing,missing,missing,missing,missing,missing,missing,%,Western AfricaSugar Crops
8299,1.37545,2.21515,9.58323,15.9619,19.4718,,,,-0.1793944272828685,4.502203832643809,-0.07959267551985358,-0.23347458710965413,-0.23417518811164556,SSP1,Upper CI,Western Africa,missing,SugarCrop,Sugar Crops,missing,missing,missing,missing,missing,missing,missing,%,Western AfricaSugar Crops
8337,8.01998,21.4085,23.0997,26.5133,28.8472,,,,-0.31809212157554634,-0.4856583401082067,-0.04241338107021417,0.015213937828385989,0.02902957327853624,SSP1,Lower CI,Western Africa,missing,Wheat,Wheat,missing,missing,missing,missing,missing,missing,missing,%,Western AfricaWheat
8339,8.01998,21.4085,23.0997,26.5133,28.8472,,,,-0.07837811049792688,0.09819018235423368,0.12290164650272738,0.049812364694102634,0.05490423227284557,SSP1,Median,Western Africa,missing,Wheat,Wheat,missing,missing,missing,missing,missing,missing,missing,%,Western AfricaWheat
8341,8.01998,21.4085,23.0997,26.5133,28.8472,,,,0.08033036502640203,0.7221900105815788,0.2585146278707371,0.1258690236422918,0.08674386097328302,SSP1,Upper CI,Western Africa,missing,Wheat,Wheat,missing,missing,missing,missing,missing,missing,missing,%,Western AfricaWheat
9261,0.276547,0.399771,0.399807,0.391666,0.409024,,,,-0.058473896186353125,0.027626075839578157,-0.10017622432333256,0.01193415440440248,0.027588580729230427,SSP1,Lower CI,Australia and New Zealand,missing,Corn,Corn,missing,missing,missing,missing,missing,missing,missing,%,Australia and New ZealandCorn
9263,0.276547,0.399771,0.399807,0.391666,0.409024,,,,0.10021825531642821,0.10438612756602496,0.07086129580201034,0.08874815085608317,0.07744844956695338,SSP1,Median,Australia and New Zealand,missing,Corn,Corn,missing,missing,missing,missing,missing,missing,missing,%,Australia and New ZealandCorn
9265,0.276547,0.399771,0.399807,0.391666,0.409024,,,,0.360789421795172,0.5410114047745584,0.14089773151168028,0.10692514471130565,0.09863789270838788,SSP1,Upper CI,Australia and New Zealand,missing,Corn,Corn,missing,missing,missing,missing,missing,missing,missing,%,Australia and New ZealandCorn
9303,0.652509,0.922613,1.03704,1.11347,1.22027,,,,0.04433821767140591,0.028242663223539806,0.056222718237540145,0.08336949450729325,0.08461880245432489,SSP1,Lower CI,Australia and New Zealand,missing,FruitsVeg,Fruits,missing,missing,missing,missing,missing,missing,missing,%,Australia and New ZealandFruits
9305,0.652509,0.922613,1.03704,1.11347,1.22027,,,,0.1071515976517463,0.09043153178169236,0.09434630580495419,0.09551742437680792,0.09283575552740446,SSP1,Median,Australia and New Zealand,missing,FruitsVeg,Fruits,missing,missing,missing,missing,missing,missing,missing,%,Australia and New ZealandFruits
9307,0.652509,0.922613,1.03704,1.11347,1.22027,,,,0.14967177709722737,0.148242823005193,0.10497255203950619,0.1101789706772833,0.10502429172466816,SSP1,Upper CI,Australia and New Zealand,missing,FruitsVeg,Fruits,missing,missing,missing,missing,missing,missing,missing,%,Australia and New ZealandFruits
9345,0.498237,0.71726,0.809716,0.844692,0.925427,,,,0.0037885111361188467,-0.004834464951013209,0.02981853341380833,0.05721121632577878,0.06026583013323467,SSP1,Lower CI,Australia and New Zealand,missing,FruitsVeg,Vegetables,missing,missing,missing,missing,missing,missing,missing,%,Australia and New ZealandVegetables
9347,0.498237,0.71726,0.809716,0.844692,0.925427,,,,0.06708262745033307,0.05703898751690567,0.06410394461821349,0.0685748722055902,0.06756180150198979,SSP1,Median,Australia and New Zealand,missing,FruitsVeg,Vegetables,missing,missing,missing,missing,missing,missing,missing,%,Australia and New ZealandVegetables
9349,0.498237,0.71726,0.809716,0.844692,0.925427,,,,0.10982475118939845,0.11597176329507419,0.07875254724057981,0.08643509492593299,0.0839718840595664,SSP1,Upper CI,Australia and New Zealand,missing,FruitsVeg,Vegetables,missing,missing,missing,missing,missing,missing,missing,%,Australia and New ZealandVegetables
9387,0.223436,0.341644,0.346542,0.411725,0.451344,,,,0.025635555842369165,0.05787614414903602,0.08029473785014793,0.11099308050765214,0.11377969305572146,SSP1,Lower CI,Australia and New Zealand,missing,MiscCrop,Other Crops,missing,missing,missing,missing,missing,missing,missing,%,Australia and New ZealandOther Crops
9389,0.223436,0.341644,0.346542,0.411725,0.451344,,,,0.10805396948812529,0.10565862537196327,0.11808179289041704,0.12233270268072963,0.11965499209593793,SSP1,Median,Australia and New Zealand,missing,MiscCrop,Other Crops,missing,missing,missing,missing,missing,missing,missing,%,Australia and New ZealandOther Crops
9391,0.223436,0.341644,0.346542,0.411725,0.451344,,,,0.14199207441203598,0.14436689523941518,0.12622650233389476,0.1320516338632085,0.12917925415898227,SSP1,Upper CI,Australia and New Zealand,missing,MiscCrop,Other Crops,missing,missing,missing,missing,missing,missing,missing,%,Australia and New ZealandOther Crops
9429,0.235163,0.38511,0.390251,0.561287,0.615057,,,,-1.7428443172473278,-1.3803449574967683,-1.4458361992994078,-1.3192506151518775,-1.2952419655709824,SSP1,Lower CI,Australia and New Zealand,missing,Oil,Fiber Crops,missing,missing,missing,missing,missing,missing,missing,%,Australia and New ZealandFiber Crops
9431,0.235163,0.38511,0.390251,0.561287,0.615057,,,,-1.3678255638431578,-1.3091686058898195,-1.3280648921586433,-1.2878964402760642,-1.2612451583705069,SSP1,Median,Australia and New Zealand,missing,Oil,Fiber Crops,missing,missing,missing,missing,missing,missing,missing,%,Australia and New ZealandFiber Crops
9433,0.235163,0.38511,0.390251,0.561287,0.615057,,,,-0.5886816670483656,-1.2150596944964895,-1.0503898267794425,-1.25188170736313,-1.2321232296604487,SSP1,Upper CI,Australia and New Zealand,missing,Oil,Fiber Crops,missing,missing,missing,missing,missing,missing,missing,%,Australia and New ZealandFiber Crops
9471,1.12699,1.24017,1.95574,2.84853,3.11517,,,,-0.135604899519326,-0.19205812672843703,-0.08681236685298345,-0.09235265765587239,-0.08463612017160013,SSP1,Lower CI,Australia and New Zealand,missing,Oil,Plant Oils,missing,missing,missing,missing,missing,missing,missing,%,Australia and New ZealandPlant Oils
9473,1.12699,1.24017,1.95574,2.84853,3.11517,,,,-0.06537433760222983,-0.008969876709716378,-0.026222210293140823,-0.056600557148295746,-0.06284358400170229,SSP1,Median,Australia and New Zealand,missing,Oil,Plant Oils,missing,missing,missing,missing,missing,missing,missing,%,Australia and New ZealandPlant Oils
9475,1.12699,1.24017,1.95574,2.84853,3.11517,,,,0.023737632380116967,0.061486621423988294,0.11275406569665959,0.014557588917418339,-0.023424313015444582,SSP1,Upper CI,Australia and New Zealand,missing,Oil,Plant Oils,missing,missing,missing,missing,missing,missing,missing,%,Australia and New ZealandPlant Oils
9513,0.198196,0.234882,0.607622,0.728133,0.797357,,,,-0.3613223216665449,-0.20661813914193142,-0.21889425122596848,-0.2003939105213212,-0.1995643057084796,SSP1,Lower CI,Australia and New Zealand,missing,Oil,Palm Oil,missing,missing,missing,missing,missing,missing,missing,%,Australia and New ZealandPalm Oil
9515,0.198196,0.234882,0.607622,0.728133,0.797357,,,,-0.21347113331918866,-0.1979170157702992,-0.19442642584156594,-0.18602808739141,-0.18934228624448335,SSP1,Median,Australia and New Zealand,missing,Oil,Palm Oil,missing,missing,missing,missing,missing,missing,missing,%,Australia and New ZealandPalm Oil
9517,0.198196,0.234882,0.607622,0.728133,0.797357,,,,0.1379534039703991,-0.09691326045127449,-0.13025117925516014,-0.168162519728252,-0.17832303610156303,SSP1,Upper CI,Australia and New Zealand,missing,Oil,Palm Oil,missing,missing,missing,missing,missing,missing,missing,%,Australia and New ZealandPalm Oil
9555,0.228813,0.191016,0.161565,0.201947,0.221701,,,,-0.2554198136442869,-0.14934177937809492,0.04058634282611892,0.033664281464639775,0.05729824077967373,SSP1,Lower CI,Australia and New Zealand,missing,Oil,Soybean,missing,missing,missing,missing,missing,missing,missing,%,Australia and New ZealandSoybean
9557,0.228813,0.191016,0.161565,0.201947,0.221701,,,,-0.011451489364349829,0.08853051898184366,0.09566617805838545,0.08337399186718823,0.09329749242023994,SSP1,Median,Australia and New Zealand,missing,Oil,Soybean,missing,missing,missing,missing,missing,missing,missing,%,Australia and New ZealandSoybean
9559,0.228813,0.191016,0.161565,0.201947,0.221701,,,,0.5855966335208174,0.5290733756752682,0.31326325553440815,0.18490375607917353,0.16480055031296248,SSP1,Upper CI,Australia and New Zealand,missing,Oil,Soybean,missing,missing,missing,missing,missing,missing,missing,%,Australia and New ZealandSoybean
9597,0.261537,0.214254,0.745907,1.28473,1.38286,,,,0.12571309039287965,-0.016572570148870536,0.026607165851457053,0.07508609972061084,0.08816843346346151,SSP1,Lower CI,Australia and New Zealand,missing,OtherGrain,Other Grains,missing,missing,missing,missing,missing,missing,missing,%,Australia and New ZealandOther Grains
9599,0.261537,0.214254,0.745907,1.28473,1.38286,,,,0.22229350637698098,0.10309615199885423,0.07926739819002104,0.10248062902610305,0.09962579094981369,SSP1,Median,Australia and New Zealand,missing,OtherGrain,Other Grains,missing,missing,missing,missing,missing,missing,missing,%,Australia and New ZealandOther Grains
9601,0.261537,0.214254,0.745907,1.28473,1.38286,,,,0.4442618648388234,0.32546100580259085,0.15070148799465274,0.12495735724829182,0.11563600871575869,SSP1,Upper CI,Australia and New Zealand,missing,OtherGrain,Other Grains,missing,missing,missing,missing,missing,missing,missing,%,Australia and New ZealandOther Grains
9639,1.14294,1.20983,1.36146,1.23614,1.33726,,,,0.0972381720260364,0.15112734821311843,0.16325376811154324,0.1877863276182815,0.20745394432947512,SSP1,Lower CI,Australia and New Zealand,missing,Protein,Beef,missing,missing,missing,missing,missing,missing,missing,%,Australia and New ZealandBeef
9641,1.14294,1.20983,1.36146,1.23614,1.33726,,,,0.16407222865338328,0.17189773062592328,0.1850719017408248,0.1960225327901515,0.21281194183403623,SSP1,Median,Australia and New Zealand,missing,Protein,Beef,missing,missing,missing,missing,missing,missing,missing,%,Australia and New ZealandBeef
9643,1.14294,1.20983,1.36146,1.23614,1.33726,,,,0.2035747176605175,0.19889231201773708,0.1950582010334248,0.20789073440735834,0.22504707468122243,SSP1,Upper CI,Australia and New Zealand,missing,Protein,Beef,missing,missing,missing,missing,missing,missing,missing,%,Australia and New ZealandBeef
9681,4.93495,5.01982,4.90181,4.47901,4.87231,,,,0.05288903346903011,0.05852948414152336,0.07876121115878268,0.10660591392074593,0.1142677530563733,SSP1,Lower CI,Australia and New Zealand,missing,Protein,Dairy,missing,missing,missing,missing,missing,missing,missing,%,Australia and New ZealandDairy
9683,4.93495,5.01982,4.90181,4.47901,4.87231,,,,0.1143914498386193,0.11406141873851978,0.11521700456733422,0.11845739574721854,0.12321237694114752,SSP1,Median,Australia and New Zealand,missing,Protein,Dairy,missing,missing,missing,missing,missing,missing,missing,%,Australia and New ZealandDairy
9685,4.93495,5.01982,4.90181,4.47901,4.87231,,,,0.15377533867015292,0.14541114132096816,0.12121081528326119,0.13015194256788712,0.13306186528325814,SSP1,Upper CI,Australia and New Zealand,missing,Protein,Dairy,missing,missing,missing,missing,missing,missing,missing,%,Australia and New ZealandDairy
9723,0.457099,0.909026,1.1446,1.31535,1.43453,,,,0.013475895478005429,-0.03276134455383901,0.007799638632468936,0.03979297661767083,0.04110313909057854,SSP1,Lower CI,Australia and New Zealand,missing,Protein,Fish,missing,missing,missing,missing,missing,missing,missing,%,Australia and New ZealandFish
9725,0.457099,0.909026,1.1446,1.31535,1.43453,,,,0.07546808414861328,0.04625114138516598,0.0507186716148236,0.05628260015180124,0.05322026358456832,SSP1,Median,Australia and New Zealand,missing,Protein,Fish,missing,missing,missing,missing,missing,missing,missing,%,Australia and New ZealandFish
9727,0.457099,0.909026,1.1446,1.31535,1.43453,,,,0.12470510366733661,0.12218021789849845,0.06709476523172765,0.07460255214614117,0.06959686111013363,SSP1,Upper CI,Australia and New Zealand,missing,Protein,Fish,missing,missing,missing,missing,missing,missing,missing,%,Australia and New ZealandFish
9765,0.764757,1.13509,1.08753,1.17342,1.282,,,,0.2019799038639985,0.2435136979880254,0.30207507498224473,0.3205077447328406,0.3262305506685253,SSP1,Lower CI,Australia and New Zealand,missing,Protein,Pork,missing,missing,missing,missing,missing,missing,missing,%,Australia and New ZealandPork
9767,0.764757,1.13509,1.08753,1.17342,1.282,,,,0.27625288224333144,0.31075860254986426,0.33776964014946204,0.3497497258982383,0.355930863794001,SSP1,Median,Australia and New Zealand,missing,Protein,Pork,missing,missing,missing,missing,missing,missing,missing,%,Australia and New ZealandPork
9769,0.764757,1.13509,1.08753,1.17342,1.282,,,,0.35187797017173067,0.3401461042111526,0.35591047029401757,0.3744498498027208,0.3800368778345948,SSP1,Upper CI,Australia and New Zealand,missing,Protein,Pork,missing,missing,missing,missing,missing,missing,missing,%,Australia and New ZealandPork
9807,0.863447,1.37756,1.66497,1.99345,2.18292,,,,0.21166100532651827,0.16780179202819523,0.18428046315579133,0.19211942794552822,0.19038720474998705,SSP1,Lower CI,Australia and New Zealand,missing,Protein,Poultry,missing,missing,missing,missing,missing,missing,missing,%,Australia and New ZealandPoultry
9809,0.863447,1.37756,1.66497,1.99345,2.18292,,,,0.2342163358387004,0.2139585863066908,0.2029196790853266,0.2004792462312592,0.19800682060846414,SSP1,Median,Australia and New Zealand,missing,Protein,Poultry,missing,missing,missing,missing,missing,missing,missing,%,Australia and New ZealandPoultry
9811,0.863447,1.37756,1.66497,1.99345,2.18292,,,,0.257463590533554,0.23690114618286406,0.2300506247045661,0.23025431878584918,0.2235002819925247,SSP1,Upper CI,Australia and New Zealand,missing,Protein,Poultry,missing,missing,missing,missing,missing,missing,missing,%,Australia and New ZealandPoultry
9849,1.07659,0.843806,0.864654,0.840538,0.911747,,,,0.09153978652770695,0.10775911894207398,0.10357263759619184,0.12774641337819073,0.13879783486227226,SSP1,Lower CI,Australia and New Zealand,missing,Protein,Sheep and Goat,missing,missing,missing,missing,missing,missing,missing,%,Australia and New ZealandSheep and Goat
9851,1.07659,0.843806,0.864654,0.840538,0.911747,,,,0.15921138198783233,0.13634138792806363,0.1328548421123166,0.13655415164417523,0.14523257242457333,SSP1,Median,Australia and New Zealand,missing,Protein,Sheep and Goat,missing,missing,missing,missing,missing,missing,missing,%,Australia and New ZealandSheep and Goat
9853,1.07659,0.843806,0.864654,0.840538,0.911747,,,,0.20994559638541438,0.1780765908082952,0.15659138171269188,0.16457862951673255,0.1721246822531306,SSP1,Upper CI,Australia and New Zealand,missing,Protein,Sheep and Goat,missing,missing,missing,missing,missing,missing,missing,%,Australia and New ZealandSheep and Goat
9891,0.323545,0.12579,0.247057,0.120668,0.141422,,,,-0.22461917275046936,-0.16600303206756084,-0.07049076504622467,-0.053626913927957584,-0.04592867015103855,SSP1,Lower CI,Australia and New Zealand,missing,Protein,Legumes,missing,missing,missing,missing,missing,missing,missing,%,Australia and New ZealandLegumes
9893,0.323545,0.12579,0.247057,0.120668,0.141422,,,,-0.17260705101903034,-0.057627807437820144,-0.026997648842245984,-0.014224834644025212,-0.00909793673009819,SSP1,Median,Australia and New Zealand,missing,Protein,Legumes,missing,missing,missing,missing,missing,missing,missing,%,Australia and New ZealandLegumes
9895,0.323545,0.12579,0.247057,0.120668,0.141422,,,,-0.015602805796693875,0.010033745443668446,0.05532234918355519,0.015281707496230933,0.021567747459255104,SSP1,Upper CI,Australia and New Zealand,missing,Protein,Legumes,missing,missing,missing,missing,missing,missing,missing,%,Australia and New ZealandLegumes
9933,0.288926,0.564623,0.647079,0.771121,0.890161,,,,0.14071550071773273,0.23909334952505185,0.455040657264632,0.42707920918236525,0.422311441098924,SSP1,Lower CI,Australia and New Zealand,missing,Protein,Nuts and Seeds,missing,missing,missing,missing,missing,missing,missing,%,Australia and New ZealandNuts and Seeds
9935,0.288926,0.564623,0.647079,0.771121,0.890161,,,,0.41219151391633796,0.4755900208359741,0.5346944780557826,0.528772935716389,0.5067614755153441,SSP1,Median,Australia and New Zealand,missing,Protein,Nuts and Seeds,missing,missing,missing,missing,missing,missing,missing,%,Australia and New ZealandNuts and Seeds
9937,0.288926,0.564623,0.647079,0.771121,0.890161,,,,0.5964675158514438,1.153195926401473,0.773799240322494,0.589228890114532,0.575105080180718,SSP1,Upper CI,Australia and New Zealand,missing,Protein,Nuts and Seeds,missing,missing,missing,missing,missing,missing,missing,%,Australia and New ZealandNuts and Seeds
9975,0.505474,0.958629,1.0218,0.910797,0.963269,,,,-1.0175698126842208,-0.5320252710365869,-0.39857900539872565,-0.29784038677403146,-0.2848853416705631,SSP1,Lower CI,Australia and New Zealand,missing,Rice,Rice,missing,missing,missing,missing,missing,missing,missing,%,Australia and New ZealandRice
9977,0.505474,0.958629,1.0218,0.910797,0.963269,,,,-0.4939522632506063,-0.31436445588079487,-0.28706315492213447,-0.26520749705013263,-0.23454093148594443,SSP1,Median,Australia and New Zealand,missing,Rice,Rice,missing,missing,missing,missing,missing,missing,missing,%,Australia and New ZealandRice
9979,0.505474,0.958629,1.0218,0.910797,0.963269,,,,-0.09575563631194534,0.4054016821757076,0.12254553527497997,-0.1737733080710135,-0.1980158810512382,SSP1,Upper CI,Australia and New Zealand,missing,Rice,Rice,missing,missing,missing,missing,missing,missing,missing,%,Australia and New ZealandRice
10017,0.769449,0.908445,1.05732,1.05726,1.12283,,,,-0.2273335669532221,-0.3999029152494117,-0.3894347317620603,-0.23864646052319594,-0.2254458719193549,SSP1,Lower CI,Australia and New Zealand,missing,RootTuber,Roots and Tubers,missing,missing,missing,missing,missing,missing,missing,%,Australia and New ZealandRoots and Tubers
10019,0.769449,0.908445,1.05732,1.05726,1.12283,,,,-0.05988110970796515,-0.26293888328317694,-0.21648658277340965,-0.19886638387909455,-0.20247735748368326,SSP1,Median,Australia and New Zealand,missing,RootTuber,Roots and Tubers,missing,missing,missing,missing,missing,missing,missing,%,Australia and New ZealandRoots and Tubers
10021,0.769449,0.908445,1.05732,1.05726,1.12283,,,,0.06792880104073594,0.11188227324169656,-0.13327527162610403,-0.16113190693202384,-0.17093069200584043,SSP1,Upper CI,Australia and New Zealand,missing,RootTuber,Roots and Tubers,missing,missing,missing,missing,missing,missing,missing,%,Australia and New ZealandRoots and Tubers
10059,0.64015,0.759083,2.72082,3.96949,4.35736,,,,-0.32589089320554826,-0.34664288300189217,-0.30919578889740174,-0.3358204222869769,-0.32821655651630155,SSP1,Lower CI,Australia and New Zealand,missing,SugarCrop,Sugar Crops,missing,missing,missing,missing,missing,missing,missing,%,Australia and New ZealandSugar Crops
10061,0.64015,0.759083,2.72082,3.96949,4.35736,,,,-0.2895945797189119,-0.3024441490893081,-0.2942922781497159,-0.2899765221958625,-0.2884210019243695,SSP1,Median,Australia and New Zealand,missing,SugarCrop,Sugar Crops,missing,missing,missing,missing,missing,missing,missing,%,Australia and New ZealandSugar Crops
10063,0.64015,0.759083,2.72082,3.96949,4.35736,,,,-0.25320063636974405,-0.18529007657308127,-0.2901421705462198,-0.27572480110187786,-0.27453371041015684,SSP1,Upper CI,Australia and New Zealand,missing,SugarCrop,Sugar Crops,missing,missing,missing,missing,missing,missing,missing,%,Australia and New ZealandSugar Crops
10101,4.95008,6.3089,5.59963,6.4845,6.95563,,,,-0.027706911868356675,-0.09289546254675979,0.007560719062528129,0.03022964328436452,0.035870703603267724,SSP1,Lower CI,Australia and New Zealand,missing,Wheat,Wheat,missing,missing,missing,missing,missing,missing,missing,%,Australia and New ZealandWheat
10103,4.95008,6.3089,5.59963,6.4845,6.95563,,,,0.03768603126233431,0.04139613641844385,0.049793980825680935,0.040732825685469154,0.039164618300010196,SSP1,Median,Australia and New Zealand,missing,Wheat,Wheat,missing,missing,missing,missing,missing,missing,missing,%,Australia and New ZealandWheat
10105,4.95008,6.3089,5.59963,6.4845,6.95563,,,,0.07087514454253667,0.06275058371898651,0.07551605277461458,0.049817451968173346,0.04462289348175392,SSP1,Upper CI,Australia and New Zealand,missing,Wheat,Wheat,missing,missing,missing,missing,missing,missing,missing,%,Australia and New ZealandWheat
11025,11.8677,16.3606,17.0448,18.1037,18.396,,,,0.31991275186295975,0.23142006070272908,0.23391250589469512,0.25708952886616815,0.2556202666342072,SSP1,Lower CI,Brazil,missing,Corn,Corn,missing,missing,missing,missing,missing,missing,missing,%,BrazilCorn
11027,11.8677,16.3606,17.0448,18.1037,18.396,,,,0.3585799565237855,0.29170794019326163,0.2705395746486651,0.2787829118660054,0.27165975187438485,SSP1,Median,Brazil,missing,Corn,Corn,missing,missing,missing,missing,missing,missing,missing,%,BrazilCorn
11029,11.8677,16.3606,17.0448,18.1037,18.396,,,,0.40636425553275435,0.35382013450677513,0.2921073688337268,0.2875402886439293,0.27798282720032785,SSP1,Upper CI,Brazil,missing,Corn,Corn,missing,missing,missing,missing,missing,missing,missing,%,BrazilCorn
11067,6.6199,8.44919,10.6667,8.83264,9.6427,,,,-0.10770822785046455,-0.15854200757700215,-0.13864096533295484,-0.12319910757057984,-0.12130377532109383,SSP1,Lower CI,Brazil,missing,FruitsVeg,Fruits,missing,missing,missing,missing,missing,missing,missing,%,BrazilFruits
11069,6.6199,8.44919,10.6667,8.83264,9.6427,,,,-0.0957281312866238,-0.10260260174672302,-0.11611341137817317,-0.10977487867601739,-0.1110069555231598,SSP1,Median,Brazil,missing,FruitsVeg,Fruits,missing,missing,missing,missing,missing,missing,missing,%,BrazilFruits
11071,6.6199,8.44919,10.6667,8.83264,9.6427,,,,-0.06152543281695616,-0.040101078297947686,-0.10511484862407662,-0.09635064978145955,-0.09958491902206508,SSP1,Upper CI,Brazil,missing,FruitsVeg,Fruits,missing,missing,missing,missing,missing,missing,missing,%,BrazilFruits
11109,1.33378,2.24724,2.68027,2.83577,3.09774,,,,-0.12473151160779908,-0.1723938582730121,-0.14196992406872633,-0.12650926337005333,-0.12391585336005737,SSP1,Lower CI,Brazil,missing,FruitsVeg,Vegetables,missing,missing,missing,missing,missing,missing,missing,%,BrazilVegetables
11111,1.33378,2.24724,2.68027,2.83577,3.09774,,,,-0.10602030312719075,-0.11305968791740559,-0.11647492802936403,-0.11028390822025294,-0.10969285718724163,SSP1,Median,Brazil,missing,FruitsVeg,Vegetables,missing,missing,missing,missing,missing,missing,missing,%,BrazilVegetables
11113,1.33378,2.24724,2.68027,2.83577,3.09774,,,,-0.07280864502446632,-0.047640347814558205,-0.10553087730773367,-0.09612294128801825,-0.09864585344432703,SSP1,Upper CI,Brazil,missing,FruitsVeg,Vegetables,missing,missing,missing,missing,missing,missing,missing,%,BrazilVegetables
11151,0.335285,0.797174,0.85829,0.770617,0.841941,,,,-0.06791716247753436,-0.10736029113902891,-0.07634979706176989,-0.06209643552713264,-0.060830966589520745,SSP1,Lower CI,Brazil,missing,MiscCrop,Other Crops,missing,missing,missing,missing,missing,missing,missing,%,BrazilOther Crops
11153,0.335285,0.797174,0.85829,0.770617,0.841941,,,,-0.047799743656791537,-0.0532648448885025,-0.05441461554057261,-0.04852828186269967,-0.0496421968414187,SSP1,Median,Brazil,missing,MiscCrop,Other Crops,missing,missing,missing,missing,missing,missing,missing,%,BrazilOther Crops
11155,0.335285,0.797174,0.85829,0.770617,0.841941,,,,-0.032699207552235154,0.0031133804286913036,-0.04670031357988401,-0.03800542523824794,-0.04259438492318821,SSP1,Upper CI,Brazil,missing,MiscCrop,Other Crops,missing,missing,missing,missing,missing,missing,missing,%,BrazilOther Crops
11193,0.690309,1.34647,2.26296,2.46789,2.71117,,,,-0.2938919960594444,-0.24513159765854908,-0.2392194255171059,-0.22983261434932925,-0.22284155699096486,SSP1,Lower CI,Brazil,missing,Oil,Fiber Crops,missing,missing,missing,missing,missing,missing,missing,%,BrazilFiber Crops
11195,0.690309,1.34647,2.26296,2.46789,2.71117,,,,-0.2412876566641512,-0.22153416127994352,-0.2111581880693388,-0.2049285253420192,-0.19843082049202193,SSP1,Median,Brazil,missing,Oil,Fiber Crops,missing,missing,missing,missing,missing,missing,missing,%,BrazilFiber Crops
11197,0.690309,1.34647,2.26296,2.46789,2.71117,,,,-0.20549154511992468,-0.1791363630079446,-0.19306605064308818,-0.18811372022978054,-0.18348705990447378,SSP1,Upper CI,Brazil,missing,Oil,Fiber Crops,missing,missing,missing,missing,missing,missing,missing,%,BrazilFiber Crops
11235,1.37508,6.52008,7.24496,7.0498,7.90695,,,,1.3104732002073451,1.2623190639470354,1.2348469554598513,1.2088389589685964,1.1818334780769049,SSP1,Lower CI,Brazil,missing,Oil,Plant Oils,missing,missing,missing,missing,missing,missing,missing,%,BrazilPlant Oils
11237,1.37508,6.52008,7.24496,7.0498,7.90695,,,,1.3684948345946397,1.3446711057598442,1.2900040280981804,1.2536341943965736,1.206372337834287,SSP1,Median,Brazil,missing,Oil,Plant Oils,missing,missing,missing,missing,missing,missing,missing,%,BrazilPlant Oils
11239,1.37508,6.52008,7.24496,7.0498,7.90695,,,,1.4130716074490668,1.452354857475401,1.3123711950301598,1.2773717445883392,1.2248285693514216,SSP1,Upper CI,Brazil,missing,Oil,Plant Oils,missing,missing,missing,missing,missing,missing,missing,%,BrazilPlant Oils
11277,0.188811,1.05323,2.82839,4.81217,5.26841,,,,-0.23103219330227026,-0.22856547595544557,-0.23022397536500422,-0.22219756660650591,-0.21840013921453738,SSP1,Lower CI,Brazil,missing,Oil,Palm Oil,missing,missing,missing,missing,missing,missing,missing,%,BrazilPalm Oil
11279,0.188811,1.05323,2.82839,4.81217,5.26841,,,,-0.19593198635143957,-0.20345444570188384,-0.21000093285101792,-0.20823223140172104,-0.20567692127463494,SSP1,Median,Brazil,missing,Oil,Palm Oil,missing,missing,missing,missing,missing,missing,missing,%,BrazilPalm Oil
11281,0.188811,1.05323,2.82839,4.81217,5.26841,,,,-0.08248576982057067,-0.19101094950503378,-0.1951016114392385,-0.18438270506561938,-0.18079530530291493,SSP1,Upper CI,Brazil,missing,Oil,Palm Oil,missing,missing,missing,missing,missing,missing,missing,%,BrazilPalm Oil
11319,19.4491,26.6436,23.3152,22.565,24.604,,,,-0.2184404726552054,-0.3565296270090459,-0.12156690515340737,-0.15053363341099463,-0.12667270513644835,SSP1,Lower CI,Brazil,missing,Oil,Soybean,missing,missing,missing,missing,missing,missing,missing,%,BrazilSoybean
11321,19.4491,26.6436,23.3152,22.565,24.604,,,,-0.13930749806563003,-0.07091637227639881,-0.07057184938483899,-0.09429149956163702,-0.08830364031509663,SSP1,Median,Brazil,missing,Oil,Soybean,missing,missing,missing,missing,missing,missing,missing,%,BrazilSoybean
11323,19.4491,26.6436,23.3152,22.565,24.604,,,,-0.051432931474597945,0.22275939859005345,0.12719563601092373,0.061302471444462756,0.022306445114925286,SSP1,Upper CI,Brazil,missing,Oil,Soybean,missing,missing,missing,missing,missing,missing,missing,%,BrazilSoybean
11361,0.735156,1.67302,4.54588,7.25053,7.3528,,,,0.2759031967511989,0.35050870393173866,0.38524188016676436,0.37923058171823704,0.38588546165224974,SSP1,Lower CI,Brazil,missing,OtherGrain,Other Grains,missing,missing,missing,missing,missing,missing,missing,%,BrazilOther Grains
11363,0.735156,1.67302,4.54588,7.25053,7.3528,,,,0.42826028519554676,0.4163295473810786,0.4055902924788979,0.40017968423221556,0.39184426100208936,SSP1,Median,Brazil,missing,OtherGrain,Other Grains,missing,missing,missing,missing,missing,missing,missing,%,BrazilOther Grains
11365,0.735156,1.67302,4.54588,7.25053,7.3528,,,,0.720551683695201,0.4979295915063027,0.4316380373696633,0.4093819024936887,0.4072387955568571,SSP1,Upper CI,Brazil,missing,OtherGrain,Other Grains,missing,missing,missing,missing,missing,missing,missing,%,BrazilOther Grains
11403,4.38598,7.05697,7.98295,11.5899,12.333,,,,-0.09484289497312395,-0.14120499224005847,-0.16784201481326538,-0.17762935666446666,-0.18033574798792082,SSP1,Lower CI,Brazil,missing,Protein,Beef,missing,missing,missing,missing,missing,missing,missing,%,BrazilBeef
11405,4.38598,7.05697,7.98295,11.5899,12.333,,,,-0.048748060796593315,-0.11448069992407699,-0.12374576861221821,-0.13782657979684693,-0.1434219695835146,SSP1,Median,Brazil,missing,Protein,Beef,missing,missing,missing,missing,missing,missing,missing,%,BrazilBeef
11407,4.38598,7.05697,7.98295,11.5899,12.333,,,,0.0028335681016200057,-0.07012884177031539,-0.10279790652061638,-0.11675673887616707,-0.12127881791857056,SSP1,Upper CI,Brazil,missing,Protein,Beef,missing,missing,missing,missing,missing,missing,missing,%,BrazilBeef
11445,9.0791,14.5922,17.8122,19.8262,21.2059,,,,-0.09918730692967243,-0.13622823956296892,-0.12237440302094658,-0.11039600016003605,-0.11093670430772165,SSP1,Lower CI,Brazil,missing,Protein,Dairy,missing,missing,missing,missing,missing,missing,missing,%,BrazilDairy
11447,9.0791,14.5922,17.8122,19.8262,21.2059,,,,-0.07918296766191561,-0.09148546831417455,-0.09196745859545902,-0.09002748858256629,-0.08963223852201316,SSP1,Median,Brazil,missing,Protein,Dairy,missing,missing,missing,missing,missing,missing,missing,%,BrazilDairy
11449,9.0791,14.5922,17.8122,19.8262,21.2059,,,,-0.03606839205657653,-0.02966540964674956,-0.07558408139307056,-0.07149908918869567,-0.0725263354881065,SSP1,Upper CI,Brazil,missing,Protein,Dairy,missing,missing,missing,missing,missing,missing,missing,%,BrazilDairy
11487,0.736192,1.80559,2.24554,2.42457,2.60135,,,,-0.16356667930834096,-0.24369986552399314,-0.21763910434151534,-0.2074383973715635,-0.21232862198085573,SSP1,Lower CI,Brazil,missing,Protein,Fish,missing,missing,missing,missing,missing,missing,missing,%,BrazilFish
11489,0.736192,1.80559,2.24554,2.42457,2.60135,,,,-0.12399148554958611,-0.16844604485062326,-0.18345999339194616,-0.18773244088619567,-0.189056568020067,SSP1,Median,Brazil,missing,Protein,Fish,missing,missing,missing,missing,missing,missing,missing,%,BrazilFish
11491,0.736192,1.80559,2.24554,2.42457,2.60135,,,,-0.06931824380907764,-0.07478282036843185,-0.16036851862496299,-0.157043828422205,-0.16467252937768057,SSP1,Upper CI,Brazil,missing,Protein,Fish,missing,missing,missing,missing,missing,missing,missing,%,BrazilFish
11529,4.57468,8.9353,9.93057,11.712,12.5427,,,,0.21888183026057279,0.21091931358767885,0.26484432119221524,0.2778319865535931,0.2950807329708508,SSP1,Lower CI,Brazil,missing,Protein,Pork,missing,missing,missing,missing,missing,missing,missing,%,BrazilPork
11531,4.57468,8.9353,9.93057,11.712,12.5427,,,,0.25702339516436756,0.34314145761386994,0.39950386235501706,0.42875360644997024,0.4349557123811711,SSP1,Median,Brazil,missing,Protein,Pork,missing,missing,missing,missing,missing,missing,missing,%,BrazilPork
11533,4.57468,8.9353,9.93057,11.712,12.5427,,,,0.38189629277781584,0.42274857813925987,0.46971750210429986,0.49890059279652954,0.5038998175062619,SSP1,Upper CI,Brazil,missing,Protein,Pork,missing,missing,missing,missing,missing,missing,missing,%,BrazilPork
11571,4.09699,8.99776,11.465,14.3916,15.4547,,,,-0.022503715209325863,-0.1904846157646375,-0.212430616471739,-0.219050547982249,-0.21584159883847467,SSP1,Lower CI,Brazil,missing,Protein,Poultry,missing,missing,missing,missing,missing,missing,missing,%,BrazilPoultry
11573,4.09699,8.99776,11.465,14.3916,15.4547,,,,0.05557839126273267,-0.06300395905896077,-0.09799403812438179,-0.11505841815397991,-0.11862612622653977,SSP1,Median,Brazil,missing,Protein,Poultry,missing,missing,missing,missing,missing,missing,missing,%,BrazilPoultry
11575,4.09699,8.99776,11.465,14.3916,15.4547,,,,0.13151014331095198,0.005287657209672045,-0.040843448229418086,-0.04115752953580787,-0.04830564579553706,SSP1,Upper CI,Brazil,missing,Protein,Poultry,missing,missing,missing,missing,missing,missing,missing,%,BrazilPoultry
11613,0.213009,0.208886,0.230534,0.254801,0.270451,,,,0.4892724694415892,1.050572284280872,1.4041990947864842,1.5403042056109488,1.608868512748271,SSP1,Lower CI,Brazil,missing,Protein,Sheep and Goat,missing,missing,missing,missing,missing,missing,missing,%,BrazilSheep and Goat
11615,0.213009,0.208886,0.230534,0.254801,0.270451,,,,0.6204307088167136,1.3148850059449142,1.699870972414345,1.8786306114810747,1.9680325103217817,SSP1,Median,Brazil,missing,Protein,Sheep and Goat,missing,missing,missing,missing,missing,missing,missing,%,BrazilSheep and Goat
11617,0.213009,0.208886,0.230534,0.254801,0.270451,,,,0.7265552118491779,1.6224744233001158,1.9962260779249905,2.206185890273792,2.306170399836674,SSP1,Upper CI,Brazil,missing,Protein,Sheep and Goat,missing,missing,missing,missing,missing,missing,missing,%,BrazilSheep and Goat
11655,7.48524,10.2408,10.7743,10.0254,12.132,,,,0.08870264176240353,0.1726532174831102,0.21311043339124408,0.21757867970433786,0.21933998299327123,SSP1,Lower CI,Brazil,missing,Protein,Legumes,missing,missing,missing,missing,missing,missing,missing,%,BrazilLegumes
11657,7.48524,10.2408,10.7743,10.0254,12.132,,,,0.20198032435293584,0.2485911098847348,0.26016886333707323,0.2667491388931775,0.2689669801774728,SSP1,Median,Brazil,missing,Protein,Legumes,missing,missing,missing,missing,missing,missing,missing,%,BrazilLegumes
11659,7.48524,10.2408,10.7743,10.0254,12.132,,,,0.2398432754480612,0.31254605879163816,0.32221219305802157,0.31451380551868735,0.3169182793866611,SSP1,Upper CI,Brazil,missing,Protein,Legumes,missing,missing,missing,missing,missing,missing,missing,%,BrazilLegumes
11697,0.387308,0.528881,0.779295,0.924795,1.11829,,,,-0.736919748064286,-0.8214492931659473,-0.5310059906173311,-0.547900169706885,-0.502794816622835,SSP1,Lower CI,Brazil,missing,Protein,Nuts and Seeds,missing,missing,missing,missing,missing,missing,missing,%,BrazilNuts and Seeds
11699,0.387308,0.528881,0.779295,0.924795,1.11829,,,,-0.4389702949146179,-0.38606807537933685,-0.4505533528725409,-0.436936367438329,-0.4210112542974289,SSP1,Median,Brazil,missing,Protein,Nuts and Seeds,missing,missing,missing,missing,missing,missing,missing,%,BrazilNuts and Seeds
11701,0.387308,0.528881,0.779295,0.924795,1.11829,,,,-0.3062769348320713,0.620887588328065,-0.3666407624272946,-0.3790176509324762,-0.3788544530124841,SSP1,Upper CI,Brazil,missing,Protein,Nuts and Seeds,missing,missing,missing,missing,missing,missing,missing,%,BrazilNuts and Seeds
11739,24.9277,28.2388,24.611,23.088,23.4574,,,,-1.0453974352461226,-0.931084732619356,-0.9051394779735842,-0.8736106486445272,-0.8607202666334246,SSP1,Lower CI,Brazil,missing,Rice,Rice,missing,missing,missing,missing,missing,missing,missing,%,BrazilRice
11741,24.9277,28.2388,24.611,23.088,23.4574,,,,-0.9385716312316554,-0.8905386687112704,-0.8823967504561071,-0.8636699220742753,-0.8500314702326662,SSP1,Median,Brazil,missing,Rice,Rice,missing,missing,missing,missing,missing,missing,missing,%,BrazilRice
11743,24.9277,28.2388,24.611,23.088,23.4574,,,,-0.8328398752266647,-0.7189668638619159,-0.8301839176994481,-0.8485005420352449,-0.8433086812605988,SSP1,Upper CI,Brazil,missing,Rice,Rice,missing,missing,missing,missing,missing,missing,missing,%,BrazilRice
11781,7.71872,9.07711,9.53714,9.29148,9.4,,,,0.1530827437239642,0.0704375639715186,0.15802381763612472,0.1910440951251793,0.1871519568557969,SSP1,Lower CI,Brazil,missing,RootTuber,Roots and Tubers,missing,missing,missing,missing,missing,missing,missing,%,BrazilRoots and Tubers
11783,7.71872,9.07711,9.53714,9.29148,9.4,,,,0.2943741441440875,0.21794928414261258,0.2023728191043101,0.22117326152222044,0.21146195232380863,SSP1,Median,Brazil,missing,RootTuber,Roots and Tubers,missing,missing,missing,missing,missing,missing,missing,%,BrazilRoots and Tubers
11785,7.71872,9.07711,9.53714,9.29148,9.4,,,,0.4216935879901104,0.37463326202847524,0.23849029457802268,0.2491956213717069,0.23409247097556848,SSP1,Upper CI,Brazil,missing,RootTuber,Roots and Tubers,missing,missing,missing,missing,missing,missing,missing,%,BrazilRoots and Tubers
11823,4.62785,5.67475,20.012,31.3984,34.1211,,,,-0.20239327994179585,-0.23353543274452285,-0.20481002054955103,-0.20036340605552244,-0.1894145874955376,SSP1,Lower CI,Brazil,missing,SugarCrop,Sugar Crops,missing,missing,missing,missing,missing,missing,missing,%,BrazilSugar Crops
11825,4.62785,5.67475,20.012,31.3984,34.1211,,,,-0.18998413168890343,-0.1803628224676021,-0.1768744669603797,-0.1744646013507602,-0.17257086954934564,SSP1,Median,Brazil,missing,SugarCrop,Sugar Crops,missing,missing,missing,missing,missing,missing,missing,%,BrazilSugar Crops
11827,4.62785,5.67475,20.012,31.3984,34.1211,,,,-0.167128416626165,-0.15524665124120898,-0.17236903756595098,-0.16854311872933714,-0.16169369762481053,SSP1,Upper CI,Brazil,missing,SugarCrop,Sugar Crops,missing,missing,missing,missing,missing,missing,missing,%,BrazilSugar Crops
11865,23.2633,34.3473,32.0687,28.0585,28.5191,,,,0.25752916470585285,0.20084724399387463,0.33507128301827316,0.33916456478303814,0.3455429872159507,SSP1,Lower CI,Brazil,missing,Wheat,Wheat,missing,missing,missing,missing,missing,missing,missing,%,BrazilWheat
11867,23.2633,34.3473,32.0687,28.0585,28.5191,,,,0.3283132936434326,0.35255153360776037,0.3740648365764182,0.35383728432117484,0.3529232369534649,SSP1,Median,Brazil,missing,Wheat,Wheat,missing,missing,missing,missing,missing,missing,missing,%,BrazilWheat
11869,23.2633,34.3473,32.0687,28.0585,28.5191,,,,0.3729472613132908,0.4136964090939891,0.40819724865857776,0.3740816435822202,0.36535335609001324,SSP1,Upper CI,Brazil,missing,Wheat,Wheat,missing,missing,missing,missing,missing,missing,missing,%,BrazilWheat
12789,0.464998,2.66246,2.27288,2.04935,2.12932,,,,0.17001054898164505,0.12210697865153938,0.04234447310675529,0.12218581918322305,0.13451734963823883,SSP1,Lower CI,Canada,missing,Corn,Corn,missing,missing,missing,missing,missing,missing,missing,%,CanadaCorn
12791,0.464998,2.66246,2.27288,2.04935,2.12932,,,,0.24879168652278563,0.1780694900675642,0.14151030241306228,0.17485843737380186,0.16802152320853228,SSP1,Median,Canada,missing,Corn,Corn,missing,missing,missing,missing,missing,missing,missing,%,CanadaCorn
12793,0.464998,2.66246,2.27288,2.04935,2.12932,,,,0.42163373921427605,0.4481749237325898,0.23346218684575018,0.19340219596240862,0.182738402635401,SSP1,Upper CI,Canada,missing,Corn,Corn,missing,missing,missing,missing,missing,missing,missing,%,CanadaCorn
12831,1.03177,1.43746,1.56727,1.71288,1.84049,,,,-0.11639241266332004,-0.3599262595367128,-0.14476821088322064,-0.12611849451704243,-0.12071914100029982,SSP1,Lower CI,Canada,missing,FruitsVeg,Fruits,missing,missing,missing,missing,missing,missing,missing,%,CanadaFruits
12833,1.03177,1.43746,1.56727,1.71288,1.84049,,,,-0.07037174332358284,-0.11020222690838305,-0.11243364775953836,-0.1066024980544144,-0.10942560305127066,SSP1,Median,Canada,missing,FruitsVeg,Fruits,missing,missing,missing,missing,missing,missing,missing,%,CanadaFruits
12835,1.03177,1.43746,1.56727,1.71288,1.84049,,,,-0.021603641236512205,0.0554631511322336,-0.0921851267420365,-0.08600444616040884,-0.09578214016433528,SSP1,Upper CI,Canada,missing,FruitsVeg,Fruits,missing,missing,missing,missing,missing,missing,missing,%,CanadaFruits
12873,0.856929,0.932152,1.02036,1.07705,1.15725,,,,-0.11260708533403016,-0.3514264531511435,-0.12458679299551162,-0.10174602588135623,-0.09266866319912347,SSP1,Lower CI,Canada,missing,FruitsVeg,Vegetables,missing,missing,missing,missing,missing,missing,missing,%,CanadaVegetables
12875,0.856929,0.932152,1.02036,1.07705,1.15725,,,,-0.07301909115432094,-0.106551240127375,-0.09233843351389398,-0.08062755640123881,-0.0798531122400699,SSP1,Median,Canada,missing,FruitsVeg,Vegetables,missing,missing,missing,missing,missing,missing,missing,%,CanadaVegetables
12877,0.856929,0.932152,1.02036,1.07705,1.15725,,,,-0.022105686918028333,0.06031875859195043,-0.07347149085728938,-0.06269973022944966,-0.06777381740616435,SSP1,Upper CI,Canada,missing,FruitsVeg,Vegetables,missing,missing,missing,missing,missing,missing,missing,%,CanadaVegetables
12915,0.178183,0.240172,0.304169,0.332627,0.35795,,,,-0.08139847688129845,-0.2884224558404731,-0.06591075234662241,-0.0465245413470161,-0.040158255403730275,SSP1,Lower CI,Canada,missing,MiscCrop,Other Crops,missing,missing,missing,missing,missing,missing,missing,%,CanadaOther Crops
12917,0.178183,0.240172,0.304169,0.332627,0.35795,,,,-0.040844438569631235,-0.061064907940382815,-0.04119791293820048,-0.027947476723954614,-0.029868292102862876,SSP1,Median,Canada,missing,MiscCrop,Other Crops,missing,missing,missing,missing,missing,missing,missing,%,CanadaOther Crops
12919,0.178183,0.240172,0.304169,0.332627,0.35795,,,,-0.008048919986255967,0.09312862438545562,-0.02485776036974362,-0.013834602346802286,-0.021219552399853077,SSP1,Upper CI,Canada,missing,MiscCrop,Other Crops,missing,missing,missing,missing,missing,missing,missing,%,CanadaOther Crops
12957,0.0120599,0.0699472,0.0358914,0.0056735,0.00607697,,,,-0.45383196927090996,-0.23275534885286203,-0.17844001805192714,-0.11231261600178145,-0.08554515734813892,SSP1,Lower CI,Canada,missing,Oil,Fiber Crops,missing,missing,missing,missing,missing,missing,missing,%,CanadaFiber Crops
12959,0.0120599,0.0699472,0.0358914,0.0056735,0.00607697,,,,-0.27792558689109115,-0.15857558748508113,-0.11667903804076386,-0.08246135497516362,-0.05917816325775641,SSP1,Median,Canada,missing,Oil,Fiber Crops,missing,missing,missing,missing,missing,missing,missing,%,CanadaFiber Crops
12961,0.0120599,0.0699472,0.0358914,0.0056735,0.00607697,,,,-0.20924193573029184,-0.09638104265742681,-0.08715512675188278,-0.06475984161140737,-0.039760120155986185,SSP1,Upper CI,Canada,missing,Oil,Fiber Crops,missing,missing,missing,missing,missing,missing,missing,%,CanadaFiber Crops
12999,2.39267,3.16746,3.78947,5.35863,5.75106,,,,-0.0190032783595164,-0.14203956592399847,0.21645050158342596,0.21749770552739556,0.238820126242022,SSP1,Lower CI,Canada,missing,Oil,Plant Oils,missing,missing,missing,missing,missing,missing,missing,%,CanadaPlant Oils
13001,2.39267,3.16746,3.78947,5.35863,5.75106,,,,0.08038453450141685,0.2953990774577548,0.30559904727543,0.26257997575314934,0.2633056247252136,SSP1,Median,Canada,missing,Oil,Plant Oils,missing,missing,missing,missing,missing,missing,missing,%,CanadaPlant Oils
13003,2.39267,3.16746,3.78947,5.35863,5.75106,,,,0.21420336553588482,0.3607284956264327,0.3942643498215218,0.3454610670816475,0.3120982821681202,SSP1,Upper CI,Canada,missing,Oil,Plant Oils,missing,missing,missing,missing,missing,missing,missing,%,CanadaPlant Oils
13041,0.0197664,0.0057853,0.013499,0.0,0.0,,,,,,,,,SSP1,Lower CI,Canada,missing,Oil,Palm Oil,missing,missing,missing,missing,missing,missing,missing,%,CanadaPalm Oil
13043,0.0197664,0.0057853,0.013499,0.0,0.0,,,,,,,,,SSP1,Median,Canada,missing,Oil,Palm Oil,missing,missing,missing,missing,missing,missing,missing,%,CanadaPalm Oil
13045,0.0197664,0.0057853,0.013499,0.0,0.0,,,,,,,,,SSP1,Upper CI,Canada,missing,Oil,Palm Oil,missing,missing,missing,missing,missing,missing,missing,%,CanadaPalm Oil
13083,0.537275,1.00395,0.57548,0.310785,0.335146,,,,-0.32708557258842846,-0.2500739736044867,0.017423226880228432,-0.024946929306110643,0.0005581748991328114,SSP1,Lower CI,Canada,missing,Oil,Soybean,missing,missing,missing,missing,missing,missing,missing,%,CanadaSoybean
13085,0.537275,1.00395,0.57548,0.310785,0.335146,,,,-0.06006004596940409,0.07047874920740145,0.06014352412574231,0.033801731666785684,0.03343179747135027,SSP1,Median,Canada,missing,Oil,Soybean,missing,missing,missing,missing,missing,missing,missing,%,CanadaSoybean
13087,0.537275,1.00395,0.57548,0.310785,0.335146,,,,0.3856709299291033,0.4043242994014328,0.18908035177131513,0.10926906778241458,0.08064950304604998,SSP1,Upper CI,Canada,missing,Oil,Soybean,missing,missing,missing,missing,missing,missing,missing,%,CanadaSoybean
13125,0.267445,0.152424,0.923221,1.31923,1.38576,,,,0.07258386151483136,0.0036619605569141456,0.10424696490392908,0.13440391716313774,0.1418250819740717,SSP1,Lower CI,Canada,missing,OtherGrain,Other Grains,missing,missing,missing,missing,missing,missing,missing,%,CanadaOther Grains
13127,0.267445,0.152424,0.923221,1.31923,1.38576,,,,0.14254425341408264,0.17352400276670107,0.1586133224578609,0.14758147948608868,0.14655671441535179,SSP1,Median,Canada,missing,OtherGrain,Other Grains,missing,missing,missing,missing,missing,missing,missing,%,CanadaOther Grains
13129,0.267445,0.152424,0.923221,1.31923,1.38576,,,,0.24693900205467834,0.2650838305760903,0.1929202897425933,0.15482436374574296,0.15501795670871907,SSP1,Upper CI,Canada,missing,OtherGrain,Other Grains,missing,missing,missing,missing,missing,missing,missing,%,CanadaOther Grains
13167,1.0644,1.14472,0.990815,1.18867,1.26324,,,,-0.002825555016870908,-0.1725560109937232,-0.12091965947390595,-0.12098054758187368,-0.1291496559853031,SSP1,Lower CI,Canada,missing,Protein,Beef,missing,missing,missing,missing,missing,missing,missing,%,CanadaBeef
13169,1.0644,1.14472,0.990815,1.18867,1.26324,,,,0.04594773471431588,-0.0711833398731762,-0.09219104823708371,-0.10528901219662207,-0.11205368888383098,SSP1,Median,Canada,missing,Protein,Beef,missing,missing,missing,missing,missing,missing,missing,%,CanadaBeef
13171,1.0644,1.14472,0.990815,1.18867,1.26324,,,,0.09697152573763076,-0.016594291536525682,-0.06678233624425248,-0.07106414776389947,-0.08453273743645194,SSP1,Upper CI,Canada,missing,Protein,Beef,missing,missing,missing,missing,missing,missing,missing,%,CanadaBeef
13209,8.32059,9.00551,5.94668,3.83431,4.08663,,,,-0.09735815587490962,-0.3706665043935352,-0.14251921797551925,-0.12034348360025961,-0.11705385337103608,SSP1,Lower CI,Canada,missing,Protein,Dairy,missing,missing,missing,missing,missing,missing,missing,%,CanadaDairy
13211,8.32059,9.00551,5.94668,3.83431,4.08663,,,,-0.0703813485312454,-0.10556191214848133,-0.101228698685914,-0.09687766688294634,-0.10104359456443143,SSP1,Median,Canada,missing,Protein,Dairy,missing,missing,missing,missing,missing,missing,missing,%,CanadaDairy
13213,8.32059,9.00551,5.94668,3.83431,4.08663,,,,-0.019377506936646603,0.04475215633659224,-0.08673401140139422,-0.07407280890655839,-0.08161587289227779,SSP1,Upper CI,Canada,missing,Protein,Dairy,missing,missing,missing,missing,missing,missing,missing,%,CanadaDairy
13251,0.511269,0.584691,0.60125,0.605734,0.646043,,,,-0.12163582855309303,-0.4490971299672536,-0.19323819901056533,-0.16660798424712667,-0.16550201990042496,SSP1,Lower CI,Canada,missing,Protein,Fish,missing,missing,missing,missing,missing,missing,missing,%,CanadaFish
13253,0.511269,0.584691,0.60125,0.605734,0.646043,,,,-0.07517330313150059,-0.13716967057659082,-0.1485132623048781,-0.14103795088637056,-0.1489230079023632,SSP1,Median,Canada,missing,Protein,Fish,missing,missing,missing,missing,missing,missing,missing,%,CanadaFish
13255,0.511269,0.584691,0.60125,0.605734,0.646043,,,,0.0015041576891826197,0.0562601309790636,-0.11964409832182238,-0.1089876664398757,-0.12108076565919496,SSP1,Upper CI,Canada,missing,Protein,Fish,missing,missing,missing,missing,missing,missing,missing,%,CanadaFish
13293,2.47456,2.67109,2.77466,2.954,3.15361,,,,-0.002952667783957405,-0.19382655258659723,-0.014114143413506865,0.005779522763498912,0.009771204017455803,SSP1,Lower CI,Canada,missing,Protein,Pork,missing,missing,missing,missing,missing,missing,missing,%,CanadaPork
13295,2.47456,2.67109,2.77466,2.954,3.15361,,,,0.013785820014788376,0.011459319130612074,0.01868017342193501,0.025614576179946925,0.02923859071689351,SSP1,Median,Canada,missing,Protein,Pork,missing,missing,missing,missing,missing,missing,missing,%,CanadaPork
13297,2.47456,2.67109,2.77466,2.954,3.15361,,,,0.06300087571895856,0.0868396919498726,0.041617610624471994,0.05640474942300968,0.05601268831463033,SSP1,Upper CI,Canada,missing,Protein,Pork,missing,missing,missing,missing,missing,missing,missing,%,CanadaPork
13335,1.37644,2.02004,2.18022,2.41313,2.57734,,,,0.07017110037037337,-0.24420697482949916,-0.09208953809150872,-0.08115225983707519,-0.08187769567637798,SSP1,Lower CI,Canada,missing,Protein,Poultry,missing,missing,missing,missing,missing,missing,missing,%,CanadaPoultry
13337,1.37644,2.02004,2.18022,2.41313,2.57734,,,,0.19311098973009805,-0.012187318723153994,-0.04160123627155474,-0.046583192033341124,-0.05080190395703937,SSP1,Median,Canada,missing,Protein,Poultry,missing,missing,missing,missing,missing,missing,missing,%,CanadaPoultry
13339,1.37644,2.02004,2.18022,2.41313,2.57734,,,,0.2867819976150788,0.10827774667058664,0.004939728081565398,0.009680121502023645,0.0002553949780044751,SSP1,Upper CI,Canada,missing,Protein,Poultry,missing,missing,missing,missing,missing,missing,missing,%,CanadaPoultry
13377,0.0555472,0.0855402,0.0859971,0.0867135,0.0919323,,,,0.11868467224824494,-0.08331680227776447,0.15603030341821372,0.18819805130504208,0.19746154799780793,SSP1,Lower CI,Canada,missing,Protein,Sheep and Goat,missing,missing,missing,missing,missing,missing,missing,%,CanadaSheep and Goat
13379,0.0555472,0.0855402,0.0859971,0.0867135,0.0919323,,,,0.1634682885142636,0.17095791382500167,0.19583765142746912,0.23111524865974034,0.24568848113495514,SSP1,Median,Canada,missing,Protein,Sheep and Goat,missing,missing,missing,missing,missing,missing,missing,%,CanadaSheep and Goat
13381,0.0555472,0.0855402,0.0859971,0.0867135,0.0919323,,,,0.2204471580503918,0.35696576229832844,0.27652008186704125,0.3068964795265299,0.3175464570179052,SSP1,Upper CI,Canada,missing,Protein,Sheep and Goat,missing,missing,missing,missing,missing,missing,missing,%,CanadaSheep and Goat
13419,0.441219,0.791574,0.933765,1.13978,1.27412,,,,-0.22795981223350295,-0.09302820054322651,0.014471740174262615,0.018803994721087763,0.028376499292007515,SSP1,Lower CI,Canada,missing,Protein,Legumes,missing,missing,missing,missing,missing,missing,missing,%,CanadaLegumes
13421,0.441219,0.791574,0.933765,1.13978,1.27412,,,,-0.13250327645762758,0.03211269809257414,0.07316573145416047,0.08597434934816875,0.08657089746988667,SSP1,Median,Canada,missing,Protein,Legumes,missing,missing,missing,missing,missing,missing,missing,%,CanadaLegumes
13423,0.441219,0.791574,0.933765,1.13978,1.27412,,,,0.02202491704936002,0.08860612408458694,0.16513087640585192,0.14122177833466243,0.15012572273567187,SSP1,Upper CI,Canada,missing,Protein,Legumes,missing,missing,missing,missing,missing,missing,missing,%,CanadaLegumes
13461,0.636257,0.880875,1.00259,1.1813,1.31777,,,,0.10128051235638577,0.14858529676424143,0.2917287589641484,0.2643121474775317,0.2624262012420587,SSP1,Lower CI,Canada,missing,Protein,Nuts and Seeds,missing,missing,missing,missing,missing,missing,missing,%,CanadaNuts and Seeds
13463,0.636257,0.880875,1.00259,1.1813,1.31777,,,,0.3027629680158701,0.30717981453619486,0.3532289824975673,0.35991281616079507,0.3456429181077992,SSP1,Median,Canada,missing,Protein,Nuts and Seeds,missing,missing,missing,missing,missing,missing,missing,%,CanadaNuts and Seeds
13465,0.636257,0.880875,1.00259,1.1813,1.31777,,,,0.49848888214577247,1.0290703038992102,0.5658202569102067,0.40977084852625695,0.3954764324177224,SSP1,Upper CI,Canada,missing,Protein,Nuts and Seeds,missing,missing,missing,missing,missing,missing,missing,%,CanadaNuts and Seeds
13503,0.552241,1.06665,1.25637,1.38852,1.45586,,,,-1.4516444477197328,-1.7478263740136526,-1.4015001159897245,-1.1969695223773207,-1.169490118100704,SSP1,Lower CI,Canada,missing,Rice,Rice,missing,missing,missing,missing,missing,missing,missing,%,CanadaRice
13505,0.552241,1.06665,1.25637,1.38852,1.45586,,,,-1.2218394373813473,-1.246135509759879,-1.224866672884613,-1.1787828907217068,-1.160653481419725,SSP1,Median,Canada,missing,Rice,Rice,missing,missing,missing,missing,missing,missing,missing,%,CanadaRice
13507,0.552241,1.06665,1.25637,1.38852,1.45586,,,,-1.0058320696691636,0.30697635688605707,-0.746422352292064,-1.158065087962187,-1.1517634002721358,SSP1,Upper CI,Canada,missing,Rice,Rice,missing,missing,missing,missing,missing,missing,missing,%,CanadaRice
13545,1.4665,1.73218,1.89593,2.01977,2.11981,,,,0.0013551338752255948,-0.3340373584122809,-0.1098363231265495,-0.01614003297823033,-0.002466066689933471,SSP1,Lower CI,Canada,missing,RootTuber,Roots and Tubers,missing,missing,missing,missing,missing,missing,missing,%,CanadaRoots and Tubers
13547,1.4665,1.73218,1.89593,2.01977,2.11981,,,,0.23649789096571744,0.02250836214758659,-0.020653320090676733,0.02728264724326596,0.021563608349584675,SSP1,Median,Canada,missing,RootTuber,Roots and Tubers,missing,missing,missing,missing,missing,missing,missing,%,CanadaRoots and Tubers
13549,1.4665,1.73218,1.89593,2.01977,2.11981,,,,0.4322243328952503,0.404822276614363,0.07758156868829796,0.07013095594383745,0.05117489038209304,SSP1,Upper CI,Canada,missing,RootTuber,Roots and Tubers,missing,missing,missing,missing,missing,missing,missing,%,CanadaRoots and Tubers
13587,0.701633,1.04283,2.9911,4.56532,4.86573,,,,-0.16095163410121682,-0.5674148698042706,-0.17292790131788777,-0.18105338551790234,-0.1691855657022535,SSP1,Lower CI,Canada,missing,SugarCrop,Sugar Crops,missing,missing,missing,missing,missing,missing,missing,%,CanadaSugar Crops
13589,0.701633,1.04283,2.9911,4.56532,4.86573,,,,-0.09032073566534164,-0.12178914007490818,-0.15938770934584198,-0.1507378806061417,-0.14592709800017417,SSP1,Median,Canada,missing,SugarCrop,Sugar Crops,missing,missing,missing,missing,missing,missing,missing,%,CanadaSugar Crops
13591,0.701633,1.04283,2.9911,4.56532,4.86573,,,,-0.03287431864348238,1.0550306179499211,-0.12464308379045262,-0.13004249431016413,-0.1171119963830162,SSP1,Upper CI,Canada,missing,SugarCrop,Sugar Crops,missing,missing,missing,missing,missing,missing,missing,%,CanadaSugar Crops
13629,7.42442,9.85471,8.96521,7.46011,7.89685,,,,-0.05601490871805564,-0.12417733138821721,0.084090050302135,0.12308735812578914,0.1291951148316928,SSP1,Lower CI,Canada,missing,Wheat,Wheat,missing,missing,missing,missing,missing,missing,missing,%,CanadaWheat
13631,7.42442,9.85471,8.96521,7.46011,7.89685,,,,0.08853008348671394,0.128614816095887,0.16065830563617534,0.1365317138851662,0.13802876392454247,SSP1,Median,Canada,missing,Wheat,Wheat,missing,missing,missing,missing,missing,missing,missing,%,CanadaWheat
13633,7.42442,9.85471,8.96521,7.46011,7.89685,,,,0.17830085056822842,0.17532549134890077,0.19422623141291434,0.16165312412155258,0.1476373113411669,SSP1,Upper CI,Canada,missing,Wheat,Wheat,missing,missing,missing,missing,missing,missing,missing,%,CanadaWheat
14553,8.45616,10.8717,11.4913,13.3711,13.6465,,,,0.45658007055091,0.14810106541677054,0.40143767403597524,0.49085686176599863,0.49434363847351476,SSP1,Lower CI,Central America and Caribbean,missing,Corn,Corn,missing,missing,missing,missing,missing,missing,missing,%,Central America and CaribbeanCorn
14555,8.45616,10.8717,11.4913,13.3711,13.6465,,,,0.47748776637162793,0.45795633859112556,0.5097994750213325,0.5151260399675565,0.5046197543661102,SSP1,Median,Central America and Caribbean,missing,Corn,Corn,missing,missing,missing,missing,missing,missing,missing,%,Central America and CaribbeanCorn
14557,8.45616,10.8717,11.4913,13.3711,13.6465,,,,0.5710020594451644,0.613229699095726,0.5681552144412471,0.5307908437227661,0.532435573441507,SSP1,Upper CI,Central America and Caribbean,missing,Corn,Corn,missing,missing,missing,missing,missing,missing,missing,%,Central America and CaribbeanCorn
14595,2.66445,3.96957,4.20959,5.02887,5.55313,,,,-0.043683992524344226,-0.4033790082121743,-0.08851017723842894,-0.054091464397969205,-0.05632256197440436,SSP1,Lower CI,Central America and Caribbean,missing,FruitsVeg,Fruits,missing,missing,missing,missing,missing,missing,missing,%,Central America and CaribbeanFruits
14597,2.66445,3.96957,4.20959,5.02887,5.55313,,,,-0.027621933540306294,-0.0517125124275479,-0.04397794137970002,-0.041689068734844764,-0.0455290053453262,SSP1,Median,Central America and Caribbean,missing,FruitsVeg,Fruits,missing,missing,missing,missing,missing,missing,missing,%,Central America and CaribbeanFruits
14599,2.66445,3.96957,4.20959,5.02887,5.55313,,,,0.0007620391928470534,0.0760643721356695,-0.026004342491667484,-0.020363342130091514,-0.02771523974605581,SSP1,Upper CI,Central America and Caribbean,missing,FruitsVeg,Fruits,missing,missing,missing,missing,missing,missing,missing,%,Central America and CaribbeanFruits
14637,0.58306,1.24768,1.28725,1.30636,1.44239,,,,-0.03127296018657358,-0.39250841318164775,-0.0778131827510644,-0.04369354180599387,-0.04563348520076425,SSP1,Lower CI,Central America and Caribbean,missing,FruitsVeg,Vegetables,missing,missing,missing,missing,missing,missing,missing,%,Central America and CaribbeanVegetables
14639,0.58306,1.24768,1.28725,1.30636,1.44239,,,,-0.014053261157125345,-0.03908484084438523,-0.03306589605982796,-0.03132621640482104,-0.034830760640777114,SSP1,Median,Central America and Caribbean,missing,FruitsVeg,Vegetables,missing,missing,missing,missing,missing,missing,missing,%,Central America and CaribbeanVegetables
14641,0.58306,1.24768,1.28725,1.30636,1.44239,,,,0.015498891540819276,0.08809152270264886,-0.015100051498945,-0.00958457962836377,-0.01664883429278713,SSP1,Upper CI,Central America and Caribbean,missing,FruitsVeg,Vegetables,missing,missing,missing,missing,missing,missing,missing,%,Central America and CaribbeanVegetables
14679,0.224297,0.387158,0.3739,0.351605,0.388853,,,,0.0550295076243102,-0.29992482071878346,0.004989443097129162,0.03997584559007131,0.03681286070447402,SSP1,Lower CI,Central America and Caribbean,missing,MiscCrop,Other Crops,missing,missing,missing,missing,missing,missing,missing,%,Central America and CaribbeanOther Crops
14681,0.224297,0.387158,0.3739,0.351605,0.388853,,,,0.06146428729930011,0.03755394412502373,0.04874352938139999,0.051298590728430474,0.04547513447356326,SSP1,Median,Central America and Caribbean,missing,MiscCrop,Other Crops,missing,missing,missing,missing,missing,missing,missing,%,Central America and CaribbeanOther Crops
14683,0.224297,0.387158,0.3739,0.351605,0.388853,,,,0.07728981263849621,0.16442501856753108,0.0652877672451669,0.06883987470890429,0.059559080566215346,SSP1,Upper CI,Central America and Caribbean,missing,MiscCrop,Other Crops,missing,missing,missing,missing,missing,missing,missing,%,Central America and CaribbeanOther Crops
14721,0.244909,0.0189657,0.0077123,0.0099597,0.0110087,,,,-0.4698302068941147,-0.18064017139143063,-0.12520815665643328,-0.06590673857715282,-0.041903029794326585,SSP1,Lower CI,Central America and Caribbean,missing,Oil,Fiber Crops,missing,missing,missing,missing,missing,missing,missing,%,Central America and CaribbeanFiber Crops
14723,0.244909,0.0189657,0.0077123,0.0099597,0.0110087,,,,-0.25494528481963674,-0.1485838105556398,-0.06004649144188272,-0.028962001853556893,-0.013684960798307022,SSP1,Median,Central America and Caribbean,missing,Oil,Fiber Crops,missing,missing,missing,missing,missing,missing,missing,%,Central America and CaribbeanFiber Crops
14725,0.244909,0.0189657,0.0077123,0.0099597,0.0110087,,,,-0.15287131661408057,-0.03959405447660465,-0.01929142514588522,-0.012808933829054393,0.007450540767035985,SSP1,Upper CI,Central America and Caribbean,missing,Oil,Fiber Crops,missing,missing,missing,missing,missing,missing,missing,%,Central America and CaribbeanFiber Crops
14763,0.91248,1.23642,1.26539,1.72213,1.90214,,,,-0.1917979253101685,-0.6084901356402914,-0.021200347605488806,0.03159895633541506,0.033463287047546426,SSP1,Lower CI,Central America and Caribbean,missing,Oil,Plant Oils,missing,missing,missing,missing,missing,missing,missing,%,Central America and CaribbeanPlant Oils
14765,0.91248,1.23642,1.26539,1.72213,1.90214,,,,-0.037936978115357615,0.07543490446329905,0.0959355389653375,0.06227351115710715,0.08304542899630081,SSP1,Median,Central America and Caribbean,missing,Oil,Plant Oils,missing,missing,missing,missing,missing,missing,missing,%,Central America and CaribbeanPlant Oils
14767,0.91248,1.23642,1.26539,1.72213,1.90214,,,,0.10293846879101878,1.6733558153124133,0.38445804674828354,0.12593280369135418,0.11244671217169011,SSP1,Upper CI,Central America and Caribbean,missing,Oil,Plant Oils,missing,missing,missing,missing,missing,missing,missing,%,Central America and CaribbeanPlant Oils
14805,0.838749,1.4868,2.57031,3.11962,3.43585,,,,-0.13036685663410388,-0.2548510935258916,-0.12509675591071517,-0.09639720813724059,-0.08934669547516874,SSP1,Lower CI,Central America and Caribbean,missing,Oil,Palm Oil,missing,missing,missing,missing,missing,missing,missing,%,Central America and CaribbeanPalm Oil
14807,0.838749,1.4868,2.57031,3.11962,3.43585,,,,-0.12010116203488067,-0.07295051342307078,-0.07959779546101928,-0.07864314712279984,-0.07387559885407423,SSP1,Median,Central America and Caribbean,missing,Oil,Palm Oil,missing,missing,missing,missing,missing,missing,missing,%,Central America and CaribbeanPalm Oil
14809,0.838749,1.4868,2.57031,3.11962,3.43585,,,,-0.07733643795077991,0.38205307833491636,0.029932621708863884,-0.06724307556622602,-0.06535192697158707,SSP1,Upper CI,Central America and Caribbean,missing,Oil,Palm Oil,missing,missing,missing,missing,missing,missing,missing,%,Central America and CaribbeanPalm Oil
14847,1.38119,3.4578,3.99103,3.90686,4.31509,,,,-0.034588451162036835,-0.3766638037596879,0.0913427498874366,0.05688989512812538,0.07518165758660328,SSP1,Lower CI,Central America and Caribbean,missing,Oil,Soybean,missing,missing,missing,missing,missing,missing,missing,%,Central America and CaribbeanSoybean
14849,1.38119,3.4578,3.99103,3.90686,4.31509,,,,0.06824759922782092,0.1291177447672196,0.1395980264498683,0.10556370869638206,0.10417901704442827,SSP1,Median,Central America and Caribbean,missing,Oil,Soybean,missing,missing,missing,missing,missing,missing,missing,%,Central America and CaribbeanSoybean
14851,1.38119,3.4578,3.99103,3.90686,4.31509,,,,0.16508028084822735,1.4862341132072179,0.2932003393295365,0.20860302122234675,0.17399505569510898,SSP1,Upper CI,Central America and Caribbean,missing,Oil,Soybean,missing,missing,missing,missing,missing,missing,missing,%,Central America and CaribbeanSoybean
14889,0.952742,0.994411,1.50074,1.79661,1.84081,,,,0.3186647851960293,-0.48042249404826587,-0.03377176129866255,0.26407496371387995,0.27912687305313977,SSP1,Lower CI,Central America and Caribbean,missing,OtherGrain,Other Grains,missing,missing,missing,missing,missing,missing,missing,%,Central America and CaribbeanOther Grains
14891,0.952742,0.994411,1.50074,1.79661,1.84081,,,,0.3451814852430117,0.29503197299735434,0.2907799289265117,0.2910087194478309,0.28524713968720766,SSP1,Median,Central America and Caribbean,missing,OtherGrain,Other Grains,missing,missing,missing,missing,missing,missing,missing,%,Central America and CaribbeanOther Grains
14893,0.952742,0.994411,1.50074,1.79661,1.84081,,,,0.3866691685533758,0.42687965450429066,0.3693544635250185,0.2959514414983484,0.2990569954527599,SSP1,Upper CI,Central America and Caribbean,missing,OtherGrain,Other Grains,missing,missing,missing,missing,missing,missing,missing,%,Central America and CaribbeanOther Grains
14931,0.869773,1.0096,1.31157,1.44538,1.54663,,,,0.034074106626052286,-0.2021357666811837,-0.09256829045681443,-0.0878127564804888,-0.10474148066143084,SSP1,Lower CI,Central America and Caribbean,missing,Protein,Beef,missing,missing,missing,missing,missing,missing,missing,%,Central America and CaribbeanBeef
14933,0.869773,1.0096,1.31157,1.44538,1.54663,,,,0.05789485081527651,-0.01666407355167615,-0.04551686678072729,-0.06484265241796675,-0.08043862234427765,SSP1,Median,Central America and Caribbean,missing,Protein,Beef,missing,missing,missing,missing,missing,missing,missing,%,Central America and CaribbeanBeef
14935,0.869773,1.0096,1.31157,1.44538,1.54663,,,,0.06978671090794074,0.48031470117031105,0.07050488394711353,-0.022181160662605184,-0.040446497130256956,SSP1,Upper CI,Central America and Caribbean,missing,Protein,Beef,missing,missing,missing,missing,missing,missing,missing,%,Central America and CaribbeanBeef
14973,3.28909,4.15066,4.03875,4.08266,4.38011,,,,0.02262795198287828,-0.16692639742657128,-0.009321911314021495,-0.0025462156442282863,-0.003989277367730724,SSP1,Lower CI,Central America and Caribbean,missing,Protein,Dairy,missing,missing,missing,missing,missing,missing,missing,%,Central America and CaribbeanDairy
14975,3.28909,4.15066,4.03875,4.08266,4.38011,,,,0.0741231991159214,0.025474634740897867,0.023208929080804595,0.02189849901058924,0.020518006716679846,SSP1,Median,Central America and Caribbean,missing,Protein,Dairy,missing,missing,missing,missing,missing,missing,missing,%,Central America and CaribbeanDairy
14977,3.28909,4.15066,4.03875,4.08266,4.38011,,,,0.11096100161176153,0.0786402587062297,0.07027381783847145,0.054865758427606846,0.052246407465876374,SSP1,Upper CI,Central America and Caribbean,missing,Protein,Dairy,missing,missing,missing,missing,missing,missing,missing,%,Central America and CaribbeanDairy
15015,0.851242,1.12228,1.21797,1.28022,1.37979,,,,-0.033879895079931326,-0.5105323495476985,-0.15390692755962612,-0.10912504845133497,-0.12057412756781266,SSP1,Lower CI,Central America and Caribbean,missing,Protein,Fish,missing,missing,missing,missing,missing,missing,missing,%,Central America and CaribbeanFish
15017,0.851242,1.12228,1.21797,1.28022,1.37979,,,,0.0190272753537083,-0.05809047083305015,-0.07608607772620062,-0.0796434954872819,-0.09138738518562624,SSP1,Median,Central America and Caribbean,missing,Protein,Fish,missing,missing,missing,missing,missing,missing,missing,%,Central America and CaribbeanFish
15019,0.851242,1.12228,1.21797,1.28022,1.37979,,,,0.07561714424289695,0.08200811839188901,-0.041305790474721375,-0.03618939945527627,-0.05100053469422894,SSP1,Upper CI,Central America and Caribbean,missing,Protein,Fish,missing,missing,missing,missing,missing,missing,missing,%,Central America and CaribbeanFish
15057,0.772878,1.65025,2.04855,2.1462,2.3103,,,,0.1780754795603688,0.13482952589017005,0.2126481671631081,0.24278434150428407,0.2456872115173683,SSP1,Lower CI,Central America and Caribbean,missing,Protein,Pork,missing,missing,missing,missing,missing,missing,missing,%,Central America and CaribbeanPork
15059,0.772878,1.65025,2.04855,2.1462,2.3103,,,,0.2679628492786659,0.228197957967838,0.28302164237348615,0.2879433050185265,0.2900996570096544,SSP1,Median,Central America and Caribbean,missing,Protein,Pork,missing,missing,missing,missing,missing,missing,missing,%,Central America and CaribbeanPork
15061,0.772878,1.65025,2.04855,2.1462,2.3103,,,,0.338788566243903,0.3704433500027834,0.4160471328378963,0.33020617301522115,0.33107364177259735,SSP1,Upper CI,Central America and Caribbean,missing,Protein,Pork,missing,missing,missing,missing,missing,missing,missing,%,Central America and CaribbeanPork
15099,1.2216,2.50684,2.90642,3.48122,3.75384,,,,0.08742793915559238,-0.15045170111257197,-0.11118917758259336,-0.09520419470305785,-0.10426007250307509,SSP1,Lower CI,Central America and Caribbean,missing,Protein,Poultry,missing,missing,missing,missing,missing,missing,missing,%,Central America and CaribbeanPoultry
15101,1.2216,2.50684,2.90642,3.48122,3.75384,,,,0.13318125174223241,0.04569943557388874,0.0045289854046772745,-0.009022493562285072,-0.026031031234120428,SSP1,Median,Central America and Caribbean,missing,Protein,Poultry,missing,missing,missing,missing,missing,missing,missing,%,Central America and CaribbeanPoultry
15103,1.2216,2.50684,2.90642,3.48122,3.75384,,,,0.19268977083121241,0.2805009445692572,0.20703681080494166,0.04530651775538829,0.027939250845173562,SSP1,Upper CI,Central America and Caribbean,missing,Protein,Poultry,missing,missing,missing,missing,missing,missing,missing,%,Central America and CaribbeanPoultry
15141,0.0390874,0.0545114,0.0606652,0.065852,0.0706303,,,,0.19279894866771768,-0.1637164308672857,0.18609547915546112,0.21813491586442454,0.219474982249098,SSP1,Lower CI,Central America and Caribbean,missing,Protein,Sheep and Goat,missing,missing,missing,missing,missing,missing,missing,%,Central America and CaribbeanSheep and Goat
15143,0.0390874,0.0545114,0.0606652,0.065852,0.0706303,,,,0.22026164560677955,0.22005460838384916,0.23577658760520412,0.2559256289628748,0.2588205528045643,SSP1,Median,Central America and Caribbean,missing,Protein,Sheep and Goat,missing,missing,missing,missing,missing,missing,missing,%,Central America and CaribbeanSheep and Goat
15145,0.0390874,0.0545114,0.0606652,0.065852,0.0706303,,,,0.23930338913449978,0.3573257740544735,0.2953026604168961,0.3222622474783806,0.3250978643054758,SSP1,Upper CI,Central America and Caribbean,missing,Protein,Sheep and Goat,missing,missing,missing,missing,missing,missing,missing,%,Central America and CaribbeanSheep and Goat
15183,2.31319,3.51732,3.74071,3.81149,4.59186,,,,0.0740809423877701,0.19217202472362924,0.22863109667392764,0.23632547026279926,0.23766804346356776,SSP1,Lower CI,Central America and Caribbean,missing,Protein,Legumes,missing,missing,missing,missing,missing,missing,missing,%,Central America and CaribbeanLegumes
15185,2.31319,3.51732,3.74071,3.81149,4.59186,,,,0.17105688012533043,0.26668850903202523,0.2739836719147924,0.2839574996774691,0.28553600544258323,SSP1,Median,Central America and Caribbean,missing,Protein,Legumes,missing,missing,missing,missing,missing,missing,missing,%,Central America and CaribbeanLegumes
15187,2.31319,3.51732,3.74071,3.81149,4.59186,,,,0.26869205432830146,0.44266191873325744,0.3957334952163504,0.32873180367718235,0.33183332306110935,SSP1,Upper CI,Central America and Caribbean,missing,Protein,Legumes,missing,missing,missing,missing,missing,missing,missing,%,Central America and CaribbeanLegumes
15225,0.298516,0.457073,0.511775,0.570182,0.675364,,,,-0.654406522165021,-0.5737146228564833,-0.375541708922141,-0.4490741316861038,-0.4357303780970371,SSP1,Lower CI,Central America and Caribbean,missing,Protein,Nuts and Seeds,missing,missing,missing,missing,missing,missing,missing,%,Central America and CaribbeanNuts and Seeds
15227,0.298516,0.457073,0.511775,0.570182,0.675364,,,,-0.4066903971745694,-0.3508094138708468,-0.3117385107627838,-0.3349935683831754,-0.35778259506295357,SSP1,Median,Central America and Caribbean,missing,Protein,Nuts and Seeds,missing,missing,missing,missing,missing,missing,missing,%,Central America and CaribbeanNuts and Seeds
15229,0.298516,0.457073,0.511775,0.570182,0.675364,,,,-0.2474954547379692,0.8038970933155936,-0.11270311652940965,-0.2939528104429392,-0.31390693764841915,SSP1,Upper CI,Central America and Caribbean,missing,Protein,Nuts and Seeds,missing,missing,missing,missing,missing,missing,missing,%,Central America and CaribbeanNuts and Seeds
15267,6.1717,10.2809,9.97835,10.5498,10.7456,,,,-1.1270490243569995,-1.3851771864478652,-1.3035612767189293,-1.1250770649075936,-1.0918473205458423,SSP1,Lower CI,Central America and Caribbean,missing,Rice,Rice,missing,missing,missing,missing,missing,missing,missing,%,Central America and CaribbeanRice
15269,6.1717,10.2809,9.97835,10.5498,10.7456,,,,-1.0717583639896842,-1.118456406431054,-1.1470810602640646,-1.094102580967475,-1.059120808035029,SSP1,Median,Central America and Caribbean,missing,Rice,Rice,missing,missing,missing,missing,missing,missing,missing,%,Central America and CaribbeanRice
15271,6.1717,10.2809,9.97835,10.5498,10.7456,,,,-0.9543715457684425,-0.5587616604800925,-0.9067442897155559,-1.078243987948626,-1.0484113585278645,SSP1,Upper CI,Central America and Caribbean,missing,Rice,Rice,missing,missing,missing,missing,missing,missing,missing,%,Central America and CaribbeanRice
15309,1.64534,2.51553,2.82715,3.00453,3.06622,,,,0.3477274749781428,-1.155009021580248,-1.3189062051092375,0.20762162794317224,0.2394421474817121,SSP1,Lower CI,Central America and Caribbean,missing,RootTuber,Roots and Tubers,missing,missing,missing,missing,missing,missing,missing,%,Central America and CaribbeanRoots and Tubers
15311,1.64534,2.51553,2.82715,3.00453,3.06622,,,,0.48939693223212977,0.24445467755175682,0.242274926168248,0.27720171193942583,0.26314945168948206,SSP1,Median,Central America and Caribbean,missing,RootTuber,Roots and Tubers,missing,missing,missing,missing,missing,missing,missing,%,Central America and CaribbeanRoots and Tubers
15313,1.64534,2.51553,2.82715,3.00453,3.06622,,,,0.5641636363968954,0.6764299916483288,0.7911236744928585,0.3132513949531563,0.33202377951178585,SSP1,Upper CI,Central America and Caribbean,missing,RootTuber,Roots and Tubers,missing,missing,missing,missing,missing,missing,missing,%,Central America and CaribbeanRoots and Tubers
15351,1.12818,1.52154,7.38042,11.6471,12.8564,,,,-0.19102054496720647,-0.2406731053363375,-0.19331430209920744,-0.20950264999230941,-0.1996116678613675,SSP1,Lower CI,Central America and Caribbean,missing,SugarCrop,Sugar Crops,missing,missing,missing,missing,missing,missing,missing,%,Central America and CaribbeanSugar Crops
15353,1.12818,1.52154,7.38042,11.6471,12.8564,,,,-0.16884571346406918,-0.17487379045696155,-0.17982089951762384,-0.17278357263800315,-0.16573492224937,SSP1,Median,Central America and Caribbean,missing,SugarCrop,Sugar Crops,missing,missing,missing,missing,missing,missing,missing,%,Central America and CaribbeanSugar Crops
15355,1.12818,1.52154,7.38042,11.6471,12.8564,,,,-0.15406793226507173,-0.03620148318328492,-0.17191384971852344,-0.1565257078329381,-0.15123080541248782,SSP1,Upper CI,Central America and Caribbean,missing,SugarCrop,Sugar Crops,missing,missing,missing,missing,missing,missing,missing,%,Central America and CaribbeanSugar Crops
15393,7.71614,6.05333,9.24867,9.39961,9.61903,,,,0.05790360813952597,-0.13166902740954278,0.1445740551176527,0.3149908431823854,0.30059945506703545,SSP1,Lower CI,Central America and Caribbean,missing,Wheat,Wheat,missing,missing,missing,missing,missing,missing,missing,%,Central America and CaribbeanWheat
15395,7.71614,6.05333,9.24867,9.39961,9.61903,,,,0.3020038839234271,0.44525758687349126,0.41883584992425194,0.3434545163347698,0.33215953555524586,SSP1,Median,Central America and Caribbean,missing,Wheat,Wheat,missing,missing,missing,missing,missing,missing,missing,%,Central America and CaribbeanWheat
15397,7.71614,6.05333,9.24867,9.39961,9.61903,,,,0.38073095757069364,1.400444725591619,1.0587871063476437,0.4319667786087295,0.35017335315101916,SSP1,Upper CI,Central America and Caribbean,missing,Wheat,Wheat,missing,missing,missing,missing,missing,missing,missing,%,Central America and CaribbeanWheat
16317,0.36899,2.17671,1.92469,2.1161,2.1282,,,,-1.5243015595300426,-2.49215600556849,-1.5622278503736866,-1.3436800349465383,-1.2930055543590506,SSP1,Lower CI,Central Asia,missing,Corn,Corn,missing,missing,missing,missing,missing,missing,missing,%,Central AsiaCorn
16319,0.36899,2.17671,1.92469,2.1161,2.1282,,,,-1.4860041793080667,-1.4064468431766366,-1.3367073160853977,-1.272818126043631,-1.2342799555744026,SSP1,Median,Central Asia,missing,Corn,Corn,missing,missing,missing,missing,missing,missing,missing,%,Central AsiaCorn
16321,0.36899,2.17671,1.92469,2.1161,2.1282,,,,-1.309917834547547,-0.8726831482575481,-1.256023440058046,-1.2658806592749559,-1.220907890218689,SSP1,Upper CI,Central Asia,missing,Corn,Corn,missing,missing,missing,missing,missing,missing,missing,%,Central AsiaCorn
16359,1.43639,1.46812,2.29552,3.25046,3.69222,,,,0.22655267649718053,-0.15740381596153835,0.17173244362126797,0.26010183919842794,0.2701944594699671,SSP1,Lower CI,Central Asia,missing,FruitsVeg,Fruits,missing,missing,missing,missing,missing,missing,missing,%,Central AsiaFruits
16361,1.43639,1.46812,2.29552,3.25046,3.69222,,,,0.23855892408412485,0.24169709148752305,0.25642100600118073,0.2690311975682543,0.27471112866601494,SSP1,Median,Central Asia,missing,FruitsVeg,Fruits,missing,missing,missing,missing,missing,missing,missing,%,Central AsiaFruits
16363,1.43639,1.46812,2.29552,3.25046,3.69222,,,,0.2563684176182598,0.3228371995514967,0.2736604585262781,0.28714025558747774,0.28759585664095444,SSP1,Upper CI,Central Asia,missing,FruitsVeg,Fruits,missing,missing,missing,missing,missing,missing,missing,%,Central AsiaFruits
16401,1.74049,2.64466,3.50661,4.7357,5.38363,,,,0.2202203571866006,-0.18628075454339696,0.12953585195256676,0.20864577298933612,0.20949829398792968,SSP1,Lower CI,Central Asia,missing,FruitsVeg,Vegetables,missing,missing,missing,missing,missing,missing,missing,%,Central AsiaVegetables
16403,1.74049,2.64466,3.50661,4.7357,5.38363,,,,0.23312120348998686,0.21397898808331844,0.2150447807920489,0.21756771235847303,0.21453878448196267,SSP1,Median,Central Asia,missing,FruitsVeg,Vegetables,missing,missing,missing,missing,missing,missing,missing,%,Central AsiaVegetables
16405,1.74049,2.64466,3.50661,4.7357,5.38363,,,,0.25568187576923657,0.296382509928004,0.2331255779945822,0.23708501520107017,0.22930481341967307,SSP1,Upper CI,Central Asia,missing,FruitsVeg,Vegetables,missing,missing,missing,missing,missing,missing,missing,%,Central AsiaVegetables
16443,0.470723,0.55019,0.703594,0.71441,0.813644,,,,-0.026631090515551528,-0.44328038068599185,-0.12664736115108488,-0.03599562136078813,-0.0323301903794338,SSP1,Lower CI,Central Asia,missing,MiscCrop,Other Crops,missing,missing,missing,missing,missing,missing,missing,%,Central AsiaOther Crops
16445,0.470723,0.55019,0.703594,0.71441,0.813644,,,,-0.021577298739770493,-0.03487236409607266,-0.030093545355837036,-0.024852170292908832,-0.026657262672328017,SSP1,Median,Central Asia,missing,MiscCrop,Other Crops,missing,missing,missing,missing,missing,missing,missing,%,Central AsiaOther Crops
16447,0.470723,0.55019,0.703594,0.71441,0.813644,,,,-0.012670417903308312,0.04515422392244281,-0.011375666420784643,-0.009649381064650457,-0.014919694561010612,SSP1,Upper CI,Central Asia,missing,MiscCrop,Other Crops,missing,missing,missing,missing,missing,missing,missing,%,Central AsiaOther Crops
16485,2.01906,1.80844,2.22857,2.34824,2.67918,,,,-0.7505360902720017,-0.790375046130668,-0.62813115286076,-0.567496677093733,-0.538607538933478,SSP1,Lower CI,Central Asia,missing,Oil,Fiber Crops,missing,missing,missing,missing,missing,missing,missing,%,Central AsiaFiber Crops
16487,2.01906,1.80844,2.22857,2.34824,2.67918,,,,-0.6803516961072511,-0.6106380244297759,-0.5862797964492334,-0.5375831544158527,-0.509730620549727,SSP1,Median,Central Asia,missing,Oil,Fiber Crops,missing,missing,missing,missing,missing,missing,missing,%,Central AsiaFiber Crops
16489,2.01906,1.80844,2.22857,2.34824,2.67918,,,,-0.6041802070167623,-0.40695235095251586,-0.4529735808589281,-0.49310921240419087,-0.4719019900830922,SSP1,Upper CI,Central Asia,missing,Oil,Fiber Crops,missing,missing,missing,missing,missing,missing,missing,%,Central AsiaFiber Crops
16527,2.15201,2.22317,3.74235,4.90186,5.5244,,,,0.20903044685082403,0.20208966677830578,0.39248328032971236,0.2992763856993267,0.2680225946722451,SSP1,Lower CI,Central Asia,missing,Oil,Plant Oils,missing,missing,missing,missing,missing,missing,missing,%,Central AsiaPlant Oils
16529,2.15201,2.22317,3.74235,4.90186,5.5244,,,,0.2698751352972106,0.3992280279620062,0.44715592661693626,0.3968821637739345,0.3717412467301191,SSP1,Median,Central Asia,missing,Oil,Plant Oils,missing,missing,missing,missing,missing,missing,missing,%,Central AsiaPlant Oils
16531,2.15201,2.22317,3.74235,4.90186,5.5244,,,,0.3260331354316264,0.5570280275910664,0.5260869335378648,0.4576181847219162,0.4192047099470738,SSP1,Upper CI,Central Asia,missing,Oil,Plant Oils,missing,missing,missing,missing,missing,missing,missing,%,Central AsiaPlant Oils
16569,0.0,0.0105346,0.0181039,0.030824,0.035063,,,,-0.29245176393524364,-0.6857500116338138,-0.40414900373636453,-0.3100774476872826,-0.302181778220871,SSP1,Lower CI,Central Asia,missing,Oil,Palm Oil,missing,missing,missing,missing,missing,missing,missing,%,Central AsiaPalm Oil
16571,0.0,0.0105346,0.0181039,0.030824,0.035063,,,,-0.2837893188220411,-0.2940985837897359,-0.30030809016028026,-0.2878259190623994,-0.284619551204538,SSP1,Median,Central Asia,missing,Oil,Palm Oil,missing,missing,missing,missing,missing,missing,missing,%,Central AsiaPalm Oil
16573,0.0,0.0105346,0.0181039,0.030824,0.035063,,,,-0.2763210219050193,-0.1349713805948577,-0.2513722542326525,-0.24713609905112013,-0.24717519261752338,SSP1,Upper CI,Central Asia,missing,Oil,Palm Oil,missing,missing,missing,missing,missing,missing,missing,%,Central AsiaPalm Oil
16611,0.497458,0.449812,0.287842,0.248046,0.282941,,,,-0.5851737157901451,-1.751333521995652,-0.7593096036717626,-0.479951035677196,-0.4471172059753672,SSP1,Lower CI,Central Asia,missing,Oil,Soybean,missing,missing,missing,missing,missing,missing,missing,%,Central AsiaSoybean
16613,0.497458,0.449812,0.287842,0.248046,0.282941,,,,-0.49950240119028405,-0.3557122562225645,-0.39330908447880286,-0.414300445803535,-0.4098457958190971,SSP1,Median,Central Asia,missing,Oil,Soybean,missing,missing,missing,missing,missing,missing,missing,%,Central AsiaSoybean
16615,0.497458,0.449812,0.287842,0.248046,0.282941,,,,-0.2931615169648933,4.2064340364310455,1.0369261564366825,-0.2758816361430677,-0.3601039460006882,SSP1,Upper CI,Central Asia,missing,Oil,Soybean,missing,missing,missing,missing,missing,missing,missing,%,Central AsiaSoybean
16653,2.12155,1.35955,1.83544,1.93547,1.95928,,,,0.17432782881786082,-0.8091447530376712,0.13696053540125203,0.2858678294533373,0.3102918589502284,SSP1,Lower CI,Central Asia,missing,OtherGrain,Other Grains,missing,missing,missing,missing,missing,missing,missing,%,Central AsiaOther Grains
16655,2.12155,1.35955,1.83544,1.93547,1.95928,,,,0.24933824248077163,0.24119358666253154,0.28242834711916753,0.3198436386437508,0.32728009756461135,SSP1,Median,Central Asia,missing,OtherGrain,Other Grains,missing,missing,missing,missing,missing,missing,missing,%,Central AsiaOther Grains
16657,2.12155,1.35955,1.83544,1.93547,1.95928,,,,0.3480463946487482,1.163788656389617,0.6416613636806454,0.41328602716553503,0.35172491205074835,SSP1,Upper CI,Central Asia,missing,OtherGrain,Other Grains,missing,missing,missing,missing,missing,missing,missing,%,Central AsiaOther Grains
16695,2.87016,2.32451,3.019,4.12255,4.63398,,,,-0.022765886135362623,-0.20341966584188606,-0.05621975220151049,-0.04169087694223725,-0.04032451149107358,SSP1,Lower CI,Central Asia,missing,Protein,Beef,missing,missing,missing,missing,missing,missing,missing,%,Central AsiaBeef
16697,2.87016,2.32451,3.019,4.12255,4.63398,,,,-0.00868206271317455,-0.027027159395911,-0.03572972606018528,-0.03573952060285933,-0.034671934898513924,SSP1,Median,Central Asia,missing,Protein,Beef,missing,missing,missing,missing,missing,missing,missing,%,Central AsiaBeef
16699,2.87016,2.32451,3.019,4.12255,4.63398,,,,0.013415972444263952,0.053705582885125586,-0.007322658960557102,-0.004282123002719879,-0.011975888922437615,SSP1,Upper CI,Central Asia,missing,Protein,Beef,missing,missing,missing,missing,missing,missing,missing,%,Central AsiaBeef
16737,8.01471,8.69692,9.82981,12.1658,13.6903,,,,0.03461850839117823,-0.0788445916257485,0.06671826554638555,0.09538958248918705,0.10806681554643338,SSP1,Lower CI,Central Asia,missing,Protein,Dairy,missing,missing,missing,missing,missing,missing,missing,%,Central AsiaDairy
16739,8.01471,8.69692,9.82981,12.1658,13.6903,,,,0.048969666674328186,0.09378534138534254,0.09716999205529021,0.10421261521718969,0.1137808707929956,SSP1,Median,Central Asia,missing,Protein,Dairy,missing,missing,missing,missing,missing,missing,missing,%,Central AsiaDairy
16741,8.01471,8.69692,9.82981,12.1658,13.6903,,,,0.07972445714396481,0.33798636237129254,0.1940775561280189,0.1360779248826435,0.12894731004248416,SSP1,Upper CI,Central Asia,missing,Protein,Dairy,missing,missing,missing,missing,missing,missing,missing,%,Central AsiaDairy
16779,0.551035,0.942271,1.26088,1.68074,1.8948,,,,-0.07101416903468609,-0.6466418468262651,-0.2478889544820792,-0.1319681808740195,-0.13079538620561026,SSP1,Lower CI,Central Asia,missing,Protein,Fish,missing,missing,missing,missing,missing,missing,missing,%,Central AsiaFish
16781,0.551035,0.942271,1.26088,1.68074,1.8948,,,,-0.056039469004091125,-0.11276067988075293,-0.12034984388877064,-0.11862964308733756,-0.12137247509346243,SSP1,Median,Central Asia,missing,Protein,Fish,missing,missing,missing,missing,missing,missing,missing,%,Central AsiaFish
16783,0.551035,0.942271,1.26088,1.68074,1.8948,,,,-0.016815806195329377,0.00025353487848917,-0.09382349092453257,-0.09297195398944663,-0.0999826638054249,SSP1,Upper CI,Central Asia,missing,Protein,Fish,missing,missing,missing,missing,missing,missing,missing,%,Central AsiaFish
16821,1.24619,0.69234,0.730135,0.729533,0.82253,,,,0.06593140793336114,0.022410748996497754,0.19357148522378873,0.20239551951934162,0.20788393020262816,SSP1,Lower CI,Central Asia,missing,Protein,Pork,missing,missing,missing,missing,missing,missing,missing,%,Central AsiaPork
16823,1.24619,0.69234,0.730135,0.729533,0.82253,,,,0.1259774802656242,0.17924587055466462,0.20745942189248848,0.22484026059170176,0.23577707176155613,SSP1,Median,Central Asia,missing,Protein,Pork,missing,missing,missing,missing,missing,missing,missing,%,Central AsiaPork
16825,1.24619,0.69234,0.730135,0.729533,0.82253,,,,0.20202069294908223,0.2999879460691858,0.2560197088497511,0.25796419247521357,0.26756333318447134,SSP1,Upper CI,Central Asia,missing,Protein,Pork,missing,missing,missing,missing,missing,missing,missing,%,Central AsiaPork
16863,0.911298,0.8831,1.3064,1.6191,1.82811,,,,0.00047884595938208624,-0.15320045329589832,-0.022499232991723128,-0.027487065864645027,-0.03245338200713698,SSP1,Lower CI,Central Asia,missing,Protein,Poultry,missing,missing,missing,missing,missing,missing,missing,%,Central AsiaPoultry
16865,0.911298,0.8831,1.3064,1.6191,1.82811,,,,0.03686388692572366,0.014359680707989389,0.001632413129819656,0.0024591573918500077,-0.0004146762036138746,SSP1,Median,Central Asia,missing,Protein,Poultry,missing,missing,missing,missing,missing,missing,missing,%,Central AsiaPoultry
16867,0.911298,0.8831,1.3064,1.6191,1.82811,,,,0.09287775080055802,0.33060405152827516,0.13388994998106624,0.06420185429388034,0.06091326461288125,SSP1,Upper CI,Central Asia,missing,Protein,Poultry,missing,missing,missing,missing,missing,missing,missing,%,Central AsiaPoultry
16905,1.26229,0.948123,1.39143,1.7024,1.91634,,,,0.0679935310786954,-0.23841239172599524,0.002773714420005173,0.04223139877094666,0.04614635114102953,SSP1,Lower CI,Central Asia,missing,Protein,Sheep and Goat,missing,missing,missing,missing,missing,missing,missing,%,Central AsiaSheep and Goat
16907,1.26229,0.948123,1.39143,1.7024,1.91634,,,,0.08130964560627071,0.04619812892838272,0.04405702064162804,0.04902658312272076,0.05243040753916219,SSP1,Median,Central Asia,missing,Protein,Sheep and Goat,missing,missing,missing,missing,missing,missing,missing,%,Central AsiaSheep and Goat
16909,1.26229,0.948123,1.39143,1.7024,1.91634,,,,0.10210118724051305,0.12959013247242004,0.07097210678556687,0.0889917052918401,0.0855932104298496,SSP1,Upper CI,Central Asia,missing,Protein,Sheep and Goat,missing,missing,missing,missing,missing,missing,missing,%,Central AsiaSheep and Goat
16947,0.239174,0.151923,0.213026,0.551143,0.744351,,,,-0.37128144400655944,-0.22936203526684207,-0.14618326056683495,-0.1689914733576004,-0.17322921607833308,SSP1,Lower CI,Central Asia,missing,Protein,Legumes,missing,missing,missing,missing,missing,missing,missing,%,Central AsiaLegumes
16949,0.239174,0.151923,0.213026,0.551143,0.744351,,,,-0.24419691059908163,-0.10870033143065164,-0.09353391725595478,-0.10624864200955075,-0.11182964442686157,SSP1,Median,Central Asia,missing,Protein,Legumes,missing,missing,missing,missing,missing,missing,missing,%,Central AsiaLegumes
16951,0.239174,0.151923,0.213026,0.551143,0.744351,,,,-0.11633542233764393,0.09011068557505698,0.04510405928236546,-0.04909784445148133,-0.05164781844971593,SSP1,Upper CI,Central Asia,missing,Protein,Legumes,missing,missing,missing,missing,missing,missing,missing,%,Central AsiaLegumes
16989,0.249335,0.338799,0.502245,0.691888,0.923855,,,,-0.15196316634827872,-0.38648466581556884,0.058588100572862734,0.0505885527897318,0.05312370570253598,SSP1,Lower CI,Central Asia,missing,Protein,Nuts and Seeds,missing,missing,missing,missing,missing,missing,missing,%,Central AsiaNuts and Seeds
16991,0.249335,0.338799,0.502245,0.691888,0.923855,,,,0.07507840695703925,0.1023741383233189,0.18661026226349148,0.16718166517009464,0.14342850551825342,SSP1,Median,Central Asia,missing,Protein,Nuts and Seeds,missing,missing,missing,missing,missing,missing,missing,%,Central AsiaNuts and Seeds
16993,0.249335,0.338799,0.502245,0.691888,0.923855,,,,0.24246342697441098,1.056631506147852,0.33824166214725493,0.22346362740925885,0.20463524312008602,SSP1,Upper CI,Central Asia,missing,Protein,Nuts and Seeds,missing,missing,missing,missing,missing,missing,missing,%,Central AsiaNuts and Seeds
17031,3.28401,1.90761,1.70466,1.85852,1.88208,,,,0.3552093460243498,0.05566193077265752,0.16952009044715577,0.3396955543094756,0.3382889250098094,SSP1,Lower CI,Central Asia,missing,Rice,Rice,missing,missing,missing,missing,missing,missing,missing,%,Central AsiaRice
17033,3.28401,1.90761,1.70466,1.85852,1.88208,,,,0.4248065141616645,0.3699461046072778,0.32194526807690893,0.3586972458734288,0.3771744592261245,SSP1,Median,Central Asia,missing,Rice,Rice,missing,missing,missing,missing,missing,missing,missing,%,Central AsiaRice
17035,3.28401,1.90761,1.70466,1.85852,1.88208,,,,0.5782053677132156,0.920776558069309,0.7013149893259517,0.4082417133179833,0.3893442422724603,SSP1,Upper CI,Central Asia,missing,Rice,Rice,missing,missing,missing,missing,missing,missing,missing,%,Central AsiaRice
17073,1.88637,3.18481,3.66636,4.31849,4.34361,,,,0.2115311532463001,-0.5908650393549844,-0.5521359876402301,0.09362761117440158,0.13829862828743894,SSP1,Lower CI,Central Asia,missing,RootTuber,Roots and Tubers,missing,missing,missing,missing,missing,missing,missing,%,Central AsiaRoots and Tubers
17075,1.88637,3.18481,3.66636,4.31849,4.34361,,,,0.3515199792364632,0.06801401308996627,0.13198125543551598,0.1612866830469489,0.16525601366247647,SSP1,Median,Central Asia,missing,RootTuber,Roots and Tubers,missing,missing,missing,missing,missing,missing,missing,%,Central AsiaRoots and Tubers
17077,1.88637,3.18481,3.66636,4.31849,4.34361,,,,0.4757253119633984,0.46052081332999406,0.2962004069243204,0.22646766596780718,0.23756076726642994,SSP1,Upper CI,Central Asia,missing,RootTuber,Roots and Tubers,missing,missing,missing,missing,missing,missing,missing,%,Central AsiaRoots and Tubers
17115,0.847707,0.840152,3.85239,6.53887,7.39641,,,,-0.1112512326582468,-0.4930306079293928,-0.1897754153226723,-0.18616943735105398,-0.1518150248163587,SSP1,Lower CI,Central Asia,missing,SugarCrop,Sugar Crops,missing,missing,missing,missing,missing,missing,missing,%,Central AsiaSugar Crops
17117,0.847707,0.840152,3.85239,6.53887,7.39641,,,,-0.05393690310053338,-0.14000266538408923,-0.12968705826813978,-0.1266036449977199,-0.12426804123186717,SSP1,Median,Central Asia,missing,SugarCrop,Sugar Crops,missing,missing,missing,missing,missing,missing,missing,%,Central AsiaSugar Crops
17119,0.847707,0.840152,3.85239,6.53887,7.39641,,,,-0.013153884103485121,1.5794004966919952,0.07275040393350066,-0.1107691701757478,-0.10732447105392287,SSP1,Upper CI,Central Asia,missing,SugarCrop,Sugar Crops,missing,missing,missing,missing,missing,missing,missing,%,Central AsiaSugar Crops
17157,40.1796,41.0494,39.7028,38.2043,38.5847,,,,-0.025087073609453704,-0.05074165467398338,0.002679094473944127,0.010163346035898043,0.008536889359974403,SSP1,Lower CI,Central Asia,missing,Wheat,Wheat,missing,missing,missing,missing,missing,missing,missing,%,Central AsiaWheat
17159,40.1796,41.0494,39.7028,38.2043,38.5847,,,,0.009520157586318892,0.036960160597370485,0.02971468442537465,0.017006897504138932,0.014891137153418676,SSP1,Median,Central Asia,missing,Wheat,Wheat,missing,missing,missing,missing,missing,missing,missing,%,Central AsiaWheat
17161,40.1796,41.0494,39.7028,38.2043,38.5847,,,,0.03211385658982075,0.18990469414058236,0.1007699034531161,0.02722541569020625,0.020763080909506577,SSP1,Upper CI,Central Asia,missing,Wheat,Wheat,missing,missing,missing,missing,missing,missing,missing,%,Central AsiaWheat
18081,14.022,23.9136,29.2329,30.0737,29.4858,,,,0.18742774292300596,-0.012916633478864542,0.21957239226607117,0.36758951473706647,0.41124849514986495,SSP1,Lower CI,China,missing,Corn,Corn,missing,missing,missing,missing,missing,missing,missing,%,ChinaCorn
18083,14.022,23.9136,29.2329,30.0737,29.4858,,,,0.2373061649861477,0.18349329621090446,0.3305943881778826,0.40509549705762865,0.4217089969494974,SSP1,Median,China,missing,Corn,Corn,missing,missing,missing,missing,missing,missing,missing,%,ChinaCorn
18085,14.022,23.9136,29.2329,30.0737,29.4858,,,,0.3258677236614613,0.24311031996231788,0.3473714947875396,0.41022379447852153,0.4300402397776458,SSP1,Upper CI,China,missing,Corn,Corn,missing,missing,missing,missing,missing,missing,missing,%,ChinaCorn
18123,7.71907,33.3484,46.0778,57.6745,66.3089,,,,0.022987031515698912,-0.03503795272571518,0.024350800114449796,0.02431708142715075,0.02534125425359418,SSP1,Lower CI,China,missing,FruitsVeg,Fruits,missing,missing,missing,missing,missing,missing,missing,%,ChinaFruits
18125,7.71907,33.3484,46.0778,57.6745,66.3089,,,,0.03538023484340453,0.025314953112446265,0.03343412917239551,0.034822924115481414,0.034075330208327426,SSP1,Median,China,missing,FruitsVeg,Fruits,missing,missing,missing,missing,missing,missing,missing,%,ChinaFruits
18127,7.71907,33.3484,46.0778,57.6745,66.3089,,,,0.06291914572473664,0.09267691135941662,0.0498159552569221,0.04787058608229798,0.04251745106949037,SSP1,Upper CI,China,missing,FruitsVeg,Fruits,missing,missing,missing,missing,missing,missing,missing,%,ChinaFruits
18165,30.778,98.7553,115.81,130.736,150.263,,,,-0.016469223287384673,-0.07057818253640231,-0.011538709938794012,-0.00976453984172358,-0.007288839554039793,SSP1,Lower CI,China,missing,FruitsVeg,Vegetables,missing,missing,missing,missing,missing,missing,missing,%,ChinaVegetables
18167,30.778,98.7553,115.81,130.736,150.263,,,,0.0010662970164706917,-0.003743856062779731,-0.0016344231294580145,0.0022450090629588483,0.0011665616754409534,SSP1,Median,China,missing,FruitsVeg,Vegetables,missing,missing,missing,missing,missing,missing,missing,%,ChinaVegetables
18169,30.778,98.7553,115.81,130.736,150.263,,,,0.02880780304934639,0.05702898916634001,0.01417672621794585,0.014727191454588376,0.010849922563275364,SSP1,Upper CI,China,missing,FruitsVeg,Vegetables,missing,missing,missing,missing,missing,missing,missing,%,ChinaVegetables
18207,0.452454,0.820627,1.45854,1.86375,2.14466,,,,0.01643699619584977,-0.041522599984742364,0.014609388550831099,0.01663571762131876,0.018952112587838486,SSP1,Lower CI,China,missing,MiscCrop,Other Crops,missing,missing,missing,missing,missing,missing,missing,%,ChinaOther Crops
18209,0.452454,0.820627,1.45854,1.86375,2.14466,,,,0.02569459089016823,0.01381375275569469,0.022804496180073346,0.025444395169300055,0.026842906889963436,SSP1,Median,China,missing,MiscCrop,Other Crops,missing,missing,missing,missing,missing,missing,missing,%,ChinaOther Crops
18211,0.452454,0.820627,1.45854,1.86375,2.14466,,,,0.04420862205423488,0.07348090365739891,0.037520889559047775,0.03783795106502514,0.03366340984878501,SSP1,Upper CI,China,missing,MiscCrop,Other Crops,missing,missing,missing,missing,missing,missing,missing,%,ChinaOther Crops
18249,3.65457,5.39009,6.78701,7.63962,8.7555,,,,-0.3458540252195557,-0.24572298576494228,-0.16037261936358782,-0.112890969601821,-0.08995975698535841,SSP1,Lower CI,China,missing,Oil,Fiber Crops,missing,missing,missing,missing,missing,missing,missing,%,ChinaFiber Crops
18251,3.65457,5.39009,6.78701,7.63962,8.7555,,,,-0.21018300226325418,-0.1995215077007945,-0.12691398037933221,-0.08348811388633126,-0.06413495487100761,SSP1,Median,China,missing,Oil,Fiber Crops,missing,missing,missing,missing,missing,missing,missing,%,ChinaFiber Crops
18253,3.65457,5.39009,6.78701,7.63962,8.7555,,,,-0.14258849358678527,-0.14657903148806872,-0.09480088908557756,-0.06149106366047817,-0.04311771715687879,SSP1,Upper CI,China,missing,Oil,Fiber Crops,missing,missing,missing,missing,missing,missing,missing,%,ChinaFiber Crops
18291,19.6616,22.8135,26.6463,27.7214,31.8394,,,,-0.6413560670704462,-0.7433827357857675,-0.4958792501867049,-0.4070102619012456,-0.35875923980091323,SSP1,Lower CI,China,missing,Oil,Plant Oils,missing,missing,missing,missing,missing,missing,missing,%,ChinaPlant Oils
18293,19.6616,22.8135,26.6463,27.7214,31.8394,,,,-0.4448735643786524,-0.54731874494381,-0.4146749247749874,-0.3668243910141354,-0.3299002244414237,SSP1,Median,China,missing,Oil,Plant Oils,missing,missing,missing,missing,missing,missing,missing,%,ChinaPlant Oils
18295,19.6616,22.8135,26.6463,27.7214,31.8394,,,,-0.34923838146121655,-0.3969538421982065,-0.37781837106958943,-0.3247065421648851,-0.301669616482846,SSP1,Upper CI,China,missing,Oil,Plant Oils,missing,missing,missing,missing,missing,missing,missing,%,ChinaPlant Oils
18333,4.01597,8.55685,21.13,28.021,32.1628,,,,-0.11686792043305347,-0.08744689165281938,-0.0736570720086852,-0.07367208853690717,-0.07451995448244818,SSP1,Lower CI,China,missing,Oil,Palm Oil,missing,missing,missing,missing,missing,missing,missing,%,ChinaPalm Oil
18335,4.01597,8.55685,21.13,28.021,32.1628,,,,-0.10194413138652948,-0.056941943940924535,-0.06648969772091873,-0.06046091003972897,-0.059841163518445484,SSP1,Median,China,missing,Oil,Palm Oil,missing,missing,missing,missing,missing,missing,missing,%,ChinaPalm Oil
18337,4.01597,8.55685,21.13,28.021,32.1628,,,,-0.07894134965452829,-0.006146766423006052,-0.026696199996756844,-0.03956867219086194,-0.04644498858602991,SSP1,Upper CI,China,missing,Oil,Palm Oil,missing,missing,missing,missing,missing,missing,missing,%,ChinaPalm Oil
18375,23.485,36.3642,39.9328,48.9548,56.2833,,,,-0.08246742298032127,-0.15014131335406855,0.02359979346048667,-0.005809863656490388,0.017593081332929604,SSP1,Lower CI,China,missing,Oil,Soybean,missing,missing,missing,missing,missing,missing,missing,%,ChinaSoybean
18377,23.485,36.3642,39.9328,48.9548,56.2833,,,,-0.0035865977070608213,0.06643446754367485,0.07354326412980772,0.040524402961261585,0.04890923452736289,SSP1,Median,China,missing,Oil,Soybean,missing,missing,missing,missing,missing,missing,missing,%,ChinaSoybean
18379,23.485,36.3642,39.9328,48.9548,56.2833,,,,0.09973038776825845,0.48181746002857995,0.23946078259793924,0.15167653695081532,0.11959135697554016,SSP1,Upper CI,China,missing,Oil,Soybean,missing,missing,missing,missing,missing,missing,missing,%,ChinaSoybean
18417,36.6475,11.5626,18.074,41.5075,40.9753,,,,0.141636313169643,0.22969705378078925,0.34536972499940305,0.33791408056216904,0.3507592438553778,SSP1,Lower CI,China,missing,OtherGrain,Other Grains,missing,missing,missing,missing,missing,missing,missing,%,ChinaOther Grains
18419,36.6475,11.5626,18.074,41.5075,40.9753,,,,0.3230601095930094,0.3016566380899015,0.3558881484222263,0.34919105463721095,0.358592350580456,SSP1,Median,China,missing,OtherGrain,Other Grains,missing,missing,missing,missing,missing,missing,missing,%,ChinaOther Grains
18421,36.6475,11.5626,18.074,41.5075,40.9753,,,,0.39250492858189834,0.37823173380147407,0.43137863307176777,0.3758385455266628,0.3670556723329149,SSP1,Upper CI,China,missing,OtherGrain,Other Grains,missing,missing,missing,missing,missing,missing,missing,%,ChinaOther Grains
18459,2.68437,12.8705,14.3005,16.0953,17.8233,,,,-0.031567440402289454,-0.14581042857094362,-0.17164296239759985,-0.23162959705288919,-0.27953312208609665,SSP1,Lower CI,China,missing,Protein,Beef,missing,missing,missing,missing,missing,missing,missing,%,ChinaBeef
18461,2.68437,12.8705,14.3005,16.0953,17.8233,,,,0.004646552234242524,-0.07657741457323806,-0.14053958269405314,-0.20744122861157527,-0.2509126857369718,SSP1,Median,China,missing,Protein,Beef,missing,missing,missing,missing,missing,missing,missing,%,ChinaBeef
18463,2.68437,12.8705,14.3005,16.0953,17.8233,,,,0.02389694147594588,0.04448716428839379,-0.11339670511365525,-0.1719689356500914,-0.22152110014238438,SSP1,Upper CI,China,missing,Protein,Beef,missing,missing,missing,missing,missing,missing,missing,%,ChinaBeef
18501,4.3704,20.9433,28.665,28.4134,31.5575,,,,0.07544425330739765,0.018953515706420135,0.055318255226210415,0.013285467388110612,-0.003581910989186834,SSP1,Lower CI,China,missing,Protein,Dairy,missing,missing,missing,missing,missing,missing,missing,%,ChinaDairy
18503,4.3704,20.9433,28.665,28.4134,31.5575,,,,0.11577811294539374,0.08929909175839922,0.08455036960506823,0.037613781566590586,0.018988303139674815,SSP1,Median,China,missing,Protein,Dairy,missing,missing,missing,missing,missing,missing,missing,%,ChinaDairy
18505,4.3704,20.9433,28.665,28.4134,31.5575,,,,0.17672429994193742,0.16939365142965856,0.10514517685393865,0.06328483028154538,0.041049739768139415,SSP1,Upper CI,China,missing,Protein,Dairy,missing,missing,missing,missing,missing,missing,missing,%,ChinaDairy
18543,9.86666,32.5217,38.6631,46.1922,51.5537,,,,-0.050509727027019766,-0.13494595764428727,-0.04462233023394635,-0.05412238807485506,-0.05296647175608685,SSP1,Lower CI,China,missing,Protein,Fish,missing,missing,missing,missing,missing,missing,missing,%,ChinaFish
18545,9.86666,32.5217,38.6631,46.1922,51.5537,,,,-0.011160536323723836,-0.05167892586050455,-0.019613891930096414,-0.03299703020128907,-0.024959282473595273,SSP1,Median,China,missing,Protein,Fish,missing,missing,missing,missing,missing,missing,missing,%,ChinaFish
18547,9.86666,32.5217,38.6631,46.1922,51.5537,,,,0.07571583627513363,0.10597167176724652,0.02559976156591058,0.014062835619956651,0.003938514568882879,SSP1,Upper CI,China,missing,Protein,Fish,missing,missing,missing,missing,missing,missing,missing,%,ChinaFish
18585,88.0468,169.435,190.413,203.632,226.672,,,,0.08967775714076365,0.03824933045186725,0.07706073190486393,0.04598183302287896,0.03492543428389651,SSP1,Lower CI,China,missing,Protein,Pork,missing,missing,missing,missing,missing,missing,missing,%,ChinaPork
18587,88.0468,169.435,190.413,203.632,226.672,,,,0.12583080591170107,0.10924694374021587,0.10508744308625646,0.06485731387998375,0.0555614097004725,SSP1,Median,China,missing,Protein,Pork,missing,missing,missing,missing,missing,missing,missing,%,ChinaPork
18589,88.0468,169.435,190.413,203.632,226.672,,,,0.17154791776932332,0.15532129990151233,0.12004935194329236,0.09237407100669691,0.07614696641495498,SSP1,Upper CI,China,missing,Protein,Pork,missing,missing,missing,missing,missing,missing,missing,%,ChinaPork
18627,17.6477,56.0617,66.3689,73.3586,81.752,,,,0.021427274375370994,-0.052404936666474077,0.02277956938278277,0.04061154937095044,0.04802579153687969,SSP1,Lower CI,China,missing,Protein,Poultry,missing,missing,missing,missing,missing,missing,missing,%,ChinaPoultry
18629,17.6477,56.0617,66.3689,73.3586,81.752,,,,0.04933256588304563,-0.004457035883189698,0.037771975999612614,0.055252056328175016,0.05867620180060533,SSP1,Median,China,missing,Protein,Poultry,missing,missing,missing,missing,missing,missing,missing,%,ChinaPoultry
18631,17.6477,56.0617,66.3689,73.3586,81.752,,,,0.08742817505382128,0.03267207694432913,0.05911597606491462,0.0704689242333319,0.07410748238648728,SSP1,Upper CI,China,missing,Protein,Poultry,missing,missing,missing,missing,missing,missing,missing,%,ChinaPoultry
18669,2.09845,6.99824,7.89888,9.88054,10.9734,,,,0.006539080648632019,-0.0719112825703119,-0.019028844564229888,-0.03446284228442886,-0.03857972731039615,SSP1,Lower CI,China,missing,Protein,Sheep and Goat,missing,missing,missing,missing,missing,missing,missing,%,ChinaSheep and Goat
18671,2.09845,6.99824,7.89888,9.88054,10.9734,,,,0.02681616657183365,-0.011223635152226059,0.021579046551584616,-0.016968325631908074,-0.016915086098629923,SSP1,Median,China,missing,Protein,Sheep and Goat,missing,missing,missing,missing,missing,missing,missing,%,ChinaSheep and Goat
18673,2.09845,6.99824,7.89888,9.88054,10.9734,,,,0.08612035205941573,0.09919334955569745,0.03824176759041915,0.022555245349751247,0.013652232007140889,SSP1,Upper CI,China,missing,Protein,Sheep and Goat,missing,missing,missing,missing,missing,missing,missing,%,ChinaSheep and Goat
18711,9.01874,5.43986,5.58449,6.32664,9.32437,,,,-0.9550873936725709,-0.9480902466053076,-0.7882339823619642,-0.7585954246861697,-0.744054388076551,SSP1,Lower CI,China,missing,Protein,Legumes,missing,missing,missing,missing,missing,missing,missing,%,ChinaLegumes
18713,9.01874,5.43986,5.58449,6.32664,9.32437,,,,-0.8763108051988501,-0.8036928448797109,-0.7448278060506043,-0.7098533814912047,-0.6979640044972594,SSP1,Median,China,missing,Protein,Legumes,missing,missing,missing,missing,missing,missing,missing,%,ChinaLegumes
18715,9.01874,5.43986,5.58449,6.32664,9.32437,,,,-0.7782043114908482,-0.624664432497186,-0.6569904699422986,-0.6633680251324847,-0.651790132400672,SSP1,Upper CI,China,missing,Protein,Legumes,missing,missing,missing,missing,missing,missing,missing,%,ChinaLegumes
18753,12.2596,23.7249,37.2283,46.9022,67.5458,,,,-0.25456709878212896,-0.21901515555371898,-0.12272232687946527,-0.04100796316786702,-0.00370952162785311,SSP1,Lower CI,China,missing,Protein,Nuts and Seeds,missing,missing,missing,missing,missing,missing,missing,%,ChinaNuts and Seeds
18755,12.2596,23.7249,37.2283,46.9022,67.5458,,,,-0.002631111577127462,-0.001821482564261553,-0.06365298702425795,0.05431277365473532,0.07015928961184553,SSP1,Median,China,missing,Protein,Nuts and Seeds,missing,missing,missing,missing,missing,missing,missing,%,ChinaNuts and Seeds
18757,12.2596,23.7249,37.2283,46.9022,67.5458,,,,0.13071691811563846,0.20881485319381748,0.05389182416423221,0.12354908628789919,0.13156190286577552,SSP1,Upper CI,China,missing,Protein,Nuts and Seeds,missing,missing,missing,missing,missing,missing,missing,%,ChinaNuts and Seeds
18795,368.857,410.796,429.804,439.62,431.931,,,,-0.903950472944285,-0.9986755311250952,-1.0932003716723857,-1.0596474832351495,-0.9964683796331816,SSP1,Lower CI,China,missing,Rice,Rice,missing,missing,missing,missing,missing,missing,missing,%,ChinaRice
18797,368.857,410.796,429.804,439.62,431.931,,,,-0.882835450540401,-0.9610455836955989,-1.0787159260015868,-1.0545322599290432,-0.9923524304400442,SSP1,Median,China,missing,Rice,Rice,missing,missing,missing,missing,missing,missing,missing,%,ChinaRice
18799,368.857,410.796,429.804,439.62,431.931,,,,-0.8509652199478602,-0.8978648619949676,-1.047258098912776,-1.0425300743812451,-0.9878572080829572,SSP1,Upper CI,China,missing,Rice,Rice,missing,missing,missing,missing,missing,missing,missing,%,ChinaRice
18837,59.9041,79.762,75.1138,79.9416,78.5564,,,,0.27047208260485417,0.23621621675628657,0.31960394628890854,0.28456014432186205,0.28834844079016414,SSP1,Lower CI,China,missing,RootTuber,Roots and Tubers,missing,missing,missing,missing,missing,missing,missing,%,ChinaRoots and Tubers
18839,59.9041,79.762,75.1138,79.9416,78.5564,,,,0.315213786699428,0.34304197681669324,0.35115081715452023,0.3226108910216991,0.3236826696882335,SSP1,Median,China,missing,RootTuber,Roots and Tubers,missing,missing,missing,missing,missing,missing,missing,%,ChinaRoots and Tubers
18841,59.9041,79.762,75.1138,79.9416,78.5564,,,,0.42855061576722747,0.5639926533081231,0.4483676168313946,0.38085304790889873,0.3553095977608642,SSP1,Upper CI,China,missing,RootTuber,Roots and Tubers,missing,missing,missing,missing,missing,missing,missing,%,ChinaRoots and Tubers
18879,4.20549,4.10895,21.4656,37.1685,42.6193,,,,-0.15625450327794477,-0.30366337056402404,-0.09344207557383938,-0.07992252290611361,-0.06707989740265968,SSP1,Lower CI,China,missing,SugarCrop,Sugar Crops,missing,missing,missing,missing,missing,missing,missing,%,ChinaSugar Crops
18881,4.20549,4.10895,21.4656,37.1685,42.6193,,,,-0.0723498599203258,-0.08553872572411167,-0.06702832836090315,-0.05592217811815049,-0.05015523746544993,SSP1,Median,China,missing,SugarCrop,Sugar Crops,missing,missing,missing,missing,missing,missing,missing,%,ChinaSugar Crops
18883,4.20549,4.10895,21.4656,37.1685,42.6193,,,,-0.040230241483585914,0.3120802815668605,-0.04583133788038734,-0.04622654948481421,-0.04107501483905643,SSP1,Upper CI,China,missing,SugarCrop,Sugar Crops,missing,missing,missing,missing,missing,missing,missing,%,ChinaSugar Crops
18921,304.284,302.798,294.037,295.595,293.314,,,,1.0962552751040981,1.1050974659703667,1.322118738420388,1.3154506608409402,1.2384977705224274,SSP1,Lower CI,China,missing,Wheat,Wheat,missing,missing,missing,missing,missing,missing,missing,%,ChinaWheat
18923,304.284,302.798,294.037,295.595,293.314,,,,1.1110541836126633,1.251634950043624,1.381841015136349,1.3306357476458353,1.250102061765922,SSP1,Median,China,missing,Wheat,Wheat,missing,missing,missing,missing,missing,missing,missing,%,ChinaWheat
18925,304.284,302.798,294.037,295.595,293.314,,,,1.122925413113012,1.3088581431080113,1.3902133947891322,1.353408331545727,1.2576351697285189,SSP1,Upper CI,China,missing,Wheat,Wheat,missing,missing,missing,missing,missing,missing,missing,%,ChinaWheat
19845,3.35889,3.46559,3.65939,2.95436,2.91548,,,,0.09519629472043444,-0.03442209869622237,-0.045692301628419696,0.0023514244754598568,0.028439740737300545,SSP1,Lower CI,Northeastern EU,missing,Corn,Corn,missing,missing,missing,missing,missing,missing,missing,%,Northeastern EUCorn
19847,3.35889,3.46559,3.65939,2.95436,2.91548,,,,0.21699488632403405,0.04791068378907895,0.016649322991236212,0.04553189179105665,0.04845342764865499,SSP1,Median,Northeastern EU,missing,Corn,Corn,missing,missing,missing,missing,missing,missing,missing,%,Northeastern EUCorn
19849,3.35889,3.46559,3.65939,2.95436,2.91548,,,,0.2690841963186211,0.28568701812339053,0.0818986044969125,0.0706783181118109,0.06394728262700272,SSP1,Upper CI,Northeastern EU,missing,Corn,Corn,missing,missing,missing,missing,missing,missing,missing,%,Northeastern EUCorn
19887,2.16236,2.66279,2.83495,3.20831,3.35808,,,,-0.11855604854305349,-0.19040363617331235,-0.08925251863776285,-0.07743208724200765,-0.07389443534869938,SSP1,Lower CI,Northeastern EU,missing,FruitsVeg,Fruits,missing,missing,missing,missing,missing,missing,missing,%,Northeastern EUFruits
19889,2.16236,2.66279,2.83495,3.20831,3.35808,,,,-0.051651796644172084,-0.05374567927342205,-0.06216826017239386,-0.0585760257060894,-0.0617467212031303,SSP1,Median,Northeastern EU,missing,FruitsVeg,Fruits,missing,missing,missing,missing,missing,missing,missing,%,Northeastern EUFruits
19891,2.16236,2.66279,2.83495,3.20831,3.35808,,,,0.0228961643551589,0.05260495799716779,-0.04415765312538189,-0.03850880574391563,-0.047248068064374746,SSP1,Upper CI,Northeastern EU,missing,FruitsVeg,Fruits,missing,missing,missing,missing,missing,missing,missing,%,Northeastern EUFruits
19929,3.21065,3.4203,3.28661,3.27558,3.43355,,,,-0.12743824384695232,-0.2044216922792142,-0.09677886752853276,-0.08237515697022443,-0.07749977068470927,SSP1,Lower CI,Northeastern EU,missing,FruitsVeg,Vegetables,missing,missing,missing,missing,missing,missing,missing,%,Northeastern EUVegetables
19931,3.21065,3.4203,3.28661,3.27558,3.43355,,,,-0.04596620590365971,-0.0671982894534868,-0.06922845724306821,-0.06090599424818353,-0.06223635827048419,SSP1,Median,Northeastern EU,missing,FruitsVeg,Vegetables,missing,missing,missing,missing,missing,missing,missing,%,Northeastern EUVegetables
19933,3.21065,3.4203,3.28661,3.27558,3.43355,,,,0.024512309279378176,0.048869150000564895,-0.046580836305692964,-0.03924905704486174,-0.04659551071837942,SSP1,Upper CI,Northeastern EU,missing,FruitsVeg,Vegetables,missing,missing,missing,missing,missing,missing,missing,%,Northeastern EUVegetables
19971,0.73574,1.22937,1.13332,0.98072,1.02815,,,,-0.10587036706108927,-0.13859202756992298,-0.03586191500373889,-0.02186837955749802,-0.017065595357024326,SSP1,Lower CI,Northeastern EU,missing,MiscCrop,Other Crops,missing,missing,missing,missing,missing,missing,missing,%,Northeastern EUOther Crops
19973,0.73574,1.22937,1.13332,0.98072,1.02815,,,,-0.004317826205949905,-0.02649051669411276,-0.010213286617770557,-0.001704216085729992,-0.006849666348477975,SSP1,Median,Northeastern EU,missing,MiscCrop,Other Crops,missing,missing,missing,missing,missing,missing,missing,%,Northeastern EUOther Crops
19975,0.73574,1.22937,1.13332,0.98072,1.02815,,,,0.044433868473700594,0.0848134302382111,0.006655498886271569,0.015320601964939543,0.007331858967091948,SSP1,Upper CI,Northeastern EU,missing,MiscCrop,Other Crops,missing,missing,missing,missing,missing,missing,missing,%,Northeastern EUOther Crops
20013,0.0,0.0,0.0004988,0.0007736,0.000809543,,,,-0.6475748499475927,-0.3362552757805125,-0.29561031081538014,-0.2065486750837698,-0.16996845421212797,SSP1,Lower CI,Northeastern EU,missing,Oil,Fiber Crops,missing,missing,missing,missing,missing,missing,missing,%,Northeastern EUFiber Crops
20015,0.0,0.0,0.0004988,0.0007736,0.000809543,,,,-0.49066776679237445,-0.32072160735828775,-0.22401288935701918,-0.18552074778136715,-0.1501444489405811,SSP1,Median,Northeastern EU,missing,Oil,Fiber Crops,missing,missing,missing,missing,missing,missing,missing,%,Northeastern EUFiber Crops
20017,0.0,0.0,0.0004988,0.0007736,0.000809543,,,,-0.38338546480457036,-0.160785537191143,-0.18821671813091198,-0.15510914345330798,-0.11378491263268142,SSP1,Upper CI,Northeastern EU,missing,Oil,Fiber Crops,missing,missing,missing,missing,missing,missing,missing,%,Northeastern EUFiber Crops
20055,5.94102,6.53813,7.15782,7.50392,7.81008,,,,-0.046888463614968234,-0.1555703206803148,0.14926687196443977,0.17063665330748815,0.19169866973266825,SSP1,Lower CI,Northeastern EU,missing,Oil,Plant Oils,missing,missing,missing,missing,missing,missing,missing,%,Northeastern EUPlant Oils
20057,5.94102,6.53813,7.15782,7.50392,7.81008,,,,0.21086567573119067,0.2473091527079875,0.25203270791266885,0.22909098757503066,0.23125368215764616,SSP1,Median,Northeastern EU,missing,Oil,Plant Oils,missing,missing,missing,missing,missing,missing,missing,%,Northeastern EUPlant Oils
20059,5.94102,6.53813,7.15782,7.50392,7.81008,,,,0.3736689815881264,0.35207417981704775,0.34601789805193445,0.3087982846464742,0.2768503253403344,SSP1,Upper CI,Northeastern EU,missing,Oil,Plant Oils,missing,missing,missing,missing,missing,missing,missing,%,Northeastern EUPlant Oils
20097,0.033041,0.366803,0.285374,0.166202,0.173368,,,,-0.08815781263668974,-0.10584273550027608,-0.10088731072019852,-0.09179046293895025,-0.09119112198572764,SSP1,Lower CI,Northeastern EU,missing,Oil,Palm Oil,missing,missing,missing,missing,missing,missing,missing,%,Northeastern EUPalm Oil
20099,0.033041,0.366803,0.285374,0.166202,0.173368,,,,0.01225683586717688,-0.06272316675106288,-0.07848065477014839,-0.07302795560504982,-0.07736842185106048,SSP1,Median,Northeastern EU,missing,Oil,Palm Oil,missing,missing,missing,missing,missing,missing,missing,%,Northeastern EUPalm Oil
20101,0.033041,0.366803,0.285374,0.166202,0.173368,,,,0.28164072168286436,0.14893962104211972,-0.027530764730272682,-0.05092551273349531,-0.05875510736029414,SSP1,Upper CI,Northeastern EU,missing,Oil,Palm Oil,missing,missing,missing,missing,missing,missing,missing,%,Northeastern EUPalm Oil
20139,1.2404,2.09812,1.37465,1.02992,1.07797,,,,-0.12120626309472857,-0.19649294949992177,-0.017141089426664646,-0.04356448732833479,-0.01823046754374503,SSP1,Lower CI,Northeastern EU,missing,Oil,Soybean,missing,missing,missing,missing,missing,missing,missing,%,Northeastern EUSoybean
20141,1.2404,2.09812,1.37465,1.02992,1.07797,,,,0.029646245771702707,0.02213298588761755,0.03132954522580072,0.010971957948249272,0.014940864451691467,SSP1,Median,Northeastern EU,missing,Oil,Soybean,missing,missing,missing,missing,missing,missing,missing,%,Northeastern EUSoybean
20143,1.2404,2.09812,1.37465,1.02992,1.07797,,,,0.39569158108910574,0.5511476995562027,0.2108895927967645,0.12210060737896297,0.08759581053826576,SSP1,Upper CI,Northeastern EU,missing,Oil,Soybean,missing,missing,missing,missing,missing,missing,missing,%,Northeastern EUSoybean
20181,6.20299,5.49061,7.99149,9.83879,9.74369,,,,0.047624001760743676,-0.028853737412491004,-0.03686446012186799,0.01355217066271942,0.03868620005644844,SSP1,Lower CI,Northeastern EU,missing,OtherGrain,Other Grains,missing,missing,missing,missing,missing,missing,missing,%,Northeastern EUOther Grains
20183,6.20299,5.49061,7.99149,9.83879,9.74369,,,,0.12349779151232056,0.08381609938984205,0.04029088655042977,0.0348413705447928,0.051008503883887966,SSP1,Median,Northeastern EU,missing,OtherGrain,Other Grains,missing,missing,missing,missing,missing,missing,missing,%,Northeastern EUOther Grains
20185,6.20299,5.49061,7.99149,9.83879,9.74369,,,,0.1736678260740812,0.2891366075799745,0.07642531335257148,0.048087986330891716,0.05527683341385866,SSP1,Upper CI,Northeastern EU,missing,OtherGrain,Other Grains,missing,missing,missing,missing,missing,missing,missing,%,Northeastern EUOther Grains
20223,2.79995,1.19152,0.940198,0.697676,0.724101,,,,-0.005873505840665809,-0.06113819845194064,-0.03789969680963376,-0.035222716833511455,-0.02693516604079053,SSP1,Lower CI,Northeastern EU,missing,Protein,Beef,missing,missing,missing,missing,missing,missing,missing,%,Northeastern EUBeef
20225,2.79995,1.19152,0.940198,0.697676,0.724101,,,,0.030319825956585972,-0.0027804982425312964,-0.007466718368422217,-0.014630445754057149,-0.011161557645397344,SSP1,Median,Northeastern EU,missing,Protein,Beef,missing,missing,missing,missing,missing,missing,missing,%,Northeastern EUBeef
20227,2.79995,1.19152,0.940198,0.697676,0.724101,,,,0.07883681683959168,0.047859212905782,0.019169623614277743,0.01881786919167353,0.020655523808360426,SSP1,Upper CI,Northeastern EU,missing,Protein,Beef,missing,missing,missing,missing,missing,missing,missing,%,Northeastern EUBeef
20265,23.1868,21.5835,16.8328,13.5366,14.0848,,,,-0.08826260923681378,-0.1680633281773139,-0.07095307703981472,-0.05849503696579965,-0.053160062748391065,SSP1,Lower CI,Northeastern EU,missing,Protein,Dairy,missing,missing,missing,missing,missing,missing,missing,%,Northeastern EUDairy
20267,23.1868,21.5835,16.8328,13.5366,14.0848,,,,-0.03627483345138557,-0.04706003670000009,-0.04582241525548917,-0.042174928353399366,-0.043218607292039905,SSP1,Median,Northeastern EU,missing,Protein,Dairy,missing,missing,missing,missing,missing,missing,missing,%,Northeastern EUDairy
20269,23.1868,21.5835,16.8328,13.5366,14.0848,,,,0.01922938027065859,0.041538444118147236,-0.034142959135496434,-0.02483032755427814,-0.028107461968215244,SSP1,Upper CI,Northeastern EU,missing,Protein,Dairy,missing,missing,missing,missing,missing,missing,missing,%,Northeastern EUDairy
20307,2.06418,2.29494,2.08308,1.85753,1.93459,,,,-0.1515206077799779,-0.24679949891694564,-0.12287755444969808,-0.10450859609115326,-0.10106824491566885,SSP1,Lower CI,Northeastern EU,missing,Protein,Fish,missing,missing,missing,missing,missing,missing,missing,%,Northeastern EUFish
20309,2.06418,2.29494,2.08308,1.85753,1.93459,,,,-0.0400054576857236,-0.082415134303187,-0.09142867431094294,-0.08108196910954801,-0.08757150463217869,SSP1,Median,Northeastern EU,missing,Protein,Fish,missing,missing,missing,missing,missing,missing,missing,%,Northeastern EUFish
20311,2.06418,2.29494,2.08308,1.85753,1.93459,,,,0.043136073680155165,0.060741089656711475,-0.060720107324525506,-0.053189382997064966,-0.06405514139305868,SSP1,Upper CI,Northeastern EU,missing,Protein,Fish,missing,missing,missing,missing,missing,missing,missing,%,Northeastern EUFish
20349,14.6007,12.6359,12.6174,12.2583,12.7817,,,,-0.0175679778856295,-0.04511002915368154,0.05885052087715603,0.07180640653557424,0.07850116207262973,SSP1,Lower CI,Northeastern EU,missing,Protein,Pork,missing,missing,missing,missing,missing,missing,missing,%,Northeastern EUPork
20351,14.6007,12.6359,12.6174,12.2583,12.7817,,,,0.06094838479019661,0.038037544197247954,0.08659471500063391,0.09124216596708187,0.09629994153308648,SSP1,Median,Northeastern EU,missing,Protein,Pork,missing,missing,missing,missing,missing,missing,missing,%,Northeastern EUPork
20353,14.6007,12.6359,12.6174,12.2583,12.7817,,,,0.17510234123039192,0.14673132007077153,0.11507998499061362,0.11655971333119408,0.11830363072130902,SSP1,Upper CI,Northeastern EU,missing,Protein,Pork,missing,missing,missing,missing,missing,missing,missing,%,Northeastern EUPork
20391,3.70292,4.73539,4.77051,4.94017,5.15327,,,,-0.0010847622589798128,-0.10227431763263216,-0.020645561889484937,-0.01265685253558584,-0.010144331655095129,SSP1,Lower CI,Northeastern EU,missing,Protein,Poultry,missing,missing,missing,missing,missing,missing,missing,%,Northeastern EUPoultry
20393,3.70292,4.73539,4.77051,4.94017,5.15327,,,,0.07713066748547194,-0.005588104225328565,0.002094767234787289,0.0029816348307246353,0.0028306359230462577,SSP1,Median,Northeastern EU,missing,Protein,Poultry,missing,missing,missing,missing,missing,missing,missing,%,Northeastern EUPoultry
20395,3.70292,4.73539,4.77051,4.94017,5.15327,,,,0.1472138693531489,0.08173803460452346,0.03444530042743896,0.03242979930777613,0.02919525632146177,SSP1,Upper CI,Northeastern EU,missing,Protein,Poultry,missing,missing,missing,missing,missing,missing,missing,%,Northeastern EUPoultry
20433,0.416268,0.181492,0.204479,0.227402,0.236294,,,,-0.0231127498302627,-0.0381993092420526,0.059551211034890715,0.07383347174199173,0.0776290011418721,SSP1,Lower CI,Northeastern EU,missing,Protein,Sheep and Goat,missing,missing,missing,missing,missing,missing,missing,%,Northeastern EUSheep and Goat
20435,0.416268,0.181492,0.204479,0.227402,0.236294,,,,0.05470499844614613,0.0884951990388551,0.09485421681195953,0.1066674556424929,0.10882585545175172,SSP1,Median,Northeastern EU,missing,Protein,Sheep and Goat,missing,missing,missing,missing,missing,missing,missing,%,Northeastern EUSheep and Goat
20437,0.416268,0.181492,0.204479,0.227402,0.236294,,,,0.14604657612567437,0.21786903794567242,0.16809890931381802,0.19027400102629466,0.19452868638540416,SSP1,Upper CI,Northeastern EU,missing,Protein,Sheep and Goat,missing,missing,missing,missing,missing,missing,missing,%,Northeastern EUSheep and Goat
20475,0.932986,0.816417,0.768627,0.773994,0.91413,,,,-0.19100801530554595,-0.10025022483316633,0.04138390474095599,0.04414560415597892,0.04969881152704826,SSP1,Lower CI,Northeastern EU,missing,Protein,Legumes,missing,missing,missing,missing,missing,missing,missing,%,Northeastern EULegumes
20477,0.932986,0.816417,0.768627,0.773994,0.91413,,,,-0.008513480211820855,0.04859587976188212,0.09670183237383768,0.11190383301196291,0.11587726843454083,SSP1,Median,Northeastern EU,missing,Protein,Legumes,missing,missing,missing,missing,missing,missing,missing,%,Northeastern EULegumes
20479,0.932986,0.816417,0.768627,0.773994,0.91413,,,,0.20055059752098808,0.2013296547378819,0.1914112258257692,0.16167700423881354,0.1656274165407426,SSP1,Upper CI,Northeastern EU,missing,Protein,Legumes,missing,missing,missing,missing,missing,missing,missing,%,Northeastern EULegumes
20517,0.468834,0.826793,0.814553,0.865717,1.00298,,,,0.046221198005962694,0.12965590360167184,0.3151556704799853,0.28235500536237634,0.27961075040498345,SSP1,Lower CI,Northeastern EU,missing,Protein,Nuts and Seeds,missing,missing,missing,missing,missing,missing,missing,%,Northeastern EUNuts and Seeds
20519,0.468834,0.826793,0.814553,0.865717,1.00298,,,,0.21135519684083515,0.3121400617525499,0.37463495824275944,0.3859465458556112,0.3703561932945911,SSP1,Median,Northeastern EU,missing,Protein,Nuts and Seeds,missing,missing,missing,missing,missing,missing,missing,%,Northeastern EUNuts and Seeds
20521,0.468834,0.826793,0.814553,0.865717,1.00298,,,,0.44187990555543794,1.0816626770984006,0.6358302436694813,0.44403701989008004,0.43036647365747865,SSP1,Upper CI,Northeastern EU,missing,Protein,Nuts and Seeds,missing,missing,missing,missing,missing,missing,missing,%,Northeastern EUNuts and Seeds
20559,1.10421,1.21123,0.893588,0.926391,0.9142,,,,-1.8291973355511684,-1.4312660043776155,-1.4173723503189934,-1.2178526933594178,-1.2133737600767753,SSP1,Lower CI,Northeastern EU,missing,Rice,Rice,missing,missing,missing,missing,missing,missing,missing,%,Northeastern EURice
20561,1.10421,1.21123,0.893588,0.926391,0.9142,,,,-1.3481708053379595,-1.0925030310297503,-1.1064323529246345,-1.1071956633983808,-1.1347673378602023,SSP1,Median,Northeastern EU,missing,Rice,Rice,missing,missing,missing,missing,missing,missing,missing,%,Northeastern EURice
20563,1.10421,1.21123,0.893588,0.926391,0.9142,,,,-1.0874340564698803,0.03339033678763559,-0.2898379788389731,-0.8728245351670603,-1.0668211111787322,SSP1,Upper CI,Northeastern EU,missing,Rice,Rice,missing,missing,missing,missing,missing,missing,missing,%,Northeastern EURice
20601,6.53835,6.47646,6.16291,5.57161,5.52085,,,,-0.289326029466199,-0.3975268638903507,-0.25451324101019746,-0.18507966780469448,-0.15523633237739518,SSP1,Lower CI,Northeastern EU,missing,RootTuber,Roots and Tubers,missing,missing,missing,missing,missing,missing,missing,%,Northeastern EURoots and Tubers
20603,6.53835,6.47646,6.16291,5.57161,5.52085,,,,-0.021578048543331098,-0.16125402085630328,-0.19795275823570166,-0.11341778907500533,-0.11737259334601213,SSP1,Median,Northeastern EU,missing,RootTuber,Roots and Tubers,missing,missing,missing,missing,missing,missing,missing,%,Northeastern EURoots and Tubers
20605,6.53835,6.47646,6.16291,5.57161,5.52085,,,,0.29389485096899826,0.36144040582492315,-0.05039228356230617,-0.06492854967238926,-0.08424566903585168,SSP1,Upper CI,Northeastern EU,missing,RootTuber,Roots and Tubers,missing,missing,missing,missing,missing,missing,missing,%,Northeastern EURoots and Tubers
20643,2.65093,2.52695,8.01606,11.8154,12.3083,,,,-0.11732098148879735,-0.25915086007298743,-0.09758079789820226,-0.13221956035877178,-0.1229146901462389,SSP1,Lower CI,Northeastern EU,missing,SugarCrop,Sugar Crops,missing,missing,missing,missing,missing,missing,missing,%,Northeastern EUSugar Crops
20645,2.65093,2.52695,8.01606,11.8154,12.3083,,,,-0.09568614873624176,-0.09148933038821368,-0.08994811727833509,-0.08942931053297137,-0.08981016672961441,SSP1,Median,Northeastern EU,missing,SugarCrop,Sugar Crops,missing,missing,missing,missing,missing,missing,missing,%,Northeastern EUSugar Crops
20647,2.65093,2.52695,8.01606,11.8154,12.3083,,,,-0.04857643222922794,0.3549144951355289,-0.05232010660185409,-0.06129089171979677,-0.06440583587638427,SSP1,Upper CI,Northeastern EU,missing,SugarCrop,Sugar Crops,missing,missing,missing,missing,missing,missing,missing,%,Northeastern EUSugar Crops
20685,43.6072,40.0,34.8561,31.331,31.0114,,,,-0.07421062549924486,-0.13034532147204683,0.006493363949565817,0.024065205954959732,0.028376906373630426,SSP1,Lower CI,Northeastern EU,missing,Wheat,Wheat,missing,missing,missing,missing,missing,missing,missing,%,Northeastern EUWheat
20687,43.6072,40.0,34.8561,31.331,31.0114,,,,0.004435891121272595,0.042300744277088055,0.039839373147413294,0.03552971563475642,0.0362480684676593,SSP1,Median,Northeastern EU,missing,Wheat,Wheat,missing,missing,missing,missing,missing,missing,missing,%,Northeastern EUWheat
20689,43.6072,40.0,34.8561,31.331,31.0114,,,,0.057441982139716616,0.07496139617810349,0.08535800870050432,0.05836524541669977,0.04562234025891393,SSP1,Upper CI,Northeastern EU,missing,Wheat,Wheat,missing,missing,missing,missing,missing,missing,missing,%,Northeastern EUWheat
21609,7.97448,10.1853,9.05959,9.87531,10.021,,,,-0.039613782103269976,-0.17399356445499692,-0.12283389603303775,-0.07520657683346216,-0.047609189316665274,SSP1,Lower CI,Western EU,missing,Corn,Corn,missing,missing,missing,missing,missing,missing,missing,%,Western EUCorn
21611,7.97448,10.1853,9.05959,9.87531,10.021,,,,0.08389261665886982,-0.044056992462905065,-0.056872214129741194,-0.03334722770277675,-0.018409256004560084,SSP1,Median,Western EU,missing,Corn,Corn,missing,missing,missing,missing,missing,missing,missing,%,Western EUCorn
21613,7.97448,10.1853,9.05959,9.87531,10.021,,,,0.13145128541202078,0.26985658067926727,0.037451969729554294,0.015532590417963468,0.019026397099060992,SSP1,Upper CI,Western EU,missing,Corn,Corn,missing,missing,missing,missing,missing,missing,missing,%,Western EUCorn
21651,13.7415,15.7449,16.9947,18.1701,18.8533,,,,-0.09018143107247409,-0.17491218812169151,-0.0932399458401811,-0.07689724588251488,-0.06848613034896452,SSP1,Lower CI,Western EU,missing,FruitsVeg,Fruits,missing,missing,missing,missing,missing,missing,missing,%,Western EUFruits
21653,13.7415,15.7449,16.9947,18.1701,18.8533,,,,-0.05066350577210491,-0.06943442473384415,-0.06680731334912442,-0.053317509843038256,-0.055699492562000144,SSP1,Median,Western EU,missing,FruitsVeg,Fruits,missing,missing,missing,missing,missing,missing,missing,%,Western EUFruits
21655,13.7415,15.7449,16.9947,18.1701,18.8533,,,,0.025640241543662082,0.07055014367325124,-0.03611825923193483,-0.030099862155626003,-0.03931504066218863,SSP1,Upper CI,Western EU,missing,FruitsVeg,Fruits,missing,missing,missing,missing,missing,missing,missing,%,Western EUFruits
21693,11.7523,12.4833,12.3541,11.9332,12.3997,,,,-0.09231697409096898,-0.18019503155805808,-0.09205947980488306,-0.07536392979458689,-0.06750897657645658,SSP1,Lower CI,Western EU,missing,FruitsVeg,Vegetables,missing,missing,missing,missing,missing,missing,missing,%,Western EUVegetables
21695,11.7523,12.4833,12.3541,11.9332,12.3997,,,,-0.055048979088096764,-0.07464270744411561,-0.06277002756025694,-0.04965697452037293,-0.05323071955600114,SSP1,Median,Western EU,missing,FruitsVeg,Vegetables,missing,missing,missing,missing,missing,missing,missing,%,Western EUVegetables
21697,11.7523,12.4833,12.3541,11.9332,12.3997,,,,0.0247660290561212,0.06615375743242488,-0.034324069526962306,-0.027182536978090716,-0.03544200290723911,SSP1,Upper CI,Western EU,missing,FruitsVeg,Vegetables,missing,missing,missing,missing,missing,missing,missing,%,Western EUVegetables
21735,6.24766,6.91395,6.6618,6.07275,6.32186,,,,-0.05566106697741203,-0.10109172365107856,-0.001142715008800782,0.01966488687126417,0.025395026917701014,SSP1,Lower CI,Western EU,missing,MiscCrop,Other Crops,missing,missing,missing,missing,missing,missing,missing,%,Western EUOther Crops
21737,6.24766,6.91395,6.6618,6.07275,6.32186,,,,0.026274339701297715,0.004827083089836027,0.030437860643739344,0.040764949289617415,0.036869271632862924,SSP1,Median,Western EU,missing,MiscCrop,Other Crops,missing,missing,missing,missing,missing,missing,missing,%,Western EUOther Crops
21739,6.24766,6.91395,6.6618,6.07275,6.32186,,,,0.056293231541647386,0.11426787267777032,0.045613481361575246,0.0599010841064865,0.05321453719748531,SSP1,Upper CI,Western EU,missing,MiscCrop,Other Crops,missing,missing,missing,missing,missing,missing,missing,%,Western EUOther Crops
21777,0.275979,0.149475,0.129503,0.163913,0.169588,,,,-3.380361125520166,-3.1882545742459003,-3.044071723643772,-2.9799256700028662,-2.9346300772384266,SSP1,Lower CI,Western EU,missing,Oil,Fiber Crops,missing,missing,missing,missing,missing,missing,missing,%,Western EUFiber Crops
21779,0.275979,0.149475,0.129503,0.163913,0.169588,,,,-3.236745159814286,-3.102005082426791,-3.0050035866330336,-2.9421949477470237,-2.902489313648038,SSP1,Median,Western EU,missing,Oil,Fiber Crops,missing,missing,missing,missing,missing,missing,missing,%,Western EUFiber Crops
21781,0.275979,0.149475,0.129503,0.163913,0.169588,,,,-3.155750982914643,-3.061748577685777,-2.9758720831410708,-2.919622469830883,-2.8770174498103707,SSP1,Upper CI,Western EU,missing,Oil,Fiber Crops,missing,missing,missing,missing,missing,missing,missing,%,Western EUFiber Crops
21819,25.4373,31.5201,39.5197,43.0452,44.4126,,,,-0.3876115967981817,-0.5144906210261472,-0.20273709293977016,-0.17835336056400727,-0.14974948119777812,SSP1,Lower CI,Western EU,missing,Oil,Plant Oils,missing,missing,missing,missing,missing,missing,missing,%,Western EUPlant Oils
21821,25.4373,31.5201,39.5197,43.0452,44.4126,,,,-0.07499716053506361,-0.1344936103447785,-0.10682867447569186,-0.11190064218290426,-0.0929794327847651,SSP1,Median,Western EU,missing,Oil,Plant Oils,missing,missing,missing,missing,missing,missing,missing,%,Western EUPlant Oils
21823,25.4373,31.5201,39.5197,43.0452,44.4126,,,,0.02714408070168159,-0.0018175220292584449,-0.008593004338836585,-0.02628077465028608,-0.04823379222060761,SSP1,Upper CI,Western EU,missing,Oil,Plant Oils,missing,missing,missing,missing,missing,missing,missing,%,Western EUPlant Oils
21861,1.48796,1.27135,1.78403,2.50908,2.60002,,,,-0.054993555280720335,-0.14426608921008285,-0.09257815631773497,-0.07117943976244528,-0.06819310497873556,SSP1,Lower CI,Western EU,missing,Oil,Palm Oil,missing,missing,missing,missing,missing,missing,missing,%,Western EUPalm Oil
21863,1.48796,1.27135,1.78403,2.50908,2.60002,,,,0.020169829290294435,-0.0032655939212474934,-0.05500654816391581,-0.04850670703170967,-0.04632550230178888,SSP1,Median,Western EU,missing,Oil,Palm Oil,missing,missing,missing,missing,missing,missing,missing,%,Western EUPalm Oil
21865,1.48796,1.27135,1.78403,2.50908,2.60002,,,,0.21616009599079025,0.21449812914289343,0.022694570941252927,-0.01526199969150379,-0.028949291814759612,SSP1,Upper CI,Western EU,missing,Oil,Palm Oil,missing,missing,missing,missing,missing,missing,missing,%,Western EUPalm Oil
21903,11.017,11.9722,14.2596,12.7392,13.2116,,,,-0.07287592724121326,-0.11756615733305903,0.032708731812612885,0.016332540412414026,0.03694286116546521,SSP1,Lower CI,Western EU,missing,Oil,Soybean,missing,missing,missing,missing,missing,missing,missing,%,Western EUSoybean
21905,11.017,11.9722,14.2596,12.7392,13.2116,,,,0.07800965722163489,0.08479701661150658,0.08827672887387442,0.06385016456877214,0.06834359412973309,SSP1,Median,Western EU,missing,Oil,Soybean,missing,missing,missing,missing,missing,missing,missing,%,Western EUSoybean
21907,11.017,11.9722,14.2596,12.7392,13.2116,,,,0.2587360078471882,0.5328221357394043,0.24135009625582762,0.16501188410357925,0.1353488400036955,SSP1,Upper CI,Western EU,missing,Oil,Soybean,missing,missing,missing,missing,missing,missing,missing,%,Western EUSoybean
21945,7.21819,6.37844,14.6993,20.1054,20.4293,,,,0.11439370842018748,-0.14328271257230024,0.019679120425196706,0.09847853321500007,0.11732966682103538,SSP1,Lower CI,Western EU,missing,OtherGrain,Other Grains,missing,missing,missing,missing,missing,missing,missing,%,Western EUOther Grains
21947,7.21819,6.37844,14.6993,20.1054,20.4293,,,,0.1510043862802771,0.12160408024228653,0.11430422874209982,0.11649653359654275,0.1273478365184467,SSP1,Median,Western EU,missing,OtherGrain,Other Grains,missing,missing,missing,missing,missing,missing,missing,%,Western EUOther Grains
21949,7.21819,6.37844,14.6993,20.1054,20.4293,,,,0.198829894051967,0.15451704707659764,0.16023279866411055,0.12234570873045779,0.13302221424951885,SSP1,Upper CI,Western EU,missing,OtherGrain,Other Grains,missing,missing,missing,missing,missing,missing,missing,%,Western EUOther Grains
21987,12.6272,11.6673,11.034,9.93249,10.2768,,,,0.03424282540046792,-0.02825867982091882,-0.007473697542398218,-0.008711734214962978,-0.014214562180430995,SSP1,Lower CI,Western EU,missing,Protein,Beef,missing,missing,missing,missing,missing,missing,missing,%,Western EUBeef
21989,12.6272,11.6673,11.034,9.93249,10.2768,,,,0.04760132550131372,0.023614343828091452,0.024761464353714627,0.012990387008065705,0.0008009547316448292,SSP1,Median,Western EU,missing,Protein,Beef,missing,missing,missing,missing,missing,missing,missing,%,Western EUBeef
21991,12.6272,11.6673,11.034,9.93249,10.2768,,,,0.09236433645238934,0.07762390334727032,0.0408365126716026,0.03665815889678266,0.024331885106328666,SSP1,Upper CI,Western EU,missing,Protein,Beef,missing,missing,missing,missing,missing,missing,missing,%,Western EUBeef
22029,91.7929,101.121,78.9063,63.9205,66.1023,,,,-0.015238638486700394,-0.11288549695254058,-0.024907990179416847,-0.011356614368162054,-0.007384121690529719,SSP1,Lower CI,Western EU,missing,Protein,Dairy,missing,missing,missing,missing,missing,missing,missing,%,Western EUDairy
22031,91.7929,101.121,78.9063,63.9205,66.1023,,,,0.0035055407721297444,0.004337294284968867,0.0036042576534341714,0.009364148964173173,0.00536721082857681,SSP1,Median,Western EU,missing,Protein,Dairy,missing,missing,missing,missing,missing,missing,missing,%,Western EUDairy
22033,91.7929,101.121,78.9063,63.9205,66.1023,,,,0.07772201356792688,0.10564791093357714,0.023756253711200236,0.0318032269712972,0.024517152095568283,SSP1,Upper CI,Western EU,missing,Protein,Dairy,missing,missing,missing,missing,missing,missing,missing,%,Western EUDairy
22071,9.05316,11.3452,11.94,12.1937,12.6121,,,,-0.08715489431914246,-0.21361626968780784,-0.10016683675425256,-0.07592140152543367,-0.06902533410173134,SSP1,Lower CI,Western EU,missing,Protein,Fish,missing,missing,missing,missing,missing,missing,missing,%,Western EUFish
22073,9.05316,11.3452,11.94,12.1937,12.6121,,,,-0.02897956566712912,-0.07028181581835255,-0.06008682167657071,-0.04445978019310536,-0.052370415609202005,SSP1,Median,Western EU,missing,Protein,Fish,missing,missing,missing,missing,missing,missing,missing,%,Western EUFish
22075,9.05316,11.3452,11.94,12.1937,12.6121,,,,0.07806722564304101,0.1268894276845014,-0.02000680659889894,-0.012928308459852829,-0.02668849126824078,SSP1,Upper CI,Western EU,missing,Protein,Fish,missing,missing,missing,missing,missing,missing,missing,%,Western EUFish
22113,39.3784,42.8711,41.0642,38.6181,39.9475,,,,0.038007677317832486,-0.018608951832532306,0.08119696267981201,0.09263476622388758,0.09728498616479025,SSP1,Lower CI,Western EU,missing,Protein,Pork,missing,missing,missing,missing,missing,missing,missing,%,Western EUPork
22115,39.3784,42.8711,41.0642,38.6181,39.9475,,,,0.08944902946810938,0.0996369124312558,0.11566135693209088,0.10360286801287398,0.10481790961555221,SSP1,Median,Western EU,missing,Protein,Pork,missing,missing,missing,missing,missing,missing,missing,%,Western EUPork
22117,39.3784,42.8711,41.0642,38.6181,39.9475,,,,0.1633243384212143,0.14780336463275906,0.14559660625846688,0.13854118147607886,0.1335055458648166,SSP1,Upper CI,Western EU,missing,Protein,Pork,missing,missing,missing,missing,missing,missing,missing,%,Western EUPork
22155,15.5235,17.8396,18.8358,19.8663,20.559,,,,0.04581535769756209,-0.044774765926820934,-0.005665172295379328,-0.0069641921738401065,-0.007799752362280289,SSP1,Lower CI,Western EU,missing,Protein,Poultry,missing,missing,missing,missing,missing,missing,missing,%,Western EUPoultry
22157,15.5235,17.8396,18.8358,19.8663,20.559,,,,0.1052326155924752,0.015199364940143647,0.025630743557681867,0.02234137613802915,0.01922499241323512,SSP1,Median,Western EU,missing,Protein,Poultry,missing,missing,missing,missing,missing,missing,missing,%,Western EUPoultry
22159,15.5235,17.8396,18.8358,19.8663,20.559,,,,0.1186222038808096,0.05699055182316244,0.06258369958474368,0.06152418442670554,0.055229832329138286,SSP1,Upper CI,Western EU,missing,Protein,Poultry,missing,missing,missing,missing,missing,missing,missing,%,Western EUPoultry
22197,2.97734,2.80903,2.34909,2.14166,2.21335,,,,0.08509115882284884,-0.0008061449865696402,0.0682677752271193,0.0736750503411041,0.07149644696557075,SSP1,Lower CI,Western EU,missing,Protein,Sheep and Goat,missing,missing,missing,missing,missing,missing,missing,%,Western EUSheep and Goat
22199,2.97734,2.80903,2.34909,2.14166,2.21335,,,,0.12609527138301163,0.1079710045633968,0.10763186412123468,0.10358776214178765,0.09884444871485773,SSP1,Median,Western EU,missing,Protein,Sheep and Goat,missing,missing,missing,missing,missing,missing,missing,%,Western EUSheep and Goat
22201,2.97734,2.80903,2.34909,2.14166,2.21335,,,,0.17273942803057912,0.24810555131748455,0.17592707438627755,0.18320508973774013,0.17703795635719075,SSP1,Upper CI,Western EU,missing,Protein,Sheep and Goat,missing,missing,missing,missing,missing,missing,missing,%,Western EUSheep and Goat
22239,4.08651,3.92907,3.87824,4.04264,4.3965,,,,-0.0484397819929586,-0.04735482981397063,0.1016023599433826,0.10406252020416512,0.11210084956896102,SSP1,Lower CI,Western EU,missing,Protein,Legumes,missing,missing,missing,missing,missing,missing,missing,%,Western EULegumes
22241,4.08651,3.92907,3.87824,4.04264,4.3965,,,,0.10431641607391742,0.0895656054610128,0.16043407736533655,0.17035216811988366,0.17331171753129657,SSP1,Median,Western EU,missing,Protein,Legumes,missing,missing,missing,missing,missing,missing,missing,%,Western EULegumes
22243,4.08651,3.92907,3.87824,4.04264,4.3965,,,,0.16463150436099977,0.2894624832335174,0.24065112597382335,0.216544398306792,0.22579638298001112,SSP1,Upper CI,Western EU,missing,Protein,Legumes,missing,missing,missing,missing,missing,missing,missing,%,Western EULegumes
22281,7.44705,9.34849,8.63208,8.65809,9.32331,,,,0.09873194608116576,0.14597688323037317,0.3351249648993908,0.3052723027308492,0.30211779975514774,SSP1,Lower CI,Western EU,missing,Protein,Nuts and Seeds,missing,missing,missing,missing,missing,missing,missing,%,Western EUNuts and Seeds
22283,7.44705,9.34849,8.63208,8.65809,9.32331,,,,0.29467333016106256,0.3498554764197711,0.40241981121732395,0.39872706602566593,0.3860322220036464,SSP1,Median,Western EU,missing,Protein,Nuts and Seeds,missing,missing,missing,missing,missing,missing,missing,%,Western EUNuts and Seeds
22285,7.44705,9.34849,8.63208,8.65809,9.32331,,,,0.4530724656188637,1.1531865069157459,0.6452856278032073,0.459931604558338,0.44597448925929195,SSP1,Upper CI,Western EU,missing,Protein,Nuts and Seeds,missing,missing,missing,missing,missing,missing,missing,%,Western EUNuts and Seeds
22323,5.7464,7.71362,8.34883,8.42442,8.54994,,,,-1.4182910825963306,-1.4037093588614926,-1.2693044530400237,-1.0883137812539319,-1.049051263546551,SSP1,Lower CI,Western EU,missing,Rice,Rice,missing,missing,missing,missing,missing,missing,missing,%,Western EURice
22325,5.7464,7.71362,8.34883,8.42442,8.54994,,,,-1.1535289645890257,-1.1001079634003976,-1.0997955775938133,-1.0487993278558807,-1.024880557532467,SSP1,Median,Western EU,missing,Rice,Rice,missing,missing,missing,missing,missing,missing,missing,%,Western EURice
22327,5.7464,7.71362,8.34883,8.42442,8.54994,,,,-0.9580640625887646,0.141195694271404,-0.6501142145266277,-1.015602739894564,-1.0056749526620667,SSP1,Upper CI,Western EU,missing,Rice,Rice,missing,missing,missing,missing,missing,missing,missing,%,Western EURice
22365,19.4267,17.758,17.4397,17.21,17.4885,,,,-0.2625243983284327,-0.4476497634616228,-0.27117771183410266,-0.1824160440494924,-0.1450190500154795,SSP1,Lower CI,Western EU,missing,RootTuber,Roots and Tubers,missing,missing,missing,missing,missing,missing,missing,%,Western EURoots and Tubers
22367,19.4267,17.758,17.4397,17.21,17.4885,,,,-0.0660294639380109,-0.11059228252539995,-0.15708301516308742,-0.10332691638215935,-0.11319416130327169,SSP1,Median,Western EU,missing,RootTuber,Roots and Tubers,missing,missing,missing,missing,missing,missing,missing,%,Western EURoots and Tubers
22369,19.4267,17.758,17.4397,17.21,17.4885,,,,0.22494791182504587,0.42969855238501853,-0.018881656941275166,-0.044500133525004246,-0.07609804315371571,SSP1,Upper CI,Western EU,missing,RootTuber,Roots and Tubers,missing,missing,missing,missing,missing,missing,missing,%,Western EURoots and Tubers
22407,8.77567,9.73694,34.6049,50.3163,51.9398,,,,-0.07850515408597811,-0.19554356713448756,-0.05615231322427597,-0.0727939992960222,-0.05983309423173581,SSP1,Lower CI,Western EU,missing,SugarCrop,Sugar Crops,missing,missing,missing,missing,missing,missing,missing,%,Western EUSugar Crops
22409,8.77567,9.73694,34.6049,50.3163,51.9398,,,,-0.03683716439248123,-0.04310802199983972,-0.036674558669280856,-0.03768209029442268,-0.03290386763460216,SSP1,Median,Western EU,missing,SugarCrop,Sugar Crops,missing,missing,missing,missing,missing,missing,missing,%,Western EUSugar Crops
22411,8.77567,9.73694,34.6049,50.3163,51.9398,,,,-0.015345949402442174,0.32387283262629546,0.018128294780952948,-0.0035743675764830438,-0.003824276028655711,SSP1,Upper CI,Western EU,missing,SugarCrop,Sugar Crops,missing,missing,missing,missing,missing,missing,missing,%,Western EUSugar Crops
22449,111.94,127.461,119.41,116.61,118.615,,,,0.0029631192865880313,-0.05808854622705092,0.039900129514117005,0.06059257500128666,0.06325020540681833,SSP1,Lower CI,Western EU,missing,Wheat,Wheat,missing,missing,missing,missing,missing,missing,missing,%,Western EUWheat
22451,111.94,127.461,119.41,116.61,118.615,,,,0.06833477678497886,0.07922252109654682,0.09618666410981458,0.07381776234229716,0.0702719217306302,SSP1,Median,Western EU,missing,Wheat,Wheat,missing,missing,missing,missing,missing,missing,missing,%,Western EUWheat
22453,111.94,127.461,119.41,116.61,118.615,,,,0.11304708316233057,0.14322007384762617,0.11891401453817851,0.09327537040740304,0.07882128852684497,SSP1,Upper CI,Western EU,missing,Wheat,Wheat,missing,missing,missing,missing,missing,missing,missing,%,Western EUWheat
23373,0.68453,2.86929,2.78064,2.53203,2.40722,,,,0.004503806666087434,-0.03253798681232595,-0.05490566962956827,-0.020041134008999567,-0.01642963641999208,SSP1,Lower CI,Eastern Europe,missing,Corn,Corn,missing,missing,missing,missing,missing,missing,missing,%,Eastern EuropeCorn
23375,0.68453,2.86929,2.78064,2.53203,2.40722,,,,0.06571805174113467,0.03277117987490784,0.005743495191458756,0.018897874858372597,0.006138563791483619,SSP1,Median,Eastern Europe,missing,Corn,Corn,missing,missing,missing,missing,missing,missing,missing,%,Eastern EuropeCorn
23377,0.68453,2.86929,2.78064,2.53203,2.40722,,,,0.15989563705459917,0.2071831669456786,0.05402628280598488,0.03021472678989822,0.01860309919784329,SSP1,Upper CI,Eastern Europe,missing,Corn,Corn,missing,missing,missing,missing,missing,missing,missing,%,Eastern EuropeCorn
23415,1.27191,1.07558,1.41996,1.68134,1.7802,,,,-0.14609103213402042,-0.12263990162693945,-0.07791785885390495,-0.0671534759497055,-0.0645869079652974,SSP1,Lower CI,Eastern Europe,missing,FruitsVeg,Fruits,missing,missing,missing,missing,missing,missing,missing,%,Eastern EuropeFruits
23417,1.27191,1.07558,1.41996,1.68134,1.7802,,,,-0.043984219772111255,-0.05064666350601257,-0.06096722159216382,-0.05604556890639609,-0.05688202958411534,SSP1,Median,Eastern Europe,missing,FruitsVeg,Fruits,missing,missing,missing,missing,missing,missing,missing,%,Eastern EuropeFruits
23419,1.27191,1.07558,1.41996,1.68134,1.7802,,,,0.03031493996791025,0.033870113227322904,-0.03648917113819393,-0.03367051988277279,-0.04070691316473499,SSP1,Upper CI,Eastern Europe,missing,FruitsVeg,Fruits,missing,missing,missing,missing,missing,missing,missing,%,Eastern EuropeFruits
23457,1.60896,1.905,2.40316,2.45666,2.60083,,,,-0.14244996281970418,-0.13197390255303781,-0.08896333046856007,-0.07803562469808653,-0.07695731510461928,SSP1,Lower CI,Eastern Europe,missing,FruitsVeg,Vegetables,missing,missing,missing,missing,missing,missing,missing,%,Eastern EuropeVegetables
23459,1.60896,1.905,2.40316,2.45666,2.60083,,,,-0.04126784942455866,-0.05664295875627299,-0.06953231468909578,-0.06152532390179296,-0.06573084275377533,SSP1,Median,Eastern Europe,missing,FruitsVeg,Vegetables,missing,missing,missing,missing,missing,missing,missing,%,Eastern EuropeVegetables
23461,1.60896,1.905,2.40316,2.45666,2.60083,,,,0.03496161083016736,0.026869745749729848,-0.04433166634889128,-0.041842933366207376,-0.04991385608105464,SSP1,Upper CI,Eastern Europe,missing,FruitsVeg,Vegetables,missing,missing,missing,missing,missing,missing,missing,%,Eastern EuropeVegetables
23499,0.0796718,0.362825,0.548212,0.337138,0.35762,,,,-0.14804327846682766,-0.08096813010255341,-0.05714628025408824,-0.03836799893020734,-0.03343420759131343,SSP1,Lower CI,Eastern Europe,missing,MiscCrop,Other Crops,missing,missing,missing,missing,missing,missing,missing,%,Eastern EuropeOther Crops
23501,0.0796718,0.362825,0.548212,0.337138,0.35762,,,,-0.04387531887954849,-0.032871151250446665,-0.03520118384988222,-0.0264031150213023,-0.024747648457819807,SSP1,Median,Eastern Europe,missing,MiscCrop,Other Crops,missing,missing,missing,missing,missing,missing,missing,%,Eastern EuropeOther Crops
23503,0.0796718,0.362825,0.548212,0.337138,0.35762,,,,0.022088281411254296,0.04234452738327667,-0.016818040853904807,-0.008472372999602733,-0.011429950431630004,SSP1,Upper CI,Eastern Europe,missing,MiscCrop,Other Crops,missing,missing,missing,missing,missing,missing,missing,%,Eastern EuropeOther Crops
23541,0.0,0.0,1.27e-05,0.0,0.0,,,,,,,,,SSP1,Lower CI,Eastern Europe,missing,Oil,Fiber Crops,missing,missing,missing,missing,missing,missing,missing,%,Eastern EuropeFiber Crops
23543,0.0,0.0,1.27e-05,0.0,0.0,,,,,,,,,SSP1,Median,Eastern Europe,missing,Oil,Fiber Crops,missing,missing,missing,missing,missing,missing,missing,%,Eastern EuropeFiber Crops
23545,0.0,0.0,1.27e-05,0.0,0.0,,,,,,,,,SSP1,Upper CI,Eastern Europe,missing,Oil,Fiber Crops,missing,missing,missing,missing,missing,missing,missing,%,Eastern EuropeFiber Crops
23583,5.15578,5.17201,3.99886,3.62654,3.82815,,,,0.13859790799086047,0.12859992008561352,0.3420908462786054,0.34909414758247065,0.35933054868873165,SSP1,Lower CI,Eastern Europe,missing,Oil,Plant Oils,missing,missing,missing,missing,missing,missing,missing,%,Eastern EuropePlant Oils
23585,5.15578,5.17201,3.99886,3.62654,3.82815,,,,0.2817155967632717,0.39389692124612025,0.42752356174984885,0.40258056039172085,0.39279009236090584,SSP1,Median,Eastern Europe,missing,Oil,Plant Oils,missing,missing,missing,missing,missing,missing,missing,%,Eastern EuropePlant Oils
23587,5.15578,5.17201,3.99886,3.62654,3.82815,,,,0.3359804999146029,0.4773822971856019,0.49814055447537,0.4578669359637501,0.43090555307614314,SSP1,Upper CI,Eastern Europe,missing,Oil,Plant Oils,missing,missing,missing,missing,missing,missing,missing,%,Eastern EuropePlant Oils
23625,0.0,0.0,0.0010641,0.0013585,0.00143787,,,,-0.19156906709974864,-0.10508878082671326,-0.09723305490713281,-0.09090381754300952,-0.09490789056133057,SSP1,Lower CI,Eastern Europe,missing,Oil,Palm Oil,missing,missing,missing,missing,missing,missing,missing,%,Eastern EuropePalm Oil
23627,0.0,0.0,0.0010641,0.0013585,0.00143787,,,,-0.07730873300217878,-0.05674177386134198,-0.07894395543049411,-0.07748649642260609,-0.08540487604905554,SSP1,Median,Eastern Europe,missing,Oil,Palm Oil,missing,missing,missing,missing,missing,missing,missing,%,Eastern EuropePalm Oil
23629,0.0,0.0,0.0010641,0.0013585,0.00143787,,,,-0.011675427125586849,0.08155985859887528,-0.03418192052378004,-0.05484104856728078,-0.06817047275760969,SSP1,Upper CI,Eastern Europe,missing,Oil,Palm Oil,missing,missing,missing,missing,missing,missing,missing,%,Eastern EuropePalm Oil
23667,0.1763,0.244987,0.432615,0.358675,0.381053,,,,-0.17466787439385342,-0.22210518967581017,-0.02266744845138665,-0.03781663399535404,-0.02472828597334876,SSP1,Lower CI,Eastern Europe,missing,Oil,Soybean,missing,missing,missing,missing,missing,missing,missing,%,Eastern EuropeSoybean
23669,0.1763,0.244987,0.432615,0.358675,0.381053,,,,-0.1415371226387587,0.0045287794671771565,0.012202361523026466,-0.01181849802783959,0.0014337120176475112,SSP1,Median,Eastern Europe,missing,Oil,Soybean,missing,missing,missing,missing,missing,missing,missing,%,Eastern EuropeSoybean
23671,0.1763,0.244987,0.432615,0.358675,0.381053,,,,-0.016575737743046604,0.17173967257120015,0.10005610968953027,0.05178004999556607,0.032791568598885636,SSP1,Upper CI,Eastern Europe,missing,Oil,Soybean,missing,missing,missing,missing,missing,missing,missing,%,Eastern EuropeSoybean
23709,3.56622,4.1232,4.70126,4.74353,4.52512,,,,0.09270057901447831,0.004853772452127023,0.01596526903810802,0.042947170142251426,0.05124286616505954,SSP1,Lower CI,Eastern Europe,missing,OtherGrain,Other Grains,missing,missing,missing,missing,missing,missing,missing,%,Eastern EuropeOther Grains
23711,3.56622,4.1232,4.70126,4.74353,4.52512,,,,0.16174427072187078,0.07249585923423146,0.0509985391902447,0.05963830460226958,0.05843520754811368,SSP1,Median,Eastern Europe,missing,OtherGrain,Other Grains,missing,missing,missing,missing,missing,missing,missing,%,Eastern EuropeOther Grains
23713,3.56622,4.1232,4.70126,4.74353,4.52512,,,,0.2159940558475003,0.19194832008241053,0.08831617839905262,0.06333191381910233,0.061425329732820784,SSP1,Upper CI,Eastern Europe,missing,OtherGrain,Other Grains,missing,missing,missing,missing,missing,missing,missing,%,Eastern EuropeOther Grains
23751,4.20892,1.64952,1.40547,1.2206,1.2737,,,,0.00034960991056876,-0.046248837588117556,-0.020275575392664013,-0.022262347295692736,-0.009665009819651526,SSP1,Lower CI,Eastern Europe,missing,Protein,Beef,missing,missing,missing,missing,missing,missing,missing,%,Eastern EuropeBeef
23753,4.20892,1.64952,1.40547,1.2206,1.2737,,,,0.07987108945068792,0.012475221956728098,0.0048872439511813545,-0.0014137072061045134,0.007898099580807104,SSP1,Median,Eastern Europe,missing,Protein,Beef,missing,missing,missing,missing,missing,missing,missing,%,Eastern EuropeBeef
23755,4.20892,1.64952,1.40547,1.2206,1.2737,,,,0.17447381817900037,0.08764809267412692,0.06415053236793704,0.05961397979399599,0.06801269284732095,SSP1,Upper CI,Eastern Europe,missing,Protein,Beef,missing,missing,missing,missing,missing,missing,missing,%,Eastern EuropeBeef
23793,10.9715,8.73119,7.50862,6.00406,6.29722,,,,-0.12295525574425123,-0.1027530497851388,-0.05849813908340405,-0.04943772795270958,-0.046293892827460756,SSP1,Lower CI,Eastern Europe,missing,Protein,Dairy,missing,missing,missing,missing,missing,missing,missing,%,Eastern EuropeDairy
23795,10.9715,8.73119,7.50862,6.00406,6.29722,,,,-0.0378990851757739,-0.038297171701343655,-0.03965564926517282,-0.037896237031853665,-0.03696063209901144,SSP1,Median,Eastern Europe,missing,Protein,Dairy,missing,missing,missing,missing,missing,missing,missing,%,Eastern EuropeDairy
23797,10.9715,8.73119,7.50862,6.00406,6.29722,,,,0.019233531270514935,0.010526455310152595,-0.029352122889830638,-0.022810547069483947,-0.024309811573840986,SSP1,Upper CI,Eastern Europe,missing,Protein,Dairy,missing,missing,missing,missing,missing,missing,missing,%,Eastern EuropeDairy
23835,0.968771,1.35742,1.48976,1.30484,1.3718,,,,-0.17610166212208303,-0.20406627922621312,-0.13619575470845313,-0.11708543643005577,-0.11294318112646044,SSP1,Lower CI,Eastern Europe,missing,Protein,Fish,missing,missing,missing,missing,missing,missing,missing,%,Eastern EuropeFish
23837,0.968771,1.35742,1.48976,1.30484,1.3718,,,,-0.052618896358595395,-0.08957520598670066,-0.10980779763578158,-0.09447239449151779,-0.10006081473962714,SSP1,Median,Eastern Europe,missing,Protein,Fish,missing,missing,missing,missing,missing,missing,missing,%,Eastern EuropeFish
23839,0.968771,1.35742,1.48976,1.30484,1.3718,,,,0.05166385902964827,0.0318127375729263,-0.07319739271505421,-0.06577090607662299,-0.07389207941934219,SSP1,Upper CI,Eastern Europe,missing,Protein,Fish,missing,missing,missing,missing,missing,missing,missing,%,Eastern EuropeFish
23877,5.62047,2.82753,3.31175,2.97035,3.12061,,,,0.024513474971581812,0.021758798818794056,0.058262455860994544,0.05622827521767784,0.0474054193312754,SSP1,Lower CI,Eastern Europe,missing,Protein,Pork,missing,missing,missing,missing,missing,missing,missing,%,Eastern EuropePork
23879,5.62047,2.82753,3.31175,2.97035,3.12061,,,,0.06122164849806899,0.0675544708448608,0.07626533444673819,0.068733747743371,0.060996736502780674,SSP1,Median,Eastern Europe,missing,Protein,Pork,missing,missing,missing,missing,missing,missing,missing,%,Eastern EuropePork
23881,5.62047,2.82753,3.31175,2.97035,3.12061,,,,0.08560598369053549,0.09814115817799146,0.10267703016125632,0.09731070054384172,0.08911754564084115,SSP1,Upper CI,Eastern Europe,missing,Protein,Pork,missing,missing,missing,missing,missing,missing,missing,%,Eastern EuropePork
23919,2.28066,2.25204,3.10691,3.04569,3.20089,,,,0.0003848046873056593,-0.06956098808393167,-0.048893081937135874,-0.04478224726885777,-0.04209634023071641,SSP1,Lower CI,Eastern Europe,missing,Protein,Poultry,missing,missing,missing,missing,missing,missing,missing,%,Eastern EuropePoultry
23921,2.28066,2.25204,3.10691,3.04569,3.20089,,,,0.08757730561287952,-0.0237384235059378,-0.029022378993697136,-0.03294359142963442,-0.030985159755440736,SSP1,Median,Eastern Europe,missing,Protein,Poultry,missing,missing,missing,missing,missing,missing,missing,%,Eastern EuropePoultry
23923,2.28066,2.25204,3.10691,3.04569,3.20089,,,,0.20815841221661951,0.0369026721091006,0.017401016978900192,0.015768768500998863,0.015092678006681152,SSP1,Upper CI,Eastern Europe,missing,Protein,Poultry,missing,missing,missing,missing,missing,missing,missing,%,Eastern EuropePoultry
23961,0.0883517,0.032629,0.0380049,0.0325014,0.0338452,,,,0.16327457203982884,0.43077810065326627,0.5989281494349407,0.6587926609027419,0.7029684167489266,SSP1,Lower CI,Eastern Europe,missing,Protein,Sheep and Goat,missing,missing,missing,missing,missing,missing,missing,%,Eastern EuropeSheep and Goat
23963,0.0883517,0.032629,0.0380049,0.0325014,0.0338452,,,,0.21606343475068915,0.5579658699482071,0.7373352528972328,0.8121110592076055,0.8606729442811788,SSP1,Median,Eastern Europe,missing,Protein,Sheep and Goat,missing,missing,missing,missing,missing,missing,missing,%,Eastern EuropeSheep and Goat
23965,0.0883517,0.032629,0.0380049,0.0325014,0.0338452,,,,0.2746420606339234,0.6763187413966458,0.8663929247003183,0.9580819542364665,1.0154790516819805,SSP1,Upper CI,Eastern Europe,missing,Protein,Sheep and Goat,missing,missing,missing,missing,missing,missing,missing,%,Eastern EuropeSheep and Goat
24003,0.561055,0.385292,0.283659,0.279103,0.34331,,,,-0.1342846193153371,-0.023176426738424266,0.09253443342048608,0.08665150781969556,0.09096335279388788,SSP1,Lower CI,Eastern Europe,missing,Protein,Legumes,missing,missing,missing,missing,missing,missing,missing,%,Eastern EuropeLegumes
24005,0.561055,0.385292,0.283659,0.279103,0.34331,,,,-0.013798811488656752,0.12496064494557603,0.1499830198927741,0.15373466043882053,0.15541576872159238,SSP1,Median,Eastern Europe,missing,Protein,Legumes,missing,missing,missing,missing,missing,missing,missing,%,Eastern EuropeLegumes
24007,0.561055,0.385292,0.283659,0.279103,0.34331,,,,0.061667200487959935,0.294187728824854,0.23681517192545287,0.20783050684588772,0.21014868456207336,SSP1,Upper CI,Eastern Europe,missing,Protein,Legumes,missing,missing,missing,missing,missing,missing,missing,%,Eastern EuropeLegumes
24045,0.309302,0.507156,0.433105,0.443215,0.539892,,,,-0.09339819084672646,-0.11283870505399252,0.18612935507222986,0.1442917587953903,0.15205690780097947,SSP1,Lower CI,Eastern Europe,missing,Protein,Nuts and Seeds,missing,missing,missing,missing,missing,missing,missing,%,Eastern EuropeNuts and Seeds
24047,0.309302,0.507156,0.433105,0.443215,0.539892,,,,0.06931412238896388,0.18391796037812894,0.25268518438034565,0.24442827318131197,0.24072050347456517,SSP1,Median,Eastern Europe,missing,Protein,Nuts and Seeds,missing,missing,missing,missing,missing,missing,missing,%,Eastern EuropeNuts and Seeds
24049,0.309302,0.507156,0.433105,0.443215,0.539892,,,,0.28757433858444204,1.1953981868153905,0.443296139998965,0.3073562731072337,0.3006459645870077,SSP1,Upper CI,Eastern Europe,missing,Protein,Nuts and Seeds,missing,missing,missing,missing,missing,missing,missing,%,Eastern EuropeNuts and Seeds
24087,0.466172,0.844773,0.662076,0.56191,0.535448,,,,-1.5237983090493246,-1.7667458391894033,-1.4615649786170284,-1.258816600824223,-1.2329821686342666,SSP1,Lower CI,Eastern Europe,missing,Rice,Rice,missing,missing,missing,missing,missing,missing,missing,%,Eastern EuropeRice
24089,0.466172,0.844773,0.662076,0.56191,0.535448,,,,-1.320783998923874,-1.3070574152760326,-1.2942754285526947,-1.2436752224178178,-1.2185855381198203,SSP1,Median,Eastern Europe,missing,Rice,Rice,missing,missing,missing,missing,missing,missing,missing,%,Eastern EuropeRice
24091,0.466172,0.844773,0.662076,0.56191,0.535448,,,,-1.1483048118548047,0.26303216305531074,-0.8292079934017885,-1.2292365988190423,-1.2118213738269537,SSP1,Upper CI,Eastern Europe,missing,Rice,Rice,missing,missing,missing,missing,missing,missing,missing,%,Eastern EuropeRice
24129,5.3952,5.67813,5.48538,5.13595,4.90152,,,,-0.07246983270798987,-0.208776774262406,-0.17017887520411626,-0.1148352567598838,-0.10495149082962303,SSP1,Lower CI,Eastern Europe,missing,RootTuber,Roots and Tubers,missing,missing,missing,missing,missing,missing,missing,%,Eastern EuropeRoots and Tubers
24131,5.3952,5.67813,5.48538,5.13595,4.90152,,,,0.03099015869368077,-0.056755081993783874,-0.10903272480310636,-0.07543453237308882,-0.07723535164483303,SSP1,Median,Eastern Europe,missing,RootTuber,Roots and Tubers,missing,missing,missing,missing,missing,missing,missing,%,Eastern EuropeRoots and Tubers
24133,5.3952,5.67813,5.48538,5.13595,4.90152,,,,0.25091865859250884,0.2584722775146653,-0.018846769117942946,-0.03151214742007079,-0.04686625301296325,SSP1,Upper CI,Eastern Europe,missing,RootTuber,Roots and Tubers,missing,missing,missing,missing,missing,missing,missing,%,Eastern EuropeRoots and Tubers
24171,2.6157,1.95545,5.29736,7.32877,7.74112,,,,-0.2334639311584149,-0.19626661211364294,-0.1336798600269989,-0.12860380813700856,-0.12104364489368465,SSP1,Lower CI,Eastern Europe,missing,SugarCrop,Sugar Crops,missing,missing,missing,missing,missing,missing,missing,%,Eastern EuropeSugar Crops
24173,2.6157,1.95545,5.29736,7.32877,7.74112,,,,-0.09225459157715207,-0.11118422187775234,-0.08832499293795194,-0.09579160372035668,-0.09618559258515508,SSP1,Median,Eastern Europe,missing,SugarCrop,Sugar Crops,missing,missing,missing,missing,missing,missing,missing,%,Eastern EuropeSugar Crops
24175,2.6157,1.95545,5.29736,7.32877,7.74112,,,,0.155002983143746,0.02460635454912545,-0.06740480490645381,-0.08498948028836804,-0.08469316926836289,SSP1,Upper CI,Eastern Europe,missing,SugarCrop,Sugar Crops,missing,missing,missing,missing,missing,missing,missing,%,Eastern EuropeSugar Crops
24213,29.0128,30.6909,17.9106,18.1497,17.3414,,,,-0.09787204506295408,-0.11693999871966165,0.012631080406864975,0.030154722607390355,0.03667643789007977,SSP1,Lower CI,Eastern Europe,missing,Wheat,Wheat,missing,missing,missing,missing,missing,missing,missing,%,Eastern EuropeWheat
24215,29.0128,30.6909,17.9106,18.1497,17.3414,,,,-0.0033508919849995246,0.042826847993513203,0.05982479837743156,0.04336290308492189,0.04478620247321753,SSP1,Median,Eastern Europe,missing,Wheat,Wheat,missing,missing,missing,missing,missing,missing,missing,%,Eastern EuropeWheat
24217,29.0128,30.6909,17.9106,18.1497,17.3414,,,,0.029896807653038537,0.07678407242895866,0.08722685372689239,0.06198661115557001,0.05497347154217163,SSP1,Upper CI,Eastern Europe,missing,Wheat,Wheat,missing,missing,missing,missing,missing,missing,missing,%,Eastern EuropeWheat
25137,5.3683,7.21203,6.3546,7.35486,7.46737,,,,0.1416260921087568,-0.08370226759148156,0.07110727391761187,0.16181052222765632,0.188653077166803,SSP1,Lower CI,Other Europe,missing,Corn,Corn,missing,missing,missing,missing,missing,missing,missing,%,Other EuropeCorn
25139,5.3683,7.21203,6.3546,7.35486,7.46737,,,,0.22272502006325534,0.1742192374093342,0.14900569458751572,0.19910039848311217,0.1988486812519019,SSP1,Median,Other Europe,missing,Corn,Corn,missing,missing,missing,missing,missing,missing,missing,%,Other EuropeCorn
25141,5.3683,7.21203,6.3546,7.35486,7.46737,,,,0.40692803053968196,0.46051446754530556,0.24633141338058154,0.22700612398523054,0.21373107635475777,SSP1,Upper CI,Other Europe,missing,Corn,Corn,missing,missing,missing,missing,missing,missing,missing,%,Other EuropeCorn
25179,3.531,4.5131,5.28108,5.56357,6.05353,,,,-0.060532439689120365,-0.2080210304341935,-0.06908796912938794,-0.05926831817624551,-0.06065446074348337,SSP1,Lower CI,Other Europe,missing,FruitsVeg,Fruits,missing,missing,missing,missing,missing,missing,missing,%,Other EuropeFruits
25181,3.531,4.5131,5.28108,5.56357,6.05353,,,,0.0026357371348309363,-0.03644617748078132,-0.04382517092036682,-0.042905964514815625,-0.04953076059473134,SSP1,Median,Other Europe,missing,FruitsVeg,Fruits,missing,missing,missing,missing,missing,missing,missing,%,Other EuropeFruits
25183,3.531,4.5131,5.28108,5.56357,6.05353,,,,0.05729424835205807,0.07301245345507322,-0.025700237979636865,-0.020220626609099908,-0.03561070567292599,SSP1,Upper CI,Other Europe,missing,FruitsVeg,Fruits,missing,missing,missing,missing,missing,missing,missing,%,Other EuropeFruits
25221,3.11786,4.67609,4.8479,5.20955,5.66842,,,,-0.006135463784938219,-0.1542400170726743,-0.014954413628748942,-0.00806869705607462,-0.013584969734479249,SSP1,Lower CI,Other Europe,missing,FruitsVeg,Vegetables,missing,missing,missing,missing,missing,missing,missing,%,Other EuropeVegetables
25223,3.11786,4.67609,4.8479,5.20955,5.66842,,,,0.05658895225146242,0.017486720782322877,0.010733370845568808,0.008504723330661212,-0.0021224437536176556,SSP1,Median,Other Europe,missing,FruitsVeg,Vegetables,missing,missing,missing,missing,missing,missing,missing,%,Other EuropeVegetables
25225,3.11786,4.67609,4.8479,5.20955,5.66842,,,,0.11585448421280066,0.1276274138820627,0.02971279854141217,0.03217007583686715,0.013138139470564704,SSP1,Upper CI,Other Europe,missing,FruitsVeg,Vegetables,missing,missing,missing,missing,missing,missing,missing,%,Other EuropeVegetables
25263,0.44631,0.90328,1.06089,1.30524,1.42392,,,,0.02939506162662868,-0.08604051862868049,0.04183629935799944,0.04724218261089701,0.04137974929556001,SSP1,Lower CI,Other Europe,missing,MiscCrop,Other Crops,missing,missing,missing,missing,missing,missing,missing,%,Other EuropeOther Crops
25265,0.44631,0.90328,1.06089,1.30524,1.42392,,,,0.1067134432846742,0.07425514098965048,0.06491018638215142,0.06323377193506396,0.04891672852704721,SSP1,Median,Other Europe,missing,MiscCrop,Other Crops,missing,missing,missing,missing,missing,missing,missing,%,Other EuropeOther Crops
25267,0.44631,0.90328,1.06089,1.30524,1.42392,,,,0.16375866518631976,0.1744962778221965,0.08322361970268678,0.08382922360187882,0.06193503896869069,SSP1,Upper CI,Other Europe,missing,MiscCrop,Other Crops,missing,missing,missing,missing,missing,missing,missing,%,Other EuropeOther Crops
25305,0.861908,1.26797,1.06529,1.25556,1.36311,,,,-4.032639083776248,-3.259711551459751,-2.7898772522786492,-2.766104524439201,-2.7251807184652055,SSP1,Lower CI,Other Europe,missing,Oil,Fiber Crops,missing,missing,missing,missing,missing,missing,missing,%,Other EuropeFiber Crops
25307,0.861908,1.26797,1.06529,1.25556,1.36311,,,,-3.572391903180497,-3.116372876661479,-2.723667892121752,-2.738155732233508,-2.7095759709871365,SSP1,Median,Other Europe,missing,Oil,Fiber Crops,missing,missing,missing,missing,missing,missing,missing,%,Other EuropeFiber Crops
25309,0.861908,1.26797,1.06529,1.25556,1.36311,,,,-3.463208870492104,-3.0436909604183757,-2.562106788096826,-2.7251865797103,-2.692341735924627,SSP1,Upper CI,Other Europe,missing,Oil,Fiber Crops,missing,missing,missing,missing,missing,missing,missing,%,Other EuropeFiber Crops
25347,4.40851,5.83858,7.32108,7.62386,8.24483,,,,-0.5314082397674591,-0.659547718844901,-0.32371688467563503,-0.30845291032282574,-0.28827142379266457,SSP1,Lower CI,Other Europe,missing,Oil,Plant Oils,missing,missing,missing,missing,missing,missing,missing,%,Other EuropePlant Oils
25349,4.40851,5.83858,7.32108,7.62386,8.24483,,,,-0.28064963852470914,-0.22795069297057766,-0.22749670518917547,-0.2629328360087642,-0.25747117896984334,SSP1,Median,Other Europe,missing,Oil,Plant Oils,missing,missing,missing,missing,missing,missing,missing,%,Other EuropePlant Oils
25351,4.40851,5.83858,7.32108,7.62386,8.24483,,,,-0.07590820923447511,-0.10504080578012881,-0.14475278482109172,-0.17843492004270836,-0.2096488321948059,SSP1,Upper CI,Other Europe,missing,Oil,Plant Oils,missing,missing,missing,missing,missing,missing,missing,%,Other EuropePlant Oils
25389,0.351753,1.0148,2.64591,4.08567,4.42651,,,,-0.1769920404563316,-0.17945809067028323,-0.20584919798341184,-0.19496546427159814,-0.20842217761266701,SSP1,Lower CI,Other Europe,missing,Oil,Palm Oil,missing,missing,missing,missing,missing,missing,missing,%,Other EuropePalm Oil
25391,0.351753,1.0148,2.64591,4.08567,4.42651,,,,-0.13905510459537626,-0.14437578554402852,-0.16061391451424112,-0.1816178998952853,-0.1985687521399052,SSP1,Median,Other Europe,missing,Oil,Palm Oil,missing,missing,missing,missing,missing,missing,missing,%,Other EuropePalm Oil
25393,0.351753,1.0148,2.64591,4.08567,4.42651,,,,-0.08322683914777186,-0.05439933373082961,-0.09541755279401115,-0.15959180086546607,-0.18681837059562773,SSP1,Upper CI,Other Europe,missing,Oil,Palm Oil,missing,missing,missing,missing,missing,missing,missing,%,Other EuropePalm Oil
25431,1.65522,1.95352,0.958377,0.136679,0.148829,,,,-0.16957919199090973,-0.3408231706086925,-0.10477311907451545,-0.13421765813643383,-0.12896480304897287,SSP1,Lower CI,Other Europe,missing,Oil,Soybean,missing,missing,missing,missing,missing,missing,missing,%,Other EuropeSoybean
25433,1.65522,1.95352,0.958377,0.136679,0.148829,,,,-0.003637401004238092,-0.05323848177912709,-0.04510575583764514,-0.0873688435908466,-0.09964346022074012,SSP1,Median,Other Europe,missing,Oil,Soybean,missing,missing,missing,missing,missing,missing,missing,%,Other EuropeSoybean
25435,1.65522,1.95352,0.958377,0.136679,0.148829,,,,0.07708528074037463,0.2853078229421482,0.09161297292050524,0.018390074264822455,-0.02811239407978406,SSP1,Upper CI,Other Europe,missing,Oil,Soybean,missing,missing,missing,missing,missing,missing,missing,%,Other EuropeSoybean
25473,0.606078,0.653746,1.3931,1.88523,1.91985,,,,0.17865797010861495,-0.11236277262661214,0.030193744022407654,0.11128571712200422,0.13588668792544845,SSP1,Lower CI,Other Europe,missing,OtherGrain,Other Grains,missing,missing,missing,missing,missing,missing,missing,%,Other EuropeOther Grains
25475,0.606078,0.653746,1.3931,1.88523,1.91985,,,,0.20529736819366803,0.1773791137403741,0.1356886383194545,0.14959935295206062,0.14898005183150723,SSP1,Median,Other Europe,missing,OtherGrain,Other Grains,missing,missing,missing,missing,missing,missing,missing,%,Other EuropeOther Grains
25477,0.606078,0.653746,1.3931,1.88523,1.91985,,,,0.2669576581502873,0.36022320845548483,0.17248649616961925,0.1563105299393174,0.155603174252068,SSP1,Upper CI,Other Europe,missing,OtherGrain,Other Grains,missing,missing,missing,missing,missing,missing,missing,%,Other EuropeOther Grains
25515,1.11849,1.00638,1.69112,2.46549,2.61999,,,,-0.1167893821881039,-0.3825436346923351,-0.26824927866750037,-0.2855462665495557,-0.3240347177929872,SSP1,Lower CI,Other Europe,missing,Protein,Beef,missing,missing,missing,missing,missing,missing,missing,%,Other EuropeBeef
25517,1.11849,1.00638,1.69112,2.46549,2.61999,,,,-0.08383800575148094,-0.18504848389335313,-0.23078135674816946,-0.2675992529630964,-0.3081472315388072,SSP1,Median,Other Europe,missing,Protein,Beef,missing,missing,missing,missing,missing,missing,missing,%,Other EuropeBeef
25519,1.11849,1.00638,1.69112,2.46549,2.61999,,,,-0.013398090157696427,-0.0715961861959428,-0.20555006264422437,-0.22558643837784498,-0.2764343001391275,SSP1,Upper CI,Other Europe,missing,Protein,Beef,missing,missing,missing,missing,missing,missing,missing,%,Other EuropeBeef
25557,8.90109,10.2494,11.237,13.3565,14.1007,,,,0.828994640438025,0.6697892291612035,0.9264024128676365,1.0075968018572752,1.0705947814125234,SSP1,Lower CI,Other Europe,missing,Protein,Dairy,missing,missing,missing,missing,missing,missing,missing,%,Other EuropeDairy
25559,8.90109,10.2494,11.237,13.3565,14.1007,,,,0.8534741702644408,0.9149643768241096,0.9624280365798005,1.0235300958065285,1.084964438191245,SSP1,Median,Other Europe,missing,Protein,Dairy,missing,missing,missing,missing,missing,missing,missing,%,Other EuropeDairy
25561,8.90109,10.2494,11.237,13.3565,14.1007,,,,0.8990946361896514,0.9954969096044555,0.9728899052622906,1.0541583305831637,1.1085239528131812,SSP1,Upper CI,Other Europe,missing,Protein,Dairy,missing,missing,missing,missing,missing,missing,missing,%,Other EuropeDairy
25599,0.70809,1.22377,1.34648,1.30722,1.39292,,,,-0.20792408305577503,-0.5290985582464725,-0.30245496468187044,-0.30876816668634033,-0.3379190585292944,SSP1,Lower CI,Other Europe,missing,Protein,Fish,missing,missing,missing,missing,missing,missing,missing,%,Other EuropeFish
25601,0.70809,1.22377,1.34648,1.30722,1.39292,,,,-0.11783889079589134,-0.21970763517686992,-0.2591236973995617,-0.2824253337212457,-0.3211763868200742,SSP1,Median,Other Europe,missing,Protein,Fish,missing,missing,missing,missing,missing,missing,missing,%,Other EuropeFish
25603,0.70809,1.22377,1.34648,1.30722,1.39292,,,,-0.012284500516468719,-0.03477537249648899,-0.2223925918703848,-0.2362631790914895,-0.28906642387542736,SSP1,Upper CI,Other Europe,missing,Protein,Fish,missing,missing,missing,missing,missing,missing,missing,%,Other EuropeFish
25641,2.13286,1.89007,1.5395,1.64059,1.74621,,,,0.19989034171693476,-0.05674303513796494,0.1984132282846472,0.2209017057398323,0.20981789433809844,SSP1,Lower CI,Other Europe,missing,Protein,Pork,missing,missing,missing,missing,missing,missing,missing,%,Other EuropePork
25643,2.13286,1.89007,1.5395,1.64059,1.74621,,,,0.25594055584690945,0.2151301326738884,0.24028260096816242,0.25215707144153915,0.2296083279629878,SSP1,Median,Other Europe,missing,Protein,Pork,missing,missing,missing,missing,missing,missing,missing,%,Other EuropePork
25645,2.13286,1.89007,1.5395,1.64059,1.74621,,,,0.33714141817997056,0.39060064669320116,0.2773624660399868,0.29679309178981733,0.27127951145088686,SSP1,Upper CI,Other Europe,missing,Protein,Pork,missing,missing,missing,missing,missing,missing,missing,%,Other EuropePork
25683,1.53034,2.55086,2.99349,3.56191,3.79615,,,,0.06667581073867965,-0.17891598951689755,-0.07719644211093303,-0.0812700234262688,-0.10269044000514677,SSP1,Lower CI,Other Europe,missing,Protein,Poultry,missing,missing,missing,missing,missing,missing,missing,%,Other EuropePoultry
25685,1.53034,2.55086,2.99349,3.56191,3.79615,,,,0.10824954411227868,0.017866465157693467,-0.04695230377085372,-0.06065775612127143,-0.08251004559806557,SSP1,Median,Other Europe,missing,Protein,Poultry,missing,missing,missing,missing,missing,missing,missing,%,Other EuropePoultry
25687,1.53034,2.55086,2.99349,3.56191,3.79615,,,,0.1827471019624365,0.11595796943741218,-0.011077331409546906,-0.017672952944231386,-0.04722594474254944,SSP1,Upper CI,Other Europe,missing,Protein,Poultry,missing,missing,missing,missing,missing,missing,missing,%,Other EuropePoultry
25725,0.565745,0.252378,0.472427,1.02652,1.08821,,,,0.03627064775031591,-0.217971498270716,-0.032080147433213524,-0.037259850887596355,-0.060436548097202974,SSP1,Lower CI,Other Europe,missing,Protein,Sheep and Goat,missing,missing,missing,missing,missing,missing,missing,%,Other EuropeSheep and Goat
25727,0.565745,0.252378,0.472427,1.02652,1.08821,,,,0.1079824501316786,0.04525109875836977,-0.0008293730081106469,-0.013469939850820246,-0.03871067307450225,SSP1,Median,Other Europe,missing,Protein,Sheep and Goat,missing,missing,missing,missing,missing,missing,missing,%,Other EuropeSheep and Goat
25729,0.565745,0.252378,0.472427,1.02652,1.08821,,,,0.18016527737730995,0.20864702943564023,0.06874716463365632,0.06038915549987692,0.029015253227381212,SSP1,Upper CI,Other Europe,missing,Protein,Sheep and Goat,missing,missing,missing,missing,missing,missing,missing,%,Other EuropeSheep and Goat
25767,3.27637,3.22823,3.48752,3.80893,4.55051,,,,-0.02540936964544531,-0.05060153588885377,0.09000833589356227,0.07467331337152813,0.07985139592637752,SSP1,Lower CI,Other Europe,missing,Protein,Legumes,missing,missing,missing,missing,missing,missing,missing,%,Other EuropeLegumes
25769,3.27637,3.22823,3.48752,3.80893,4.55051,,,,0.04306432098281446,0.15155509276980478,0.14094931808286218,0.1376297745302141,0.12665701540208543,SSP1,Median,Other Europe,missing,Protein,Legumes,missing,missing,missing,missing,missing,missing,missing,%,Other EuropeLegumes
25771,3.27637,3.22823,3.48752,3.80893,4.55051,,,,0.15365172492538415,0.528623949479562,0.2318037724279755,0.17339621921039985,0.17015461627213424,SSP1,Upper CI,Other Europe,missing,Protein,Legumes,missing,missing,missing,missing,missing,missing,missing,%,Other EuropeLegumes
25809,1.40807,2.00704,2.41109,2.52476,2.97403,,,,-0.37855150358400586,-0.4208375280472787,0.03645953023625287,-0.12630259299493388,-0.07026696135779475,SSP1,Lower CI,Other Europe,missing,Protein,Nuts and Seeds,missing,missing,missing,missing,missing,missing,missing,%,Other EuropeNuts and Seeds
25811,1.40807,2.00704,2.41109,2.52476,2.97403,,,,0.00790327950732291,0.14292811574426123,0.13243552720789686,0.07707347182849193,0.044777083076860305,SSP1,Median,Other Europe,missing,Protein,Nuts and Seeds,missing,missing,missing,missing,missing,missing,missing,%,Other EuropeNuts and Seeds
25813,1.40807,2.00704,2.41109,2.52476,2.97403,,,,0.23126824476538438,1.7923474051211004,0.3097549946228995,0.14668442840221355,0.10398816980705641,SSP1,Upper CI,Other Europe,missing,Protein,Nuts and Seeds,missing,missing,missing,missing,missing,missing,missing,%,Other EuropeNuts and Seeds
25851,1.51528,2.63111,2.75095,2.84653,2.89579,,,,-2.3192336508719404,-2.6203919212204694,-2.19479073664054,-1.9687670288290258,-1.949105267766531,SSP1,Lower CI,Other Europe,missing,Rice,Rice,missing,missing,missing,missing,missing,missing,missing,%,Other EuropeRice
25853,1.51528,2.63111,2.75095,2.84653,2.89579,,,,-1.9955564133830372,-1.9833345532015525,-1.971266221477524,-1.9345247604645899,-1.9300600363800082,SSP1,Median,Other Europe,missing,Rice,Rice,missing,missing,missing,missing,missing,missing,missing,%,Other EuropeRice
25855,1.51528,2.63111,2.75095,2.84653,2.89579,,,,-1.7212622691088932,-0.4030914198823352,-1.4354056315754884,-1.9045630905901836,-1.9118568985112687,SSP1,Upper CI,Other Europe,missing,Rice,Rice,missing,missing,missing,missing,missing,missing,missing,%,Other EuropeRice
25893,3.1581,3.4314,3.25513,3.36922,3.43408,,,,-0.21876059876605108,-0.4849508508672593,-0.20830990114237502,-0.11169919401493297,-0.08407093248717559,SSP1,Lower CI,Other Europe,missing,RootTuber,Roots and Tubers,missing,missing,missing,missing,missing,missing,missing,%,Other EuropeRoots and Tubers
25895,3.1581,3.4314,3.25513,3.36922,3.43408,,,,0.019791342141659608,-0.11909948006146119,-0.11969017002587051,-0.041867339955096075,-0.04529331702106898,SSP1,Median,Other Europe,missing,RootTuber,Roots and Tubers,missing,missing,missing,missing,missing,missing,missing,%,Other EuropeRoots and Tubers
25897,3.1581,3.4314,3.25513,3.36922,3.43408,,,,0.33678162272105056,0.29405220681624833,0.03111445393866813,0.012159783232412721,-0.014348380438307558,SSP1,Upper CI,Other Europe,missing,RootTuber,Roots and Tubers,missing,missing,missing,missing,missing,missing,missing,%,Other EuropeRoots and Tubers
25935,1.66787,1.78151,7.0379,10.6807,11.5722,,,,-0.22552880880138643,-0.33774499246690065,-0.14816036322604922,-0.10447697622924963,-0.05559888797409407,SSP1,Lower CI,Other Europe,missing,SugarCrop,Sugar Crops,missing,missing,missing,missing,missing,missing,missing,%,Other EuropeSugar Crops
25937,1.66787,1.78151,7.0379,10.6807,11.5722,,,,-0.15657007955022526,-0.13872599846713615,-0.11984012458210756,-0.07636527353541263,-0.03583575472812952,SSP1,Median,Other Europe,missing,SugarCrop,Sugar Crops,missing,missing,missing,missing,missing,missing,missing,%,Other EuropeSugar Crops
25939,1.66787,1.78151,7.0379,10.6807,11.5722,,,,-0.018046544658752342,0.30575535803776505,-0.09768863729027427,-0.06433047053324391,-0.02197094666229492,SSP1,Upper CI,Other Europe,missing,SugarCrop,Sugar Crops,missing,missing,missing,missing,missing,missing,missing,%,Other EuropeSugar Crops
25977,52.7436,50.8806,46.6117,43.7813,44.8659,,,,0.009431009609697463,-0.036364479152064325,0.060658507412176384,0.08097107404222124,0.08641446777415508,SSP1,Lower CI,Other Europe,missing,Wheat,Wheat,missing,missing,missing,missing,missing,missing,missing,%,Other EuropeWheat
25979,52.7436,50.8806,46.6117,43.7813,44.8659,,,,0.08180037700405408,0.10307426457351866,0.10765514159308512,0.09195141807400936,0.09260100245547964,SSP1,Median,Other Europe,missing,Wheat,Wheat,missing,missing,missing,missing,missing,missing,missing,%,Other EuropeWheat
25981,52.7436,50.8806,46.6117,43.7813,44.8659,,,,0.13317807734179504,0.1781593111642626,0.13035571013446343,0.10556943062126818,0.09675875667505048,SSP1,Upper CI,Other Europe,missing,Wheat,Wheat,missing,missing,missing,missing,missing,missing,missing,%,Other EuropeWheat
26901,0.0854813,0.0842243,0.0450038,0.0164406,0.0169535,,,,0.02309574879387402,-0.6539733542944802,-0.009551004932932504,0.0635228226326486,0.09368625465473684,SSP1,Lower CI,European Free Trade Association,missing,Corn,Corn,missing,missing,missing,missing,missing,missing,missing,%,European Free Trade AssociationCorn
26903,0.0854813,0.0842243,0.0450038,0.0164406,0.0169535,,,,0.10825425765549652,0.10110047871076258,0.08345143274752855,0.1099632491246342,0.11601365754277237,SSP1,Median,European Free Trade Association,missing,Corn,Corn,missing,missing,missing,missing,missing,missing,missing,%,European Free Trade AssociationCorn
26905,0.0854813,0.0842243,0.0450038,0.0164406,0.0169535,,,,0.21783102012362499,0.7337079318377061,0.12322791768212926,0.1318827848838547,0.1238952006340977,SSP1,Upper CI,European Free Trade Association,missing,Corn,Corn,missing,missing,missing,missing,missing,missing,missing,%,European Free Trade AssociationCorn
26943,0.505391,0.478052,0.579126,0.628573,0.665662,,,,-0.0001154883506905395,-0.24474123932814157,-0.007765801101061393,0.002768864568493552,0.006619018540857252,SSP1,Lower CI,European Free Trade Association,missing,FruitsVeg,Fruits,missing,missing,missing,missing,missing,missing,missing,%,European Free Trade AssociationFruits
26945,0.505391,0.478052,0.579126,0.628573,0.665662,,,,0.009541096787500912,0.014849607334808128,0.012341374767441876,0.013122171496646653,0.013881027422404737,SSP1,Median,European Free Trade Association,missing,FruitsVeg,Fruits,missing,missing,missing,missing,missing,missing,missing,%,European Free Trade AssociationFruits
26947,0.505391,0.478052,0.579126,0.628573,0.665662,,,,0.05159138715964556,0.1487850566782863,0.026217720100330348,0.031159580619195063,0.025605196536079664,SSP1,Upper CI,European Free Trade Association,missing,FruitsVeg,Fruits,missing,missing,missing,missing,missing,missing,missing,%,European Free Trade AssociationFruits
26985,0.217271,0.261917,0.316157,0.338206,0.358176,,,,-0.01669874669116321,-0.2573836730621211,-0.004636594022803165,0.012210669664756027,0.022271229689245886,SSP1,Lower CI,European Free Trade Association,missing,FruitsVeg,Vegetables,missing,missing,missing,missing,missing,missing,missing,%,European Free Trade AssociationVegetables
26987,0.217271,0.261917,0.316157,0.338206,0.358176,,,,-0.002765345883704762,0.004420650538517018,0.01871885995336717,0.024432553934858752,0.03181774161250505,SSP1,Median,European Free Trade Association,missing,FruitsVeg,Vegetables,missing,missing,missing,missing,missing,missing,missing,%,European Free Trade AssociationVegetables
26989,0.217271,0.261917,0.316157,0.338206,0.358176,,,,0.029076961599164036,0.13398858103044126,0.027161920713099606,0.03991787530727424,0.04190850437913059,SSP1,Upper CI,European Free Trade Association,missing,FruitsVeg,Vegetables,missing,missing,missing,missing,missing,missing,missing,%,European Free Trade AssociationVegetables
27027,0.273464,0.297723,0.337453,0.341176,0.364059,,,,-0.1281066397976884,-0.3660804475210833,-0.047632073674696046,0.04683447278397762,0.08318894819018884,SSP1,Lower CI,European Free Trade Association,missing,MiscCrop,Other Crops,missing,missing,missing,missing,missing,missing,missing,%,European Free Trade AssociationOther Crops
27029,0.273464,0.297723,0.337453,0.341176,0.364059,,,,-0.07937418864133239,-0.0025939378375792856,0.024940656824669675,0.09763723896323591,0.091035241508332,SSP1,Median,European Free Trade Association,missing,MiscCrop,Other Crops,missing,missing,missing,missing,missing,missing,missing,%,European Free Trade AssociationOther Crops
27031,0.273464,0.297723,0.337453,0.341176,0.364059,,,,0.03732885424928678,0.07060210628956842,0.053670337958556885,0.11281660530029633,0.11279579797702315,SSP1,Upper CI,European Free Trade Association,missing,MiscCrop,Other Crops,missing,missing,missing,missing,missing,missing,missing,%,European Free Trade AssociationOther Crops
27069,0.0,0.0,7.5e-06,0.0001562,0.000165251,,,,-0.7084845544674381,-0.35752218738481334,-0.2819500972797578,-0.17604594405059976,-0.13219616089556793,SSP1,Lower CI,European Free Trade Association,missing,Oil,Fiber Crops,missing,missing,missing,missing,missing,missing,missing,%,European Free Trade AssociationFiber Crops
27071,0.0,0.0,7.5e-06,0.0001562,0.000165251,,,,-0.4351436968813911,-0.2996803409696319,-0.1888574126534527,-0.14631222676633374,-0.11058310170657147,SSP1,Median,European Free Trade Association,missing,Oil,Fiber Crops,missing,missing,missing,missing,missing,missing,missing,%,European Free Trade AssociationFiber Crops
27073,0.0,0.0,7.5e-06,0.0001562,0.000165251,,,,-0.31838352630376154,-0.19325539589144927,-0.15266684701882965,-0.1341600991917702,-0.09422841394601278,SSP1,Upper CI,European Free Trade Association,missing,Oil,Fiber Crops,missing,missing,missing,missing,missing,missing,missing,%,European Free Trade AssociationFiber Crops
27111,0.49876,0.855254,1.04805,1.13083,1.18897,,,,-0.46282054568021797,-0.6551775402291893,-0.35493654960993903,-0.35802454458516664,-0.32928977671588777,SSP1,Lower CI,European Free Trade Association,missing,Oil,Plant Oils,missing,missing,missing,missing,missing,missing,missing,%,European Free Trade AssociationPlant Oils
27113,0.49876,0.855254,1.04805,1.13083,1.18897,,,,-0.2866283833860727,-0.291389292686586,-0.27944649761784807,-0.3093671730182754,-0.28913127461909227,SSP1,Median,European Free Trade Association,missing,Oil,Plant Oils,missing,missing,missing,missing,missing,missing,missing,%,European Free Trade AssociationPlant Oils
27115,0.49876,0.855254,1.04805,1.13083,1.18897,,,,-0.22346159537769023,-0.17211854334946214,-0.17359214028187453,-0.21587587088212098,-0.2396033597519169,SSP1,Upper CI,European Free Trade Association,missing,Oil,Plant Oils,missing,missing,missing,missing,missing,missing,missing,%,European Free Trade AssociationPlant Oils
27153,0.0228841,0.0666181,0.0300036,1.92e-05,2.02236e-05,,,,-0.04918926126305387,-0.13675856242305984,-0.017545106086757863,-0.013748607776493334,-0.019446790607806942,SSP1,Lower CI,European Free Trade Association,missing,Oil,Palm Oil,missing,missing,missing,missing,missing,missing,missing,%,European Free Trade AssociationPalm Oil
27155,0.0228841,0.0666181,0.0300036,1.92e-05,2.02236e-05,,,,-0.04136957632686285,-0.00038903845254832306,0.0007477585936172768,-0.0021665890305522548,-0.004545311511174342,SSP1,Median,European Free Trade Association,missing,Oil,Palm Oil,missing,missing,missing,missing,missing,missing,missing,%,European Free Trade AssociationPalm Oil
27157,0.0228841,0.0666181,0.0300036,1.92e-05,2.02236e-05,,,,-0.013270687308872344,0.0758092048552367,0.03368094942267628,0.0190700545182281,0.008699981204864097,SSP1,Upper CI,European Free Trade Association,missing,Oil,Palm Oil,missing,missing,missing,missing,missing,missing,missing,%,European Free Trade AssociationPalm Oil
27195,0.360955,0.277256,0.202388,0.104144,0.110329,,,,-0.021671514704675973,-0.13900536471192612,0.07856012639535064,0.057721740529397145,0.0813658343335364,SSP1,Lower CI,European Free Trade Association,missing,Oil,Soybean,missing,missing,missing,missing,missing,missing,missing,%,European Free Trade AssociationSoybean
27197,0.360955,0.277256,0.202388,0.104144,0.110329,,,,0.04937981135460622,0.11452360609154424,0.13415499949856577,0.108921224966541,0.11646917500794142,SSP1,Median,European Free Trade Association,missing,Oil,Soybean,missing,missing,missing,missing,missing,missing,missing,%,European Free Trade AssociationSoybean
27199,0.360955,0.277256,0.202388,0.104144,0.110329,,,,0.17645025113547713,0.47281275636622444,0.2992270634380472,0.22911539246299184,0.1948082732580913,SSP1,Upper CI,European Free Trade Association,missing,Oil,Soybean,missing,missing,missing,missing,missing,missing,missing,%,European Free Trade AssociationSoybean
27237,0.383714,0.352991,0.559077,0.708835,0.732731,,,,-0.010249347996868274,-0.7528656248934198,-0.0015353438781912782,0.08791570874933086,0.11484604233237584,SSP1,Lower CI,European Free Trade Association,missing,OtherGrain,Other Grains,missing,missing,missing,missing,missing,missing,missing,%,European Free Trade AssociationOther Grains
27239,0.383714,0.352991,0.559077,0.708835,0.732731,,,,0.07236254452189592,0.11995798316873862,0.11372720323995165,0.12649476028743936,0.12525274408248496,SSP1,Median,European Free Trade Association,missing,OtherGrain,Other Grains,missing,missing,missing,missing,missing,missing,missing,%,European Free Trade AssociationOther Grains
27241,0.383714,0.352991,0.559077,0.708835,0.732731,,,,0.16435031490229632,0.33967442055069297,0.11635193401233757,0.1315871564475093,0.13062100196319085,SSP1,Upper CI,European Free Trade Association,missing,OtherGrain,Other Grains,missing,missing,missing,missing,missing,missing,missing,%,European Free Trade AssociationOther Grains
27279,0.424621,0.415083,0.408443,0.396545,0.417805,,,,0.03243241084368974,-0.08318057832198326,-0.0707888987652829,-0.09298944446364352,-0.12946740656076336,SSP1,Lower CI,European Free Trade Association,missing,Protein,Beef,missing,missing,missing,missing,missing,missing,missing,%,European Free Trade AssociationBeef
27281,0.424621,0.415083,0.408443,0.396545,0.417805,,,,0.04827360513921162,-0.011053985921871155,-0.04576357748137732,-0.071081978609602,-0.10853538916565866,SSP1,Median,European Free Trade Association,missing,Protein,Beef,missing,missing,missing,missing,missing,missing,missing,%,European Free Trade AssociationBeef
27283,0.424621,0.415083,0.408443,0.396545,0.417805,,,,0.077102697960273,0.029940444957916253,-0.03064909135523729,-0.054111691509434956,-0.09039444126737269,SSP1,Upper CI,European Free Trade Association,missing,Protein,Beef,missing,missing,missing,missing,missing,missing,missing,%,European Free Trade AssociationBeef
27321,4.01661,4.20049,3.20766,2.53579,2.67254,,,,0.011900777491614122,-0.23315081630516463,-0.020819351583029177,-0.013546586973778925,-0.016135472164613314,SSP1,Lower CI,European Free Trade Association,missing,Protein,Dairy,missing,missing,missing,missing,missing,missing,missing,%,European Free Trade AssociationDairy
27323,4.01661,4.20049,3.20766,2.53579,2.67254,,,,0.020107448549822594,0.018161839607888728,0.002633727437483154,0.0017012395883768301,-0.004135386944437148,SSP1,Median,European Free Trade Association,missing,Protein,Dairy,missing,missing,missing,missing,missing,missing,missing,%,European Free Trade AssociationDairy
27325,4.01661,4.20049,3.20766,2.53579,2.67254,,,,0.04761367960006262,0.12849826052013283,0.01305678650414924,0.016173062127766417,0.007980779312784271,SSP1,Upper CI,European Free Trade Association,missing,Protein,Dairy,missing,missing,missing,missing,missing,missing,missing,%,European Free Trade AssociationDairy
27363,0.474141,0.598135,0.606694,0.596701,0.629534,,,,-0.0036112177825939513,-0.30710761221910543,-0.039474732665088046,-0.025797379252455375,-0.028460673166438077,SSP1,Lower CI,European Free Trade Association,missing,Protein,Fish,missing,missing,missing,missing,missing,missing,missing,%,European Free Trade AssociationFish
27365,0.474141,0.598135,0.606694,0.596701,0.629534,,,,0.007983914010045758,-0.007561241894242349,-0.00879544410859874,-0.010080184265765136,-0.015051734210648642,SSP1,Median,European Free Trade Association,missing,Protein,Fish,missing,missing,missing,missing,missing,missing,missing,%,European Free Trade AssociationFish
27367,0.474141,0.598135,0.606694,0.596701,0.629534,,,,0.05889031764266192,0.14369934954174254,0.00793110138456414,0.012091865557770264,0.0012066558564214173,SSP1,Upper CI,European Free Trade Association,missing,Protein,Fish,missing,missing,missing,missing,missing,missing,missing,%,European Free Trade AssociationFish
27405,1.39708,1.42153,1.47756,1.46357,1.54443,,,,0.043457458118204846,-0.12588292901365736,0.027751814609580757,0.032128710915710776,0.030678866220946288,SSP1,Lower CI,European Free Trade Association,missing,Protein,Pork,missing,missing,missing,missing,missing,missing,missing,%,European Free Trade AssociationPork
27407,1.39708,1.42153,1.47756,1.46357,1.54443,,,,0.05736178744957971,0.05884680775076384,0.044758252881214836,0.046747173415119726,0.044961260195025214,SSP1,Median,European Free Trade Association,missing,Protein,Pork,missing,missing,missing,missing,missing,missing,missing,%,European Free Trade AssociationPork
27409,1.39708,1.42153,1.47756,1.46357,1.54443,,,,0.08023372775689266,0.146852528943728,0.059488399167172024,0.06490242864002622,0.06213313127858952,SSP1,Upper CI,European Free Trade Association,missing,Protein,Pork,missing,missing,missing,missing,missing,missing,missing,%,European Free Trade AssociationPork
27447,0.295663,0.393244,0.491284,0.53552,0.565662,,,,0.11202114298862666,-0.22979409047626925,-0.04556293636532502,-0.054675787496363315,-0.057732393392174314,SSP1,Lower CI,European Free Trade Association,missing,Protein,Poultry,missing,missing,missing,missing,missing,missing,missing,%,European Free Trade AssociationPoultry
27449,0.295663,0.393244,0.491284,0.53552,0.565662,,,,0.20307951788094977,0.10069691067844164,0.060903670557231546,0.04914859359970828,0.04493597978707512,SSP1,Median,European Free Trade Association,missing,Protein,Poultry,missing,missing,missing,missing,missing,missing,missing,%,European Free Trade AssociationPoultry
27451,0.295663,0.393244,0.491284,0.53552,0.565662,,,,0.2957402643844685,0.20756218203500693,0.12224842577487002,0.11810054441479492,0.10848585634587876,SSP1,Upper CI,European Free Trade Association,missing,Protein,Poultry,missing,missing,missing,missing,missing,missing,missing,%,European Free Trade AssociationPoultry
27489,0.0964966,0.103197,0.101388,0.107183,0.112602,,,,0.08650151071717903,-0.1398840475899385,0.04856477262442116,0.0506902465196422,0.04789595738173743,SSP1,Lower CI,European Free Trade Association,missing,Protein,Sheep and Goat,missing,missing,missing,missing,missing,missing,missing,%,European Free Trade AssociationSheep and Goat
27491,0.0964966,0.103197,0.101388,0.107183,0.112602,,,,0.09799923259063911,0.0822661185170855,0.07898053059402596,0.07115825801847034,0.06857701365081516,SSP1,Median,European Free Trade Association,missing,Protein,Sheep and Goat,missing,missing,missing,missing,missing,missing,missing,%,European Free Trade AssociationSheep and Goat
27493,0.0964966,0.103197,0.101388,0.107183,0.112602,,,,0.11552767646965821,0.20841487906256767,0.11897193559995425,0.11676213191451205,0.11119430423028506,SSP1,Upper CI,European Free Trade Association,missing,Protein,Sheep and Goat,missing,missing,missing,missing,missing,missing,missing,%,European Free Trade AssociationSheep and Goat
27531,0.0376007,0.0855485,0.183325,0.156377,0.174993,,,,-0.3649068992465053,-0.3168053102025815,-0.08534975333228795,0.016250859644883077,0.05681365082677717,SSP1,Lower CI,European Free Trade Association,missing,Protein,Legumes,missing,missing,missing,missing,missing,missing,missing,%,European Free Trade AssociationLegumes
27533,0.0376007,0.0855485,0.183325,0.156377,0.174993,,,,-0.24973680493127237,-0.07623799858811617,0.06366625595010017,0.09418683377732069,0.09900269872905133,SSP1,Median,European Free Trade Association,missing,Protein,Legumes,missing,missing,missing,missing,missing,missing,missing,%,European Free Trade AssociationLegumes
27535,0.0376007,0.0855485,0.183325,0.156377,0.174993,,,,-0.033608048562322496,0.06616666124952705,0.1136863363581272,0.13823727794950313,0.1468472281376798,SSP1,Upper CI,European Free Trade Association,missing,Protein,Legumes,missing,missing,missing,missing,missing,missing,missing,%,European Free Trade AssociationLegumes
27573,0.347402,0.352544,0.360465,0.387936,0.428617,,,,0.12766801752237242,0.2092912730694459,0.37927162503373735,0.33204725391214507,0.33294906634770405,SSP1,Lower CI,European Free Trade Association,missing,Protein,Nuts and Seeds,missing,missing,missing,missing,missing,missing,missing,%,European Free Trade AssociationNuts and Seeds
27575,0.347402,0.352544,0.360465,0.387936,0.428617,,,,0.3289283126076626,0.3594729006486302,0.436533351721543,0.4368052410343964,0.4221663237051517,SSP1,Median,European Free Trade Association,missing,Protein,Nuts and Seeds,missing,missing,missing,missing,missing,missing,missing,%,European Free Trade AssociationNuts and Seeds
27577,0.347402,0.352544,0.360465,0.387936,0.428617,,,,0.5129299506197113,1.072924922670491,0.6579726667344936,0.4954045523954258,0.4853695038136172,SSP1,Upper CI,European Free Trade Association,missing,Protein,Nuts and Seeds,missing,missing,missing,missing,missing,missing,missing,%,European Free Trade AssociationNuts and Seeds
27615,0.154941,0.235136,0.20956,0.165739,0.171291,,,,-1.8220275728534292,-2.4608964031083955,-1.7059478677612097,-1.2771476759539602,-1.2211804910325297,SSP1,Lower CI,European Free Trade Association,missing,Rice,Rice,missing,missing,missing,missing,missing,missing,missing,%,European Free Trade AssociationRice
27617,0.154941,0.235136,0.20956,0.165739,0.171291,,,,-1.5615139610933844,-1.3031901797159002,-1.2921526741469307,-1.2051821418118096,-1.1822418422315832,SSP1,Median,European Free Trade Association,missing,Rice,Rice,missing,missing,missing,missing,missing,missing,missing,%,European Free Trade AssociationRice
27619,0.154941,0.235136,0.20956,0.165739,0.171291,,,,-1.3702805391464132,-0.06848630753712626,-0.642657353072933,-1.122698582267181,-1.1574271927774413,SSP1,Upper CI,European Free Trade Association,missing,Rice,Rice,missing,missing,missing,missing,missing,missing,missing,%,European Free Trade AssociationRice
27657,0.437987,0.427851,0.430867,0.413564,0.427678,,,,-0.20008642610312882,-1.0346779389064469,-0.23606531969886135,-0.14490052832679867,-0.11960398069336142,SSP1,Lower CI,European Free Trade Association,missing,RootTuber,Roots and Tubers,missing,missing,missing,missing,missing,missing,missing,%,European Free Trade AssociationRoots and Tubers
27659,0.437987,0.427851,0.430867,0.413564,0.427678,,,,-0.037723161877093965,-0.09252414890300163,-0.14378296692737902,-0.09252453185156752,-0.08983033063338816,SSP1,Median,European Free Trade Association,missing,RootTuber,Roots and Tubers,missing,missing,missing,missing,missing,missing,missing,%,European Free Trade AssociationRoots and Tubers
27661,0.437987,0.427851,0.430867,0.413564,0.427678,,,,0.09695878137744918,0.2560331533331581,-0.07589740980106933,-0.050629438594533685,-0.060762924710310535,SSP1,Upper CI,European Free Trade Association,missing,RootTuber,Roots and Tubers,missing,missing,missing,missing,missing,missing,missing,%,European Free Trade AssociationRoots and Tubers
27699,0.300541,0.36721,1.33503,1.99105,2.09469,,,,-0.05150169893983293,-0.4182384074473699,-0.019462527539767106,-0.03620525702325097,-0.027945722025651484,SSP1,Lower CI,European Free Trade Association,missing,SugarCrop,Sugar Crops,missing,missing,missing,missing,missing,missing,missing,%,European Free Trade AssociationSugar Crops
27701,0.300541,0.36721,1.33503,1.99105,2.09469,,,,-0.020018761897679416,0.006788149143642593,-0.010530367018517343,-0.01263494782346135,-0.009519599853141745,SSP1,Median,European Free Trade Association,missing,SugarCrop,Sugar Crops,missing,missing,missing,missing,missing,missing,missing,%,European Free Trade AssociationSugar Crops
27703,0.300541,0.36721,1.33503,1.99105,2.09469,,,,0.019763269712700513,1.0826222195570447,0.016557598707066752,0.011157027127626631,0.022505950680999514,SSP1,Upper CI,European Free Trade Association,missing,SugarCrop,Sugar Crops,missing,missing,missing,missing,missing,missing,missing,%,European Free Trade AssociationSugar Crops
27741,3.40823,4.0385,3.6791,3.70285,3.84107,,,,0.024226309110879404,-0.05990186523549129,0.03516792824672248,0.03405658760161443,0.035552621081609656,SSP1,Lower CI,European Free Trade Association,missing,Wheat,Wheat,missing,missing,missing,missing,missing,missing,missing,%,European Free Trade AssociationWheat
27743,3.40823,4.0385,3.6791,3.70285,3.84107,,,,0.0406808151377708,0.057694415757496856,0.0475720129879692,0.040346311944670706,0.037803571059476966,SSP1,Median,European Free Trade Association,missing,Wheat,Wheat,missing,missing,missing,missing,missing,missing,missing,%,European Free Trade AssociationWheat
27745,3.40823,4.0385,3.6791,3.70285,3.84107,,,,0.09820357263706081,0.33589908048909495,0.08101691725704076,0.05143030775590674,0.042300913205552765,SSP1,Upper CI,European Free Trade Association,missing,Wheat,Wheat,missing,missing,missing,missing,missing,missing,missing,%,European Free Trade AssociationWheat
28665,21.8346,25.4021,25.0477,28.1743,28.2631,,,,1.4128266843025725,1.2868611274167632,1.2269927500774718,1.1795765451981153,1.121656398079684,SSP1,Lower CI,India,missing,Corn,Corn,missing,missing,missing,missing,missing,missing,missing,%,IndiaCorn
28667,21.8346,25.4021,25.0477,28.1743,28.2631,,,,1.4366849971148745,1.3336926207358633,1.2580956222820048,1.1991280348524886,1.1339287644817837,SSP1,Median,India,missing,Corn,Corn,missing,missing,missing,missing,missing,missing,missing,%,IndiaCorn
28669,21.8346,25.4021,25.0477,28.1743,28.2631,,,,1.444193539342287,1.3976743280716002,1.2914798229643072,1.2317807716251272,1.1620513313170102,SSP1,Upper CI,India,missing,Corn,Corn,missing,missing,missing,missing,missing,missing,missing,%,IndiaCorn
28707,10.9995,21.0649,28.7059,35.6243,43.0226,,,,-0.016676546071758,-0.18122082394186223,-0.20928510672081838,-0.22581738280595304,-0.23581312867636578,SSP1,Lower CI,India,missing,FruitsVeg,Fruits,missing,missing,missing,missing,missing,missing,missing,%,IndiaFruits
28709,10.9995,21.0649,28.7059,35.6243,43.0226,,,,0.031019227886135294,-0.08360236292585144,-0.18383550656707642,-0.21172836656285385,-0.23012957270493023,SSP1,Median,India,missing,FruitsVeg,Fruits,missing,missing,missing,missing,missing,missing,missing,%,IndiaFruits
28711,10.9995,21.0649,28.7059,35.6243,43.0226,,,,0.06745603010362552,0.015641357575603837,-0.15329093168101834,-0.17833788585738203,-0.209529151086561,SSP1,Upper CI,India,missing,FruitsVeg,Fruits,missing,missing,missing,missing,missing,missing,missing,%,IndiaFruits
28749,12.4208,19.671,25.0401,31.2554,37.7491,,,,-0.2509974064210916,-0.42281418194105846,-0.4452185189022271,-0.4631289836026362,-0.4733276418090581,SSP1,Lower CI,India,missing,FruitsVeg,Vegetables,missing,missing,missing,missing,missing,missing,missing,%,IndiaVegetables
28751,12.4208,19.671,25.0401,31.2554,37.7491,,,,-0.20382665127885952,-0.3273034662558212,-0.4209353137185939,-0.4496223779054237,-0.46777023247040006,SSP1,Median,India,missing,FruitsVeg,Vegetables,missing,missing,missing,missing,missing,missing,missing,%,IndiaVegetables
28753,12.4208,19.671,25.0401,31.2554,37.7491,,,,-0.16833787529802235,-0.22993610864768335,-0.3914582280530531,-0.417463814273635,-0.44764531232451116,SSP1,Upper CI,India,missing,FruitsVeg,Vegetables,missing,missing,missing,missing,missing,missing,missing,%,IndiaVegetables
28791,3.31473,5.87973,7.06487,8.85694,10.7048,,,,-0.12893132924244208,-0.2772962547330259,-0.29245765960898945,-0.30576704243192093,-0.31588692705035726,SSP1,Lower CI,India,missing,MiscCrop,Other Crops,missing,missing,missing,missing,missing,missing,missing,%,IndiaOther Crops
28793,3.31473,5.87973,7.06487,8.85694,10.7048,,,,-0.08946460475145744,-0.1912803883523051,-0.26972984743532297,-0.29257506373921915,-0.30939835669035787,SSP1,Median,India,missing,MiscCrop,Other Crops,missing,missing,missing,missing,missing,missing,missing,%,IndiaOther Crops
28795,3.31473,5.87973,7.06487,8.85694,10.7048,,,,-0.05627341284354811,-0.09918583605504844,-0.24488244764474848,-0.26495420729723546,-0.2929596567918993,SSP1,Upper CI,India,missing,MiscCrop,Other Crops,missing,missing,missing,missing,missing,missing,missing,%,IndiaOther Crops
28833,2.17569,2.79191,6.78909,8.89209,10.7036,,,,-0.950702657064012,-0.8325347154965657,-0.6831351205829576,-0.6039263733280151,-0.5284475230944979,SSP1,Lower CI,India,missing,Oil,Fiber Crops,missing,missing,missing,missing,missing,missing,missing,%,IndiaFiber Crops
28835,2.17569,2.79191,6.78909,8.89209,10.7036,,,,-0.9388407634603484,-0.8051609784934446,-0.6634866756155231,-0.5936509053687458,-0.5224178705438937,SSP1,Median,India,missing,Oil,Fiber Crops,missing,missing,missing,missing,missing,missing,missing,%,IndiaFiber Crops
28837,2.17569,2.79191,6.78909,8.89209,10.7036,,,,-0.9085219741137107,-0.7956134392857883,-0.6552317351133775,-0.5873106682333502,-0.5179131883363249,SSP1,Upper CI,India,missing,Oil,Fiber Crops,missing,missing,missing,missing,missing,missing,missing,%,IndiaFiber Crops
28875,33.0186,39.6111,45.2665,49.2337,59.0209,,,,-0.9774882885013285,-0.9252061637562566,-0.4888380022013607,-0.37866587130744195,-0.2909204127109782,SSP1,Lower CI,India,missing,Oil,Plant Oils,missing,missing,missing,missing,missing,missing,missing,%,IndiaPlant Oils
28877,33.0186,39.6111,45.2665,49.2337,59.0209,,,,-0.8473248037465178,-0.5905387190911789,-0.40784353758900244,-0.31951485881069985,-0.26018806277714746,SSP1,Median,India,missing,Oil,Plant Oils,missing,missing,missing,missing,missing,missing,missing,%,IndiaPlant Oils
28879,33.0186,39.6111,45.2665,49.2337,59.0209,,,,-0.7655798792057946,-0.4855754622502465,-0.33446729090765953,-0.2750354469736281,-0.2511831434575567,SSP1,Upper CI,India,missing,Oil,Plant Oils,missing,missing,missing,missing,missing,missing,missing,%,IndiaPlant Oils
28917,0.654581,4.09912,10.529,16.0594,19.4102,,,,-0.18322045032496656,-0.260593908661559,-0.34909002962800745,-0.36079186560834925,-0.365772336517135,SSP1,Lower CI,India,missing,Oil,Palm Oil,missing,missing,missing,missing,missing,missing,missing,%,IndiaPalm Oil
28919,0.654581,4.09912,10.529,16.0594,19.4102,,,,-0.14284580546856837,-0.20705340128130362,-0.2971170156605186,-0.3365951229714012,-0.3583362267905752,SSP1,Median,India,missing,Oil,Palm Oil,missing,missing,missing,missing,missing,missing,missing,%,IndiaPalm Oil
28921,0.654581,4.09912,10.529,16.0594,19.4102,,,,-0.12674067135903447,0.02412189638454028,-0.22873719496111972,-0.3020643195414617,-0.33902449344887237,SSP1,Upper CI,India,missing,Oil,Palm Oil,missing,missing,missing,missing,missing,missing,missing,%,IndiaPalm Oil
28959,3.74265,15.1534,15.6629,21.4716,25.9892,,,,-0.8091209941573213,-0.8042472655544073,-0.555758724214696,-0.5985927617003819,-0.5710922989398363,SSP1,Lower CI,India,missing,Oil,Soybean,missing,missing,missing,missing,missing,missing,missing,%,IndiaSoybean
28961,3.74265,15.1534,15.6629,21.4716,25.9892,,,,-0.6528020224023265,-0.4611841636950967,-0.4979503313776962,-0.5182640927984374,-0.5331767008193966,SSP1,Median,India,missing,Oil,Soybean,missing,missing,missing,missing,missing,missing,missing,%,IndiaSoybean
28963,3.74265,15.1534,15.6629,21.4716,25.9892,,,,-0.505084764659454,-0.17535867558043655,-0.38449324649267475,-0.46149675052705486,-0.5077003589458441,SSP1,Upper CI,India,missing,Oil,Soybean,missing,missing,missing,missing,missing,missing,missing,%,IndiaSoybean
29001,68.5274,56.4154,57.2827,49.7792,50.6956,,,,1.7101199413228556,1.6228185973980058,1.567126686287648,1.502645974014325,1.4394564656108244,SSP1,Lower CI,India,missing,OtherGrain,Other Grains,missing,missing,missing,missing,missing,missing,missing,%,IndiaOther Grains
29003,68.5274,56.4154,57.2827,49.7792,50.6956,,,,1.729058957777384,1.6711279937999421,1.5859046043964395,1.509722946335287,1.4429960479510715,SSP1,Median,India,missing,OtherGrain,Other Grains,missing,missing,missing,missing,missing,missing,missing,%,IndiaOther Grains
29005,68.5274,56.4154,57.2827,49.7792,50.6956,,,,1.7448107687797803,1.6926758043862167,1.6021743159717765,1.5170244082226554,1.4505726198733147,SSP1,Upper CI,India,missing,OtherGrain,Other Grains,missing,missing,missing,missing,missing,missing,missing,%,IndiaOther Grains
29043,3.45881,3.24132,3.00451,2.13532,2.37751,,,,-0.3547054417183537,-0.35843902953022405,-0.4449085672779498,-0.4878518854780353,-0.506613767547528,SSP1,Lower CI,India,missing,Protein,Beef,missing,missing,missing,missing,missing,missing,missing,%,IndiaBeef
29045,3.45881,3.24132,3.00451,2.13532,2.37751,,,,-0.28870336506235944,-0.2860075053953701,-0.4030159522713285,-0.4541948567757789,-0.47559822988256256,SSP1,Median,India,missing,Protein,Beef,missing,missing,missing,missing,missing,missing,missing,%,IndiaBeef
29047,3.45881,3.24132,3.00451,2.13532,2.37751,,,,-0.22585766630426976,-0.19521314230373582,-0.33686412460372206,-0.38398230500962977,-0.41420182669522676,SSP1,Upper CI,India,missing,Protein,Beef,missing,missing,missing,missing,missing,missing,missing,%,IndiaBeef
29085,37.7581,63.0838,81.7425,104.837,115.351,,,,1.8509161425145673,1.9053340929310174,2.029313859784334,2.160364219304577,2.309302384665203,SSP1,Lower CI,India,missing,Protein,Dairy,missing,missing,missing,missing,missing,missing,missing,%,IndiaDairy
29087,37.7581,63.0838,81.7425,104.837,115.351,,,,1.8943345069672108,1.9669877262723419,2.0732667943760554,2.186608717415952,2.3164953041426135,SSP1,Median,India,missing,Protein,Dairy,missing,missing,missing,missing,missing,missing,missing,%,IndiaDairy
29089,37.7581,63.0838,81.7425,104.837,115.351,,,,1.9614646836912712,2.0604089665245957,2.1059359465505003,2.2158018134218493,2.3326287689852925,SSP1,Upper CI,India,missing,Protein,Dairy,missing,missing,missing,missing,missing,missing,missing,%,IndiaDairy
29127,2.54405,4.52525,5.34475,6.29283,7.13208,,,,-0.6264898257969956,-1.0449346965260213,-1.1013418073980996,-1.2049093770594068,-1.3201672659033228,SSP1,Lower CI,India,missing,Protein,Fish,missing,missing,missing,missing,missing,missing,missing,%,IndiaFish
29129,2.54405,4.52525,5.34475,6.29283,7.13208,,,,-0.5635343453246475,-0.8043017899588389,-1.0543357552949622,-1.1730649500067323,-1.3177779189425574,SSP1,Median,India,missing,Protein,Fish,missing,missing,missing,missing,missing,missing,missing,%,IndiaFish
29131,2.54405,4.52525,5.34475,6.29283,7.13208,,,,-0.46579590588691466,-0.5986350395808941,-0.9856328461671624,-1.1103778939203577,-1.2738050125321678,SSP1,Upper CI,India,missing,Protein,Fish,missing,missing,missing,missing,missing,missing,missing,%,IndiaFish
29169,1.66788,1.72139,1.45219,1.50945,1.69984,,,,0.11430466930234187,-0.11954366963721733,-0.08424590544690672,-0.11697487339692292,-0.18524058036894836,SSP1,Lower CI,India,missing,Protein,Pork,missing,missing,missing,missing,missing,missing,missing,%,IndiaPork
29171,1.66788,1.72139,1.45219,1.50945,1.69984,,,,0.14797025907402014,0.07189988720895965,-0.023303849197401978,-0.09249617317853906,-0.1758660277140295,SSP1,Median,India,missing,Protein,Pork,missing,missing,missing,missing,missing,missing,missing,%,IndiaPork
29173,1.66788,1.72139,1.45219,1.50945,1.69984,,,,0.23017635711334974,0.22785243590093204,0.015672377904321765,-0.03198681741376631,-0.13051258846610514,SSP1,Upper CI,India,missing,Protein,Pork,missing,missing,missing,missing,missing,missing,missing,%,IndiaPork
29211,1.85231,4.76511,6.66834,9.28269,10.4716,,,,-0.5479818506676913,-0.5973016974412132,-0.6599833699983854,-0.7208968763284819,-0.7869245790022931,SSP1,Lower CI,India,missing,Protein,Poultry,missing,missing,missing,missing,missing,missing,missing,%,IndiaPoultry
29213,1.85231,4.76511,6.66834,9.28269,10.4716,,,,-0.31164720638434057,-0.38727683781212524,-0.556912131629074,-0.5992261062016256,-0.7111757471956689,SSP1,Median,India,missing,Protein,Poultry,missing,missing,missing,missing,missing,missing,missing,%,IndiaPoultry
29215,1.85231,4.76511,6.66834,9.28269,10.4716,,,,-0.15766493269997606,-0.1862801802301128,-0.3963008220080547,-0.43852149011969954,-0.5034018378359847,SSP1,Upper CI,India,missing,Protein,Poultry,missing,missing,missing,missing,missing,missing,missing,%,IndiaPoultry
29253,0.946453,1.15968,1.14185,1.27028,1.43707,,,,-0.2551638320551006,-0.562207710361101,-0.5827646733670598,-0.6613329413230418,-0.7655258443443151,SSP1,Lower CI,India,missing,Protein,Sheep and Goat,missing,missing,missing,missing,missing,missing,missing,%,IndiaSheep and Goat
29255,0.946453,1.15968,1.14185,1.27028,1.43707,,,,-0.14708552953222595,-0.340568393058611,-0.526922205666465,-0.6279557155727917,-0.7398341052658863,SSP1,Median,India,missing,Protein,Sheep and Goat,missing,missing,missing,missing,missing,missing,missing,%,IndiaSheep and Goat
29257,0.946453,1.15968,1.14185,1.27028,1.43707,,,,-0.08571964902357082,-0.11437217472224387,-0.44144569081378454,-0.5295064245158727,-0.6603665160394758,SSP1,Upper CI,India,missing,Protein,Sheep and Goat,missing,missing,missing,missing,missing,missing,missing,%,IndiaSheep and Goat
29295,39.0391,44.9212,55.4017,65.6781,90.0217,,,,-0.7182561079125238,-0.7310338356957841,-0.6623801945280334,-0.67841707650896,-0.674089961238407,SSP1,Lower CI,India,missing,Protein,Legumes,missing,missing,missing,missing,missing,missing,missing,%,IndiaLegumes
29297,39.0391,44.9212,55.4017,65.6781,90.0217,,,,-0.6872650126290116,-0.6299946865640893,-0.6469254151784911,-0.6523781664118753,-0.660011984902108,SSP1,Median,India,missing,Protein,Legumes,missing,missing,missing,missing,missing,missing,missing,%,IndiaLegumes
29299,39.0391,44.9212,55.4017,65.6781,90.0217,,,,-0.6621551582848615,-0.5151725211495563,-0.5999446832245259,-0.640863503250057,-0.6560091898578759,SSP1,Upper CI,India,missing,Protein,Legumes,missing,missing,missing,missing,missing,missing,missing,%,IndiaLegumes
29337,11.0012,13.4942,16.8768,21.8553,29.4689,,,,-1.8082003241598026,-1.6778925818563182,-1.4835918565863073,-1.528533680252017,-1.5220232755371257,SSP1,Lower CI,India,missing,Protein,Nuts and Seeds,missing,missing,missing,missing,missing,missing,missing,%,IndiaNuts and Seeds
29339,11.0012,13.4942,16.8768,21.8553,29.4689,,,,-1.5933505631285545,-1.4907159191847197,-1.4104075168082808,-1.430668699510954,-1.4475651706563446,SSP1,Median,India,missing,Protein,Nuts and Seeds,missing,missing,missing,missing,missing,missing,missing,%,IndiaNuts and Seeds
29341,11.0012,13.4942,16.8768,21.8553,29.4689,,,,-1.5205369300021403,-1.0901672950763062,-1.342559183484978,-1.3945170567204828,-1.4249734495799025,SSP1,Upper CI,India,missing,Protein,Nuts and Seeds,missing,missing,missing,missing,missing,missing,missing,%,IndiaNuts and Seeds
29379,272.649,323.077,330.19,325.303,330.344,,,,0.32431124282681967,0.27151083050193114,0.23095534289641373,0.19235044324077405,0.16413474961039734,SSP1,Lower CI,India,missing,Rice,Rice,missing,missing,missing,missing,missing,missing,missing,%,IndiaRice
29381,272.649,323.077,330.19,325.303,330.344,,,,0.33964760061623356,0.30792550103299954,0.2414089887388248,0.19667766038406595,0.16728413435301917,SSP1,Median,India,missing,Rice,Rice,missing,missing,missing,missing,missing,missing,missing,%,IndiaRice
29383,272.649,323.077,330.19,325.303,330.344,,,,0.362985681327438,0.3457723831967774,0.25593478359035576,0.20227890285778705,0.17007811098787953,SSP1,Upper CI,India,missing,Rice,Rice,missing,missing,missing,missing,missing,missing,missing,%,IndiaRice
29421,12.1192,19.5451,25.8201,27.2083,27.6042,,,,2.4404329271574183,2.1305827670765844,2.0013843047153306,1.926409514673549,1.8570255550179717,SSP1,Lower CI,India,missing,RootTuber,Roots and Tubers,missing,missing,missing,missing,missing,missing,missing,%,IndiaRoots and Tubers
29423,12.1192,19.5451,25.8201,27.2083,27.6042,,,,2.500338115117569,2.263934499925423,2.05685546110224,1.9488309834537991,1.8639667255939965,SSP1,Median,India,missing,RootTuber,Roots and Tubers,missing,missing,missing,missing,missing,missing,missing,%,IndiaRoots and Tubers
29425,12.1192,19.5451,25.8201,27.2083,27.6042,,,,2.5922761045525324,2.3953387622366997,2.1148906639676297,2.0052205798892877,1.9025604162314762,SSP1,Upper CI,India,missing,RootTuber,Roots and Tubers,missing,missing,missing,missing,missing,missing,missing,%,IndiaRoots and Tubers
29463,13.9633,18.2627,69.4112,107.188,128.491,,,,0.6654312565100201,0.7775976041562516,1.0334257243233334,1.184743481788292,1.288592628013221,SSP1,Lower CI,India,missing,SugarCrop,Sugar Crops,missing,missing,missing,missing,missing,missing,missing,%,IndiaSugar Crops
29465,13.9633,18.2627,69.4112,107.188,128.491,,,,0.680723137465781,0.823650350599657,1.0486801641113872,1.1946283971257414,1.296244971462299,SSP1,Median,India,missing,SugarCrop,Sugar Crops,missing,missing,missing,missing,missing,missing,missing,%,IndiaSugar Crops
29467,13.9633,18.2627,69.4112,107.188,128.491,,,,0.6958852703728596,0.8666697044475098,1.0564521383039043,1.2032598523071223,1.3046463729705708,SSP1,Upper CI,India,missing,SugarCrop,Sugar Crops,missing,missing,missing,missing,missing,missing,missing,%,IndiaSugar Crops
29505,165.027,228.655,236.02,256.729,260.884,,,,-1.2204427410137606,-1.1567080362517983,-0.982324745994497,-0.8837823755589507,-0.8121250186834521,SSP1,Lower CI,India,missing,Wheat,Wheat,missing,missing,missing,missing,missing,missing,missing,%,IndiaWheat
29507,165.027,228.655,236.02,256.729,260.884,,,,-1.1744619395453062,-1.0883186376115985,-0.9588227951201282,-0.8720541929693403,-0.8056117962295156,SSP1,Median,India,missing,Wheat,Wheat,missing,missing,missing,missing,missing,missing,missing,%,IndiaWheat
29509,165.027,228.655,236.02,256.729,260.884,,,,-1.152012281643979,-1.0229398022842882,-0.941807981702349,-0.8653476284435915,-0.8034995992943386,SSP1,Upper CI,India,missing,Wheat,Wheat,missing,missing,missing,missing,missing,missing,missing,%,IndiaWheat
30429,17.4843,20.887,19.5072,17.7562,17.9253,,,,0.6158134866502227,-2.8551057886451305,-1.785763408033673,0.046722028941749094,0.6308818564685427,SSP1,Lower CI,Indonesia,missing,Corn,Corn,missing,missing,missing,missing,missing,missing,missing,%,IndonesiaCorn
30431,17.4843,20.887,19.5072,17.7562,17.9253,,,,0.6397610019741893,0.6433561614980318,0.6421354295351348,0.6554528437111282,0.6480083856285872,SSP1,Median,Indonesia,missing,Corn,Corn,missing,missing,missing,missing,missing,missing,missing,%,IndonesiaCorn
30433,17.4843,20.887,19.5072,17.7562,17.9253,,,,0.6993000041291784,1.8906223975549532,1.4798569279580593,0.867944356919492,0.7064828970531477,SSP1,Upper CI,Indonesia,missing,Corn,Corn,missing,missing,missing,missing,missing,missing,missing,%,IndonesiaCorn
30471,2.42691,6.69871,7.62352,8.11728,9.93891,,,,0.030194386461590124,-0.9888232446063211,-0.002781635866425089,-0.02826755179893463,-0.01405977152259063,SSP1,Lower CI,Indonesia,missing,FruitsVeg,Fruits,missing,missing,missing,missing,missing,missing,missing,%,IndonesiaFruits
30473,2.42691,6.69871,7.62352,8.11728,9.93891,,,,0.04580287121874814,0.027042240935093085,0.021217007440721424,0.022283256349263512,0.02054326658205273,SSP1,Median,Indonesia,missing,FruitsVeg,Fruits,missing,missing,missing,missing,missing,missing,missing,%,IndonesiaFruits
30475,2.42691,6.69871,7.62352,8.11728,9.93891,,,,0.0672835189526792,0.41354095989721495,0.045550656128508026,0.14985721741092595,0.11082936936960305,SSP1,Upper CI,Indonesia,missing,FruitsVeg,Fruits,missing,missing,missing,missing,missing,missing,missing,%,IndonesiaFruits
30513,1.39545,2.71667,3.29521,3.7035,4.53834,,,,-0.002932707166499734,-1.033390686327084,-0.04296006383100833,-0.06731026677254971,-0.05120418650880267,SSP1,Lower CI,Indonesia,missing,FruitsVeg,Vegetables,missing,missing,missing,missing,missing,missing,missing,%,IndonesiaVegetables
30515,1.39545,2.71667,3.29521,3.7035,4.53834,,,,0.013485258512601126,-0.010502654509721113,-0.018452196989947676,-0.016556704256922523,-0.015063643726128804,SSP1,Median,Indonesia,missing,FruitsVeg,Vegetables,missing,missing,missing,missing,missing,missing,missing,%,IndonesiaVegetables
30517,1.39545,2.71667,3.29521,3.7035,4.53834,,,,0.03603121921648049,0.37760654834291546,0.0043454364326339645,0.11105959705490896,0.07475222344121829,SSP1,Upper CI,Indonesia,missing,FruitsVeg,Vegetables,missing,missing,missing,missing,missing,missing,missing,%,IndonesiaVegetables
30555,0.577124,2.04346,1.67594,1.75854,2.15782,,,,0.06971347242151751,-0.9582738107994851,0.029725107792223662,0.003422557329432571,0.017818236751087374,SSP1,Lower CI,Indonesia,missing,MiscCrop,Other Crops,missing,missing,missing,missing,missing,missing,missing,%,IndonesiaOther Crops
30557,0.577124,2.04346,1.67594,1.75854,2.15782,,,,0.07533544249254565,0.05609771980204501,0.05315675774945017,0.05453325332277559,0.052629104538587455,SSP1,Median,Indonesia,missing,MiscCrop,Other Crops,missing,missing,missing,missing,missing,missing,missing,%,IndonesiaOther Crops
30559,0.577124,2.04346,1.67594,1.75854,2.15782,,,,0.08733786330528648,0.4419052500269943,0.07755930739157701,0.18278916030959352,0.14224546840572305,SSP1,Upper CI,Indonesia,missing,MiscCrop,Other Crops,missing,missing,missing,missing,missing,missing,missing,%,IndonesiaOther Crops
30597,0.0015997,0.0,0.0,0.0,0.0,,,,,,,,,SSP1,Lower CI,Indonesia,missing,Oil,Fiber Crops,missing,missing,missing,missing,missing,missing,missing,%,IndonesiaFiber Crops
30599,0.0015997,0.0,0.0,0.0,0.0,,,,,,,,,SSP1,Median,Indonesia,missing,Oil,Fiber Crops,missing,missing,missing,missing,missing,missing,missing,%,IndonesiaFiber Crops
30601,0.0015997,0.0,0.0,0.0,0.0,,,,,,,,,SSP1,Upper CI,Indonesia,missing,Oil,Fiber Crops,missing,missing,missing,missing,missing,missing,missing,%,IndonesiaFiber Crops
30639,7.16642,9.56996,8.28388,8.72901,10.6026,,,,-0.08098322014903651,-0.6435563751956619,0.2008401351899321,0.22100689358389847,0.25804776949353325,SSP1,Lower CI,Indonesia,missing,Oil,Plant Oils,missing,missing,missing,missing,missing,missing,missing,%,IndonesiaPlant Oils
30641,7.16642,9.56996,8.28388,8.72901,10.6026,,,,0.04498425526074002,0.16292768432277546,0.28665787839762386,0.3058223099040506,0.30811841566698744,SSP1,Median,Indonesia,missing,Oil,Plant Oils,missing,missing,missing,missing,missing,missing,missing,%,IndonesiaPlant Oils
30643,7.16642,9.56996,8.28388,8.72901,10.6026,,,,0.13461524229412272,0.43843459826623943,0.4727584016630953,0.4808568454717942,0.3672684290860929,SSP1,Upper CI,Indonesia,missing,Oil,Plant Oils,missing,missing,missing,missing,missing,missing,missing,%,IndonesiaPlant Oils
30681,5.41732,8.77559,9.19309,14.0042,17.133,,,,0.04941938560611005,-0.8839403051249936,0.06108780409106607,0.028687578026747013,0.040262647376112355,SSP1,Lower CI,Indonesia,missing,Oil,Palm Oil,missing,missing,missing,missing,missing,missing,missing,%,IndonesiaPalm Oil
30683,5.41732,8.77559,9.19309,14.0042,17.133,,,,0.051612377287795795,0.07277091182983493,0.07446084807395499,0.06946440527250186,0.06730472714215396,SSP1,Median,Indonesia,missing,Oil,Palm Oil,missing,missing,missing,missing,missing,missing,missing,%,IndonesiaPalm Oil
30685,5.41732,8.77559,9.19309,14.0042,17.133,,,,0.06263380192661144,0.4244196583773071,0.12157270387634439,0.1987736800729349,0.14397097391774752,SSP1,Upper CI,Indonesia,missing,Oil,Palm Oil,missing,missing,missing,missing,missing,missing,missing,%,IndonesiaPalm Oil
30723,3.10123,3.35647,4.23506,5.25404,6.43647,,,,0.09310971830367615,-0.08219159705310464,0.1539133921016076,0.13032601531416393,0.14819330403653436,SSP1,Lower CI,Indonesia,missing,Oil,Soybean,missing,missing,missing,missing,missing,missing,missing,%,IndonesiaSoybean
30725,3.10123,3.35647,4.23506,5.25404,6.43647,,,,0.22319466948563957,0.18189300261816466,0.19586404206858032,0.16894486124293795,0.18228632486243312,SSP1,Median,Indonesia,missing,Oil,Soybean,missing,missing,missing,missing,missing,missing,missing,%,IndonesiaSoybean
30727,3.10123,3.35647,4.23506,5.25404,6.43647,,,,0.30884153686675003,0.9410118917678842,0.36350550406687876,0.3391628622451532,0.28569611922155946,SSP1,Upper CI,Indonesia,missing,Oil,Soybean,missing,missing,missing,missing,missing,missing,missing,%,IndonesiaSoybean
30765,0.007812,0.040796,0.177464,0.270199,0.278208,,,,-0.4172697055730777,-0.14650627127725646,0.22245918476319892,-0.039090182691285724,0.36688904181698423,SSP1,Lower CI,Indonesia,missing,OtherGrain,Other Grains,missing,missing,missing,missing,missing,missing,missing,%,IndonesiaOther Grains
30767,0.007812,0.040796,0.177464,0.270199,0.278208,,,,0.5503058854645637,0.7490942915715982,0.8263528392109422,0.861857644406582,0.8026956561142139,SSP1,Median,Indonesia,missing,OtherGrain,Other Grains,missing,missing,missing,missing,missing,missing,missing,%,IndonesiaOther Grains
30769,0.007812,0.040796,0.177464,0.270199,0.278208,,,,0.8605208838985343,2.384967834564243,3.15478231907844,3.2501130288869575,1.754125805828075,SSP1,Upper CI,Indonesia,missing,OtherGrain,Other Grains,missing,missing,missing,missing,missing,missing,missing,%,IndonesiaOther Grains
30807,0.254456,0.372792,0.572543,1.31439,1.53244,,,,-0.2705857023880646,-2.1822151797021343,-0.7879522461080837,-0.6200415898532423,-0.669688644938066,SSP1,Lower CI,Indonesia,missing,Protein,Beef,missing,missing,missing,missing,missing,missing,missing,%,IndonesiaBeef
30809,0.254456,0.372792,0.572543,1.31439,1.53244,,,,-0.25059676449861223,-0.3772796901594266,-0.5054353090807983,-0.5806877724727944,-0.645270715693885,SSP1,Median,Indonesia,missing,Protein,Beef,missing,missing,missing,missing,missing,missing,missing,%,IndonesiaBeef
30811,0.254456,0.372792,0.572543,1.31439,1.53244,,,,-0.22806082392087054,4.568505077671439,0.318208877657963,-0.4023531988222861,-0.5184782440821288,SSP1,Upper CI,Indonesia,missing,Protein,Beef,missing,missing,missing,missing,missing,missing,missing,%,IndonesiaBeef
30849,0.626226,1.67669,1.79978,2.01324,2.36323,,,,-0.038798351997703436,-1.325956244984583,-0.12262794196524607,-0.12386169063315745,-0.1121246664920589,SSP1,Lower CI,Indonesia,missing,Protein,Dairy,missing,missing,missing,missing,missing,missing,missing,%,IndonesiaDairy
30851,0.626226,1.67669,1.79978,2.01324,2.36323,,,,0.03140414498550903,-0.02069622021110277,-0.05801390189085463,-0.06778129007757941,-0.06528382354015859,SSP1,Median,Indonesia,missing,Protein,Dairy,missing,missing,missing,missing,missing,missing,missing,%,IndonesiaDairy
30853,0.626226,1.67669,1.79978,2.01324,2.36323,,,,0.11619846691149291,0.4401580199497372,-0.036284177229585914,0.07292366954840752,0.04526214451637181,SSP1,Upper CI,Indonesia,missing,Protein,Dairy,missing,missing,missing,missing,missing,missing,missing,%,IndonesiaDairy
30891,2.09502,3.87482,5.21714,7.6699,9.04507,,,,-0.0615339027857002,-1.605868322943024,-0.23094925463158195,-0.18286420494946642,-0.18079190698337808,SSP1,Lower CI,Indonesia,missing,Protein,Fish,missing,missing,missing,missing,missing,missing,missing,%,IndonesiaFish
30893,2.09502,3.87482,5.21714,7.6699,9.04507,,,,0.004936443251982051,-0.07346871327828844,-0.11411086408034797,-0.12423012209345723,-0.13011407770088954,SSP1,Median,Indonesia,missing,Protein,Fish,missing,missing,missing,missing,missing,missing,missing,%,IndonesiaFish
30895,2.09502,3.87482,5.21714,7.6699,9.04507,,,,0.11113340403190997,0.5062040317619897,-0.07939670553391322,0.02124532854173891,-0.010762250402816476,SSP1,Upper CI,Indonesia,missing,Protein,Fish,missing,missing,missing,missing,missing,missing,missing,%,IndonesiaFish
30933,1.89176,0.910776,0.965977,1.30508,1.52785,,,,0.07459286112999795,-0.45898553512214296,0.026766918027206404,0.1036100470932141,0.1233231223328743,SSP1,Lower CI,Indonesia,missing,Protein,Pork,missing,missing,missing,missing,missing,missing,missing,%,IndonesiaPork
30935,1.89176,0.910776,0.965977,1.30508,1.52785,,,,0.16348371724268929,0.13936766771556292,0.14146763152625697,0.1514362952000246,0.16586001599543101,SSP1,Median,Indonesia,missing,Protein,Pork,missing,missing,missing,missing,missing,missing,missing,%,IndonesiaPork
30937,1.89176,0.910776,0.965977,1.30508,1.52785,,,,0.1986514813742724,0.3396119568385411,0.419390036391052,0.2906337642848279,0.2735388244820812,SSP1,Upper CI,Indonesia,missing,Protein,Pork,missing,missing,missing,missing,missing,missing,missing,%,IndonesiaPork
30975,1.15537,2.74171,3.44323,5.1152,5.98259,,,,0.15035647549405137,-0.3220145202089077,-0.2887825644757938,-0.03612127496328035,-0.02476357983013839,SSP1,Lower CI,Indonesia,missing,Protein,Poultry,missing,missing,missing,missing,missing,missing,missing,%,IndonesiaPoultry
30977,1.15537,2.74171,3.44323,5.1152,5.98259,,,,0.15784181519541066,0.0704181066278801,0.007195963999672994,-0.010225451145246669,-0.0066576325367100385,SSP1,Median,Indonesia,missing,Protein,Poultry,missing,missing,missing,missing,missing,missing,missing,%,IndonesiaPoultry
30979,1.15537,2.74171,3.44323,5.1152,5.98259,,,,0.16733308741712513,1.1293916451292494,0.873846900644575,0.14967061146746888,0.11664182885109028,SSP1,Upper CI,Indonesia,missing,Protein,Poultry,missing,missing,missing,missing,missing,missing,missing,%,IndonesiaPoultry
31017,0.147109,0.194037,0.18498,0.204693,0.240738,,,,0.13500132866756434,-1.1123860254000644,0.12171989261724396,0.154225919471927,0.1663651054846198,SSP1,Lower CI,Indonesia,missing,Protein,Sheep and Goat,missing,missing,missing,missing,missing,missing,missing,%,IndonesiaSheep and Goat
31019,0.147109,0.194037,0.18498,0.204693,0.240738,,,,0.15290372566089622,0.17652905821124007,0.17846191370551617,0.21038718177287322,0.21360128658482022,SSP1,Median,Indonesia,missing,Protein,Sheep and Goat,missing,missing,missing,missing,missing,missing,missing,%,IndonesiaSheep and Goat
31021,0.147109,0.194037,0.18498,0.204693,0.240738,,,,0.2036600009901832,0.6880925081022522,0.2651800249972321,0.3929580603550855,0.3689296874846516,SSP1,Upper CI,Indonesia,missing,Protein,Sheep and Goat,missing,missing,missing,missing,missing,missing,missing,%,IndonesiaSheep and Goat
31059,2.20162,1.02801,1.00998,0.97888,1.41426,,,,-0.019387596049777855,-0.46018767696875984,0.05594177928554178,0.0690281897720853,0.08953984082353135,SSP1,Lower CI,Indonesia,missing,Protein,Legumes,missing,missing,missing,missing,missing,missing,missing,%,IndonesiaLegumes
31061,2.20162,1.02801,1.00998,0.97888,1.41426,,,,0.05776182817835737,0.02698204793779989,0.11379115396207297,0.13366696891346316,0.1475624610766907,SSP1,Median,Indonesia,missing,Protein,Legumes,missing,missing,missing,missing,missing,missing,missing,%,IndonesiaLegumes
31063,2.20162,1.02801,1.00998,0.97888,1.41426,,,,0.14351340001166277,0.26264638055128,0.25634346368159333,0.28999314617466554,0.2659461324074906,SSP1,Upper CI,Indonesia,missing,Protein,Legumes,missing,missing,missing,missing,missing,missing,missing,%,IndonesiaLegumes
31101,4.2391,5.90302,5.33195,4.5504,6.48368,,,,0.02902962943708498,0.11894139414677929,0.2003265567399981,0.2027454692260316,0.20682348726897426,SSP1,Lower CI,Indonesia,missing,Protein,Nuts and Seeds,missing,missing,missing,missing,missing,missing,missing,%,IndonesiaNuts and Seeds
31103,4.2391,5.90302,5.33195,4.5504,6.48368,,,,0.20102228316351156,0.24250763106803272,0.2681515007818589,0.26857374754562824,0.25471465386480696,SSP1,Median,Indonesia,missing,Protein,Nuts and Seeds,missing,missing,missing,missing,missing,missing,missing,%,IndonesiaNuts and Seeds
31105,4.2391,5.90302,5.33195,4.5504,6.48368,,,,0.33506169893444987,0.43326510761379755,0.4706718982505863,0.3858302642093356,0.33454121454223973,SSP1,Upper CI,Indonesia,missing,Protein,Nuts and Seeds,missing,missing,missing,missing,missing,missing,missing,%,IndonesiaNuts and Seeds
31143,94.429,107.788,111.755,119.258,120.611,,,,-0.37072518115182385,-1.02655638887788,-0.8304020168986461,-0.4802187364755689,-0.39172943530257615,SSP1,Lower CI,Indonesia,missing,Rice,Rice,missing,missing,missing,missing,missing,missing,missing,%,IndonesiaRice
31145,94.429,107.788,111.755,119.258,120.611,,,,-0.3474948624659622,-0.35853179092236764,-0.3733516009818937,-0.3556604182674322,-0.3505688896106412,SSP1,Median,Indonesia,missing,Rice,Rice,missing,missing,missing,missing,missing,missing,missing,%,IndonesiaRice
31147,94.429,107.788,111.755,119.258,120.611,,,,-0.3230712235106442,1.3783955863696975,0.9960756631093419,-0.00021948015725783976,-0.3357399417653469,SSP1,Upper CI,Indonesia,missing,Rice,Rice,missing,missing,missing,missing,missing,missing,missing,%,IndonesiaRice
31185,10.9184,11.9397,20.808,23.8626,24.1665,,,,0.605216206426262,-3.3277860741300525,-1.9523036039389767,-0.04759121984194453,0.5730010226075245,SSP1,Lower CI,Indonesia,missing,RootTuber,Roots and Tubers,missing,missing,missing,missing,missing,missing,missing,%,IndonesiaRoots and Tubers
31187,10.9184,11.9397,20.808,23.8626,24.1665,,,,0.6939709415082873,0.6356174089154921,0.6078595831113184,0.6135212132611927,0.6041367058083248,SSP1,Median,Indonesia,missing,RootTuber,Roots and Tubers,missing,missing,missing,missing,missing,missing,missing,%,IndonesiaRoots and Tubers
31189,10.9184,11.9397,20.808,23.8626,24.1665,,,,0.78882100389884,2.0403119292848655,1.4754257948917653,0.8456664656755439,0.6970093341267772,SSP1,Upper CI,Indonesia,missing,RootTuber,Roots and Tubers,missing,missing,missing,missing,missing,missing,missing,%,IndonesiaRoots and Tubers
31227,1.41612,1.98986,9.90882,21.8911,26.5764,,,,-0.40497708683369166,-1.5676863620494828,-0.3949010268355738,-0.785232484301813,-0.685595993975279,SSP1,Lower CI,Indonesia,missing,SugarCrop,Sugar Crops,missing,missing,missing,missing,missing,missing,missing,%,IndonesiaSugar Crops
31229,1.41612,1.98986,9.90882,21.8911,26.5764,,,,-0.3906841905970438,-0.3853580455669172,-0.37286554739627253,-0.37723480029395823,-0.3756841094736167,SSP1,Median,Indonesia,missing,SugarCrop,Sugar Crops,missing,missing,missing,missing,missing,missing,missing,%,IndonesiaSugar Crops
31231,1.41612,1.98986,9.90882,21.8911,26.5764,,,,-0.3566892409037961,2.8664489869337224,-0.337879358487442,-0.22947859913535762,-0.2648964340799491,SSP1,Upper CI,Indonesia,missing,SugarCrop,Sugar Crops,missing,missing,missing,missing,missing,missing,missing,%,IndonesiaSugar Crops
31269,6.85098,16.8411,17.4206,23.2051,23.5655,,,,0.4196535528524495,-1.5219153612607186,-1.7694495329761502,-0.031018255184951826,0.6482770253446895,SSP1,Lower CI,Indonesia,missing,Wheat,Wheat,missing,missing,missing,missing,missing,missing,missing,%,IndonesiaWheat
31271,6.85098,16.8411,17.4206,23.2051,23.5655,,,,0.5689942526546222,0.6828826335728606,0.7300093715061517,0.6806582178697963,0.6744110825895763,SSP1,Median,Indonesia,missing,Wheat,Wheat,missing,missing,missing,missing,missing,missing,missing,%,IndonesiaWheat
31273,6.85098,16.8411,17.4206,23.2051,23.5655,,,,0.7125332054302544,1.7914218157287691,1.613570443197117,0.9403673654568037,0.7414330643128606,SSP1,Upper CI,Indonesia,missing,Wheat,Wheat,missing,missing,missing,missing,missing,missing,missing,%,IndonesiaWheat
32193,8.47036,6.29637,4.49229,4.55778,4.47935,,,,3.8913593629730134,3.2832564158493294,3.468639909858078,3.7353733340195396,3.8241596222915413,SSP1,Lower CI,Japan,missing,Corn,Corn,missing,missing,missing,missing,missing,missing,missing,%,JapanCorn
32195,8.47036,6.29637,4.49229,4.55778,4.47935,,,,3.996917067453407,3.912956778131581,3.7776095870496844,3.782625434810232,3.842635090394202,SSP1,Median,Japan,missing,Corn,Corn,missing,missing,missing,missing,missing,missing,missing,%,JapanCorn
32197,8.47036,6.29637,4.49229,4.55778,4.47935,,,,4.020411680372374,4.080145255778984,3.888952069606511,3.798082546170875,3.853043689106976,SSP1,Upper CI,Japan,missing,Corn,Corn,missing,missing,missing,missing,missing,missing,missing,%,JapanCorn
32235,2.32452,2.72802,2.44361,2.29394,2.45019,,,,-0.1945536958668888,-0.3881309243198418,-0.1616695948642857,-0.14332802090640884,-0.1349130056744647,SSP1,Lower CI,Japan,missing,FruitsVeg,Fruits,missing,missing,missing,missing,missing,missing,missing,%,JapanFruits
32237,2.32452,2.72802,2.44361,2.29394,2.45019,,,,-0.14157491771154151,-0.1302398077504336,-0.12696105510652697,-0.12270371079935263,-0.12182001796369653,SSP1,Median,Japan,missing,FruitsVeg,Fruits,missing,missing,missing,missing,missing,missing,missing,%,JapanFruits
32239,2.32452,2.72802,2.44361,2.29394,2.45019,,,,-0.10178149100840506,-0.012155015748281595,-0.11412888176711741,-0.10224446369656956,-0.10722821936889962,SSP1,Upper CI,Japan,missing,FruitsVeg,Fruits,missing,missing,missing,missing,missing,missing,missing,%,JapanFruits
32277,4.03432,3.86856,3.67483,3.41353,3.64813,,,,-0.15395467803607732,-0.3493054153876185,-0.11460417759327785,-0.09265091670542625,-0.0838362025773699,SSP1,Lower CI,Japan,missing,FruitsVeg,Vegetables,missing,missing,missing,missing,missing,missing,missing,%,JapanVegetables
32279,4.03432,3.86856,3.67483,3.41353,3.64813,,,,-0.08656918224731296,-0.08317900532609716,-0.08727169573700974,-0.06970235594752294,-0.06900395262603055,SSP1,Median,Japan,missing,FruitsVeg,Vegetables,missing,missing,missing,missing,missing,missing,missing,%,JapanVegetables
32281,4.03432,3.86856,3.67483,3.41353,3.64813,,,,-0.05576010285393672,0.02928421921475502,-0.06763600639238973,-0.05409088528936506,-0.057077132258937895,SSP1,Upper CI,Japan,missing,FruitsVeg,Vegetables,missing,missing,missing,missing,missing,missing,missing,%,JapanVegetables
32319,1.26898,1.73415,1.55433,1.51811,1.6236,,,,-0.1659197203173494,-0.3198102839738142,-0.09379918141003606,-0.07216780272178297,-0.06251163617094817,SSP1,Lower CI,Japan,missing,MiscCrop,Other Crops,missing,missing,missing,missing,missing,missing,missing,%,JapanOther Crops
32321,1.26898,1.73415,1.55433,1.51811,1.6236,,,,-0.10313591527908597,-0.08343272305429907,-0.05943903323648039,-0.05138199554796556,-0.04945450784094586,SSP1,Median,Japan,missing,MiscCrop,Other Crops,missing,missing,missing,missing,missing,missing,missing,%,JapanOther Crops
32323,1.26898,1.73415,1.55433,1.51811,1.6236,,,,-0.07807038782861586,0.023526191399767027,-0.05060142981897382,-0.03712384661071822,-0.04135223825468623,SSP1,Upper CI,Japan,missing,MiscCrop,Other Crops,missing,missing,missing,missing,missing,missing,missing,%,JapanOther Crops
32361,0.0641931,0.0545036,0.019379,0.0,0.0,,,,,,,,,SSP1,Lower CI,Japan,missing,Oil,Fiber Crops,missing,missing,missing,missing,missing,missing,missing,%,JapanFiber Crops
32363,0.0641931,0.0545036,0.019379,0.0,0.0,,,,,,,,,SSP1,Median,Japan,missing,Oil,Fiber Crops,missing,missing,missing,missing,missing,missing,missing,%,JapanFiber Crops
32365,0.0641931,0.0545036,0.019379,0.0,0.0,,,,,,,,,SSP1,Upper CI,Japan,missing,Oil,Fiber Crops,missing,missing,missing,missing,missing,missing,missing,%,JapanFiber Crops
32403,6.85555,8.63513,8.72274,9.18658,9.75152,,,,-0.4236733276159414,-0.5637026482388998,-0.3573564165251186,-0.3762590766145313,-0.35594516519273456,SSP1,Lower CI,Japan,missing,Oil,Plant Oils,missing,missing,missing,missing,missing,missing,missing,%,JapanPlant Oils
32405,6.85555,8.63513,8.72274,9.18658,9.75152,,,,-0.33383587870464415,-0.3439490412155891,-0.3124754312507376,-0.33849938166298044,-0.32510844861894383,SSP1,Median,Japan,missing,Oil,Plant Oils,missing,missing,missing,missing,missing,missing,missing,%,JapanPlant Oils
32407,6.85555,8.63513,8.72274,9.18658,9.75152,,,,-0.2093141826552089,-0.24714170115671275,-0.22973744238887217,-0.261275713512651,-0.28178956476495365,SSP1,Upper CI,Japan,missing,Oil,Plant Oils,missing,missing,missing,missing,missing,missing,missing,%,JapanPlant Oils
32445,0.0215675,0.266957,0.719954,0.974585,1.04036,,,,-0.220180417364436,-0.22478265909208822,-0.12845753542468333,-0.1193515834195685,-0.11898875377525363,SSP1,Lower CI,Japan,missing,Oil,Palm Oil,missing,missing,missing,missing,missing,missing,missing,%,JapanPalm Oil
32447,0.0215675,0.266957,0.719954,0.974585,1.04036,,,,-0.15120273528498657,-0.11688962906812846,-0.10684149953963325,-0.10180963414480194,-0.1036518681722233,SSP1,Median,Japan,missing,Oil,Palm Oil,missing,missing,missing,missing,missing,missing,missing,%,JapanPalm Oil
32449,0.0215675,0.266957,0.719954,0.974585,1.04036,,,,-0.1175711471682338,-0.039558366644252996,-0.07349837148738259,-0.08088851256554594,-0.089971074447891,SSP1,Upper CI,Japan,missing,Oil,Palm Oil,missing,missing,missing,missing,missing,missing,missing,%,JapanPalm Oil
32487,6.19258,6.63117,7.15513,7.56337,8.08763,,,,-0.029712245264589626,-0.1289263890059031,0.023806335991570143,-0.0034285549997491588,0.014383796075642753,SSP1,Lower CI,Japan,missing,Oil,Soybean,missing,missing,missing,missing,missing,missing,missing,%,JapanSoybean
32489,6.19258,6.63117,7.15513,7.56337,8.08763,,,,0.0716683935309384,0.06958854978384346,0.060220672359607375,0.03949334657183792,0.04690652015655724,SSP1,Median,Japan,missing,Oil,Soybean,missing,missing,missing,missing,missing,missing,missing,%,JapanSoybean
32491,6.19258,6.63117,7.15513,7.56337,8.08763,,,,0.13173527495846232,0.4112440603712143,0.20612931081553923,0.15278804285387743,0.12459133197535349,SSP1,Upper CI,Japan,missing,Oil,Soybean,missing,missing,missing,missing,missing,missing,missing,%,JapanSoybean
32529,0.386195,0.45969,1.3842,1.85343,1.8324,,,,3.1845702749197535,2.2320802137945015,3.0979265562825673,3.5381012282609694,3.7375014358375815,SSP1,Lower CI,Japan,missing,OtherGrain,Other Grains,missing,missing,missing,missing,missing,missing,missing,%,JapanOther Grains
32531,0.386195,0.45969,1.3842,1.85343,1.8324,,,,3.680536403220611,3.5134382214436743,3.6072250819852623,3.7407834352092713,3.7931206883430497,SSP1,Median,Japan,missing,OtherGrain,Other Grains,missing,missing,missing,missing,missing,missing,missing,%,JapanOther Grains
32533,0.386195,0.45969,1.3842,1.85343,1.8324,,,,4.001100738111067,3.8135082233684092,3.703444550240723,3.7450248874673875,3.8132546821536937,SSP1,Upper CI,Japan,missing,OtherGrain,Other Grains,missing,missing,missing,missing,missing,missing,missing,%,JapanOther Grains
32571,1.24613,1.35541,1.33919,1.32767,1.41505,,,,-0.276873619193862,-0.528558006953757,-0.49119807492196854,-0.5579521441693643,-0.6552320634976176,SSP1,Lower CI,Japan,missing,Protein,Beef,missing,missing,missing,missing,missing,missing,missing,%,JapanBeef
32573,1.24613,1.35541,1.33919,1.32767,1.41505,,,,-0.24212740289951468,-0.33267532179263176,-0.43254216364684184,-0.5057483809914042,-0.6086201805511668,SSP1,Median,Japan,missing,Protein,Beef,missing,missing,missing,missing,missing,missing,missing,%,JapanBeef
32575,1.24613,1.35541,1.33919,1.32767,1.41505,,,,-0.11599381456924186,0.006216339873543586,-0.3974568356673973,-0.4678690481970361,-0.5666485400043835,SSP1,Upper CI,Japan,missing,Protein,Beef,missing,missing,missing,missing,missing,missing,missing,%,JapanBeef
32613,7.58829,7.63654,6.51807,5.99616,6.38194,,,,-0.08736490766547599,-0.246261122736063,-0.06549323221405833,-0.04854150898997098,-0.04739527634467339,SSP1,Lower CI,Japan,missing,Protein,Dairy,missing,missing,missing,missing,missing,missing,missing,%,JapanDairy
32615,7.58829,7.63654,6.51807,5.99616,6.38194,,,,-0.0401935396877798,-0.02097781066716848,-0.03252072568196164,-0.025309733295820026,-0.030830892069374442,SSP1,Median,Japan,missing,Protein,Dairy,missing,missing,missing,missing,missing,missing,missing,%,JapanDairy
32617,7.58829,7.63654,6.51807,5.99616,6.38194,,,,0.009204738147690808,0.06535175016007684,-0.020087624843738338,-0.005395927158689785,-0.0116006787805508,SSP1,Upper CI,Japan,missing,Protein,Dairy,missing,missing,missing,missing,missing,missing,missing,%,JapanDairy
32655,6.19755,5.58221,4.93219,4.45865,4.75325,,,,-0.23449679720531796,-0.4542521827363697,-0.236207306864126,-0.21768358851862388,-0.2184942567518423,SSP1,Lower CI,Japan,missing,Protein,Fish,missing,missing,missing,missing,missing,missing,missing,%,JapanFish
32657,6.19755,5.58221,4.93219,4.45865,4.75325,,,,-0.16881371142660068,-0.18658477627100792,-0.2025663879814851,-0.1920625225587537,-0.19890748270313469,SSP1,Median,Japan,missing,Protein,Fish,missing,missing,missing,missing,missing,missing,missing,%,JapanFish
32659,6.19755,5.58221,4.93219,4.45865,4.75325,,,,-0.12625178237934953,-0.058004107320738546,-0.17627965160559272,-0.16321812165012292,-0.17663126788929812,SSP1,Upper CI,Japan,missing,Protein,Fish,missing,missing,missing,missing,missing,missing,missing,%,JapanFish
32697,4.07491,5.45191,5.08667,4.94118,5.26551,,,,-0.08137859005462707,-0.07419799889212661,0.1677806252741896,0.20238324091699617,0.22606532921962574,SSP1,Lower CI,Japan,missing,Protein,Pork,missing,missing,missing,missing,missing,missing,missing,%,JapanPork
32699,4.07491,5.45191,5.08667,4.94118,5.26551,,,,0.047823476936272376,0.15200237892969948,0.2784640184986443,0.31653921517480765,0.3408662371726847,SSP1,Median,Japan,missing,Protein,Pork,missing,missing,missing,missing,missing,missing,missing,%,JapanPork
32701,4.07491,5.45191,5.08667,4.94118,5.26551,,,,0.2962017539647529,0.25603377255093573,0.369306043248801,0.39749349765448944,0.41936764823247497,SSP1,Upper CI,Japan,missing,Protein,Pork,missing,missing,missing,missing,missing,missing,missing,%,JapanPork
32739,5.5052,6.14454,6.48708,6.58996,7.03301,,,,-0.002128441456601071,-0.2989599010765089,-0.14312474807548797,-0.14133489313535869,-0.1415705821901378,SSP1,Lower CI,Japan,missing,Protein,Poultry,missing,missing,missing,missing,missing,missing,missing,%,JapanPoultry
32741,5.5052,6.14454,6.48708,6.58996,7.03301,,,,0.04524980451187969,-0.0013811029020931172,-0.034318376805797905,-0.03722909135502098,-0.04977791321655441,SSP1,Median,Japan,missing,Protein,Poultry,missing,missing,missing,missing,missing,missing,missing,%,JapanPoultry
32743,5.5052,6.14454,6.48708,6.58996,7.03301,,,,0.1332661588878132,0.08866396585063956,0.008337549847381165,0.01271994753609039,-8.262474101360107e-05,SSP1,Upper CI,Japan,missing,Protein,Poultry,missing,missing,missing,missing,missing,missing,missing,%,JapanPoultry
32781,0.165871,0.066741,0.0499106,0.0459064,0.048606,,,,-0.0174906075037919,-0.13818770546294593,0.02601870544658489,0.03787000407204774,0.044255221048808586,SSP1,Lower CI,Japan,missing,Protein,Sheep and Goat,missing,missing,missing,missing,missing,missing,missing,%,JapanSheep and Goat
32783,0.165871,0.066741,0.0499106,0.0459064,0.048606,,,,0.031738733258321876,0.04430162670673445,0.056565390620017864,0.06761016724182402,0.07335585154794377,SSP1,Median,Japan,missing,Protein,Sheep and Goat,missing,missing,missing,missing,missing,missing,missing,%,JapanSheep and Goat
32785,0.165871,0.066741,0.0499106,0.0459064,0.048606,,,,0.06056460264009293,0.1803252895747949,0.12524093814058007,0.13603461079667434,0.14042319634543837,SSP1,Upper CI,Japan,missing,Protein,Sheep and Goat,missing,missing,missing,missing,missing,missing,missing,%,JapanSheep and Goat
32823,0.962686,0.817388,0.687039,0.618514,0.68502,,,,-0.6029514547576147,-0.4040397948711082,-0.09702641591552862,-0.10248999144782896,-0.0517968400037985,SSP1,Lower CI,Japan,missing,Protein,Legumes,missing,missing,missing,missing,missing,missing,missing,%,JapanLegumes
32825,0.962686,0.817388,0.687039,0.618514,0.68502,,,,-0.40200831950346605,-0.129064296534579,-0.034503394057628534,0.05002260155813226,0.03606469117850167,SSP1,Median,Japan,missing,Protein,Legumes,missing,missing,missing,missing,missing,missing,missing,%,JapanLegumes
32827,0.962686,0.817388,0.687039,0.618514,0.68502,,,,-0.1275806513776484,0.09641365231471677,0.10955288980540522,0.10127486752332711,0.07700805461979982,SSP1,Upper CI,Japan,missing,Protein,Legumes,missing,missing,missing,missing,missing,missing,missing,%,JapanLegumes
32865,1.14464,1.29607,1.10582,1.12376,1.24182,,,,0.03438591878133146,0.22149630089652408,0.27677459285476946,0.26948677279545424,0.27292448674615355,SSP1,Lower CI,Japan,missing,Protein,Nuts and Seeds,missing,missing,missing,missing,missing,missing,missing,%,JapanNuts and Seeds
32867,1.14464,1.29607,1.10582,1.12376,1.24182,,,,0.2343879622772009,0.32470161455417357,0.34963502535345803,0.3459679020774959,0.34606118595524055,SSP1,Median,Japan,missing,Protein,Nuts and Seeds,missing,missing,missing,missing,missing,missing,missing,%,JapanNuts and Seeds
32869,1.14464,1.29607,1.10582,1.12376,1.24182,,,,0.44458460780686676,0.5443596284761848,0.6437207494068321,0.4277703353088292,0.4171652203422772,SSP1,Upper CI,Japan,missing,Protein,Nuts and Seeds,missing,missing,missing,missing,missing,missing,missing,%,JapanNuts and Seeds
32907,33.6661,30.3213,27.8711,28.015,27.7034,,,,-3.934697156008261,-4.206072190130135,-3.770332887253101,-3.6642330316925604,-3.7140178860736333,SSP1,Lower CI,Japan,missing,Rice,Rice,missing,missing,missing,missing,missing,missing,missing,%,JapanRice
32909,33.6661,30.3213,27.8711,28.015,27.7034,,,,-3.8829805738620427,-3.7690993434674955,-3.6588545761805515,-3.6521855002848524,-3.7102700321596656,SSP1,Median,Japan,missing,Rice,Rice,missing,missing,missing,missing,missing,missing,missing,%,JapanRice
32911,33.6661,30.3213,27.8711,28.015,27.7034,,,,-3.7612291582880872,-2.864675880571193,-3.3861138901643884,-3.637723968209967,-3.7026905585643277,SSP1,Upper CI,Japan,missing,Rice,Rice,missing,missing,missing,missing,missing,missing,missing,%,JapanRice
32949,3.36417,3.02439,2.88013,2.75563,2.73066,,,,3.9212909620531122,2.4600294302397208,3.3160903476564565,3.5953464500406582,3.6641971144700083,SSP1,Lower CI,Japan,missing,RootTuber,Roots and Tubers,missing,missing,missing,missing,missing,missing,missing,%,JapanRoots and Tubers
32951,3.36417,3.02439,2.88013,2.75563,2.73066,,,,4.053606200952621,3.7111756602608854,3.591926052303933,3.637483652950144,3.6917063095220928,SSP1,Median,Japan,missing,RootTuber,Roots and Tubers,missing,missing,missing,missing,missing,missing,missing,%,JapanRoots and Tubers
32953,3.36417,3.02439,2.88013,2.75563,2.73066,,,,4.13386111502961,4.251979674060233,3.725465607694473,3.6825081001805513,3.726117257136888,SSP1,Upper CI,Japan,missing,RootTuber,Roots and Tubers,missing,missing,missing,missing,missing,missing,missing,%,JapanRoots and Tubers
32991,2.51691,2.2664,5.51875,7.7972,8.26033,,,,-0.2592497001722805,-0.7155145788149039,-0.22053269121962144,-0.20237619136332197,-0.1912489514560168,SSP1,Lower CI,Japan,missing,SugarCrop,Sugar Crops,missing,missing,missing,missing,missing,missing,missing,%,JapanSugar Crops
32993,2.51691,2.2664,5.51875,7.7972,8.26033,,,,-0.21323139100709854,-0.19687550414868715,-0.18625405668418077,-0.17521307931242036,-0.1690042055983578,SSP1,Median,Japan,missing,SugarCrop,Sugar Crops,missing,missing,missing,missing,missing,missing,missing,%,JapanSugar Crops
32995,2.51691,2.2664,5.51875,7.7972,8.26033,,,,-0.12726610164398267,1.2471205811050217,-0.15670406727499925,-0.15844804404542945,-0.1410017274687186,SSP1,Upper CI,Japan,missing,SugarCrop,Sugar Crops,missing,missing,missing,missing,missing,missing,missing,%,JapanSugar Crops
33033,18.6778,19.008,18.8607,17.9299,17.8123,,,,3.844650828063086,2.8941320528050674,3.503830563394809,3.725277967827716,3.7828386199637216,SSP1,Lower CI,Japan,missing,Wheat,Wheat,missing,missing,missing,missing,missing,missing,missing,%,JapanWheat
33035,18.6778,19.008,18.8607,17.9299,17.8123,,,,3.9511077104568626,3.8581773097277132,3.758647986184113,3.736217407145439,3.791223545136987,SSP1,Median,Japan,missing,Wheat,Wheat,missing,missing,missing,missing,missing,missing,missing,%,JapanWheat
33037,18.6778,19.008,18.8607,17.9299,17.8123,,,,4.067479114231897,4.506681178192154,3.8886970110917796,3.7588505873136633,3.8007824268364714,SSP1,Upper CI,Japan,missing,Wheat,Wheat,missing,missing,missing,missing,missing,missing,missing,%,JapanWheat
33957,36.1303,43.2483,42.5196,44.3574,45.8987,,,,0.0792586627303805,-0.08400160723528358,0.04361051953592408,0.07764422957389541,0.08330623880162143,SSP1,Lower CI,Mexico,missing,Corn,Corn,missing,missing,missing,missing,missing,missing,missing,%,MexicoCorn
33959,36.1303,43.2483,42.5196,44.3574,45.8987,,,,0.10620918406776803,0.07084639483625747,0.07716424551937776,0.0869486807696415,0.0860387369468694,SSP1,Median,Mexico,missing,Corn,Corn,missing,missing,missing,missing,missing,missing,missing,%,MexicoCorn
33961,36.1303,43.2483,42.5196,44.3574,45.8987,,,,0.1309624787848021,0.1484808826142812,0.09200272118364196,0.09247914114314959,0.08909386595250073,SSP1,Upper CI,Mexico,missing,Corn,Corn,missing,missing,missing,missing,missing,missing,missing,%,MexicoCorn
33999,3.30297,5.16309,5.26362,5.68434,6.15809,,,,-0.0176678069906455,-0.08731231898913171,-0.03412396107196767,-0.022356215483484203,-0.018318766606497172,SSP1,Lower CI,Mexico,missing,FruitsVeg,Fruits,missing,missing,missing,missing,missing,missing,missing,%,MexicoFruits
34001,3.30297,5.16309,5.26362,5.68434,6.15809,,,,-0.010349850048974896,-0.03297474775565695,-0.021358697720322804,-0.012263260529327238,-0.010093345931540066,SSP1,Median,Mexico,missing,FruitsVeg,Fruits,missing,missing,missing,missing,missing,missing,missing,%,MexicoFruits
34003,3.30297,5.16309,5.26362,5.68434,6.15809,,,,0.009842310612157481,0.017339336420790344,-0.010017347550030429,0.0018375369637477004,0.0016003267029562167,SSP1,Upper CI,Mexico,missing,FruitsVeg,Fruits,missing,missing,missing,missing,missing,missing,missing,%,MexicoFruits
34041,1.33225,2.16258,2.01452,2.28546,2.47704,,,,-0.09225544664771275,-0.17519731159353236,-0.13171604328474967,-0.12018372059300268,-0.11460691143002583,SSP1,Lower CI,Mexico,missing,FruitsVeg,Vegetables,missing,missing,missing,missing,missing,missing,missing,%,MexicoVegetables
34043,1.33225,2.16258,2.01452,2.28546,2.47704,,,,-0.08375419292468332,-0.11975540502866208,-0.1188566135344107,-0.11032688374952143,-0.10643974597419621,SSP1,Median,Mexico,missing,FruitsVeg,Vegetables,missing,missing,missing,missing,missing,missing,missing,%,MexicoVegetables
34045,1.33225,2.16258,2.01452,2.28546,2.47704,,,,-0.06127150089640269,-0.06983756933547366,-0.10661808812538137,-0.09527459808681867,-0.09399130703887706,SSP1,Upper CI,Mexico,missing,FruitsVeg,Vegetables,missing,missing,missing,missing,missing,missing,missing,%,MexicoVegetables
34083,0.440489,0.494223,0.313346,0.32459,0.353162,,,,0.006477724830215871,-0.06162510930114787,-0.009758403346486547,-0.0007347295635630434,0.0004786871836288172,SSP1,Lower CI,Mexico,missing,MiscCrop,Other Crops,missing,missing,missing,missing,missing,missing,missing,%,MexicoOther Crops
34085,0.440489,0.494223,0.313346,0.32459,0.353162,,,,0.015560617261192794,-0.0010564613067828926,0.004121110367243373,0.010546082221718094,0.009871189041131078,SSP1,Median,Mexico,missing,MiscCrop,Other Crops,missing,missing,missing,missing,missing,missing,missing,%,MexicoOther Crops
34087,0.440489,0.494223,0.313346,0.32459,0.353162,,,,0.03203245470955527,0.036720794762483536,0.012556420385296682,0.022147119175668705,0.018521496233880927,SSP1,Upper CI,Mexico,missing,MiscCrop,Other Crops,missing,missing,missing,missing,missing,missing,missing,%,MexicoOther Crops
34125,0.255172,0.262806,0.0813032,0.0152154,0.0164267,,,,-1.681035488019238,-1.5872996236059032,-1.628340546520506,-1.5599729304183705,-1.5182378039902595,SSP1,Lower CI,Mexico,missing,Oil,Fiber Crops,missing,missing,missing,missing,missing,missing,missing,%,MexicoFiber Crops
34127,0.255172,0.262806,0.0813032,0.0152154,0.0164267,,,,-1.5073078736445034,-1.549898850616423,-1.5736672137222787,-1.527208563493899,-1.4920089451462284,SSP1,Median,Mexico,missing,Oil,Fiber Crops,missing,missing,missing,missing,missing,missing,missing,%,MexicoFiber Crops
34129,0.255172,0.262806,0.0813032,0.0152154,0.0164267,,,,-1.429222476552733,-1.420934450280019,-1.5537305186961514,-1.5112337464242058,-1.4711424478862385,SSP1,Upper CI,Mexico,missing,Oil,Fiber Crops,missing,missing,missing,missing,missing,missing,missing,%,MexicoFiber Crops
34167,3.34979,3.27425,2.68312,2.6518,2.86047,,,,0.6134484090187897,0.5992346726419204,0.6606681055493409,0.6305331469361894,0.6272859382687669,SSP1,Lower CI,Mexico,missing,Oil,Plant Oils,missing,missing,missing,missing,missing,missing,missing,%,MexicoPlant Oils
34169,3.34979,3.27425,2.68312,2.6518,2.86047,,,,0.7243656503142893,0.7433310458961682,0.748553115373941,0.6888665883359021,0.6672387133318962,SSP1,Median,Mexico,missing,Oil,Plant Oils,missing,missing,missing,missing,missing,missing,missing,%,MexicoPlant Oils
34171,3.34979,3.27425,2.68312,2.6518,2.86047,,,,0.7633942347200651,0.8029996954189906,0.8273915881049225,0.7484924876182477,0.7022888479009292,SSP1,Upper CI,Mexico,missing,Oil,Plant Oils,missing,missing,missing,missing,missing,missing,missing,%,MexicoPlant Oils
34209,0.186731,1.64433,2.93464,3.57717,3.88164,,,,-0.10757342424371905,-0.08000174926977424,-0.06993417254717339,-0.06252081761921859,-0.06875301289221383,SSP1,Lower CI,Mexico,missing,Oil,Palm Oil,missing,missing,missing,missing,missing,missing,missing,%,MexicoPalm Oil
34211,0.186731,1.64433,2.93464,3.57717,3.88164,,,,-0.09722488762673198,-0.05168925400274531,-0.04604674503923863,-0.04572346658442313,-0.04983074005398074,SSP1,Median,Mexico,missing,Oil,Palm Oil,missing,missing,missing,missing,missing,missing,missing,%,MexicoPalm Oil
34213,0.186731,1.64433,2.93464,3.57717,3.88164,,,,-0.061212638755531006,0.031938457861258256,0.006586512991586427,0.015735374078108585,0.013725320535071427,SSP1,Upper CI,Mexico,missing,Oil,Palm Oil,missing,missing,missing,missing,missing,missing,missing,%,MexicoPalm Oil
34251,3.6635,4.37729,4.92587,4.42947,4.80356,,,,-0.3540366148768072,-0.40816661074169325,-0.26724274850457436,-0.28657927130128424,-0.26807492298248564,SSP1,Lower CI,Mexico,missing,Oil,Soybean,missing,missing,missing,missing,missing,missing,missing,%,MexicoSoybean
34253,3.6635,4.37729,4.92587,4.42947,4.80356,,,,-0.29292728716108385,-0.18037724859161944,-0.20321927164542491,-0.23557261539565044,-0.23709796325842816,SSP1,Median,Mexico,missing,Oil,Soybean,missing,missing,missing,missing,missing,missing,missing,%,MexicoSoybean
34255,3.6635,4.37729,4.92587,4.42947,4.80356,,,,-0.14502468917541134,0.2445278873962612,-0.042833785964471405,-0.12365064169074161,-0.16243753649252998,SSP1,Upper CI,Mexico,missing,Oil,Soybean,missing,missing,missing,missing,missing,missing,missing,%,MexicoSoybean
34293,0.496493,2.41254,2.59545,4.01058,4.13598,,,,-0.2198180362906229,-0.5819622169188797,-0.08849067022423218,-0.0641534440351924,-0.01931139870478813,SSP1,Lower CI,Mexico,missing,OtherGrain,Other Grains,missing,missing,missing,missing,missing,missing,missing,%,MexicoOther Grains
34295,0.496493,2.41254,2.59545,4.01058,4.13598,,,,-0.13630636953927677,-0.06287186615009471,-0.04131887923532041,-0.029727419923749457,-0.013362284631888885,SSP1,Median,Mexico,missing,OtherGrain,Other Grains,missing,missing,missing,missing,missing,missing,missing,%,MexicoOther Grains
34297,0.496493,2.41254,2.59545,4.01058,4.13598,,,,-0.05974442629498285,0.9508410929149499,-0.01239494376287114,-0.022675754316488175,-0.00603173135832571,SSP1,Upper CI,Mexico,missing,OtherGrain,Other Grains,missing,missing,missing,missing,missing,missing,missing,%,MexicoOther Grains
34335,1.93238,2.82228,2.89301,3.2202,3.42402,,,,-0.05162819013915518,-0.12525843691759705,-0.17752965440325824,-0.19766562976160812,-0.2224293367383015,SSP1,Lower CI,Mexico,missing,Protein,Beef,missing,missing,missing,missing,missing,missing,missing,%,MexicoBeef
34337,1.93238,2.82228,2.89301,3.2202,3.42402,,,,-0.03638112376855303,-0.09608017284381323,-0.14879119104908656,-0.17827258876950633,-0.20335048432358138,SSP1,Median,Mexico,missing,Protein,Beef,missing,missing,missing,missing,missing,missing,missing,%,MexicoBeef
34339,1.93238,2.82228,2.89301,3.2202,3.42402,,,,-0.016363929624001048,-0.029225341846316227,-0.13413317676074948,-0.1550114429338546,-0.17970374849451487,SSP1,Upper CI,Mexico,missing,Protein,Beef,missing,missing,missing,missing,missing,missing,missing,%,MexicoBeef
34377,5.15091,7.92871,7.56585,7.36691,7.86737,,,,-0.03510174407452203,-0.11615000132367398,-0.08214474766993081,-0.07175198107099089,-0.07334590756874029,SSP1,Lower CI,Mexico,missing,Protein,Dairy,missing,missing,missing,missing,missing,missing,missing,%,MexicoDairy
34379,5.15091,7.92871,7.56585,7.36691,7.86737,,,,-0.010091315563048452,-0.03668510778970479,-0.052046508463166524,-0.05631563195526178,-0.05814932902032659,SSP1,Median,Mexico,missing,Protein,Dairy,missing,missing,missing,missing,missing,missing,missing,%,MexicoDairy
34381,5.15091,7.92871,7.56585,7.36691,7.86737,,,,0.027586934612678138,0.023525405470824705,-0.03898654097324898,-0.03252164486035951,-0.03528722160942181,SSP1,Upper CI,Mexico,missing,Protein,Dairy,missing,missing,missing,missing,missing,missing,missing,%,MexicoDairy
34419,1.20257,1.71691,1.76099,2.04002,2.18212,,,,-0.08488416807385074,-0.2260196273665671,-0.14289081753383523,-0.12982672679379392,-0.13651167402018533,SSP1,Lower CI,Mexico,missing,Protein,Fish,missing,missing,missing,missing,missing,missing,missing,%,MexicoFish
34421,1.20257,1.71691,1.76099,2.04002,2.18212,,,,-0.0571406487339978,-0.11437372323183519,-0.10522783713978667,-0.10918121355764462,-0.11501537000463,SSP1,Median,Mexico,missing,Protein,Fish,missing,missing,missing,missing,missing,missing,missing,%,MexicoFish
34423,1.20257,1.71691,1.76099,2.04002,2.18212,,,,0.001379397626673752,-0.020468454389506063,-0.08502256428036845,-0.07675966876282263,-0.08618904956917263,SSP1,Upper CI,Mexico,missing,Protein,Fish,missing,missing,missing,missing,missing,missing,missing,%,MexicoFish
34461,3.24413,5.28857,6.77656,7.8614,8.40581,,,,0.11262805355134826,0.09239120317015613,0.13951433982507028,0.151916583913341,0.15936936871854307,SSP1,Lower CI,Mexico,missing,Protein,Pork,missing,missing,missing,missing,missing,missing,missing,%,MexicoPork
34463,3.24413,5.28857,6.77656,7.8614,8.40581,,,,0.1730174771368103,0.17285999157569373,0.1815652087352063,0.1879549684956183,0.19525956887919876,SSP1,Median,Mexico,missing,Protein,Pork,missing,missing,missing,missing,missing,missing,missing,%,MexicoPork
34465,3.24413,5.28857,6.77656,7.8614,8.40581,,,,0.2505614056023936,0.21078875919728046,0.20616587451747154,0.22043419466582687,0.2251891073389558,SSP1,Upper CI,Mexico,missing,Protein,Pork,missing,missing,missing,missing,missing,missing,missing,%,MexicoPork
34503,2.47761,6.45068,7.56762,8.61413,9.22237,,,,-0.0006255563081747021,-0.12341432318910892,-0.09443081696872865,-0.08584015264554126,-0.08528704467617294,SSP1,Lower CI,Mexico,missing,Protein,Poultry,missing,missing,missing,missing,missing,missing,missing,%,MexicoPoultry
34505,2.47761,6.45068,7.56762,8.61413,9.22237,,,,0.017304031681816132,-0.037751451293880835,-0.05119545841316952,-0.05069341301830368,-0.05524709211304601,SSP1,Median,Mexico,missing,Protein,Poultry,missing,missing,missing,missing,missing,missing,missing,%,MexicoPoultry
34507,2.47761,6.45068,7.56762,8.61413,9.22237,,,,0.030029399617130526,0.051506796915049585,-0.0317851331357523,-0.026885989460946624,-0.03189494543729264,SSP1,Upper CI,Mexico,missing,Protein,Poultry,missing,missing,missing,missing,missing,missing,missing,%,MexicoPoultry
34545,0.132264,0.22866,0.203505,0.208791,0.221695,,,,0.10716572733223187,0.015910576796664952,-0.04858563259956313,-0.06121107348174215,-0.07103245047803619,SSP1,Lower CI,Mexico,missing,Protein,Sheep and Goat,missing,missing,missing,missing,missing,missing,missing,%,MexicoSheep and Goat
34547,0.132264,0.22866,0.203505,0.208791,0.221695,,,,0.11323623358508919,0.05465961774197841,-0.012998377878893536,-0.033523673300630566,-0.04423824290398216,SSP1,Median,Mexico,missing,Protein,Sheep and Goat,missing,missing,missing,missing,missing,missing,missing,%,MexicoSheep and Goat
34549,0.132264,0.22866,0.203505,0.208791,0.221695,,,,0.12615281149302485,0.14758411198307114,0.07506530022903278,0.06429371010706342,0.05426024287492932,SSP1,Upper CI,Mexico,missing,Protein,Sheep and Goat,missing,missing,missing,missing,missing,missing,missing,%,MexicoSheep and Goat
34587,3.80614,4.71964,4.50461,4.58105,5.33749,,,,-0.08108179968084661,0.01281113158274863,0.09739210206865379,0.09638542887896363,0.10055061889272428,SSP1,Lower CI,Mexico,missing,Protein,Legumes,missing,missing,missing,missing,missing,missing,missing,%,MexicoLegumes
34589,3.80614,4.71964,4.50461,4.58105,5.33749,,,,0.0746702653905313,0.12303261619262257,0.13979458304377937,0.15944865406104322,0.15786877047100248,SSP1,Median,Mexico,missing,Protein,Legumes,missing,missing,missing,missing,missing,missing,missing,%,MexicoLegumes
34591,3.80614,4.71964,4.50461,4.58105,5.33749,,,,0.19129956582440677,0.32511845422631314,0.23465249270283012,0.21392098144386396,0.21882205821144934,SSP1,Upper CI,Mexico,missing,Protein,Legumes,missing,missing,missing,missing,missing,missing,missing,%,MexicoLegumes
34629,0.501761,1.41536,1.39591,1.50802,1.73982,,,,-0.20153284980607644,-0.19929726729750663,0.10926132860055923,0.05885746659136483,0.05144350255734691,SSP1,Lower CI,Mexico,missing,Protein,Nuts and Seeds,missing,missing,missing,missing,missing,missing,missing,%,MexicoNuts and Seeds
34631,0.501761,1.41536,1.39591,1.50802,1.73982,,,,0.0022232808568122485,0.0771261751291601,0.17258849462426995,0.1534910443332701,0.13325871716144572,SSP1,Median,Mexico,missing,Protein,Nuts and Seeds,missing,missing,missing,missing,missing,missing,missing,%,MexicoNuts and Seeds
34633,0.501761,1.41536,1.39591,1.50802,1.73982,,,,0.16968094855135724,0.9442873287641533,0.3729278107303756,0.20548890190977182,0.18209159705701222,SSP1,Upper CI,Mexico,missing,Protein,Nuts and Seeds,missing,missing,missing,missing,missing,missing,missing,%,MexicoNuts and Seeds
34671,1.52808,2.61521,2.54744,2.67483,2.75252,,,,-1.275746717423301,-1.5767249074758807,-1.1641375257649764,-0.9522715689181714,-0.9441235983727236,SSP1,Lower CI,Mexico,missing,Rice,Rice,missing,missing,missing,missing,missing,missing,missing,%,MexicoRice
34673,1.52808,2.61521,2.54744,2.67483,2.75252,,,,-1.1134444659262945,-1.0087598836369367,-0.9674222898770486,-0.9372588385756158,-0.9242904950754814,SSP1,Median,Mexico,missing,Rice,Rice,missing,missing,missing,missing,missing,missing,missing,%,MexicoRice
34675,1.52808,2.61521,2.54744,2.67483,2.75252,,,,-1.0324314329189503,0.09291191575095203,-0.49102181247968785,-0.9223951396909248,-0.9124416374320088,SSP1,Upper CI,Mexico,missing,Rice,Rice,missing,missing,missing,missing,missing,missing,missing,%,MexicoRice
34713,0.716742,1.25808,1.27991,1.38645,1.43158,,,,-0.22783490845402468,-0.6702924817081788,-0.303368047787372,-0.2623474457077284,-0.2544632199983183,SSP1,Lower CI,Mexico,missing,RootTuber,Roots and Tubers,missing,missing,missing,missing,missing,missing,missing,%,MexicoRoots and Tubers
34715,0.716742,1.25808,1.27991,1.38645,1.43158,,,,-0.1998208829663823,-0.3147033208097134,-0.2614405400780456,-0.22837311723338896,-0.23249786532645114,SSP1,Median,Mexico,missing,RootTuber,Roots and Tubers,missing,missing,missing,missing,missing,missing,missing,%,MexicoRoots and Tubers
34717,0.716742,1.25808,1.27991,1.38645,1.43158,,,,-0.07289886189671171,-0.14275805520359536,-0.20891745492506159,-0.19533725897368445,-0.19748491326625378,SSP1,Upper CI,Mexico,missing,RootTuber,Roots and Tubers,missing,missing,missing,missing,missing,missing,missing,%,MexicoRoots and Tubers
34755,2.3984,3.11807,11.8654,17.1457,18.596,,,,-0.07298285573432976,-0.06088258826467999,-0.05194454292717551,-0.054815844008722275,-0.04374411371642077,SSP1,Lower CI,Mexico,missing,SugarCrop,Sugar Crops,missing,missing,missing,missing,missing,missing,missing,%,MexicoSugar Crops
34757,2.3984,3.11807,11.8654,17.1457,18.596,,,,-0.05573208647735221,-0.04488492209305544,-0.04061563920573555,-0.028834065607749898,-0.020236345162427265,SSP1,Median,Mexico,missing,SugarCrop,Sugar Crops,missing,missing,missing,missing,missing,missing,missing,%,MexicoSugar Crops
34759,2.3984,3.11807,11.8654,17.1457,18.596,,,,-0.03883781244304767,-0.028406346041867304,-0.0354530774689813,-0.020577649643534188,-0.012965882359400268,SSP1,Upper CI,Mexico,missing,SugarCrop,Sugar Crops,missing,missing,missing,missing,missing,missing,missing,%,MexicoSugar Crops
34797,12.3673,13.338,11.9938,10.6462,11.0214,,,,-0.19121169508152175,-0.5207259409536098,-0.08776680449920175,-0.09332736010766307,-0.09528819048669693,SSP1,Lower CI,Mexico,missing,Wheat,Wheat,missing,missing,missing,missing,missing,missing,missing,%,MexicoWheat
34799,12.3673,13.338,11.9938,10.6462,11.0214,,,,-0.07037962020427951,-0.07388887393450201,-0.031152108555133895,-0.07022286921673435,-0.08234135789544901,SSP1,Median,Mexico,missing,Wheat,Wheat,missing,missing,missing,missing,missing,missing,missing,%,MexicoWheat
34801,12.3673,13.338,11.9938,10.6462,11.0214,,,,0.04383137542031108,0.6034356572027908,0.057434488274464894,-0.03658494794329328,-0.07250352394328027,SSP1,Upper CI,Mexico,missing,Wheat,Wheat,missing,missing,missing,missing,missing,missing,missing,%,MexicoWheat
35721,2.90675,4.89846,6.0141,7.0091,7.50681,,,,0.5087311812976323,0.016831964779593034,0.26791486531546,0.4545026498314131,0.49409626590043015,SSP1,Lower CI,Middle East,missing,Corn,Corn,missing,missing,missing,missing,missing,missing,missing,%,Middle EastCorn
35723,2.90675,4.89846,6.0141,7.0091,7.50681,,,,0.5588789470533976,0.5093352772239848,0.47423739731179865,0.504112631106545,0.5068604402390889,SSP1,Median,Middle East,missing,Corn,Corn,missing,missing,missing,missing,missing,missing,missing,%,Middle EastCorn
35725,2.90675,4.89846,6.0141,7.0091,7.50681,,,,0.6611210242044909,0.8993641497362775,0.5506698573661968,0.5197396090090929,0.52324610773877,SSP1,Upper CI,Middle East,missing,Corn,Corn,missing,missing,missing,missing,missing,missing,missing,%,Middle EastCorn
35763,6.98364,11.2408,11.8375,12.6552,14.5257,,,,0.0431067507251115,-0.2686339085435806,-0.0608329392192642,-0.005987576218243418,0.02859502907425768,SSP1,Lower CI,Middle East,missing,FruitsVeg,Fruits,missing,missing,missing,missing,missing,missing,missing,%,Middle EastFruits
35765,6.98364,11.2408,11.8375,12.6552,14.5257,,,,0.05762944699874986,0.009919137423536851,-0.00040954065751845506,0.01846917997442028,0.042973458971850766,SSP1,Median,Middle East,missing,FruitsVeg,Fruits,missing,missing,missing,missing,missing,missing,missing,%,Middle EastFruits
35767,6.98364,11.2408,11.8375,12.6552,14.5257,,,,0.08980321961028834,0.15771207613785376,0.01354177066149654,0.04573871161671523,0.06231575371575315,SSP1,Upper CI,Middle East,missing,FruitsVeg,Fruits,missing,missing,missing,missing,missing,missing,missing,%,Middle EastFruits
35805,3.87731,6.23001,6.79915,6.67265,7.66154,,,,-0.12731202679452489,-0.41268208141353063,-0.18659693188012555,-0.1344807089436873,-0.10248315057567822,SSP1,Lower CI,Middle East,missing,FruitsVeg,Vegetables,missing,missing,missing,missing,missing,missing,missing,%,Middle EastVegetables
35807,3.87731,6.23001,6.79915,6.67265,7.66154,,,,-0.11363834932744936,-0.13326138744513968,-0.12341462561579725,-0.10874260692718057,-0.08506221013924925,SSP1,Median,Middle East,missing,FruitsVeg,Vegetables,missing,missing,missing,missing,missing,missing,missing,%,Middle EastVegetables
35809,3.87731,6.23001,6.79915,6.67265,7.66154,,,,-0.075988228925354,0.01524157538084342,-0.11113421392851919,-0.0813580775527263,-0.06673070188688304,SSP1,Upper CI,Middle East,missing,FruitsVeg,Vegetables,missing,missing,missing,missing,missing,missing,missing,%,Middle EastVegetables
35847,1.40381,2.40592,2.07452,2.38036,2.73631,,,,-0.0017278979250457994,-0.26866941461381827,-0.06159149232114225,-0.01396303919404499,0.013171137827831638,SSP1,Lower CI,Middle East,missing,MiscCrop,Other Crops,missing,missing,missing,missing,missing,missing,missing,%,Middle EastOther Crops
35849,1.40381,2.40592,2.07452,2.38036,2.73631,,,,0.02029538291530422,-0.006173869754798552,-0.008246724460720643,0.008119299406045066,0.026789076768035,SSP1,Median,Middle East,missing,MiscCrop,Other Crops,missing,missing,missing,missing,missing,missing,missing,%,Middle EastOther Crops
35851,1.40381,2.40592,2.07452,2.38036,2.73631,,,,0.03763780091461699,0.12827104315262206,0.004686809130927047,0.031319274361638824,0.04271806388215386,SSP1,Upper CI,Middle East,missing,MiscCrop,Other Crops,missing,missing,missing,missing,missing,missing,missing,%,Middle EastOther Crops
35889,0.16186,0.26643,0.481762,0.334224,0.383245,,,,-1.6036738121743705,-1.238693389304573,-1.0559210172680555,-0.9392023112771276,-0.8856600154829699,SSP1,Lower CI,Middle East,missing,Oil,Fiber Crops,missing,missing,missing,missing,missing,missing,missing,%,Middle EastFiber Crops
35891,0.16186,0.26643,0.481762,0.334224,0.383245,,,,-1.37852498351383,-1.13795708720296,-0.9673566056869635,-0.9150880850551829,-0.8574489652694308,SSP1,Median,Middle East,missing,Oil,Fiber Crops,missing,missing,missing,missing,missing,missing,missing,%,Middle EastFiber Crops
35893,0.16186,0.26643,0.481762,0.334224,0.383245,,,,-1.258399967953673,-1.0500720308949067,-0.9484529840600624,-0.8874585747350033,-0.8376654169281739,SSP1,Upper CI,Middle East,missing,Oil,Fiber Crops,missing,missing,missing,missing,missing,missing,missing,%,Middle EastFiber Crops
35931,3.93741,5.1603,10.186,13.432,15.2767,,,,-0.2975020753618465,-0.14513859543539565,0.4634977890582106,0.4622601428218052,0.400156541183538,SSP1,Lower CI,Middle East,missing,Oil,Plant Oils,missing,missing,missing,missing,missing,missing,missing,%,Middle EastPlant Oils
35933,3.93741,5.1603,10.186,13.432,15.2767,,,,-0.09731438668900962,0.1980009353348734,0.5507610889427523,0.5061916040608797,0.4212626980360678,SSP1,Median,Middle East,missing,Oil,Plant Oils,missing,missing,missing,missing,missing,missing,missing,%,Middle EastPlant Oils
35935,3.93741,5.1603,10.186,13.432,15.2767,,,,-0.022685531779097323,0.3240850474535217,0.6260725225261634,0.5762882756753598,0.4734207224712755,SSP1,Upper CI,Middle East,missing,Oil,Plant Oils,missing,missing,missing,missing,missing,missing,missing,%,Middle EastPlant Oils
35973,1.00586,1.55746,5.53306,9.405,10.7587,,,,-0.14665886684180995,-0.08391371177325505,-0.15797670249293752,-0.10469177378642122,-0.08454527324711536,SSP1,Lower CI,Middle East,missing,Oil,Palm Oil,missing,missing,missing,missing,missing,missing,missing,%,Middle EastPalm Oil
35975,1.00586,1.55746,5.53306,9.405,10.7587,,,,-0.10207384107555341,-0.05535485342410163,-0.05804472175546961,-0.05991484636923286,-0.07073767052270084,SSP1,Median,Middle East,missing,Oil,Palm Oil,missing,missing,missing,missing,missing,missing,missing,%,Middle EastPalm Oil
35977,1.00586,1.55746,5.53306,9.405,10.7587,,,,-0.07189296361438095,0.0064557624906874875,-0.0011734869819604588,-0.03562115008154579,-0.06054518902257517,SSP1,Upper CI,Middle East,missing,Oil,Palm Oil,missing,missing,missing,missing,missing,missing,missing,%,Middle EastPalm Oil
36015,4.95363,6.72434,7.17198,7.45374,8.55714,,,,-0.11675670443822639,-0.21615050430732397,-0.003235678130500963,0.006338311748001577,0.03134869006966776,SSP1,Lower CI,Middle East,missing,Oil,Soybean,missing,missing,missing,missing,missing,missing,missing,%,Middle EastSoybean
36017,4.95363,6.72434,7.17198,7.45374,8.55714,,,,-0.027422721039151804,0.056157011763417905,0.08061265564549107,0.05731323254802762,0.06093276839371091,SSP1,Median,Middle East,missing,Oil,Soybean,missing,missing,missing,missing,missing,missing,missing,%,Middle EastSoybean
36019,4.95363,6.72434,7.17198,7.45374,8.55714,,,,0.1624612395034633,0.38618540574795956,0.2272540053979717,0.1712615336403423,0.1340402527132695,SSP1,Upper CI,Middle East,missing,Oil,Soybean,missing,missing,missing,missing,missing,missing,missing,%,Middle EastSoybean
36057,4.31793,3.98156,3.17702,2.81215,3.02389,,,,0.3489406558913825,-0.08481188060118605,0.32849162120755104,0.5026124961205871,0.5589768943574662,SSP1,Lower CI,Middle East,missing,OtherGrain,Other Grains,missing,missing,missing,missing,missing,missing,missing,%,Middle EastOther Grains
36059,4.31793,3.98156,3.17702,2.81215,3.02389,,,,0.5151946936796175,0.522056271341293,0.5574523382756784,0.5599317274355989,0.5697610340504506,SSP1,Median,Middle East,missing,OtherGrain,Other Grains,missing,missing,missing,missing,missing,missing,missing,%,Middle EastOther Grains
36061,4.31793,3.98156,3.17702,2.81215,3.02389,,,,0.5507265298131403,1.3591457047798516,0.5879879395778468,0.5753112103153997,0.5811823566989627,SSP1,Upper CI,Middle East,missing,OtherGrain,Other Grains,missing,missing,missing,missing,missing,missing,missing,%,Middle EastOther Grains
36099,1.14556,1.82751,2.6025,2.75785,3.10797,,,,-0.027967662695494645,-0.27390859823034497,-0.36864046877431583,-0.37450237192415586,-0.4283104969565904,SSP1,Lower CI,Middle East,missing,Protein,Beef,missing,missing,missing,missing,missing,missing,missing,%,Middle EastBeef
36101,1.14556,1.82751,2.6025,2.75785,3.10797,,,,-0.004768307804557217,-0.1702708045004837,-0.29872008238797787,-0.3391208131225494,-0.39720849231323346,SSP1,Median,Middle East,missing,Protein,Beef,missing,missing,missing,missing,missing,missing,missing,%,Middle EastBeef
36103,1.14556,1.82751,2.6025,2.75785,3.10797,,,,0.0636618525468568,-0.11209958759960506,-0.2767158124408366,-0.3056943051290962,-0.36250637628108207,SSP1,Upper CI,Middle East,missing,Protein,Beef,missing,missing,missing,missing,missing,missing,missing,%,Middle EastBeef
36141,9.45338,13.5127,12.8134,12.1279,13.6147,,,,0.4170437943351315,0.09578028259088014,0.28785902605046915,0.34963718971522356,0.3871117113049486,SSP1,Lower CI,Middle East,missing,Protein,Dairy,missing,missing,missing,missing,missing,missing,missing,%,Middle EastDairy
36143,9.45338,13.5127,12.8134,12.1279,13.6147,,,,0.43867316151327485,0.3952631309911208,0.35023144665352224,0.3717844132171937,0.39967074073135633,SSP1,Median,Middle East,missing,Protein,Dairy,missing,missing,missing,missing,missing,missing,missing,%,Middle EastDairy
36145,9.45338,13.5127,12.8134,12.1279,13.6147,,,,0.4607707797088658,0.5383881325253789,0.3610337423452065,0.39782935529648294,0.4228257163989164,SSP1,Upper CI,Middle East,missing,Protein,Dairy,missing,missing,missing,missing,missing,missing,missing,%,Middle EastDairy
36183,1.01917,2.30484,2.95087,3.7265,4.20255,,,,-0.07113713993959207,-0.5383431759044095,-0.2923745786011069,-0.24120857368492502,-0.23238334693972967,SSP1,Lower CI,Middle East,missing,Protein,Fish,missing,missing,missing,missing,missing,missing,missing,%,Middle EastFish
36185,1.01917,2.30484,2.95087,3.7265,4.20255,,,,-0.0409011647858407,-0.16874754540377856,-0.2252707734142544,-0.21426888463574406,-0.2142344361999514,SSP1,Median,Middle East,missing,Protein,Fish,missing,missing,missing,missing,missing,missing,missing,%,Middle EastFish
36187,1.01917,2.30484,2.95087,3.7265,4.20255,,,,0.004194223682968637,0.017649347094023715,-0.1964707885551621,-0.1770029842788212,-0.1853485600009856,SSP1,Upper CI,Middle East,missing,Protein,Fish,missing,missing,missing,missing,missing,missing,missing,%,Middle EastFish
36225,0.0606266,0.103043,0.115454,0.144233,0.162681,,,,0.055853809138664806,-0.28024775564318594,0.08601625883642233,0.1312367093303752,0.1458427117068572,SSP1,Lower CI,Middle East,missing,Protein,Pork,missing,missing,missing,missing,missing,missing,missing,%,Middle EastPork
36227,0.0606266,0.103043,0.115454,0.144233,0.162681,,,,0.16530498770231175,0.15367816909924562,0.20049925586375594,0.2401817402870775,0.2618833151549854,SSP1,Median,Middle East,missing,Protein,Pork,missing,missing,missing,missing,missing,missing,missing,%,Middle EastPork
36229,0.0606266,0.103043,0.115454,0.144233,0.162681,,,,0.47421507704725296,0.27652222427108075,0.2618846420136205,0.31019729594684275,0.33058022748857996,SSP1,Upper CI,Middle East,missing,Protein,Pork,missing,missing,missing,missing,missing,missing,missing,%,Middle EastPork
36267,3.00969,6.46289,8.66007,10.2563,11.5799,,,,0.0746415711144358,-0.3298917331733699,-0.2367456158638646,-0.2215426441588405,-0.2126193678833266,SSP1,Lower CI,Middle East,missing,Protein,Poultry,missing,missing,missing,missing,missing,missing,missing,%,Middle EastPoultry
36269,3.00969,6.46289,8.66007,10.2563,11.5799,,,,0.14835661525108657,-0.034166549519133935,-0.10667994176057902,-0.11219756006813295,-0.10998756098271358,SSP1,Median,Middle East,missing,Protein,Poultry,missing,missing,missing,missing,missing,missing,missing,%,Middle EastPoultry
36271,3.00969,6.46289,8.66007,10.2563,11.5799,,,,0.26100276381905135,0.12741425280883373,-0.06096004617209018,-0.042444415636065644,-0.043361602097365864,SSP1,Upper CI,Middle East,missing,Protein,Poultry,missing,missing,missing,missing,missing,missing,missing,%,Middle EastPoultry
36309,1.57205,1.99784,2.4166,2.50322,2.81345,,,,0.06440869177845694,-0.3190460422602495,-0.12917064187414717,-0.08151320970388229,-0.0690774805797126,SSP1,Lower CI,Middle East,missing,Protein,Sheep and Goat,missing,missing,missing,missing,missing,missing,missing,%,Middle EastSheep and Goat
36311,1.57205,1.99784,2.4166,2.50322,2.81345,,,,0.07549728672023175,-0.0033050286443009826,-0.07245194006884564,-0.06310189346697014,-0.054108518746595766,SSP1,Median,Middle East,missing,Protein,Sheep and Goat,missing,missing,missing,missing,missing,missing,missing,%,Middle EastSheep and Goat
36313,1.57205,1.99784,2.4166,2.50322,2.81345,,,,0.10361534483197744,0.15321834864051748,-0.041632171393957154,-0.023026445383921613,-0.021014785253803906,SSP1,Upper CI,Middle East,missing,Protein,Sheep and Goat,missing,missing,missing,missing,missing,missing,missing,%,Middle EastSheep and Goat
36351,3.08039,5.18297,4.8484,5.40251,6.64288,,,,-0.326348877036419,-0.251571884162317,-0.13621373345537535,-0.14274270082794052,-0.11926362842296016,SSP1,Lower CI,Middle East,missing,Protein,Legumes,missing,missing,missing,missing,missing,missing,missing,%,Middle EastLegumes
36353,3.08039,5.18297,4.8484,5.40251,6.64288,,,,-0.26169247891480585,-0.09876178188586437,-0.08294835960264517,-0.08234207522982874,-0.0675898787118092,SSP1,Median,Middle East,missing,Protein,Legumes,missing,missing,missing,missing,missing,missing,missing,%,Middle EastLegumes
36355,3.08039,5.18297,4.8484,5.40251,6.64288,,,,-0.12661385224800584,0.19513658022753808,0.008493016863963435,-0.03546991291627293,-0.013635072427028175,SSP1,Upper CI,Middle East,missing,Protein,Legumes,missing,missing,missing,missing,missing,missing,missing,%,Middle EastLegumes
36393,1.16474,2.8747,3.48674,4.11658,5.02675,,,,-0.6830528581781414,-0.7111560794837393,-0.31132895845561065,-0.4206494049242018,-0.4348638289716921,SSP1,Lower CI,Middle East,missing,Protein,Nuts and Seeds,missing,missing,missing,missing,missing,missing,missing,%,Middle EastNuts and Seeds
36395,1.16474,2.8747,3.48674,4.11658,5.02675,,,,-0.46721046368354,-0.36410617476999224,-0.23911186825170908,-0.3307483437776571,-0.34854864101896155,SSP1,Median,Middle East,missing,Protein,Nuts and Seeds,missing,missing,missing,missing,missing,missing,missing,%,Middle EastNuts and Seeds
36397,1.16474,2.8747,3.48674,4.11658,5.02675,,,,-0.2636573200846336,0.9276321079574337,-0.028889646783307965,-0.26318927601675224,-0.2889432857674669,SSP1,Upper CI,Middle East,missing,Protein,Nuts and Seeds,missing,missing,missing,missing,missing,missing,missing,%,Middle EastNuts and Seeds
36435,13.0444,20.1268,22.0762,23.5875,25.2773,,,,-1.9170352139892017,-2.4192573142176035,-1.9657494849351047,-1.6373826576249064,-1.6098277758478818,SSP1,Lower CI,Middle East,missing,Rice,Rice,missing,missing,missing,missing,missing,missing,missing,%,Middle EastRice
36437,13.0444,20.1268,22.0762,23.5875,25.2773,,,,-1.7235989531930094,-1.6824667187511062,-1.6666718642854312,-1.618047255790482,-1.582340415487185,SSP1,Median,Middle East,missing,Rice,Rice,missing,missing,missing,missing,missing,missing,missing,%,Middle EastRice
36439,13.0444,20.1268,22.0762,23.5875,25.2773,,,,-1.5701195764369076,-0.3996857220993042,-1.0247994981536426,-1.5927169260076115,-1.5672792224077863,SSP1,Upper CI,Middle East,missing,Rice,Rice,missing,missing,missing,missing,missing,missing,missing,%,Middle EastRice
36477,2.27032,4.60364,4.80708,5.32677,5.71384,,,,0.20827956019528032,-0.6669507187946517,0.03127952317534044,0.22704672750135574,0.2617888250274814,SSP1,Lower CI,Middle East,missing,RootTuber,Roots and Tubers,missing,missing,missing,missing,missing,missing,missing,%,Middle EastRoots and Tubers
36479,2.27032,4.60364,4.80708,5.32677,5.71384,,,,0.2938508882877266,0.17176793071741,0.2249380971885825,0.2837210220580553,0.29404142910080866,SSP1,Median,Middle East,missing,RootTuber,Roots and Tubers,missing,missing,missing,missing,missing,missing,missing,%,Middle EastRoots and Tubers
36481,2.27032,4.60364,4.80708,5.32677,5.71384,,,,0.47623193816765347,0.5750007403583139,0.32174934004614086,0.32539042290009773,0.32772964214347805,SSP1,Upper CI,Middle East,missing,RootTuber,Roots and Tubers,missing,missing,missing,missing,missing,missing,missing,%,Middle EastRoots and Tubers
36519,1.84857,2.72484,15.1954,24.1641,27.4927,,,,-0.0020835362431767673,-0.3328272954452311,-0.09189228735053617,-0.0820771122414383,-0.05719868861009009,SSP1,Lower CI,Middle East,missing,SugarCrop,Sugar Crops,missing,missing,missing,missing,missing,missing,missing,%,Middle EastSugar Crops
36521,1.84857,2.72484,15.1954,24.1641,27.4927,,,,0.035654947340674224,-0.023631153987355127,-0.026549245555600298,-0.02404553722280003,-0.010834105743200425,SSP1,Median,Middle East,missing,SugarCrop,Sugar Crops,missing,missing,missing,missing,missing,missing,missing,%,Middle EastSugar Crops
36523,1.84857,2.72484,15.1954,24.1641,27.4927,,,,0.07602683811391692,0.8672246354231554,0.14421827153070654,0.02246512703934295,0.02974383974815928,SSP1,Upper CI,Middle East,missing,SugarCrop,Sugar Crops,missing,missing,missing,missing,missing,missing,missing,%,Middle EastSugar Crops
36561,67.6039,91.7187,85.0698,90.745,97.781,,,,0.3133315421437245,0.05547192988545013,0.2268335363523401,0.33831224210355454,0.330187954551863,SSP1,Lower CI,Middle East,missing,Wheat,Wheat,missing,missing,missing,missing,missing,missing,missing,%,Middle EastWheat
36563,67.6039,91.7187,85.0698,90.745,97.781,,,,0.36422808066621204,0.36498441012055416,0.3660128622157754,0.34344997446353753,0.3353128278032971,SSP1,Median,Middle East,missing,Wheat,Wheat,missing,missing,missing,missing,missing,missing,missing,%,Middle EastWheat
36565,67.6039,91.7187,85.0698,90.745,97.781,,,,0.4240376079351592,0.5682204133878173,0.43454407601268347,0.3557351231100054,0.3424169208942116,SSP1,Upper CI,Middle East,missing,Wheat,Wheat,missing,missing,missing,missing,missing,missing,missing,%,Middle EastWheat
37485,2.60066,6.40405,7.82647,10.7945,11.1375,,,,0.5831647761019488,-0.3615545362276384,-1.3561722024269036,-1.9142351468228518,-2.379499280730799,SSP1,Lower CI,Pakistan,missing,Corn,Corn,missing,missing,missing,missing,missing,missing,missing,%,PakistanCorn
37487,2.60066,6.40405,7.82647,10.7945,11.1375,,,,0.6567190791929964,-0.29492971623163877,-1.3330691094281366,-1.8723056507482252,-2.3446164348208014,SSP1,Median,Pakistan,missing,Corn,Corn,missing,missing,missing,missing,missing,missing,missing,%,PakistanCorn
37489,2.60066,6.40405,7.82647,10.7945,11.1375,,,,0.7450798765865597,-0.25985968654368957,-1.2956492713707966,-1.8465212502154364,-2.322083323640102,SSP1,Upper CI,Pakistan,missing,Corn,Corn,missing,missing,missing,missing,missing,missing,missing,%,PakistanCorn
37527,1.67291,2.47851,3.19441,3.45951,4.01948,,,,-0.36222087077569703,-0.666099710203224,-0.8029845914545816,-0.8939854594938152,-1.0003081795554982,SSP1,Lower CI,Pakistan,missing,FruitsVeg,Fruits,missing,missing,missing,missing,missing,missing,missing,%,PakistanFruits
37529,1.67291,2.47851,3.19441,3.45951,4.01948,,,,-0.35174301857803597,-0.6358182916559422,-0.7849843442726885,-0.8817303137289583,-0.988972165643297,SSP1,Median,Pakistan,missing,FruitsVeg,Fruits,missing,missing,missing,missing,missing,missing,missing,%,PakistanFruits
37531,1.67291,2.47851,3.19441,3.45951,4.01948,,,,-0.34182062318034384,-0.5815881704062853,-0.7638637563988108,-0.8644466627456451,-0.9759837337433823,SSP1,Upper CI,Pakistan,missing,FruitsVeg,Fruits,missing,missing,missing,missing,missing,missing,missing,%,PakistanFruits
37569,1.25719,2.03369,2.10416,2.06393,2.40315,,,,-0.03088150935511881,-0.05523330867512126,0.022550416733998217,0.06948047160234669,0.1006435435484969,SSP1,Lower CI,Pakistan,missing,FruitsVeg,Vegetables,missing,missing,missing,missing,missing,missing,missing,%,PakistanVegetables
37571,1.25719,2.03369,2.10416,2.06393,2.40315,,,,-0.007684032401374488,-0.013291409734903455,0.03956879404974557,0.07945646015388258,0.11204844290759779,SSP1,Median,Pakistan,missing,FruitsVeg,Vegetables,missing,missing,missing,missing,missing,missing,missing,%,PakistanVegetables
37573,1.25719,2.03369,2.10416,2.06393,2.40315,,,,0.00407055647412642,0.031004176345869702,0.056866175705322555,0.09603840032975255,0.12322618752865207,SSP1,Upper CI,Pakistan,missing,FruitsVeg,Vegetables,missing,missing,missing,missing,missing,missing,missing,%,PakistanVegetables
37611,0.264744,0.44389,0.500731,0.584762,0.685314,,,,-0.9828970993379184,-1.04338187463988,-1.0547137172878018,-1.1160252204250327,-1.2008676685533297,SSP1,Lower CI,Pakistan,missing,MiscCrop,Other Crops,missing,missing,missing,missing,missing,missing,missing,%,PakistanOther Crops
37613,0.264744,0.44389,0.500731,0.584762,0.685314,,,,-0.9650715957947531,-0.9948245403375168,-1.0336102463006331,-1.1043063039171004,-1.1914411934141758,SSP1,Median,Pakistan,missing,MiscCrop,Other Crops,missing,missing,missing,missing,missing,missing,missing,%,PakistanOther Crops
37615,0.264744,0.44389,0.500731,0.584762,0.685314,,,,-0.9061743064652169,-0.9360122709854178,-1.0108551460374298,-1.0873586945707954,-1.1798513569675393,SSP1,Upper CI,Pakistan,missing,MiscCrop,Other Crops,missing,missing,missing,missing,missing,missing,missing,%,PakistanOther Crops
37653,2.23349,1.93289,1.37009,0.851219,0.981807,,,,-3.924622389378314,-3.1814565909552406,-2.5195849149723286,-2.398751200671285,-2.2715835525412054,SSP1,Lower CI,Pakistan,missing,Oil,Fiber Crops,missing,missing,missing,missing,missing,missing,missing,%,PakistanFiber Crops
37655,2.23349,1.93289,1.37009,0.851219,0.981807,,,,-3.840190333225268,-3.0813047414365795,-2.4681792912461105,-2.3418495604062493,-2.2234922474065053,SSP1,Median,Pakistan,missing,Oil,Fiber Crops,missing,missing,missing,missing,missing,missing,missing,%,PakistanFiber Crops
37657,2.23349,1.93289,1.37009,0.851219,0.981807,,,,-3.690754637309774,-3.0326488059706507,-2.437444550558364,-2.32180971291263,-2.1987142077231017,SSP1,Upper CI,Pakistan,missing,Oil,Fiber Crops,missing,missing,missing,missing,missing,missing,missing,%,PakistanFiber Crops
37695,0.917428,2.97111,2.59887,0.662966,0.769362,,,,-0.8407866995474079,-0.6707654177117177,-0.3721418571576305,-0.31636420624172,-0.2494340537730399,SSP1,Lower CI,Pakistan,missing,Oil,Plant Oils,missing,missing,missing,missing,missing,missing,missing,%,PakistanPlant Oils
37697,0.917428,2.97111,2.59887,0.662966,0.769362,,,,-0.6978411605937642,-0.36516618476861,-0.22445841577250378,-0.20923876838296626,-0.19797166635587377,SSP1,Median,Pakistan,missing,Oil,Plant Oils,missing,missing,missing,missing,missing,missing,missing,%,PakistanPlant Oils
37699,0.917428,2.97111,2.59887,0.662966,0.769362,,,,-0.5444449097945027,-0.2623235607109906,-0.1382545404646066,-0.13472638169145668,-0.1549835002203303,SSP1,Upper CI,Pakistan,missing,Oil,Plant Oils,missing,missing,missing,missing,missing,missing,missing,%,PakistanPlant Oils
37737,0.884728,2.4976,4.6162,4.84254,5.65456,,,,-1.2157971346145278,-1.1625451822180595,-1.1603927216306409,-1.2020266390706902,-1.2781263106137575,SSP1,Lower CI,Pakistan,missing,Oil,Palm Oil,missing,missing,missing,missing,missing,missing,missing,%,PakistanPalm Oil
37739,0.884728,2.4976,4.6162,4.84254,5.65456,,,,-1.2015211981823533,-1.1350490886116789,-1.120888486833006,-1.1912524181013737,-1.2645726195882974,SSP1,Median,Pakistan,missing,Oil,Palm Oil,missing,missing,missing,missing,missing,missing,missing,%,PakistanPalm Oil
37741,0.884728,2.4976,4.6162,4.84254,5.65456,,,,-1.155681413001001,-1.0232433462266757,-1.0764784680716284,-1.1667510701545218,-1.2503646324590967,SSP1,Upper CI,Pakistan,missing,Oil,Palm Oil,missing,missing,missing,missing,missing,missing,missing,%,PakistanPalm Oil
37779,1.89417,0.552669,0.170831,0.198531,0.232789,,,,-1.4960358560905695,-1.4366480731807947,-1.1606849362007818,-1.2508062649651397,-1.1784314008489587,SSP1,Lower CI,Pakistan,missing,Oil,Soybean,missing,missing,missing,missing,missing,missing,missing,%,PakistanSoybean
37781,1.89417,0.552669,0.170831,0.198531,0.232789,,,,-1.3652188602081763,-0.8627537326251846,-0.9268100829991127,-1.0627541531313658,-1.1141099496718128,SSP1,Median,Pakistan,missing,Oil,Soybean,missing,missing,missing,missing,missing,missing,missing,%,PakistanSoybean
37783,1.89417,0.552669,0.170831,0.198531,0.232789,,,,-0.9184143409275533,-0.49934624811313355,-0.7294347635046979,-0.9125678402426909,-1.0323956285084526,SSP1,Upper CI,Pakistan,missing,Oil,Soybean,missing,missing,missing,missing,missing,missing,missing,%,PakistanSoybean
37821,1.31262,1.176,1.14222,1.1688,1.20166,,,,-1.4110278959607845,-2.9344367384937255,-3.8625735987729883,-4.10318498903905,-4.338730875039083,SSP1,Lower CI,Pakistan,missing,OtherGrain,Other Grains,missing,missing,missing,missing,missing,missing,missing,%,PakistanOther Grains
37823,1.31262,1.176,1.14222,1.1688,1.20166,,,,-1.3588442795392452,-2.860976057694965,-3.848939821022726,-4.088483200443124,-4.332648688570973,SSP1,Median,Pakistan,missing,OtherGrain,Other Grains,missing,missing,missing,missing,missing,missing,missing,%,PakistanOther Grains
37825,1.31262,1.176,1.14222,1.1688,1.20166,,,,-1.2876225646302917,-2.7943554116088425,-3.816988020608013,-4.065780792432568,-4.306722823122465,SSP1,Upper CI,Pakistan,missing,OtherGrain,Other Grains,missing,missing,missing,missing,missing,missing,missing,%,PakistanOther Grains
37863,0.788825,1.32356,2.18172,2.70054,3.10082,,,,-0.06930445171115159,-0.13269517333687408,-0.07983539543320889,-0.043062041093756484,-0.0324654537526795,SSP1,Lower CI,Pakistan,missing,Protein,Beef,missing,missing,missing,missing,missing,missing,missing,%,PakistanBeef
37865,0.788825,1.32356,2.18172,2.70054,3.10082,,,,-0.05589356470945373,-0.0608116865822809,-0.04707353576581017,-0.026260726214799426,-0.012299652579683736,SSP1,Median,Pakistan,missing,Protein,Beef,missing,missing,missing,missing,missing,missing,missing,%,PakistanBeef
37867,0.788825,1.32356,2.18172,2.70054,3.10082,,,,-0.04265439372836215,-0.005861535319085592,0.00859645854958909,0.03560738332955375,0.04724953117777877,SSP1,Upper CI,Pakistan,missing,Protein,Beef,missing,missing,missing,missing,missing,missing,missing,%,PakistanBeef
37905,10.0237,20.2146,22.4453,29.5328,33.9787,,,,-0.04676996235540222,-0.10444518189657981,-0.08322488942199846,-0.06238118192835046,-0.08240402314459076,SSP1,Lower CI,Pakistan,missing,Protein,Dairy,missing,missing,missing,missing,missing,missing,missing,%,PakistanDairy
37907,10.0237,20.2146,22.4453,29.5328,33.9787,,,,-0.022999621460643944,-0.05116706036681879,-0.049953287274153636,-0.057079710587471404,-0.07112004366930495,SSP1,Median,Pakistan,missing,Protein,Dairy,missing,missing,missing,missing,missing,missing,missing,%,PakistanDairy
37909,10.0237,20.2146,22.4453,29.5328,33.9787,,,,-0.005904086344107683,-0.02176690034156767,-0.02446920626031746,-0.026126417028890268,-0.042179648188740745,SSP1,Upper CI,Pakistan,missing,Protein,Dairy,missing,missing,missing,missing,missing,missing,missing,%,PakistanDairy
37947,1.01058,1.91268,1.89617,2.03577,2.3647,,,,-1.0314438520646851,-1.1645642163413175,-1.1168618926037113,-1.1495983371847853,-1.2450319188383812,SSP1,Lower CI,Pakistan,missing,Protein,Fish,missing,missing,missing,missing,missing,missing,missing,%,PakistanFish
37949,1.01058,1.91268,1.89617,2.03577,2.3647,,,,-0.9785813393607172,-1.0534019298974968,-1.0773497668414074,-1.142177123390794,-1.2351976497824624,SSP1,Median,Pakistan,missing,Protein,Fish,missing,missing,missing,missing,missing,missing,missing,%,PakistanFish
37951,1.01058,1.91268,1.89617,2.03577,2.3647,,,,-0.9267435191586916,-0.9395010817354341,-1.0198364370191497,-1.0946945658164704,-1.1978300830838877,SSP1,Upper CI,Pakistan,missing,Protein,Fish,missing,missing,missing,missing,missing,missing,missing,%,PakistanFish
37989,0.0,0.0,0.0,0.0001747,0.000202885,,,,-0.9013694879622038,-0.8676375423715643,-0.7835321908291335,-0.8214281111297441,-0.9029008869721289,SSP1,Lower CI,Pakistan,missing,Protein,Pork,missing,missing,missing,missing,missing,missing,missing,%,PakistanPork
37991,0.0,0.0,0.0,0.0001747,0.000202885,,,,-0.8351981025538668,-0.7383436399517915,-0.697150046468043,-0.7461071319283471,-0.8353468769998579,SSP1,Median,Pakistan,missing,Protein,Pork,missing,missing,missing,missing,missing,missing,missing,%,PakistanPork
37993,0.0,0.0,0.0,0.0001747,0.000202885,,,,-0.5721990311861485,-0.6704228371205858,-0.6466016352203088,-0.7009284566124503,-0.7855686571953833,SSP1,Upper CI,Pakistan,missing,Protein,Pork,missing,missing,missing,missing,missing,missing,missing,%,PakistanPork
38031,0.403153,0.92575,1.43428,2.03204,2.33988,,,,0.4710772848485367,0.3560592411504002,0.3612176437991788,0.3882137891675739,0.3860979159673006,SSP1,Lower CI,Pakistan,missing,Protein,Poultry,missing,missing,missing,missing,missing,missing,missing,%,PakistanPoultry
38033,0.403153,0.92575,1.43428,2.03204,2.33988,,,,0.4986661924053291,0.4329527759057481,0.4163560858330037,0.43318547841593386,0.4316428666343662,SSP1,Median,Pakistan,missing,Protein,Poultry,missing,missing,missing,missing,missing,missing,missing,%,PakistanPoultry
38035,0.403153,0.92575,1.43428,2.03204,2.33988,,,,0.525057193036441,0.5693470832157279,0.552650209905556,0.5842599656580012,0.5811228759778689,SSP1,Upper CI,Pakistan,missing,Protein,Poultry,missing,missing,missing,missing,missing,missing,missing,%,PakistanPoultry
38073,0.731145,0.701719,0.673675,0.855276,0.986378,,,,-0.2959026792624764,-0.4079290905349484,-0.3837627320125482,-0.3794525962149005,-0.40814596879439474,SSP1,Lower CI,Pakistan,missing,Protein,Sheep and Goat,missing,missing,missing,missing,missing,missing,missing,%,PakistanSheep and Goat
38075,0.731145,0.701719,0.673675,0.855276,0.986378,,,,-0.2572807813561243,-0.3308647752211124,-0.3293269574908634,-0.34030725497838876,-0.3684897383830845,SSP1,Median,Pakistan,missing,Protein,Sheep and Goat,missing,missing,missing,missing,missing,missing,missing,%,PakistanSheep and Goat
38077,0.731145,0.701719,0.673675,0.855276,0.986378,,,,-0.25229850135106446,-0.19610531533539932,-0.2000584719673345,-0.19866405103894652,-0.22815679900444824,SSP1,Upper CI,Pakistan,missing,Protein,Sheep and Goat,missing,missing,missing,missing,missing,missing,missing,%,PakistanSheep and Goat
38115,2.86193,3.68686,3.45315,3.31384,4.21273,,,,-0.2939026292526507,-0.3903036540894673,-0.4743484893338824,-0.508581863227993,-0.5206895087732674,SSP1,Lower CI,Pakistan,missing,Protein,Legumes,missing,missing,missing,missing,missing,missing,missing,%,PakistanLegumes
38117,2.86193,3.68686,3.45315,3.31384,4.21273,,,,-0.20456533249227296,-0.20519029548907752,-0.34715329923536303,-0.4024137869171635,-0.42756939042631276,SSP1,Median,Pakistan,missing,Protein,Legumes,missing,missing,missing,missing,missing,missing,missing,%,PakistanLegumes
38119,2.86193,3.68686,3.45315,3.31384,4.21273,,,,-0.04871910989695914,0.011853458962858027,-0.17576930398382348,-0.3681359897822289,-0.3687936888252119,SSP1,Upper CI,Pakistan,missing,Protein,Legumes,missing,missing,missing,missing,missing,missing,missing,%,PakistanLegumes
38157,0.345553,0.416452,0.534714,0.619038,0.790824,,,,2.06016701300603,1.2321255824465316,0.6564884796159126,0.44476753022228277,0.5455741758499105,SSP1,Lower CI,Pakistan,missing,Protein,Nuts and Seeds,missing,missing,missing,missing,missing,missing,missing,%,PakistanNuts and Seeds
38159,0.345553,0.416452,0.534714,0.619038,0.790824,,,,2.3399407091674718,1.5221752101517754,0.7532269636337483,0.5864428516577569,0.6398254630731287,SSP1,Median,Pakistan,missing,Protein,Nuts and Seeds,missing,missing,missing,missing,missing,missing,missing,%,PakistanNuts and Seeds
38161,0.345553,0.416452,0.534714,0.619038,0.790824,,,,2.5468471486934847,2.334315691410503,0.912712039483461,0.655170224924784,0.6892234562099407,SSP1,Upper CI,Pakistan,missing,Protein,Nuts and Seeds,missing,missing,missing,missing,missing,missing,missing,%,PakistanNuts and Seeds
38199,7.19506,8.6524,9.61642,9.91597,10.403,,,,-1.6700274066417506,-1.4573773502597525,-1.3180924194180743,-1.1888753255299387,-1.0864219027655713,SSP1,Lower CI,Pakistan,missing,Rice,Rice,missing,missing,missing,missing,missing,missing,missing,%,PakistanRice
38201,7.19506,8.6524,9.61642,9.91597,10.403,,,,-1.5662360144739158,-1.4278652767795619,-1.2932981805977326,-1.1845795390542342,-1.079122816904433,SSP1,Median,Pakistan,missing,Rice,Rice,missing,missing,missing,missing,missing,missing,missing,%,PakistanRice
38203,7.19506,8.6524,9.61642,9.91597,10.403,,,,-1.532084533008807,-1.2615666320424648,-1.2248094272869443,-1.165772978466611,-1.066651243857002,SSP1,Upper CI,Pakistan,missing,Rice,Rice,missing,missing,missing,missing,missing,missing,missing,%,PakistanRice
38241,0.635803,1.49022,1.99413,2.30218,2.43185,,,,-1.233821482899487,-1.6069965093105218,-1.7952276463593366,-1.9478883927023436,-2.1386304241936527,SSP1,Lower CI,Pakistan,missing,RootTuber,Roots and Tubers,missing,missing,missing,missing,missing,missing,missing,%,PakistanRoots and Tubers
38243,0.635803,1.49022,1.99413,2.30218,2.43185,,,,-1.0917305113214562,-1.5027397424373,-1.7649916065330302,-1.9264657991642908,-2.1149428150600507,SSP1,Median,Pakistan,missing,RootTuber,Roots and Tubers,missing,missing,missing,missing,missing,missing,missing,%,PakistanRoots and Tubers
38245,0.635803,1.49022,1.99413,2.30218,2.43185,,,,-0.9752770468586149,-1.2886273367588648,-1.6690672271799138,-1.8589631723953335,-2.072951383636518,SSP1,Upper CI,Pakistan,missing,RootTuber,Roots and Tubers,missing,missing,missing,missing,missing,missing,missing,%,PakistanRoots and Tubers
38283,3.4372,5.54205,12.6145,17.8634,20.4936,,,,2.088701538368717,2.2708614633620945,2.52720016839042,2.771939797386907,3.0292990328683005,SSP1,Lower CI,Pakistan,missing,SugarCrop,Sugar Crops,missing,missing,missing,missing,missing,missing,missing,%,PakistanSugar Crops
38285,3.4372,5.54205,12.6145,17.8634,20.4936,,,,2.211960926281153,2.3615731060876257,2.552978660436451,2.800444026837798,3.051537110145231,SSP1,Median,Pakistan,missing,SugarCrop,Sugar Crops,missing,missing,missing,missing,missing,missing,missing,%,PakistanSugar Crops
38287,3.4372,5.54205,12.6145,17.8634,20.4936,,,,2.249345312934694,2.4321307866297914,2.5780568196932028,2.806208516153481,3.0559216460100296,SSP1,Upper CI,Pakistan,missing,SugarCrop,Sugar Crops,missing,missing,missing,missing,missing,missing,missing,%,PakistanSugar Crops
38325,46.9115,62.5479,65.2253,66.5185,70.4775,,,,0.1877133134064319,0.34187707475931384,0.5194127903821393,0.6057811533004659,0.677667033421255,SSP1,Lower CI,Pakistan,missing,Wheat,Wheat,missing,missing,missing,missing,missing,missing,missing,%,PakistanWheat
38327,46.9115,62.5479,65.2253,66.5185,70.4775,,,,0.1979045711157105,0.36294662026078484,0.5271360648444654,0.6086931546511386,0.6797407336439346,SSP1,Median,Pakistan,missing,Wheat,Wheat,missing,missing,missing,missing,missing,missing,missing,%,PakistanWheat
38329,46.9115,62.5479,65.2253,66.5185,70.4775,,,,0.22372592271101158,0.3721959620186456,0.5315525790746796,0.6118354272098941,0.683476391650584,SSP1,Upper CI,Pakistan,missing,Wheat,Wheat,missing,missing,missing,missing,missing,missing,missing,%,PakistanWheat
39249,0.0935919,0.407914,0.356664,0.23938,0.234051,,,,0.24476919456700724,0.11384694665835174,0.1466068498697944,0.19101702851803648,0.1943956871198884,SSP1,Lower CI,Russia,missing,Corn,Corn,missing,missing,missing,missing,missing,missing,missing,%,RussiaCorn
39251,0.0935919,0.407914,0.356664,0.23938,0.234051,,,,0.2814354236820736,0.23184992671714943,0.19678897744391968,0.21046748632341636,0.2035960674796331,SSP1,Median,Russia,missing,Corn,Corn,missing,missing,missing,missing,missing,missing,missing,%,RussiaCorn
39253,0.0935919,0.407914,0.356664,0.23938,0.234051,,,,0.40680699432373496,0.4711331865607645,0.2645629257998674,0.23637744085552986,0.22493348515959824,SSP1,Upper CI,Russia,missing,Corn,Corn,missing,missing,missing,missing,missing,missing,missing,%,RussiaCorn
39291,2.26904,3.68579,4.14314,4.11679,4.3458,,,,-0.0500258203424363,-0.09487156180239423,-0.07453839330848669,-0.05902205765647076,-0.05106171104139486,SSP1,Lower CI,Russia,missing,FruitsVeg,Fruits,missing,missing,missing,missing,missing,missing,missing,%,RussiaFruits
39293,2.26904,3.68579,4.14314,4.11679,4.3458,,,,-0.02331522336758803,-0.04182808573109219,-0.0422910573903349,-0.04219493977786588,-0.04136772989776314,SSP1,Median,Russia,missing,FruitsVeg,Fruits,missing,missing,missing,missing,missing,missing,missing,%,RussiaFruits
39295,2.26904,3.68579,4.14314,4.11679,4.3458,,,,0.017177771657068772,0.028159084750651986,-0.025309659269004057,-0.026742594373231156,-0.032122005889238976,SSP1,Upper CI,Russia,missing,FruitsVeg,Fruits,missing,missing,missing,missing,missing,missing,missing,%,RussiaFruits
39333,3.1388,3.26123,3.94044,4.07991,4.30819,,,,-0.06111755900422185,-0.10796009397462664,-0.07832228750125692,-0.06138697516024555,-0.05269647940592152,SSP1,Lower CI,Russia,missing,FruitsVeg,Vegetables,missing,missing,missing,missing,missing,missing,missing,%,RussiaVegetables
39335,3.1388,3.26123,3.94044,4.07991,4.30819,,,,-0.0372800167500839,-0.050594585764952967,-0.04745483149604436,-0.043141511388117164,-0.040886249527018255,SSP1,Median,Russia,missing,FruitsVeg,Vegetables,missing,missing,missing,missing,missing,missing,missing,%,RussiaVegetables
39337,3.1388,3.26123,3.94044,4.07991,4.30819,,,,0.003923992934223509,0.01820155108050564,-0.02867332945347219,-0.02803012331356541,-0.032196286059382406,SSP1,Upper CI,Russia,missing,FruitsVeg,Vegetables,missing,missing,missing,missing,missing,missing,missing,%,RussiaVegetables
39375,1.66495,1.24838,0.99949,0.91583,0.96919,,,,-0.028452263687715244,-0.05051316586660051,-0.02904341199496955,-0.011021718976138926,-0.0016730159413072456,SSP1,Lower CI,Russia,missing,MiscCrop,Other Crops,missing,missing,missing,missing,missing,missing,missing,%,RussiaOther Crops
39377,1.66495,1.24838,0.99949,0.91583,0.96919,,,,-0.016174539818623112,-0.009792313052043424,0.0008912655176985694,0.007182488446730128,0.009061745921148582,SSP1,Median,Russia,missing,MiscCrop,Other Crops,missing,missing,missing,missing,missing,missing,missing,%,RussiaOther Crops
39379,1.66495,1.24838,0.99949,0.91583,0.96919,,,,0.018182714596531036,0.05027577645928688,0.016847147015726094,0.019243778119111817,0.015694875419305858,SSP1,Upper CI,Russia,missing,MiscCrop,Other Crops,missing,missing,missing,missing,missing,missing,missing,%,RussiaOther Crops
39417,7.54685,10.9602,12.5739,14.6195,15.4096,,,,0.07055809015661031,0.02066901328925061,0.14435083351553119,0.14809011431104538,0.16125498636142271,SSP1,Lower CI,Russia,missing,Oil,Plant Oils,missing,missing,missing,missing,missing,missing,missing,%,RussiaPlant Oils
39419,7.54685,10.9602,12.5739,14.6195,15.4096,,,,0.18706649206902468,0.23982705294307846,0.22913275390840937,0.2006264563958883,0.1900998731321748,SSP1,Median,Russia,missing,Oil,Plant Oils,missing,missing,missing,missing,missing,missing,missing,%,RussiaPlant Oils
39421,7.54685,10.9602,12.5739,14.6195,15.4096,,,,0.2596255374110175,0.29106862391658317,0.3465114652429185,0.2848105765776653,0.2439125600630726,SSP1,Upper CI,Russia,missing,Oil,Plant Oils,missing,missing,missing,missing,missing,missing,missing,%,RussiaPlant Oils
39459,1.47755,0.926189,0.766834,0.857725,0.906165,,,,-0.08371994154938817,-0.14749838640448826,0.008449194276480027,-0.00776943251434245,0.0036854254756872942,SSP1,Lower CI,Russia,missing,Oil,Soybean,missing,missing,missing,missing,missing,missing,missing,%,RussiaSoybean
39461,1.47755,0.926189,0.766834,0.857725,0.906165,,,,-0.0036650506542106253,0.032261530607089056,0.036327225368171685,0.029439837506365602,0.030571687865585187,SSP1,Median,Russia,missing,Oil,Soybean,missing,missing,missing,missing,missing,missing,missing,%,RussiaSoybean
39463,1.47755,0.926189,0.766834,0.857725,0.906165,,,,0.07691341890583961,0.25360297595672227,0.12622734855185058,0.08298892164545119,0.06824795773746595,SSP1,Upper CI,Russia,missing,Oil,Soybean,missing,missing,missing,missing,missing,missing,missing,%,RussiaSoybean
39501,6.99184,5.25358,7.72895,7.87529,7.75651,,,,0.37943730358044997,0.2325785690871781,0.25260008270017925,0.3035471625795268,0.3153782202780854,SSP1,Lower CI,Russia,missing,OtherGrain,Other Grains,missing,missing,missing,missing,missing,missing,missing,%,RussiaOther Grains
39503,6.99184,5.25358,7.72895,7.87529,7.75651,,,,0.4139567237695106,0.316888451375966,0.3052946278250469,0.3252146296240752,0.3211411944672276,SSP1,Median,Russia,missing,OtherGrain,Other Grains,missing,missing,missing,missing,missing,missing,missing,%,RussiaOther Grains
39505,6.99184,5.25358,7.72895,7.87529,7.75651,,,,0.5156320205124655,0.5207838263476557,0.3532951100738371,0.33694988683303745,0.3267943124104129,SSP1,Upper CI,Russia,missing,OtherGrain,Other Grains,missing,missing,missing,missing,missing,missing,missing,%,RussiaOther Grains
39543,9.91551,5.11206,4.97527,4.40818,4.62486,,,,-0.02017766750358793,-0.07466727445896554,-0.10582846462667285,-0.10708184589817255,-0.11800457669095726,SSP1,Lower CI,Russia,missing,Protein,Beef,missing,missing,missing,missing,missing,missing,missing,%,RussiaBeef
39545,9.91551,5.11206,4.97527,4.40818,4.62486,,,,0.00019445870096067893,-0.0503903302816786,-0.07874076981304795,-0.09215174138928267,-0.10487007664148078,SSP1,Median,Russia,missing,Protein,Beef,missing,missing,missing,missing,missing,missing,missing,%,RussiaBeef
39547,9.91551,5.11206,4.97527,4.40818,4.62486,,,,0.03328973991171575,0.018410992908597858,-0.058977320654247725,-0.06876506682037858,-0.08518775511668303,SSP1,Upper CI,Russia,missing,Protein,Beef,missing,missing,missing,missing,missing,missing,missing,%,RussiaBeef
39585,20.172,19.6772,19.4575,17.0725,17.9237,,,,-0.05681879400155487,-0.0973420338245568,-0.0777530588160984,-0.06219879493161802,-0.05656897638021962,SSP1,Lower CI,Russia,missing,Protein,Dairy,missing,missing,missing,missing,missing,missing,missing,%,RussiaDairy
39587,20.172,19.6772,19.4575,17.0725,17.9237,,,,-0.04057953568704335,-0.04890780853638002,-0.04766802956587544,-0.046125928620754535,-0.04619933449241024,SSP1,Median,Russia,missing,Protein,Dairy,missing,missing,missing,missing,missing,missing,missing,%,RussiaDairy
39589,20.172,19.6772,19.4575,17.0725,17.9237,,,,-0.004444138182056946,-0.002735985275725973,-0.034643137212933044,-0.03181379758402014,-0.03615389846070267,SSP1,Upper CI,Russia,missing,Protein,Dairy,missing,missing,missing,missing,missing,missing,missing,%,RussiaDairy
39627,4.5102,3.35343,4.2055,4.08505,4.29034,,,,-0.07221698129316931,-0.15227734024426387,-0.11577050772557218,-0.09402859375037864,-0.08707331093822915,SSP1,Lower CI,Russia,missing,Protein,Fish,missing,missing,missing,missing,missing,missing,missing,%,RussiaFish
39629,4.5102,3.35343,4.2055,4.08505,4.29034,,,,-0.045839105868692394,-0.07654141106196949,-0.07826876869860318,-0.07147204697491416,-0.07028161930827502,SSP1,Median,Russia,missing,Protein,Fish,missing,missing,missing,missing,missing,missing,missing,%,RussiaFish
39631,4.5102,3.35343,4.2055,4.08505,4.29034,,,,0.017676518733156652,0.02138527053718821,-0.05289333248396998,-0.049875455851454496,-0.055842829145596136,SSP1,Upper CI,Russia,missing,Protein,Fish,missing,missing,missing,missing,missing,missing,missing,%,RussiaFish
39669,9.94278,6.23143,7.96462,9.31825,9.79447,,,,0.001860933109449514,-0.0105070536977128,0.007742352281649392,0.02185307506363281,0.028558436585350074,SSP1,Lower CI,Russia,missing,Protein,Pork,missing,missing,missing,missing,missing,missing,missing,%,RussiaPork
39671,9.94278,6.23143,7.96462,9.31825,9.79447,,,,0.017363332138941315,0.024566223947817815,0.03291338264630099,0.040627134857835215,0.04674863216541676,SSP1,Median,Russia,missing,Protein,Pork,missing,missing,missing,missing,missing,missing,missing,%,RussiaPork
39673,9.94278,6.23143,7.96462,9.31825,9.79447,,,,0.051142922893646706,0.04580962737087898,0.04865309283745559,0.058332059524198995,0.06070684630735627,SSP1,Upper CI,Russia,missing,Protein,Pork,missing,missing,missing,missing,missing,missing,missing,%,RussiaPork
39711,6.06641,5.86966,7.05299,8.36202,8.79547,,,,-0.03889173608306316,-0.08356791052774803,-0.06268785595282683,-0.04940107059805493,-0.04407799139251461,SSP1,Lower CI,Russia,missing,Protein,Poultry,missing,missing,missing,missing,missing,missing,missing,%,RussiaPoultry
39713,6.06641,5.86966,7.05299,8.36202,8.79547,,,,-0.02224822905873304,-0.02861160874471707,-0.03503452134175662,-0.03209199810018186,-0.032698327997483914,SSP1,Median,Russia,missing,Protein,Poultry,missing,missing,missing,missing,missing,missing,missing,%,RussiaPoultry
39715,6.06641,5.86966,7.05299,8.36202,8.79547,,,,0.03343489712280754,-0.0050370855990214125,-0.019032637001484838,-0.014728962262653019,-0.01689332697872279,SSP1,Upper CI,Russia,missing,Protein,Poultry,missing,missing,missing,missing,missing,missing,missing,%,RussiaPoultry
39753,0.811335,0.328978,0.410612,0.428132,0.447856,,,,0.04921712700013425,0.06902579047627484,0.04242730060247421,0.039818681621280716,0.03316996311843641,SSP1,Lower CI,Russia,missing,Protein,Sheep and Goat,missing,missing,missing,missing,missing,missing,missing,%,RussiaSheep and Goat
39755,0.811335,0.328978,0.410612,0.428132,0.447856,,,,0.08539483272225441,0.10356897057491302,0.08898024374492125,0.0806438208673032,0.07059916472882485,SSP1,Median,Russia,missing,Protein,Sheep and Goat,missing,missing,missing,missing,missing,missing,missing,%,RussiaSheep and Goat
39757,0.811335,0.328978,0.410612,0.428132,0.447856,,,,0.12833705803036044,0.1985442075781959,0.175970976101894,0.178730716941822,0.17078075083965338,SSP1,Upper CI,Russia,missing,Protein,Sheep and Goat,missing,missing,missing,missing,missing,missing,missing,%,RussiaSheep and Goat
39795,1.06629,0.823405,0.883353,1.1272,1.36222,,,,-0.20111965549961167,-0.09053448034699443,0.0060528697711680485,0.001316338168293768,0.007545261006552305,SSP1,Lower CI,Russia,missing,Protein,Legumes,missing,missing,missing,missing,missing,missing,missing,%,RussiaLegumes
39797,1.06629,0.823405,0.883353,1.1272,1.36222,,,,-0.03874770395393189,0.011942372191554546,0.05889869565565137,0.06834927922017899,0.06629656235266446,SSP1,Median,Russia,missing,Protein,Legumes,missing,missing,missing,missing,missing,missing,missing,%,RussiaLegumes
39799,1.06629,0.823405,0.883353,1.1272,1.36222,,,,0.03639997895090541,0.16686915835525692,0.16420768719957873,0.12495873584157102,0.1305020009184001,SSP1,Upper CI,Russia,missing,Protein,Legumes,missing,missing,missing,missing,missing,missing,missing,%,RussiaLegumes
39837,0.11677,0.848462,1.00462,0.829123,0.995884,,,,0.2184485715024276,0.26204053593285576,0.42351749725696364,0.40046629591349714,0.40110139264761424,SSP1,Lower CI,Russia,missing,Protein,Nuts and Seeds,missing,missing,missing,missing,missing,missing,missing,%,RussiaNuts and Seeds
39839,0.11677,0.848462,1.00462,0.829123,0.995884,,,,0.38868803711528316,0.45572275691566744,0.5052518144913688,0.507277422666027,0.4864008745417747,SSP1,Median,Russia,missing,Protein,Nuts and Seeds,missing,missing,missing,missing,missing,missing,missing,%,RussiaNuts and Seeds
39841,0.11677,0.848462,1.00462,0.829123,0.995884,,,,0.6119408034987043,1.1165412434013997,0.8021145962446049,0.5676269162131623,0.5560456520300211,SSP1,Upper CI,Russia,missing,Protein,Nuts and Seeds,missing,missing,missing,missing,missing,missing,missing,%,RussiaNuts and Seeds
39879,3.24562,2.6492,2.33341,2.65938,2.60454,,,,-9.020124248921066,-9.393282179910457,-8.934243869782993,-8.720480545505675,-8.7458110541289,SSP1,Lower CI,Russia,missing,Rice,Rice,missing,missing,missing,missing,missing,missing,missing,%,RussiaRice
39881,3.24562,2.6492,2.33341,2.65938,2.60454,,,,-8.95002901163178,-8.812524784961134,-8.71082057579241,-8.706267741488638,-8.728369174622884,SSP1,Median,Russia,missing,Rice,Rice,missing,missing,missing,missing,missing,missing,missing,%,RussiaRice
39883,3.24562,2.6492,2.33341,2.65938,2.60454,,,,-8.82241484342437,-7.135745459516926,-8.121334924742811,-8.687833165654714,-8.718568334846058,SSP1,Upper CI,Russia,missing,Rice,Rice,missing,missing,missing,missing,missing,missing,missing,%,RussiaRice
39921,10.702,8.18397,10.6084,10.1502,9.94148,,,,0.2958375068216347,0.08210777113595774,0.11838328854200024,0.1750254979539383,0.18536488514674082,SSP1,Lower CI,Russia,missing,RootTuber,Roots and Tubers,missing,missing,missing,missing,missing,missing,missing,%,RussiaRoots and Tubers
39923,10.702,8.18397,10.6084,10.1502,9.94148,,,,0.4105787452116135,0.22078936404216967,0.186991646264576,0.21650518398876312,0.21419581327685588,SSP1,Median,Russia,missing,RootTuber,Roots and Tubers,missing,missing,missing,missing,missing,missing,missing,%,RussiaRoots and Tubers
39925,10.702,8.18397,10.6084,10.1502,9.94148,,,,0.5193170046889475,0.5421118361147237,0.2717458330289894,0.2557144128182747,0.24285176524956792,SSP1,Upper CI,Russia,missing,RootTuber,Roots and Tubers,missing,missing,missing,missing,missing,missing,missing,%,RussiaRoots and Tubers
39963,4.46874,4.40501,15.0507,19.46,20.5384,,,,-0.17029235860153344,-0.2073556119899515,-0.12571509462193425,-0.11763036957973323,-0.11068063578012953,SSP1,Lower CI,Russia,missing,SugarCrop,Sugar Crops,missing,missing,missing,missing,missing,missing,missing,%,RussiaSugar Crops
39965,4.46874,4.40501,15.0507,19.46,20.5384,,,,-0.13456956724217412,-0.1194582875991516,-0.10234469987691487,-0.09672364451009378,-0.09416597031784557,SSP1,Median,Russia,missing,SugarCrop,Sugar Crops,missing,missing,missing,missing,missing,missing,missing,%,RussiaSugar Crops
39967,4.46874,4.40501,15.0507,19.46,20.5384,,,,-0.09945131122532094,0.06299970234381329,-0.07879769650399004,-0.0851091472973134,-0.08424449258440496,SSP1,Upper CI,Russia,missing,SugarCrop,Sugar Crops,missing,missing,missing,missing,missing,missing,missing,%,RussiaSugar Crops
40005,68.6863,65.4469,58.6393,58.3196,57.368,,,,0.23836091614087754,0.20682513458670446,0.28380947735519124,0.300183226053256,0.30493743493046116,SSP1,Lower CI,Russia,missing,Wheat,Wheat,missing,missing,missing,missing,missing,missing,missing,%,RussiaWheat
40007,68.6863,65.4469,58.6393,58.3196,57.368,,,,0.2704063200779863,0.3068084882286002,0.3170374774699576,0.3082469361511824,0.30979721019287926,SSP1,Median,Russia,missing,Wheat,Wheat,missing,missing,missing,missing,missing,missing,missing,%,RussiaWheat
40009,68.6863,65.4469,58.6393,58.3196,57.368,,,,0.29983187039496656,0.3245203066988675,0.33148334718005934,0.31842811181716946,0.31569660900762225,SSP1,Upper CI,Russia,missing,Wheat,Wheat,missing,missing,missing,missing,missing,missing,missing,%,RussiaWheat
40845,14.6218,19.149,16.8578,17.4371,17.975,,,,0.19475766457484422,-0.1394190469042727,0.07989595121273349,0.16423785035242805,0.17172545801877562,SSP1,Lower CI,South Africa,missing,Corn,Corn,missing,missing,missing,missing,missing,missing,missing,%,South AfricaCorn
40847,14.6218,19.149,16.8578,17.4371,17.975,,,,0.26372896001635265,0.1780387857339789,0.16128699727260648,0.18276816228796336,0.17779071548914663,SSP1,Median,South Africa,missing,Corn,Corn,missing,missing,missing,missing,missing,missing,missing,%,South AfricaCorn
40849,14.6218,19.149,16.8578,17.4371,17.975,,,,0.30184782368992685,0.30896013600515126,0.2005866662066886,0.19374427423598733,0.18560706649466588,SSP1,Upper CI,South Africa,missing,Corn,Corn,missing,missing,missing,missing,missing,missing,missing,%,South AfricaCorn
40887,0.385604,0.495665,0.587437,0.64971,0.730404,,,,0.11380882034380144,-0.05019815698917999,0.08227159834332526,0.09279409177161976,0.09423042620804799,SSP1,Lower CI,South Africa,missing,FruitsVeg,Fruits,missing,missing,missing,missing,missing,missing,missing,%,South AfricaFruits
40889,0.385604,0.495665,0.587437,0.64971,0.730404,,,,0.1287854274743471,0.09489958594236864,0.10559298574126098,0.1073211225190425,0.1010273750782355,SSP1,Median,South Africa,missing,FruitsVeg,Fruits,missing,missing,missing,missing,missing,missing,missing,%,South AfricaFruits
40891,0.385604,0.495665,0.587437,0.64971,0.730404,,,,0.15377266657243585,0.16956870534435392,0.12819144298435844,0.12683983338362959,0.11502831334277804,SSP1,Upper CI,South Africa,missing,FruitsVeg,Fruits,missing,missing,missing,missing,missing,missing,missing,%,South AfricaFruits
40929,0.610174,0.712773,0.825466,0.807274,0.907512,,,,-0.06384932225044979,-0.22811806376310212,-0.10562076326951553,-0.09514474453130542,-0.09452302269285831,SSP1,Lower CI,South Africa,missing,FruitsVeg,Vegetables,missing,missing,missing,missing,missing,missing,missing,%,South AfricaVegetables
40931,0.610174,0.712773,0.825466,0.807274,0.907512,,,,-0.04883557299120967,-0.08804658617043602,-0.08514997575995241,-0.08387516128354584,-0.08609640918165773,SSP1,Median,South Africa,missing,FruitsVeg,Vegetables,missing,missing,missing,missing,missing,missing,missing,%,South AfricaVegetables
40933,0.610174,0.712773,0.825466,0.807274,0.907512,,,,-0.02597324950123126,-0.002342672715789612,-0.04857465710536394,-0.046189316713652014,-0.05387135070581994,SSP1,Upper CI,South Africa,missing,FruitsVeg,Vegetables,missing,missing,missing,missing,missing,missing,missing,%,South AfricaVegetables
40971,0.096298,0.151373,0.17594,0.165534,0.18641,,,,-0.08483132056795967,-0.2174320748247246,-0.09639625249936787,-0.08180707281849194,-0.07577388628530625,SSP1,Lower CI,South Africa,missing,MiscCrop,Other Crops,missing,missing,missing,missing,missing,missing,missing,%,South AfricaOther Crops
40973,0.096298,0.151373,0.17594,0.165534,0.18641,,,,-0.0751011553369392,-0.08985759494224367,-0.07640492061093307,-0.07015307986635642,-0.06870248674375785,SSP1,Median,South Africa,missing,MiscCrop,Other Crops,missing,missing,missing,missing,missing,missing,missing,%,South AfricaOther Crops
40975,0.096298,0.151373,0.17594,0.165534,0.18641,,,,-0.053426682501302024,-0.027456094426416,-0.05200425581558907,-0.049883796404325706,-0.05824953205546065,SSP1,Upper CI,South Africa,missing,MiscCrop,Other Crops,missing,missing,missing,missing,missing,missing,missing,%,South AfricaOther Crops
41013,0.0611333,0.0831413,0.0215409,0.0110836,0.0123939,,,,-0.10785890595212498,-0.2473605448324785,0.3361452421641321,0.3714080146669773,0.4706210229094416,SSP1,Lower CI,South Africa,missing,Oil,Fiber Crops,missing,missing,missing,missing,missing,missing,missing,%,South AfricaFiber Crops
41015,0.0611333,0.0831413,0.0215409,0.0110836,0.0123939,,,,0.22103938621204275,0.3666235962728447,0.4283096080941978,0.46094388847786133,0.49591348217097286,SSP1,Median,South Africa,missing,Oil,Fiber Crops,missing,missing,missing,missing,missing,missing,missing,%,South AfricaFiber Crops
41017,0.0611333,0.0831413,0.0215409,0.0110836,0.0123939,,,,0.32372824534739186,2.3235636269918816,0.4933065601215809,0.47844206905251235,0.5099625588407588,SSP1,Upper CI,South Africa,missing,Oil,Fiber Crops,missing,missing,missing,missing,missing,missing,missing,%,South AfricaFiber Crops
41055,1.7091,2.20163,2.43608,2.59742,2.93534,,,,-0.07124835208053594,-0.161814016557195,-0.12854814478738383,-0.11681352958562147,-0.07937906575488923,SSP1,Lower CI,South Africa,missing,Oil,Plant Oils,missing,missing,missing,missing,missing,missing,missing,%,South AfricaPlant Oils
41057,1.7091,2.20163,2.43608,2.59742,2.93534,,,,0.0606801702579424,0.08103319336419308,0.0181054914776779,-0.0012254626381950247,-0.0043863233560603974,SSP1,Median,South Africa,missing,Oil,Plant Oils,missing,missing,missing,missing,missing,missing,missing,%,South AfricaPlant Oils
41059,1.7091,2.20163,2.43608,2.59742,2.93534,,,,0.14527750058642191,0.35608927257592793,0.1316949988753209,0.0843495193459225,0.03904168063369159,SSP1,Upper CI,South Africa,missing,Oil,Plant Oils,missing,missing,missing,missing,missing,missing,missing,%,South AfricaPlant Oils
41097,0.0306647,0.16099,1.37314,2.11029,2.37018,,,,-0.18252688397176964,-0.2406870168916747,-0.19504133273251262,-0.1951650974595969,-0.2018750792126634,SSP1,Lower CI,South Africa,missing,Oil,Palm Oil,missing,missing,missing,missing,missing,missing,missing,%,South AfricaPalm Oil
41099,0.0306647,0.16099,1.37314,2.11029,2.37018,,,,-0.16511819424882013,-0.16271245622396302,-0.18161622170823707,-0.1850986592448822,-0.19224759209890277,SSP1,Median,South Africa,missing,Oil,Palm Oil,missing,missing,missing,missing,missing,missing,missing,%,South AfricaPalm Oil
41101,0.0306647,0.16099,1.37314,2.11029,2.37018,,,,-0.13342362454056972,-0.10086255338025203,-0.1459427771932425,-0.1619174267344877,-0.176462287374972,SSP1,Upper CI,South Africa,missing,Oil,Palm Oil,missing,missing,missing,missing,missing,missing,missing,%,South AfricaPalm Oil
41139,0.307836,2.14419,2.44355,2.15114,2.42332,,,,0.4428507396174317,0.5167008126419574,0.871191692775316,0.8873777080330097,0.9314880848231094,SSP1,Lower CI,South Africa,missing,Oil,Soybean,missing,missing,missing,missing,missing,missing,missing,%,South AfricaSoybean
41141,0.307836,2.14419,2.44355,2.15114,2.42332,,,,0.5363615321509111,0.7720811096073732,0.9347602104448167,0.9372469556352125,0.9719529305003615,SSP1,Median,South Africa,missing,Oil,Soybean,missing,missing,missing,missing,missing,missing,missing,%,South AfricaSoybean
41143,0.307836,2.14419,2.44355,2.15114,2.42332,,,,0.6814554383303006,1.2326205870863327,1.0365749111951579,1.0125329841009798,1.0188245716830464,SSP1,Upper CI,South Africa,missing,Oil,Soybean,missing,missing,missing,missing,missing,missing,missing,%,South AfricaSoybean
41181,0.314581,0.520514,1.31535,2.04909,2.11839,,,,0.41440772414152144,-0.0887066020091608,0.5287336859779482,0.48839758741182093,0.561337110544871,SSP1,Lower CI,South Africa,missing,OtherGrain,Other Grains,missing,missing,missing,missing,missing,missing,missing,%,South AfricaOther Grains
41183,0.314581,0.520514,1.31535,2.04909,2.11839,,,,0.5713287074635832,0.5995141385273515,0.6044229584325747,0.5947035035642065,0.5914292257153017,SSP1,Median,South Africa,missing,OtherGrain,Other Grains,missing,missing,missing,missing,missing,missing,missing,%,South AfricaOther Grains
41185,0.314581,0.520514,1.31535,2.04909,2.11839,,,,0.6383945860731535,1.8477424622477483,0.6715205754723893,0.6242515975726568,0.6055816936366534,SSP1,Upper CI,South Africa,missing,OtherGrain,Other Grains,missing,missing,missing,missing,missing,missing,missing,%,South AfricaOther Grains
41223,1.48306,1.68631,1.94354,2.35924,2.61538,,,,0.15652475872047195,-0.0007646658263449901,0.07522310500893532,0.06486279474174354,0.0544281567667604,SSP1,Lower CI,South Africa,missing,Protein,Beef,missing,missing,missing,missing,missing,missing,missing,%,South AfricaBeef
41225,1.48306,1.68631,1.94354,2.35924,2.61538,,,,0.17985611006925875,0.12262036993734328,0.09422543581281786,0.07670137994445789,0.0642362669347854,SSP1,Median,South Africa,missing,Protein,Beef,missing,missing,missing,missing,missing,missing,missing,%,South AfricaBeef
41227,1.48306,1.68631,1.94354,2.35924,2.61538,,,,0.20358767528111998,0.18346991141934113,0.11958435315596887,0.10146882163720165,0.08390852211818474,SSP1,Upper CI,South Africa,missing,Protein,Beef,missing,missing,missing,missing,missing,missing,missing,%,South AfricaBeef
41265,1.6504,2.10956,1.84918,1.76019,1.96112,,,,-0.05990445178150208,-0.2378274604667709,-0.10478709512989402,-0.09314353034761166,-0.09208203430263061,SSP1,Lower CI,South Africa,missing,Protein,Dairy,missing,missing,missing,missing,missing,missing,missing,%,South AfricaDairy
41267,1.6504,2.10956,1.84918,1.76019,1.96112,,,,-0.036477522605832785,-0.07820425832049764,-0.0815841637423562,-0.07480655242615249,-0.08317709846660305,SSP1,Median,South Africa,missing,Protein,Dairy,missing,missing,missing,missing,missing,missing,missing,%,South AfricaDairy
41269,1.6504,2.10956,1.84918,1.76019,1.96112,,,,-0.007260510476869153,-0.00021408978445446036,-0.05579411066819405,-0.05450098101980045,-0.06437012709882649,SSP1,Upper CI,South Africa,missing,Protein,Dairy,missing,missing,missing,missing,missing,missing,missing,%,South AfricaDairy
41307,0.461185,0.647452,0.582584,0.70352,0.785857,,,,-0.13651243711751784,-0.3562637568269732,-0.18513959023378634,-0.16647298081744,-0.16406423304340392,SSP1,Lower CI,South Africa,missing,Protein,Fish,missing,missing,missing,missing,missing,missing,missing,%,South AfricaFish
41309,0.461185,0.647452,0.582584,0.70352,0.785857,,,,-0.10864007188136598,-0.1613015588444136,-0.1579058342490356,-0.14370188103283438,-0.1493853039635838,SSP1,Median,South Africa,missing,Protein,Fish,missing,missing,missing,missing,missing,missing,missing,%,South AfricaFish
41311,0.461185,0.647452,0.582584,0.70352,0.785857,,,,-0.057813741877970726,-0.058760794578121195,-0.12533892315314243,-0.11867049757802901,-0.1280040143953198,SSP1,Upper CI,South Africa,missing,Protein,Fish,missing,missing,missing,missing,missing,missing,missing,%,South AfricaFish
41349,0.462207,0.705072,0.803002,0.855308,0.953842,,,,0.3274935977233592,0.21554751099829988,0.2981918369180847,0.29211106648622326,0.2866727589210445,SSP1,Lower CI,South Africa,missing,Protein,Pork,missing,missing,missing,missing,missing,missing,missing,%,South AfricaPork
41351,0.462207,0.705072,0.803002,0.855308,0.953842,,,,0.3415439338969931,0.3341952064451258,0.3186467400660458,0.3073986772041943,0.3002456965737274,SSP1,Median,South Africa,missing,Protein,Pork,missing,missing,missing,missing,missing,missing,missing,%,South AfricaPork
41353,0.462207,0.705072,0.803002,0.855308,0.953842,,,,0.36701138044373394,0.3814903046538232,0.35172567621904016,0.3421296398937754,0.3297627649153513,SSP1,Upper CI,South Africa,missing,Protein,Pork,missing,missing,missing,missing,missing,missing,missing,%,South AfricaPork
41391,0.827073,1.86169,2.584,3.07052,3.43023,,,,-0.004540943719740884,-0.20901756518489695,-0.10325510238927726,-0.09953977712680145,-0.09790361796352676,SSP1,Lower CI,South Africa,missing,Protein,Poultry,missing,missing,missing,missing,missing,missing,missing,%,South AfricaPoultry
41393,0.827073,1.86169,2.584,3.07052,3.43023,,,,0.03154415907564162,-0.044482565138382446,-0.049430963683088275,-0.0500236895204399,-0.056506656661318294,SSP1,Median,South Africa,missing,Protein,Poultry,missing,missing,missing,missing,missing,missing,missing,%,South AfricaPoultry
41395,0.827073,1.86169,2.584,3.07052,3.43023,,,,0.0682261239159682,0.02167216079936969,-0.014976770860938786,-0.014933500063759951,-0.023472327194338137,SSP1,Upper CI,South Africa,missing,Protein,Poultry,missing,missing,missing,missing,missing,missing,missing,%,South AfricaPoultry
41433,0.373875,0.365216,0.414559,0.405089,0.45005,,,,0.4626170326816654,0.24662274258233804,0.34924782069666704,0.3309786308523376,0.3136363283106747,SSP1,Lower CI,South Africa,missing,Protein,Sheep and Goat,missing,missing,missing,missing,missing,missing,missing,%,South AfricaSheep and Goat
41435,0.373875,0.365216,0.414559,0.405089,0.45005,,,,0.47921945614819306,0.39672463890553683,0.36706517814511286,0.34526285997725403,0.32245560829682435,SSP1,Median,South Africa,missing,Protein,Sheep and Goat,missing,missing,missing,missing,missing,missing,missing,%,South AfricaSheep and Goat
41437,0.373875,0.365216,0.414559,0.405089,0.45005,,,,0.51250364266081,0.49661188254563604,0.40852035512267126,0.38093286596436104,0.3575491621126573,SSP1,Upper CI,South Africa,missing,Protein,Sheep and Goat,missing,missing,missing,missing,missing,missing,missing,%,South AfricaSheep and Goat
41475,0.404238,0.511587,0.473835,0.353731,0.448542,,,,-0.28090393296382565,-0.32049769464243427,-0.10640700434734934,-0.10010244903365777,-0.08917535018089048,SSP1,Lower CI,South Africa,missing,Protein,Legumes,missing,missing,missing,missing,missing,missing,missing,%,South AfricaLegumes
41477,0.404238,0.511587,0.473835,0.353731,0.448542,,,,-0.2038069778243308,-0.1026538459305448,-0.04689488496646818,-0.04986220176254548,-0.04522727978170821,SSP1,Median,South Africa,missing,Protein,Legumes,missing,missing,missing,missing,missing,missing,missing,%,South AfricaLegumes
41479,0.404238,0.511587,0.473835,0.353731,0.448542,,,,-0.12698863782882797,0.22984817823599935,0.04356707495202237,0.00016526228625643458,0.007264083553886837,SSP1,Upper CI,South Africa,missing,Protein,Legumes,missing,missing,missing,missing,missing,missing,missing,%,South AfricaLegumes
41517,0.149127,0.245498,0.216782,0.272476,0.343861,,,,-0.1346069334840597,-0.16090630490435737,0.12622442277840001,0.07992806897530427,0.08398922455686336,SSP1,Lower CI,South Africa,missing,Protein,Nuts and Seeds,missing,missing,missing,missing,missing,missing,missing,%,South AfricaNuts and Seeds
41519,0.149127,0.245498,0.216782,0.272476,0.343861,,,,0.09877793019547858,0.133396672866481,0.1953485470004296,0.18787208927258,0.17224428041337342,SSP1,Median,South Africa,missing,Protein,Nuts and Seeds,missing,missing,missing,missing,missing,missing,missing,%,South AfricaNuts and Seeds
41521,0.149127,0.245498,0.216782,0.272476,0.343861,,,,0.2685164665358911,1.0269336744472786,0.374142030942007,0.2444727612289914,0.23296077703794404,SSP1,Upper CI,South Africa,missing,Protein,Nuts and Seeds,missing,missing,missing,missing,missing,missing,missing,%,South AfricaNuts and Seeds
41559,1.72494,3.03419,3.05405,3.02384,3.10922,,,,-1.6337249911708323,-2.1635076361902965,-1.5740955128061989,-1.310185656706954,-1.2970804527453574,SSP1,Lower CI,South Africa,missing,Rice,Rice,missing,missing,missing,missing,missing,missing,missing,%,South AfricaRice
41561,1.72494,3.03419,3.05405,3.02384,3.10922,,,,-1.4657072655429286,-1.3489885119540916,-1.315257824977458,-1.2746816559615115,-1.257183660795213,SSP1,Median,South Africa,missing,Rice,Rice,missing,missing,missing,missing,missing,missing,missing,%,South AfricaRice
41563,1.72494,3.03419,3.05405,3.02384,3.10922,,,,-1.367202893563604,0.11575518060017798,-0.6697748766836968,-1.2403712919953176,-1.2354783232000277,SSP1,Upper CI,South Africa,missing,Rice,Rice,missing,missing,missing,missing,missing,missing,missing,%,South AfricaRice
41601,0.687144,1.04195,1.23944,1.33418,1.37999,,,,-0.06106235882005783,-0.5475318675422285,-0.20076935521286499,-0.11908197996466335,-0.1111806334025986,SSP1,Lower CI,South Africa,missing,RootTuber,Roots and Tubers,missing,missing,missing,missing,missing,missing,missing,%,South AfricaRoots and Tubers
41603,0.687144,1.04195,1.23944,1.33418,1.37999,,,,-0.006044933603451649,-0.09108254664938036,-0.1250281065167988,-0.07548918481680336,-0.08810160464391487,SSP1,Median,South Africa,missing,RootTuber,Roots and Tubers,missing,missing,missing,missing,missing,missing,missing,%,South AfricaRoots and Tubers
41605,0.687144,1.04195,1.23944,1.33418,1.37999,,,,0.12899589836366934,0.046334087731387474,-0.05583246740724883,-0.04597655156459284,-0.05371128533685035,SSP1,Upper CI,South Africa,missing,RootTuber,Roots and Tubers,missing,missing,missing,missing,missing,missing,missing,%,South AfricaRoots and Tubers
41643,0.717547,0.793631,3.56351,5.97763,6.76186,,,,-0.12732077885358664,-0.24752233659517955,-0.1475524201768444,-0.14383758024694787,-0.13545048886257627,SSP1,Lower CI,South Africa,missing,SugarCrop,Sugar Crops,missing,missing,missing,missing,missing,missing,missing,%,South AfricaSugar Crops
41645,0.717547,0.793631,3.56351,5.97763,6.76186,,,,-0.1012659241044725,-0.12421291886781818,-0.12823213563083077,-0.12255772537692795,-0.12178148815431136,SSP1,Median,South Africa,missing,SugarCrop,Sugar Crops,missing,missing,missing,missing,missing,missing,missing,%,South AfricaSugar Crops
41647,0.717547,0.793631,3.56351,5.97763,6.76186,,,,-0.07405605453808232,0.1575794435483361,-0.10698354829338735,-0.10698040387684736,-0.10802092241734787,SSP1,Upper CI,South Africa,missing,SugarCrop,Sugar Crops,missing,missing,missing,missing,missing,missing,missing,%,South AfricaSugar Crops
41685,7.75532,10.106,9.82088,8.9579,9.30232,,,,-0.19401866471284443,-0.4538772656494442,-0.07189324286012944,-0.04221074565048033,-0.03651144517330721,SSP1,Lower CI,South Africa,missing,Wheat,Wheat,missing,missing,missing,missing,missing,missing,missing,%,South AfricaWheat
41687,7.75532,10.106,9.82088,8.9579,9.30232,,,,-0.05886334815842952,-0.02715704505006361,0.0019262069909114512,-0.030824061736525184,-0.026175218600147532,SSP1,Median,South Africa,missing,Wheat,Wheat,missing,missing,missing,missing,missing,missing,missing,%,South AfricaWheat
41689,7.75532,10.106,9.82088,8.9579,9.30232,,,,0.017148318579674166,0.5092259098467539,0.07483324300414676,0.008344835716268484,-0.014614420396574021,SSP1,Upper CI,South Africa,missing,Wheat,Wheat,missing,missing,missing,missing,missing,missing,missing,%,South AfricaWheat
42609,4.09871,5.98365,5.6415,4.20212,4.38893,,,,0.40557083841949076,-1.4017262795327117,0.10432450752377664,0.4668877746710427,0.45412484000926634,SSP1,Lower CI,Northern South America,missing,Corn,Corn,missing,missing,missing,missing,missing,missing,missing,%,Northern South AmericaCorn
42611,4.09871,5.98365,5.6415,4.20212,4.38893,,,,0.5880582040066934,0.5685083720979407,0.534230384056759,0.5266642037164011,0.515717029169749,SSP1,Median,Northern South America,missing,Corn,Corn,missing,missing,missing,missing,missing,missing,missing,%,Northern South AmericaCorn
42613,4.09871,5.98365,5.6415,4.20212,4.38893,,,,0.6228964019229123,8.797638418347775,3.432403648507254,0.6019040795798185,0.5229337082472432,SSP1,Upper CI,Northern South America,missing,Corn,Corn,missing,missing,missing,missing,missing,missing,missing,%,Northern South AmericaCorn
42651,1.1453,1.06056,1.14944,1.40882,1.55797,,,,-0.031588524614033914,-0.8691366582058679,-0.1805278519705596,-0.0134188924194406,-0.007334962278733951,SSP1,Lower CI,Northern South America,missing,FruitsVeg,Fruits,missing,missing,missing,missing,missing,missing,missing,%,Northern South AmericaFruits
42653,1.1453,1.06056,1.14944,1.40882,1.55797,,,,-0.007615602103075176,-0.027667785730325876,-0.017043889457523612,-0.00042423392156896945,0.0024921599762326436,SSP1,Median,Northern South America,missing,FruitsVeg,Fruits,missing,missing,missing,missing,missing,missing,missing,%,Northern South AmericaFruits
42655,1.1453,1.06056,1.14944,1.40882,1.55797,,,,0.026828773299603623,0.216660723245238,0.042934671491576926,0.02918253182078704,0.02263769897490578,SSP1,Upper CI,Northern South America,missing,FruitsVeg,Fruits,missing,missing,missing,missing,missing,missing,missing,%,Northern South AmericaFruits
42693,0.121358,0.374278,0.413692,0.396699,0.438489,,,,0.01387149213568004,-0.8213097221220702,-0.12566092045009045,0.04267671467824194,0.048023522122269346,SSP1,Lower CI,Northern South America,missing,FruitsVeg,Vegetables,missing,missing,missing,missing,missing,missing,missing,%,Northern South AmericaVegetables
42695,0.121358,0.374278,0.413692,0.396699,0.438489,,,,0.04043705177685131,0.018861838003900653,0.04007187465393051,0.05594307739099133,0.05802784184710693,SSP1,Median,Northern South America,missing,FruitsVeg,Vegetables,missing,missing,missing,missing,missing,missing,missing,%,Northern South AmericaVegetables
42697,0.121358,0.374278,0.413692,0.396699,0.438489,,,,0.07599399412036976,0.2695767786645518,0.09958395591599818,0.08609791629723404,0.07891189621584394,SSP1,Upper CI,Northern South America,missing,FruitsVeg,Vegetables,missing,missing,missing,missing,missing,missing,missing,%,Northern South AmericaVegetables
42735,0.0640276,0.0869664,0.107832,0.0853991,0.0944765,,,,0.04662498314659018,-0.7323290178724478,-0.08041428370015155,0.090450807124139,0.09499450335997171,SSP1,Lower CI,Northern South America,missing,MiscCrop,Other Crops,missing,missing,missing,missing,missing,missing,missing,%,Northern South AmericaOther Crops
42737,0.0640276,0.0869664,0.107832,0.0853991,0.0944765,,,,0.07607658166741513,0.0732392134706247,0.08784049893402186,0.1034457933558509,0.10400835898759717,SSP1,Median,Northern South America,missing,MiscCrop,Other Crops,missing,missing,missing,missing,missing,missing,missing,%,Northern South AmericaOther Crops
42739,0.0640276,0.0869664,0.107832,0.0853991,0.0944765,,,,0.10127058062513523,0.29129941403429654,0.13975777866592132,0.1313764097804606,0.12389843498026105,SSP1,Upper CI,Northern South America,missing,MiscCrop,Other Crops,missing,missing,missing,missing,missing,missing,missing,%,Northern South AmericaOther Crops
42777,0.162197,0.0094309,0.0110381,0.0095419,0.0105106,,,,-1.709570041089169,-2.695810363933424,-1.5292568435709697,-0.7568734641814945,-0.7391813489009874,SSP1,Lower CI,Northern South America,missing,Oil,Fiber Crops,missing,missing,missing,missing,missing,missing,missing,%,Northern South AmericaFiber Crops
42779,0.162197,0.0094309,0.0110381,0.0095419,0.0105106,,,,-0.8329035767521629,-0.5545535305677549,-0.4859023530631311,-0.4459764620039516,-0.45950956900957574,SSP1,Median,Northern South America,missing,Oil,Fiber Crops,missing,missing,missing,missing,missing,missing,missing,%,Northern South AmericaFiber Crops
42781,0.162197,0.0094309,0.0110381,0.0095419,0.0105106,,,,-0.5910321563714416,10.132211688401068,5.701129200944137,0.29894558782199904,-0.42518620299319243,SSP1,Upper CI,Northern South America,missing,Oil,Fiber Crops,missing,missing,missing,missing,missing,missing,missing,%,Northern South AmericaFiber Crops
42819,0.558576,0.225959,0.39455,0.381673,0.424945,,,,-0.9266225306147688,-0.8182790609121444,-0.3468560955833608,-0.3571032789207771,-0.29053854223566605,SSP1,Lower CI,Northern South America,missing,Oil,Plant Oils,missing,missing,missing,missing,missing,missing,missing,%,Northern South AmericaPlant Oils
42821,0.558576,0.225959,0.39455,0.381673,0.424945,,,,-0.29521608711580727,-0.1816549199176373,-0.23257322766271238,-0.2297782759469216,-0.22212645260258082,SSP1,Median,Northern South America,missing,Oil,Plant Oils,missing,missing,missing,missing,missing,missing,missing,%,Northern South AmericaPlant Oils
42823,0.558576,0.225959,0.39455,0.381673,0.424945,,,,-0.0511273160831332,1.5190418447223892,0.2687992459599316,-0.20801599564272208,-0.2065038877445673,SSP1,Upper CI,Northern South America,missing,Oil,Plant Oils,missing,missing,missing,missing,missing,missing,missing,%,Northern South AmericaPlant Oils
42861,0.103287,0.623724,0.638308,0.968335,1.06808,,,,-0.34764548588766925,-1.7432022141354684,-0.8244673641351782,-0.36602342350237893,-0.34880136305179926,SSP1,Lower CI,Northern South America,missing,Oil,Palm Oil,missing,missing,missing,missing,missing,missing,missing,%,Northern South AmericaPalm Oil
42863,0.103287,0.623724,0.638308,0.968335,1.06808,,,,-0.28818041566170116,-0.18156275302409428,-0.16733514502369015,-0.17053733710351265,-0.16625102898161748,SSP1,Median,Northern South America,missing,Oil,Palm Oil,missing,missing,missing,missing,missing,missing,missing,%,Northern South AmericaPalm Oil
42865,0.103287,0.623724,0.638308,0.968335,1.06808,,,,-0.17494812158423306,4.5163855192061915,1.8228981551141903,-0.10097145100039467,-0.13609214906055134,SSP1,Upper CI,Northern South America,missing,Oil,Palm Oil,missing,missing,missing,missing,missing,missing,missing,%,Northern South AmericaPalm Oil
42903,0.747488,1.91459,2.59408,2.85157,3.15369,,,,-0.07147125588517778,-0.2632285773001301,0.08662354817247317,0.04223090857947538,0.07358867312466319,SSP1,Lower CI,Northern South America,missing,Oil,Soybean,missing,missing,missing,missing,missing,missing,missing,%,Northern South AmericaSoybean
42905,0.747488,1.91459,2.59408,2.85157,3.15369,,,,0.042115188657382195,0.09086739032615437,0.11896527049568052,0.09440675171212208,0.10512878068142881,SSP1,Median,Northern South America,missing,Oil,Soybean,missing,missing,missing,missing,missing,missing,missing,%,Northern South AmericaSoybean
42907,0.747488,1.91459,2.59408,2.85157,3.15369,,,,0.10299225112253918,0.8834456165980935,0.26782694528334383,0.17888496137222348,0.15730358361531277,SSP1,Upper CI,Northern South America,missing,Oil,Soybean,missing,missing,missing,missing,missing,missing,missing,%,Northern South AmericaSoybean
42945,0.0964323,0.192918,0.817982,0.880274,0.922076,,,,0.4454824349879158,-4.426957609294507,-1.062417222387943,0.40549028116104535,0.4249097978751526,SSP1,Lower CI,Northern South America,missing,OtherGrain,Other Grains,missing,missing,missing,missing,missing,missing,missing,%,Northern South AmericaOther Grains
42947,0.0964323,0.192918,0.817982,0.880274,0.922076,,,,0.5816722999213748,0.4202094714623174,0.4251498949307667,0.43493367410420297,0.4325416361505081,SSP1,Median,Northern South America,missing,OtherGrain,Other Grains,missing,missing,missing,missing,missing,missing,missing,%,Northern South AmericaOther Grains
42949,0.0964323,0.192918,0.817982,0.880274,0.922076,,,,0.7961369355902057,1.3729619745409927,0.6185979047905428,0.461345806160779,0.46395390661846925,SSP1,Upper CI,Northern South America,missing,OtherGrain,Other Grains,missing,missing,missing,missing,missing,missing,missing,%,Northern South AmericaOther Grains
42987,0.358959,0.519075,0.821941,0.691301,0.75736,,,,0.028006849472485426,-0.2597695235574755,-0.22314055063256028,-0.14731967034581794,-0.21470382190371803,SSP1,Lower CI,Northern South America,missing,Protein,Beef,missing,missing,missing,missing,missing,missing,missing,%,Northern South AmericaBeef
42989,0.358959,0.519075,0.821941,0.691301,0.75736,,,,0.06696521736366191,0.0009906383683616962,-0.06386127936785316,-0.11237345011537409,-0.1796078706437659,SSP1,Median,Northern South America,missing,Protein,Beef,missing,missing,missing,missing,missing,missing,missing,%,Northern South AmericaBeef
42991,0.358959,0.519075,0.821941,0.691301,0.75736,,,,0.20018178007386045,0.40942195973701456,-0.008165614350492942,-0.07151283777361588,-0.14073070105447746,SSP1,Upper CI,Northern South America,missing,Protein,Beef,missing,missing,missing,missing,missing,missing,missing,%,Northern South AmericaBeef
43029,2.28992,2.40055,2.77236,1.86918,2.04623,,,,0.06937859592139023,-0.46574488012467563,-0.06886900689167194,0.07250866296067988,0.07050173992787362,SSP1,Lower CI,Northern South America,missing,Protein,Dairy,missing,missing,missing,missing,missing,missing,missing,%,Northern South AmericaDairy
43031,2.28992,2.40055,2.77236,1.86918,2.04623,,,,0.13075969367412685,0.07743261060081842,0.08707648443636601,0.08989888702004369,0.08608110218523628,SSP1,Median,Northern South America,missing,Protein,Dairy,missing,missing,missing,missing,missing,missing,missing,%,Northern South AmericaDairy
43033,2.28992,2.40055,2.77236,1.86918,2.04623,,,,0.1679220109540023,0.22686588805308439,0.1423474524979419,0.11979516884030063,0.11020595682897924,SSP1,Upper CI,Northern South America,missing,Protein,Dairy,missing,missing,missing,missing,missing,missing,missing,%,Northern South AmericaDairy
43071,0.25787,0.42684,0.371576,0.338591,0.371926,,,,0.028546984141140624,-0.7079253729590849,-0.17141134672920913,-0.0074486482386076774,-0.01850953843874596,SSP1,Lower CI,Northern South America,missing,Protein,Fish,missing,missing,missing,missing,missing,missing,missing,%,Northern South AmericaFish
43073,0.25787,0.42684,0.371576,0.338591,0.371926,,,,0.0888272945681496,0.017664968220115335,0.008624591336489022,0.015040867773228933,0.005360800030464082,SSP1,Median,Northern South America,missing,Protein,Fish,missing,missing,missing,missing,missing,missing,missing,%,Northern South AmericaFish
43075,0.25787,0.42684,0.371576,0.338591,0.371926,,,,0.12045939088887803,0.22639439834062486,0.07154765756997022,0.04873491686307937,0.026107364045829393,SSP1,Upper CI,Northern South America,missing,Protein,Fish,missing,missing,missing,missing,missing,missing,missing,%,Northern South AmericaFish
43113,0.375199,0.475136,0.72949,0.608606,0.66821,,,,0.14327860616593135,0.17987773366272133,0.19691766741626102,0.22274756866930545,0.21485853683050266,SSP1,Lower CI,Northern South America,missing,Protein,Pork,missing,missing,missing,missing,missing,missing,missing,%,Northern South AmericaPork
43115,0.375199,0.475136,0.72949,0.608606,0.66821,,,,0.2142022566103778,0.2455257857243033,0.25582118218957695,0.2668679295635516,0.26414162828568505,SSP1,Median,Northern South America,missing,Protein,Pork,missing,missing,missing,missing,missing,missing,missing,%,Northern South AmericaPork
43117,0.375199,0.475136,0.72949,0.608606,0.66821,,,,0.33516915270458864,0.44420133567084163,0.4149657211782868,0.3087148710173496,0.30114165945280785,SSP1,Upper CI,Northern South America,missing,Protein,Pork,missing,missing,missing,missing,missing,missing,missing,%,Northern South AmericaPork
43155,0.550788,1.26312,1.86385,1.45219,1.59657,,,,0.134178232072518,-0.03783268020545506,-0.005011987202147322,-0.00858451047466817,-0.02277270738310766,SSP1,Lower CI,Northern South America,missing,Protein,Poultry,missing,missing,missing,missing,missing,missing,missing,%,Northern South AmericaPoultry
43157,0.550788,1.26312,1.86385,1.45219,1.59657,,,,0.18343042997878947,0.14523516249417429,0.1071874596485731,0.0938103024350336,0.07804220140909558,SSP1,Median,Northern South America,missing,Protein,Poultry,missing,missing,missing,missing,missing,missing,missing,%,Northern South AmericaPoultry
43159,0.550788,1.26312,1.86385,1.45219,1.59657,,,,0.37197942057572575,0.24649961025050565,0.2333470930369253,0.16738019534839738,0.1457171801771225,SSP1,Upper CI,Northern South America,missing,Protein,Poultry,missing,missing,missing,missing,missing,missing,missing,%,Northern South AmericaPoultry
43197,0.0149033,0.0146301,0.0199564,0.0187683,0.0205132,,,,0.06267208217676859,-0.15833203590273026,-0.03924556695800074,0.050391807647618206,0.027577085730844334,SSP1,Lower CI,Northern South America,missing,Protein,Sheep and Goat,missing,missing,missing,missing,missing,missing,missing,%,Northern South AmericaSheep and Goat
43199,0.0149033,0.0146301,0.0199564,0.0187683,0.0205132,,,,0.11005345999670972,0.06391971978776388,0.07693808109923352,0.0689947044786073,0.04873586924661166,SSP1,Median,Northern South America,missing,Protein,Sheep and Goat,missing,missing,missing,missing,missing,missing,missing,%,Northern South AmericaSheep and Goat
43201,0.0149033,0.0146301,0.0199564,0.0187683,0.0205132,,,,0.15983679825308797,0.16049964104388437,0.1387118482308434,0.10717667371454294,0.07948569339214712,SSP1,Upper CI,Northern South America,missing,Protein,Sheep and Goat,missing,missing,missing,missing,missing,missing,missing,%,Northern South AmericaSheep and Goat
43239,0.426098,0.542061,0.610055,0.583696,0.686697,,,,-0.09307478528488004,-0.47197060772831045,-0.07866429421366503,0.018724072191563024,0.02927306629900206,SSP1,Lower CI,Northern South America,missing,Protein,Legumes,missing,missing,missing,missing,missing,missing,missing,%,Northern South AmericaLegumes
43241,0.426098,0.542061,0.610055,0.583696,0.686697,,,,0.01160110662181672,0.0013604793404007726,0.022423289774172715,0.05421864605525923,0.06452161151377721,SSP1,Median,Northern South America,missing,Protein,Legumes,missing,missing,missing,missing,missing,missing,missing,%,Northern South AmericaLegumes
43243,0.426098,0.542061,0.610055,0.583696,0.686697,,,,0.09815717485253635,0.05221738190142025,0.07585739592046542,0.09276860348188772,0.0997701567285453,SSP1,Upper CI,Northern South America,missing,Protein,Legumes,missing,missing,missing,missing,missing,missing,missing,%,Northern South AmericaLegumes
43281,0.0415955,0.0586485,0.0781503,0.0438644,0.0514478,,,,-1.200233080325976,-1.2251410681244947,-1.0042380635810624,-1.132450493872862,-1.1203512586595008,SSP1,Lower CI,Northern South America,missing,Protein,Nuts and Seeds,missing,missing,missing,missing,missing,missing,missing,%,Northern South AmericaNuts and Seeds
43283,0.0415955,0.0586485,0.0781503,0.0438644,0.0514478,,,,-0.9631095383150159,-0.9313156926244245,-0.9305287653894377,-1.013554300701763,-1.0420176745793315,SSP1,Median,Northern South America,missing,Protein,Nuts and Seeds,missing,missing,missing,missing,missing,missing,missing,%,Northern South AmericaNuts and Seeds
43285,0.0415955,0.0586485,0.0781503,0.0438644,0.0514478,,,,-0.8246311213464205,0.15711243099179206,-0.7865908811306865,-0.9608636966597514,-0.9805481497012103,SSP1,Upper CI,Northern South America,missing,Protein,Nuts and Seeds,missing,missing,missing,missing,missing,missing,missing,%,Northern South AmericaNuts and Seeds
43323,1.55951,2.75125,3.87003,2.82797,2.95201,,,,-1.801786180623942,-4.587859537582872,-2.7988692615429867,-1.5336369636817844,-1.4469341168562313,SSP1,Lower CI,Northern South America,missing,Rice,Rice,missing,missing,missing,missing,missing,missing,missing,%,Northern South AmericaRice
43325,1.55951,2.75125,3.87003,2.82797,2.95201,,,,-1.6553486590222763,-1.5824122047962792,-1.5062872954230668,-1.464014678836592,-1.4391724302450228,SSP1,Median,Northern South America,missing,Rice,Rice,missing,missing,missing,missing,missing,missing,missing,%,Northern South AmericaRice
43327,1.55951,2.75125,3.87003,2.82797,2.95201,,,,-1.5423940116692854,-0.8456174354288595,-1.2653579696539414,-1.441148340319329,-1.417275061868996,SSP1,Upper CI,Northern South America,missing,Rice,Rice,missing,missing,missing,missing,missing,missing,missing,%,Northern South AmericaRice
43365,0.470169,0.727109,0.75189,0.710842,0.742173,,,,0.3993947360657124,-4.624036353979467,-1.2687945478187008,0.24627047889529974,0.2681093345174066,SSP1,Lower CI,Northern South America,missing,RootTuber,Roots and Tubers,missing,missing,missing,missing,missing,missing,missing,%,Northern South AmericaRoots and Tubers
43367,0.470169,0.727109,0.75189,0.710842,0.742173,,,,0.5367772434456712,0.2893521041428376,0.24548320276500218,0.2921004196459102,0.2846477073887778,SSP1,Median,Northern South America,missing,RootTuber,Roots and Tubers,missing,missing,missing,missing,missing,missing,missing,%,Northern South AmericaRoots and Tubers
43369,0.470169,0.727109,0.75189,0.710842,0.742173,,,,0.6543684232246307,1.2873154129295379,0.4671260326474073,0.34006228693729235,0.3321812762795906,SSP1,Upper CI,Northern South America,missing,RootTuber,Roots and Tubers,missing,missing,missing,missing,missing,missing,missing,%,Northern South AmericaRoots and Tubers
43407,0.470718,0.633095,2.89051,4.08449,4.48291,,,,-0.18534102983258544,-0.536879887097309,-0.3473158273487374,-0.19919487451808487,-0.1917890199088422,SSP1,Lower CI,Northern South America,missing,SugarCrop,Sugar Crops,missing,missing,missing,missing,missing,missing,missing,%,Northern South AmericaSugar Crops
43409,0.470718,0.633095,2.89051,4.08449,4.48291,,,,-0.13436085454226748,-0.1669530261499188,-0.1914121531386044,-0.18361220361679811,-0.18039834228752571,SSP1,Median,Northern South America,missing,SugarCrop,Sugar Crops,missing,missing,missing,missing,missing,missing,missing,%,Northern South AmericaSugar Crops
43411,0.470718,0.633095,2.89051,4.08449,4.48291,,,,-0.10560578301082307,0.5638057698861454,-0.143286237393159,-0.1690044236874717,-0.15644411396629862,SSP1,Upper CI,Northern South America,missing,SugarCrop,Sugar Crops,missing,missing,missing,missing,missing,missing,missing,%,Northern South AmericaSugar Crops
43449,3.64365,3.42932,4.43794,4.04489,4.2333,,,,0.2424122617063878,-4.219866674276024,-1.1674303404081432,0.29878103423564834,0.31869863776700436,SSP1,Lower CI,Northern South America,missing,Wheat,Wheat,missing,missing,missing,missing,missing,missing,missing,%,Northern South AmericaWheat
43451,3.64365,3.42932,4.43794,4.04489,4.2333,,,,0.3488402288105463,0.3641964162683886,0.3472154542851243,0.3262596511859921,0.3260474919192754,SSP1,Median,Northern South America,missing,Wheat,Wheat,missing,missing,missing,missing,missing,missing,missing,%,Northern South AmericaWheat
43453,3.64365,3.42932,4.43794,4.04489,4.2333,,,,0.5629946205189711,1.5700893319978693,0.5652486402529788,0.37165442608215077,0.36120961674381524,SSP1,Upper CI,Northern South America,missing,Wheat,Wheat,missing,missing,missing,missing,missing,missing,missing,%,Northern South AmericaWheat
44373,3.78456,5.89378,6.53711,7.46472,7.60295,,,,-0.10071394275836942,0.14193902585767584,0.2412020579547581,0.2833224143173262,0.2926768246651879,SSP1,Lower CI,Southern South America,missing,Corn,Corn,missing,missing,missing,missing,missing,missing,missing,%,Southern South AmericaCorn
44375,3.78456,5.89378,6.53711,7.46472,7.60295,,,,0.4146724629179655,0.3433946483846019,0.29761746476578016,0.3119688825956335,0.3074496526032683,SSP1,Median,Southern South America,missing,Corn,Corn,missing,missing,missing,missing,missing,missing,missing,%,Southern South AmericaCorn
44377,3.78456,5.89378,6.53711,7.46472,7.60295,,,,1.6444018896973358,0.5135303783523555,0.3285403539549703,0.32238418749648556,0.3180138235078313,SSP1,Upper CI,Southern South America,missing,Corn,Corn,missing,missing,missing,missing,missing,missing,missing,%,Southern South AmericaCorn
44415,2.49645,3.66804,4.82938,5.47531,6.15378,,,,-0.12465531785602688,-0.055899303904709326,0.036658150120911996,0.04500100535727114,0.046153797230206094,SSP1,Lower CI,Southern South America,missing,FruitsVeg,Fruits,missing,missing,missing,missing,missing,missing,missing,%,Southern South AmericaFruits
44417,2.49645,3.66804,4.82938,5.47531,6.15378,,,,0.09636926026376544,0.05709716576152332,0.05136817529646882,0.05389567697985196,0.05201355107639441,SSP1,Median,Southern South America,missing,FruitsVeg,Fruits,missing,missing,missing,missing,missing,missing,missing,%,Southern South AmericaFruits
44419,2.49645,3.66804,4.82938,5.47531,6.15378,,,,0.1909335263734143,0.1406275549298306,0.06119542700349554,0.06599944792285638,0.061436110806580214,SSP1,Upper CI,Southern South America,missing,FruitsVeg,Fruits,missing,missing,missing,missing,missing,missing,missing,%,Southern South AmericaFruits
44457,0.940079,1.37614,1.46584,1.54155,1.73297,,,,-0.30560752682808745,-0.22348864231072188,-0.11592676646163853,-0.10596088194972422,-0.1018624819238913,SSP1,Lower CI,Southern South America,missing,FruitsVeg,Vegetables,missing,missing,missing,missing,missing,missing,missing,%,Southern South AmericaVegetables
44459,0.940079,1.37614,1.46584,1.54155,1.73297,,,,-0.08544202209530592,-0.11026025823276074,-0.09946414771549132,-0.0962843483295451,-0.09448564492272088,SSP1,Median,Southern South America,missing,FruitsVeg,Vegetables,missing,missing,missing,missing,missing,missing,missing,%,Southern South AmericaVegetables
44461,0.940079,1.37614,1.46584,1.54155,1.73297,,,,0.01049883967554785,-0.026273056191621014,-0.08966419915125624,-0.08314800933714336,-0.08415739496502891,SSP1,Upper CI,Southern South America,missing,FruitsVeg,Vegetables,missing,missing,missing,missing,missing,missing,missing,%,Southern South AmericaVegetables
44499,0.244973,0.373155,0.414694,0.415047,0.466842,,,,-0.08477091219314782,0.0011058912423971973,0.08504062098709146,0.09244265562463003,0.09317678434782035,SSP1,Lower CI,Southern South America,missing,MiscCrop,Other Crops,missing,missing,missing,missing,missing,missing,missing,%,Southern South AmericaOther Crops
44501,0.244973,0.373155,0.414694,0.415047,0.466842,,,,0.13587123769504167,0.10503603722190429,0.09766375792409956,0.10062330707360952,0.09694790121988128,SSP1,Median,Southern South America,missing,MiscCrop,Other Crops,missing,missing,missing,missing,missing,missing,missing,%,Southern South AmericaOther Crops
44503,0.244973,0.373155,0.414694,0.415047,0.466842,,,,0.23560045128580914,0.18051830057403745,0.1057892217988168,0.10993235984293093,0.10430497729558531,SSP1,Upper CI,Southern South America,missing,MiscCrop,Other Crops,missing,missing,missing,missing,missing,missing,missing,%,Southern South AmericaOther Crops
44541,0.175884,0.156696,0.185754,0.180472,0.202717,,,,-0.4249228253056416,0.9820564708442813,1.2740453703967045,1.3355151117746378,1.4091650319150508,SSP1,Lower CI,Southern South America,missing,Oil,Fiber Crops,missing,missing,missing,missing,missing,missing,missing,%,Southern South AmericaFiber Crops
44543,0.175884,0.156696,0.185754,0.180472,0.202717,,,,1.0471699745818455,1.1945727834927808,1.3168835430658619,1.3924098916234604,1.4439728053379006,SSP1,Median,Southern South America,missing,Oil,Fiber Crops,missing,missing,missing,missing,missing,missing,missing,%,Southern South AmericaFiber Crops
44545,0.175884,0.156696,0.185754,0.180472,0.202717,,,,4.517942194998618,1.6163415746944056,1.3740746698828885,1.4239654297205664,1.4776420234243899,SSP1,Upper CI,Southern South America,missing,Oil,Fiber Crops,missing,missing,missing,missing,missing,missing,missing,%,Southern South AmericaFiber Crops
44583,0.614395,1.02214,1.23853,1.59031,1.78082,,,,-0.24492911142561796,-0.1305415119404439,0.11665230475033736,0.13934407769486515,0.15732976415822583,SSP1,Lower CI,Southern South America,missing,Oil,Plant Oils,missing,missing,missing,missing,missing,missing,missing,%,Southern South AmericaPlant Oils
44585,0.614395,1.02214,1.23853,1.59031,1.78082,,,,0.10432124052026324,0.14824218251816626,0.1699589108387646,0.17318850068066646,0.19220706798073384,SSP1,Median,Southern South America,missing,Oil,Plant Oils,missing,missing,missing,missing,missing,missing,missing,%,Southern South AmericaPlant Oils
44587,0.614395,1.02214,1.23853,1.59031,1.78082,,,,0.8891098834532913,0.2643078259829407,0.2540307060856406,0.23726204849194918,0.22260954801381486,SSP1,Upper CI,Southern South America,missing,Oil,Plant Oils,missing,missing,missing,missing,missing,missing,missing,%,Southern South AmericaPlant Oils
44625,0.929719,1.36838,1.95329,2.31563,2.60126,,,,-0.2048334788695183,-0.18270487180941034,-0.10406791783866157,-0.0890362368731297,-0.08746069993013508,SSP1,Lower CI,Southern South America,missing,Oil,Palm Oil,missing,missing,missing,missing,missing,missing,missing,%,Southern South AmericaPalm Oil
44627,0.929719,1.36838,1.95329,2.31563,2.60126,,,,-0.08724689793375867,-0.08866597526790784,-0.08666185563634882,-0.08191512771065294,-0.08081207061779323,SSP1,Median,Southern South America,missing,Oil,Palm Oil,missing,missing,missing,missing,missing,missing,missing,%,Southern South AmericaPalm Oil
44629,0.929719,1.36838,1.95329,2.31563,2.60126,,,,0.1852417519031055,-0.04675839912488938,-0.07870584135403738,-0.07525066953066195,-0.07656340380524715,SSP1,Upper CI,Southern South America,missing,Oil,Palm Oil,missing,missing,missing,missing,missing,missing,missing,%,Southern South AmericaPalm Oil
44667,1.33823,2.73989,2.71818,2.92668,3.30579,,,,-0.024711898981345515,-0.061644037021877734,0.12870037548234223,0.11818060075035762,0.1366136200056191,SSP1,Lower CI,Southern South America,missing,Oil,Soybean,missing,missing,missing,missing,missing,missing,missing,%,Southern South AmericaSoybean
44669,1.33823,2.73989,2.71818,2.92668,3.30579,,,,0.18178253051127033,0.19219062312944843,0.16922006746699436,0.1639731416253056,0.1702152124770386,SSP1,Median,Southern South America,missing,Oil,Soybean,missing,missing,missing,missing,missing,missing,missing,%,Southern South AmericaSoybean
44671,1.33823,2.73989,2.71818,2.92668,3.30579,,,,0.48636828696879253,0.3444194213635977,0.28372752989737504,0.22951215292031663,0.2093516021025158,SSP1,Upper CI,Southern South America,missing,Oil,Soybean,missing,missing,missing,missing,missing,missing,missing,%,Southern South AmericaSoybean
44709,0.655172,0.880282,1.88502,2.80589,2.8655,,,,-0.09600614848930467,0.10915396039322012,0.3405766093070104,0.38264725720864645,0.38696560758009646,SSP1,Lower CI,Southern South America,missing,OtherGrain,Other Grains,missing,missing,missing,missing,missing,missing,missing,%,Southern South AmericaOther Grains
44711,0.655172,0.880282,1.88502,2.80589,2.8655,,,,0.41975752721759735,0.36441775743060806,0.3857880521232788,0.3918784371297393,0.3916373964678175,SSP1,Median,Southern South America,missing,OtherGrain,Other Grains,missing,missing,missing,missing,missing,missing,missing,%,Southern South AmericaOther Grains
44713,0.655172,0.880282,1.88502,2.80589,2.8655,,,,1.6329285647945573,0.4673902900794594,0.40418136681137906,0.3955972368636891,0.3975183509387261,SSP1,Upper CI,Southern South America,missing,OtherGrain,Other Grains,missing,missing,missing,missing,missing,missing,missing,%,Southern South AmericaOther Grains
44751,1.51522,1.84967,2.1619,2.44737,2.6902,,,,-0.08426435120667305,-0.03188459009767684,-0.06897525619011097,-0.09140909100622116,-0.11449663645501572,SSP1,Lower CI,Southern South America,missing,Protein,Beef,missing,missing,missing,missing,missing,missing,missing,%,Southern South AmericaBeef
44753,1.51522,1.84967,2.1619,2.44737,2.6902,,,,0.06628943202230254,-0.007632310281826491,-0.047941299737164336,-0.07605366405264524,-0.09609348450176745,SSP1,Median,Southern South America,missing,Protein,Beef,missing,missing,missing,missing,missing,missing,missing,%,Southern South AmericaBeef
44755,1.51522,1.84967,2.1619,2.44737,2.6902,,,,0.1254712954367592,0.022764957812217858,-0.032907698514482435,-0.05590721172691482,-0.07978851193964077,SSP1,Upper CI,Southern South America,missing,Protein,Beef,missing,missing,missing,missing,missing,missing,missing,%,Southern South AmericaBeef
44793,3.86154,4.84812,5.02403,4.78193,5.27488,,,,-0.03936986484320251,0.006474448444958925,0.11585867025422128,0.12797889645867888,0.1322792200335981,SSP1,Lower CI,Southern South America,missing,Protein,Dairy,missing,missing,missing,missing,missing,missing,missing,%,Southern South AmericaDairy
44795,3.86154,4.84812,5.02403,4.78193,5.27488,,,,0.1741501837624572,0.1666617128626446,0.13878716383267126,0.13976759711590764,0.1448958492103778,SSP1,Median,Southern South America,missing,Protein,Dairy,missing,missing,missing,missing,missing,missing,missing,%,Southern South AmericaDairy
44797,3.86154,4.84812,5.02403,4.78193,5.27488,,,,0.2728658701556671,0.22239575403164896,0.14864838881550177,0.15847424602904547,0.16063909893531647,SSP1,Upper CI,Southern South America,missing,Protein,Dairy,missing,missing,missing,missing,missing,missing,missing,%,Southern South AmericaDairy
44835,1.49659,1.8293,1.95079,2.02583,2.24264,,,,-0.13750310919933284,-0.10676946399873985,0.026931512925261095,0.038086624740042416,0.03398640561413481,SSP1,Lower CI,Southern South America,missing,Protein,Fish,missing,missing,missing,missing,missing,missing,missing,%,Southern South AmericaFish
44837,1.49659,1.8293,1.95079,2.02583,2.24264,,,,0.1321279262582059,0.06939480547264715,0.058765168888849695,0.05559184274484667,0.05147224547777504,SSP1,Median,Southern South America,missing,Protein,Fish,missing,missing,missing,missing,missing,missing,missing,%,Southern South AmericaFish
44839,1.49659,1.8293,1.95079,2.02583,2.24264,,,,0.2543893877379151,0.1896731249367327,0.07629869397113527,0.08216730877645503,0.07359689621719782,SSP1,Upper CI,Southern South America,missing,Protein,Fish,missing,missing,missing,missing,missing,missing,missing,%,Southern South AmericaFish
44877,1.2675,2.1212,2.53238,2.97569,3.29248,,,,0.18092136805493886,0.12944660910602765,0.19908872160623628,0.20976591879772527,0.21255981563595883,SSP1,Lower CI,Southern South America,missing,Protein,Pork,missing,missing,missing,missing,missing,missing,missing,%,Southern South AmericaPork
44879,1.2675,2.1212,2.53238,2.97569,3.29248,,,,0.23004055742161833,0.22972651176462164,0.22105708796954335,0.22205755567180915,0.22539174695560246,SSP1,Median,Southern South America,missing,Protein,Pork,missing,missing,missing,missing,missing,missing,missing,%,Southern South AmericaPork
44881,1.2675,2.1212,2.53238,2.97569,3.29248,,,,0.3047921521139868,0.25459209642181146,0.24009215889705374,0.24786875380781492,0.2471113060583095,SSP1,Upper CI,Southern South America,missing,Protein,Pork,missing,missing,missing,missing,missing,missing,missing,%,Southern South AmericaPork
44919,0.945908,2.27672,3.435,4.49092,4.97539,,,,0.07770021484137918,-0.05518378126070352,0.01165455115101554,0.017783939940402987,0.017568544635586186,SSP1,Lower CI,Southern South America,missing,Protein,Poultry,missing,missing,missing,missing,missing,missing,missing,%,Southern South AmericaPoultry
44921,0.945908,2.27672,3.435,4.49092,4.97539,,,,0.10538810389542166,0.07292312793697443,0.03589475355010484,0.04196854159364476,0.03894099353230694,SSP1,Median,Southern South America,missing,Protein,Poultry,missing,missing,missing,missing,missing,missing,missing,%,Southern South AmericaPoultry
44923,0.945908,2.27672,3.435,4.49092,4.97539,,,,0.1723786241766434,0.11271375426002905,0.0591577847999239,0.06330615446041578,0.05822242807358133,SSP1,Upper CI,Southern South America,missing,Protein,Poultry,missing,missing,missing,missing,missing,missing,missing,%,Southern South AmericaPoultry
44961,0.153096,0.132582,0.124563,0.142627,0.156754,,,,0.08040034891260195,0.22727340320341521,0.32241176574885194,0.3340973988889149,0.3445502141792403,SSP1,Lower CI,Southern South America,missing,Protein,Sheep and Goat,missing,missing,missing,missing,missing,missing,missing,%,Southern South AmericaSheep and Goat
44963,0.153096,0.132582,0.124563,0.142627,0.156754,,,,0.33819481971752413,0.3583775290222645,0.34961675464097436,0.3574080786358503,0.36793889139704367,SSP1,Median,Southern South America,missing,Protein,Sheep and Goat,missing,missing,missing,missing,missing,missing,missing,%,Southern South AmericaSheep and Goat
44965,0.153096,0.132582,0.124563,0.142627,0.156754,,,,0.44994895215754405,0.4421017899713125,0.3963610971813439,0.40945401669639403,0.4193774474488024,SSP1,Upper CI,Southern South America,missing,Protein,Sheep and Goat,missing,missing,missing,missing,missing,missing,missing,%,Southern South AmericaSheep and Goat
45003,0.908577,1.36343,1.46298,1.63302,2.07534,,,,-0.35926478478991564,-0.3006920429139244,-0.16286699200702906,-0.16368257561299523,-0.1527455158094121,SSP1,Lower CI,Southern South America,missing,Protein,Legumes,missing,missing,missing,missing,missing,missing,missing,%,Southern South AmericaLegumes
45005,0.908577,1.36343,1.46298,1.63302,2.07534,,,,-0.24666887806584029,-0.13528352681926967,-0.10758661717144856,-0.09995560777057808,-0.09431161617569747,SSP1,Median,Southern South America,missing,Protein,Legumes,missing,missing,missing,missing,missing,missing,missing,%,Southern South AmericaLegumes
45007,0.908577,1.36343,1.46298,1.63302,2.07534,,,,-0.029816949624309863,0.1459241662068814,-0.01972725850071147,-0.04723366614035012,-0.03801572559606502,SSP1,Upper CI,Southern South America,missing,Protein,Legumes,missing,missing,missing,missing,missing,missing,missing,%,Southern South AmericaLegumes
45045,0.230428,0.403891,0.447167,0.603807,0.761933,,,,-0.5965931262310418,-0.36464338801678814,-0.03881141541344731,-0.10629357934404896,-0.1012835564712029,SSP1,Lower CI,Southern South America,missing,Protein,Nuts and Seeds,missing,missing,missing,missing,missing,missing,missing,%,Southern South AmericaNuts and Seeds
45047,0.230428,0.403891,0.447167,0.603807,0.761933,,,,-0.12683510091480887,-0.025638526213427448,0.03358278230719083,0.009945218009755515,-0.012315128276872868,SSP1,Median,Southern South America,missing,Protein,Nuts and Seeds,missing,missing,missing,missing,missing,missing,missing,%,Southern South AmericaNuts and Seeds
45049,0.230428,0.403891,0.447167,0.603807,0.761933,,,,0.1017838273350993,0.9658839200722633,0.15694828688667753,0.05883569691158564,0.040599141475272965,SSP1,Upper CI,Southern South America,missing,Protein,Nuts and Seeds,missing,missing,missing,missing,missing,missing,missing,%,Southern South AmericaNuts and Seeds
45087,6.55231,9.82783,9.77332,9.9383,10.1462,,,,-1.5855974334288194,-1.5505924510211384,-1.332221675820947,-1.270906361910806,-1.2465331991324646,SSP1,Lower CI,Southern South America,missing,Rice,Rice,missing,missing,missing,missing,missing,missing,missing,%,Southern South AmericaRice
45089,6.55231,9.82783,9.77332,9.9383,10.1462,,,,-1.4927533290932198,-1.3757281419832235,-1.2923753653967989,-1.2557679505426664,-1.2400991462890563,SSP1,Median,Southern South America,missing,Rice,Rice,missing,missing,missing,missing,missing,missing,missing,%,Southern South AmericaRice
45091,6.55231,9.82783,9.77332,9.9383,10.1462,,,,-1.4274787755766059,-1.180928558057958,-1.2164517071464187,-1.2444459357640907,-1.2338369795485056,SSP1,Upper CI,Southern South America,missing,Rice,Rice,missing,missing,missing,missing,missing,missing,missing,%,Southern South AmericaRice
45129,3.3207,4.748,5.40099,6.06283,6.18283,,,,-0.09686216801979419,0.10454231468403818,0.332531737040769,0.3820481433236552,0.3828406535723868,SSP1,Lower CI,Southern South America,missing,RootTuber,Roots and Tubers,missing,missing,missing,missing,missing,missing,missing,%,Southern South AmericaRoots and Tubers
45131,3.3207,4.748,5.40099,6.06283,6.18283,,,,0.5221334581119779,0.4133772093183756,0.39203098924730584,0.41829428556177817,0.4069640547976098,SSP1,Median,Southern South America,missing,RootTuber,Roots and Tubers,missing,missing,missing,missing,missing,missing,missing,%,Southern South AmericaRoots and Tubers
45133,3.3207,4.748,5.40099,6.06283,6.18283,,,,0.8191761214115895,0.6130327426161591,0.44842750311392576,0.44838310784886803,0.4348725841001542,SSP1,Upper CI,Southern South America,missing,RootTuber,Roots and Tubers,missing,missing,missing,missing,missing,missing,missing,%,Southern South AmericaRoots and Tubers
45171,0.949068,1.09487,5.26186,8.34232,9.36691,,,,-0.6154075967561126,-0.5541565371430939,-0.38047667121661005,-0.37694795632247996,-0.36286373537537014,SSP1,Lower CI,Southern South America,missing,SugarCrop,Sugar Crops,missing,missing,missing,missing,missing,missing,missing,%,Southern South AmericaSugar Crops
45173,0.949068,1.09487,5.26186,8.34232,9.36691,,,,-0.4742306286903237,-0.43194940972889406,-0.36890778482852027,-0.358598551697847,-0.3511097298914921,SSP1,Median,Southern South America,missing,SugarCrop,Sugar Crops,missing,missing,missing,missing,missing,missing,missing,%,Southern South AmericaSugar Crops
45175,0.949068,1.09487,5.26186,8.34232,9.36691,,,,-0.16617222288918648,-0.07481721961219495,-0.35201939180987435,-0.34974201128699817,-0.34121109182408876,SSP1,Upper CI,Southern South America,missing,SugarCrop,Sugar Crops,missing,missing,missing,missing,missing,missing,missing,%,Southern South AmericaSugar Crops
45213,11.9772,14.6396,13.634,14.6451,14.9936,,,,-0.05035881865030961,0.24079483332924606,0.4226724088697895,0.43060904002665684,0.4308771409327861,SSP1,Lower CI,Southern South America,missing,Wheat,Wheat,missing,missing,missing,missing,missing,missing,missing,%,Southern South AmericaWheat
45215,11.9772,14.6396,13.634,14.6451,14.9936,,,,0.490760806235652,0.4982495673210625,0.4863839016457266,0.4459105720208866,0.4414965393731113,SSP1,Median,Southern South America,missing,Wheat,Wheat,missing,missing,missing,missing,missing,missing,missing,%,Southern South AmericaWheat
45217,11.9772,14.6396,13.634,14.6451,14.9936,,,,0.7170422177995417,0.8717877092782125,0.5522606706406564,0.4754852189090149,0.45305845444235987,SSP1,Upper CI,Southern South America,missing,Wheat,Wheat,missing,missing,missing,missing,missing,missing,missing,%,Southern South AmericaWheat
46137,3.2766,4.07107,4.22036,4.48464,4.6218,,,,0.19448164082682415,-0.021511540607760393,-0.06907589860705286,-0.07741884686278054,-0.09498920489223635,SSP1,Lower CI,South Asia,missing,Corn,Corn,missing,missing,missing,missing,missing,missing,missing,%,South AsiaCorn
46139,3.2766,4.07107,4.22036,4.48464,4.6218,,,,0.2114522846459245,0.06817083056510463,-0.04195266738070475,-0.06659439878923179,-0.08491844021210383,SSP1,Median,South Asia,missing,Corn,Corn,missing,missing,missing,missing,missing,missing,missing,%,South AsiaCorn
46141,3.2766,4.07107,4.22036,4.48464,4.6218,,,,0.2675982401293244,0.15339111101007244,-0.01769332329706355,-0.05035217628322282,-0.07233223905915427,SSP1,Upper CI,South Asia,missing,Corn,Corn,missing,missing,missing,missing,missing,missing,missing,%,South AsiaCorn
46179,1.4818,2.35258,3.17679,3.92663,4.92606,,,,-0.0022551424633129383,-0.24596468871635252,-0.06695220907831348,-0.04809989385569187,-0.051250792696030834,SSP1,Lower CI,South Asia,missing,FruitsVeg,Fruits,missing,missing,missing,missing,missing,missing,missing,%,South AsiaFruits
46181,1.4818,2.35258,3.17679,3.92663,4.92606,,,,0.012948464979900577,-0.025772737546680732,-0.023605639113687266,-0.030444643794277287,-0.039131568747415,SSP1,Median,South Asia,missing,FruitsVeg,Fruits,missing,missing,missing,missing,missing,missing,missing,%,South AsiaFruits
46183,1.4818,2.35258,3.17679,3.92663,4.92606,,,,0.04778820612888922,0.09168374947140862,-0.01136196206472078,-0.010626221673804722,-0.02434254966008602,SSP1,Upper CI,South Asia,missing,FruitsVeg,Fruits,missing,missing,missing,missing,missing,missing,missing,%,South AsiaFruits
46221,1.1863,2.26614,3.1122,4.00766,5.02581,,,,0.05533962082598019,-0.18125906068348824,0.005104547275492113,0.025814140805835616,0.023972955155848186,SSP1,Lower CI,South Asia,missing,FruitsVeg,Vegetables,missing,missing,missing,missing,missing,missing,missing,%,South AsiaVegetables
46223,1.1863,2.26614,3.1122,4.00766,5.02581,,,,0.06942950392687348,0.038402792595222446,0.04717697725768612,0.04337032241070645,0.036313664359824874,SSP1,Median,South Asia,missing,FruitsVeg,Vegetables,missing,missing,missing,missing,missing,missing,missing,%,South AsiaVegetables
46225,1.1863,2.26614,3.1122,4.00766,5.02581,,,,0.10447396567773103,0.15565719895335234,0.06054762446579755,0.06328786458240813,0.05105279928002769,SSP1,Upper CI,South Asia,missing,FruitsVeg,Vegetables,missing,missing,missing,missing,missing,missing,missing,%,South AsiaVegetables
46263,0.611065,1.20373,1.54598,1.81677,2.27918,,,,0.03841361275355998,-0.18187495757826197,-0.009103848151871732,0.010244250108676559,0.008305024233185321,SSP1,Lower CI,South Asia,missing,MiscCrop,Other Crops,missing,missing,missing,missing,missing,missing,missing,%,South AsiaOther Crops
46265,0.611065,1.20373,1.54598,1.81677,2.27918,,,,0.049999891164032154,0.03116199561496774,0.029602063165135195,0.026194182482945277,0.01850527528158364,SSP1,Median,South Asia,missing,MiscCrop,Other Crops,missing,missing,missing,missing,missing,missing,missing,%,South AsiaOther Crops
46267,0.611065,1.20373,1.54598,1.81677,2.27918,,,,0.07236200818743313,0.13683753840139626,0.0398187708344904,0.041311727727655075,0.027913150581971503,SSP1,Upper CI,South Asia,missing,MiscCrop,Other Crops,missing,missing,missing,missing,missing,missing,missing,%,South AsiaOther Crops
46305,0.0413533,0.0341408,0.0504054,0.0710297,0.0892924,,,,-0.7595442165657929,-0.7638819261351016,-0.6087287063520469,-0.5775473894877464,-0.5677584033249298,SSP1,Lower CI,South Asia,missing,Oil,Fiber Crops,missing,missing,missing,missing,missing,missing,missing,%,South AsiaFiber Crops
46307,0.0413533,0.0341408,0.0504054,0.0710297,0.0892924,,,,-0.710062009175766,-0.5941493987450613,-0.5574395151560277,-0.543226008932593,-0.53697335343602,SSP1,Median,South Asia,missing,Oil,Fiber Crops,missing,missing,missing,missing,missing,missing,missing,%,South AsiaFiber Crops
46309,0.0413533,0.0341408,0.0504054,0.0710297,0.0892924,,,,-0.682221862804371,-0.5514920896988563,-0.5541552318326354,-0.5311758487372443,-0.5242277219156178,SSP1,Upper CI,South Asia,missing,Oil,Fiber Crops,missing,missing,missing,missing,missing,missing,missing,%,South AsiaFiber Crops
46347,4.27153,4.98637,5.1245,5.70987,7.19245,,,,-0.6391690317572958,-0.5987917641160353,-0.37772256207203364,-0.3483307837552492,-0.3464697436794568,SSP1,Lower CI,South Asia,missing,Oil,Plant Oils,missing,missing,missing,missing,missing,missing,missing,%,South AsiaPlant Oils
46349,4.27153,4.98637,5.1245,5.70987,7.19245,,,,-0.4801871745120828,-0.36739393789402014,-0.32071338994774623,-0.3163730888853029,-0.3191341735260607,SSP1,Median,South Asia,missing,Oil,Plant Oils,missing,missing,missing,missing,missing,missing,missing,%,South AsiaPlant Oils
46351,4.27153,4.98637,5.1245,5.70987,7.19245,,,,-0.4247827207532841,-0.34006323649006853,-0.28046624168831774,-0.276831672239066,-0.28778204054797885,SSP1,Upper CI,South Asia,missing,Oil,Plant Oils,missing,missing,missing,missing,missing,missing,missing,%,South AsiaPlant Oils
46389,0.14507,1.13183,3.48145,6.66276,8.36382,,,,-0.07876966631662911,-0.09590059480457258,-0.08548752351952474,-0.05740735636456039,-0.06436030720510738,SSP1,Lower CI,South Asia,missing,Oil,Palm Oil,missing,missing,missing,missing,missing,missing,missing,%,South AsiaPalm Oil
46391,0.14507,1.13183,3.48145,6.66276,8.36382,,,,-0.04574619048158654,-0.028284986809331104,-0.031643445340049016,-0.04259726730638155,-0.052472835484976645,SSP1,Median,South Asia,missing,Oil,Palm Oil,missing,missing,missing,missing,missing,missing,missing,%,South AsiaPalm Oil
46393,0.14507,1.13183,3.48145,6.66276,8.36382,,,,-0.03216065638963904,0.010067881746158143,0.007463972489679831,-0.023161657809398776,-0.04013630227160952,SSP1,Upper CI,South Asia,missing,Oil,Palm Oil,missing,missing,missing,missing,missing,missing,missing,%,South AsiaPalm Oil
46431,1.71677,3.57495,3.72901,4.37417,5.49399,,,,-0.10945517661739607,-0.19911025096482998,-0.00016157391473095584,-0.010251723943633037,0.009238259943832705,SSP1,Lower CI,South Asia,missing,Oil,Soybean,missing,missing,missing,missing,missing,missing,missing,%,South AsiaSoybean
46433,1.71677,3.57495,3.72901,4.37417,5.49399,,,,-0.021718356166111952,0.06418088133356517,0.07753741125463866,0.03951788158125763,0.03817868854214556,SSP1,Median,South Asia,missing,Oil,Soybean,missing,missing,missing,missing,missing,missing,missing,%,South AsiaSoybean
46435,1.71677,3.57495,3.72901,4.37417,5.49399,,,,0.1322904768149255,0.4089224493805799,0.22335060076063246,0.14648442097375308,0.10651662490268018,SSP1,Upper CI,South Asia,missing,Oil,Soybean,missing,missing,missing,missing,missing,missing,missing,%,South AsiaSoybean
46473,1.59833,1.46126,1.42014,1.41286,1.45627,,,,-0.3997583642223498,-0.545821902407639,-0.4293207885856749,-0.39984464545215753,-0.38870422675926614,SSP1,Lower CI,South Asia,missing,OtherGrain,Other Grains,missing,missing,missing,missing,missing,missing,missing,%,South AsiaOther Grains
46475,1.59833,1.46126,1.42014,1.41286,1.45627,,,,-0.3789514772595382,-0.41802954219353355,-0.3981001295402025,-0.3916726153328156,-0.3861029617331544,SSP1,Median,South Asia,missing,OtherGrain,Other Grains,missing,missing,missing,missing,missing,missing,missing,%,South AsiaOther Grains
46477,1.59833,1.46126,1.42014,1.41286,1.45627,,,,-0.35608761213248696,-0.3694381886172501,-0.3923960499285243,-0.3868547842386116,-0.3793878045823879,SSP1,Upper CI,South Asia,missing,OtherGrain,Other Grains,missing,missing,missing,missing,missing,missing,missing,%,South AsiaOther Grains
46515,0.626717,0.876307,0.952769,1.07307,1.26548,,,,0.3342674773691062,-0.20165258699958996,0.10736786090842325,0.15388976952936273,0.16164362095631912,SSP1,Lower CI,South Asia,missing,Protein,Beef,missing,missing,missing,missing,missing,missing,missing,%,South AsiaBeef
46517,0.626717,0.876307,0.952769,1.07307,1.26548,,,,0.3974245380047528,0.16456216100920126,0.1655707873038974,0.180448040094583,0.18700846619607858,SSP1,Median,South Asia,missing,Protein,Beef,missing,missing,missing,missing,missing,missing,missing,%,South AsiaBeef
46519,0.626717,0.876307,0.952769,1.07307,1.26548,,,,0.4260698341460951,0.34596094357689744,0.23769424399229644,0.2680723088316452,0.26621440806308433,SSP1,Upper CI,South Asia,missing,Protein,Beef,missing,missing,missing,missing,missing,missing,missing,%,South AsiaBeef
46557,2.67538,4.58139,5.18626,5.98563,7.08859,,,,0.9869570304989712,0.5099669738448319,1.0338129267598712,1.1381744641285507,1.1672960574617142,SSP1,Lower CI,South Asia,missing,Protein,Dairy,missing,missing,missing,missing,missing,missing,missing,%,South AsiaDairy
46559,2.67538,4.58139,5.18626,5.98563,7.08859,,,,1.047209964200916,0.9926388486816952,1.111660760412748,1.174868839556438,1.196967145549159,SSP1,Median,South Asia,missing,Protein,Dairy,missing,missing,missing,missing,missing,missing,missing,%,South AsiaDairy
46561,2.67538,4.58139,5.18626,5.98563,7.08859,,,,1.1069198800318736,1.240101168612465,1.1539417377953947,1.2308052875932913,1.2406493811827015,SSP1,Upper CI,South Asia,missing,Protein,Dairy,missing,missing,missing,missing,missing,missing,missing,%,South AsiaDairy
46599,1.00296,2.33452,3.05772,3.86405,4.61231,,,,-0.13940442158956728,-0.7381468204896062,-0.3185985305172933,-0.2775155011144339,-0.2912094788659244,SSP1,Lower CI,South Asia,missing,Protein,Fish,missing,missing,missing,missing,missing,missing,missing,%,South AsiaFish
46601,1.00296,2.33452,3.05772,3.86405,4.61231,,,,-0.08206651740752029,-0.22797369386467,-0.22223258616485317,-0.2417631810418017,-0.26197442296213186,SSP1,Median,South Asia,missing,Protein,Fish,missing,missing,missing,missing,missing,missing,missing,%,South AsiaFish
46603,1.00296,2.33452,3.05772,3.86405,4.61231,,,,-0.008698547811703677,0.04729353510194173,-0.1866703345316832,-0.17934809166994642,-0.21557102583078439,SSP1,Upper CI,South Asia,missing,Protein,Fish,missing,missing,missing,missing,missing,missing,missing,%,South AsiaFish
46641,0.0379297,0.0575159,0.0594552,0.0855561,0.101199,,,,1.404535983962092,1.0809473062564532,1.623026255607579,1.7487994249652126,1.794759996746559,SSP1,Lower CI,South Asia,missing,Protein,Pork,missing,missing,missing,missing,missing,missing,missing,%,South AsiaPork
46643,0.0379297,0.0575159,0.0594552,0.0855561,0.101199,,,,1.4261752194102892,1.5322931096677639,1.7003653478926763,1.783192663663092,1.8145757425868292,SSP1,Median,South Asia,missing,Protein,Pork,missing,missing,missing,missing,missing,missing,missing,%,South AsiaPork
46645,0.0379297,0.0575159,0.0594552,0.0855561,0.101199,,,,1.4788676593172498,1.6964364964684875,1.723126416019206,1.8320247093542112,1.8655882537558104,SSP1,Upper CI,South Asia,missing,Protein,Pork,missing,missing,missing,missing,missing,missing,missing,%,South AsiaPork
46683,0.384751,0.867278,1.07425,1.67897,1.99649,,,,0.11013005788270665,-0.31460486565211965,-0.045610590332273965,-0.006070762322056625,0.0009375161112618879,SSP1,Lower CI,South Asia,missing,Protein,Poultry,missing,missing,missing,missing,missing,missing,missing,%,South AsiaPoultry
46685,0.384751,0.867278,1.07425,1.67897,1.99649,,,,0.23335670556974936,0.023014884374023714,0.009407581557004819,0.018511600542406952,0.02257220463508878,SSP1,Median,South Asia,missing,Protein,Poultry,missing,missing,missing,missing,missing,missing,missing,%,South AsiaPoultry
46687,0.384751,0.867278,1.07425,1.67897,1.99649,,,,0.3595276177552453,0.237586041324368,0.10803185743281335,0.13599992853509496,0.13435171039380678,SSP1,Upper CI,South Asia,missing,Protein,Poultry,missing,missing,missing,missing,missing,missing,missing,%,South AsiaPoultry
46725,0.400994,0.540841,0.65946,0.78126,0.929495,,,,0.08837337051260002,-0.543332736861023,-0.16139115117864128,-0.11979218006482076,-0.126929869537026,SSP1,Lower CI,South Asia,missing,Protein,Sheep and Goat,missing,missing,missing,missing,missing,missing,missing,%,South AsiaSheep and Goat
46727,0.400994,0.540841,0.65946,0.78126,0.929495,,,,0.13776786201806246,-0.03595448331609824,-0.09336671240456615,-0.10094818466681048,-0.11272357246234209,SSP1,Median,South Asia,missing,Protein,Sheep and Goat,missing,missing,missing,missing,missing,missing,missing,%,South AsiaSheep and Goat
46729,0.400994,0.540841,0.65946,0.78126,0.929495,,,,0.18345282245944838,0.198263695675673,-0.027650382150865974,-0.017740233932372028,-0.04594699307513521,SSP1,Upper CI,South Asia,missing,Protein,Sheep and Goat,missing,missing,missing,missing,missing,missing,missing,%,South AsiaSheep and Goat
46767,2.82165,3.67711,4.21281,5.31688,7.65544,,,,0.07746201709476333,0.08812488593567322,0.17169141213780756,0.1755535923787356,0.18994470030557511,SSP1,Lower CI,South Asia,missing,Protein,Legumes,missing,missing,missing,missing,missing,missing,missing,%,South AsiaLegumes
46769,2.82165,3.67711,4.21281,5.31688,7.65544,,,,0.10897676911130591,0.20332143348340423,0.2138855876267888,0.2164659817985027,0.22222403565741664,SSP1,Median,South Asia,missing,Protein,Legumes,missing,missing,missing,missing,missing,missing,missing,%,South AsiaLegumes
46771,2.82165,3.67711,4.21281,5.31688,7.65544,,,,0.1833586405670127,0.4309293832379155,0.2802984126497765,0.24434416964668562,0.2513672529670097,SSP1,Upper CI,South Asia,missing,Protein,Legumes,missing,missing,missing,missing,missing,missing,missing,%,South AsiaLegumes
46809,0.201462,0.482302,1.02276,0.933839,1.32685,,,,0.436222729420217,0.2829774481981925,0.5733100302279185,0.47169760068039845,0.5374962265909659,SSP1,Lower CI,South Asia,missing,Protein,Nuts and Seeds,missing,missing,missing,missing,missing,missing,missing,%,South AsiaNuts and Seeds
46811,0.201462,0.482302,1.02276,0.933839,1.32685,,,,0.6949016840566377,0.693003617161952,0.5993862340590812,0.606514658587255,0.6272134817243218,SSP1,Median,South Asia,missing,Protein,Nuts and Seeds,missing,missing,missing,missing,missing,missing,missing,%,South AsiaNuts and Seeds
46813,0.201462,0.482302,1.02276,0.933839,1.32685,,,,0.8440888698328046,2.174172734087915,0.7788772072867215,0.6688344332790089,0.6661039133595422,SSP1,Upper CI,South Asia,missing,Protein,Nuts and Seeds,missing,missing,missing,missing,missing,missing,missing,%,South AsiaNuts and Seeds
46851,81.7249,119.422,118.142,117.461,120.965,,,,-0.19195047788430733,-0.2690007647893427,-0.16875062121434403,-0.15006898032953203,-0.14449113659088772,SSP1,Lower CI,South Asia,missing,Rice,Rice,missing,missing,missing,missing,missing,missing,missing,%,South AsiaRice
46853,81.7249,119.422,118.142,117.461,120.965,,,,-0.16880945319433016,-0.16931064075707364,-0.15035770571087276,-0.14386136983500128,-0.14192991472424293,SSP1,Median,South Asia,missing,Rice,Rice,missing,missing,missing,missing,missing,missing,missing,%,South AsiaRice
46855,81.7249,119.422,118.142,117.461,120.965,,,,-0.14612559696255947,-0.09101838601480622,-0.1342622763727691,-0.1378258423187429,-0.1384076408034596,SSP1,Upper CI,South Asia,missing,Rice,Rice,missing,missing,missing,missing,missing,missing,missing,%,South AsiaRice
46893,1.93837,4.45061,6.49734,8.12541,8.34676,,,,0.4119664610995709,0.08046602842129547,0.12658524113485017,0.12771254707546786,0.11118595406103131,SSP1,Lower CI,South Asia,missing,RootTuber,Roots and Tubers,missing,missing,missing,missing,missing,missing,missing,%,South AsiaRoots and Tubers
46895,1.93837,4.45061,6.49734,8.12541,8.34676,,,,0.48813177236863736,0.25564889958805126,0.15581118719823997,0.14492371568930665,0.12695746222671014,SSP1,Median,South Asia,missing,RootTuber,Roots and Tubers,missing,missing,missing,missing,missing,missing,missing,%,South AsiaRoots and Tubers
46897,1.93837,4.45061,6.49734,8.12541,8.34676,,,,0.5735036554881674,0.37111781677762795,0.2062739164151969,0.1780960347218335,0.15483724125116605,SSP1,Upper CI,South Asia,missing,RootTuber,Roots and Tubers,missing,missing,missing,missing,missing,missing,missing,%,South AsiaRoots and Tubers
46935,1.30899,2.08237,6.25588,9.46727,11.805,,,,-0.38745409565857325,-0.7136705373645553,-0.4372951486954146,-0.40567150260861334,-0.38196995535900036,SSP1,Lower CI,South Asia,missing,SugarCrop,Sugar Crops,missing,missing,missing,missing,missing,missing,missing,%,South AsiaSugar Crops
46937,1.30899,2.08237,6.25588,9.46727,11.805,,,,-0.34895932246917405,-0.4052109074613019,-0.3578246680818949,-0.35665277463005884,-0.3462416214156777,SSP1,Median,South Asia,missing,SugarCrop,Sugar Crops,missing,missing,missing,missing,missing,missing,missing,%,South AsiaSugar Crops
46939,1.30899,2.08237,6.25588,9.46727,11.805,,,,-0.31731615412176095,0.468182107816953,-0.23129866976325447,-0.33695572399838497,-0.3275955972154073,SSP1,Upper CI,South Asia,missing,SugarCrop,Sugar Crops,missing,missing,missing,missing,missing,missing,missing,%,South AsiaSugar Crops
46977,19.5852,28.9726,29.1997,32.3279,33.3697,,,,0.36663241414463976,0.24300378952171342,0.4588374028894243,0.481499308929964,0.49738932804404656,SSP1,Lower CI,South Asia,missing,Wheat,Wheat,missing,missing,missing,missing,missing,missing,missing,%,South AsiaWheat
46979,19.5852,28.9726,29.1997,32.3279,33.3697,,,,0.46875761883535033,0.5574142396007771,0.526058973676675,0.5010227619543055,0.5108537906510665,SSP1,Median,South Asia,missing,Wheat,Wheat,missing,missing,missing,missing,missing,missing,missing,%,South AsiaWheat
46981,19.5852,28.9726,29.1997,32.3279,33.3697,,,,0.5777678803510495,0.9632624505705687,0.6027325255612271,0.5347062550277436,0.521387955389505,SSP1,Upper CI,South Asia,missing,Wheat,Wheat,missing,missing,missing,missing,missing,missing,missing,%,South AsiaWheat
47901,1.85373,2.21814,1.96783,1.8176,1.81858,,,,0.7241139668103674,0.5924436079213498,0.5919933756736973,0.6967654892987128,0.7405354958160913,SSP1,Lower CI,South Korea,missing,Corn,Corn,missing,missing,missing,missing,missing,missing,missing,%,South KoreaCorn
47903,1.85373,2.21814,1.96783,1.8176,1.81858,,,,0.8968309614568235,0.8530216869659819,0.7645884200107083,0.7715161508340432,0.7708789516243341,SSP1,Median,South Korea,missing,Corn,Corn,missing,missing,missing,missing,missing,missing,missing,%,South KoreaCorn
47905,1.85373,2.21814,1.96783,1.8176,1.81858,,,,0.9285377996080296,1.1995473004694868,0.8514168565265092,0.8404659390548274,0.8450356049521609,SSP1,Upper CI,South Korea,missing,Corn,Corn,missing,missing,missing,missing,missing,missing,missing,%,South KoreaCorn
47943,1.01157,1.52619,1.44244,1.38335,1.49536,,,,-0.12630874455599342,-0.8091936902655092,-0.3278560579625454,-0.0760757294239281,-0.05593296762704,SSP1,Lower CI,South Korea,missing,FruitsVeg,Fruits,missing,missing,missing,missing,missing,missing,missing,%,South KoreaFruits
47945,1.01157,1.52619,1.44244,1.38335,1.49536,,,,-0.03762384291005903,-0.03216717207846484,-0.023387883672977804,-0.031563738630140656,-0.03525852945580807,SSP1,Median,South Korea,missing,FruitsVeg,Fruits,missing,missing,missing,missing,missing,missing,missing,%,South KoreaFruits
47947,1.01157,1.52619,1.44244,1.38335,1.49536,,,,0.01369316033540078,0.2653699193488232,0.07863779955245197,-0.008584095849239054,0.011135426970347043,SSP1,Upper CI,South Korea,missing,FruitsVeg,Fruits,missing,missing,missing,missing,missing,missing,missing,%,South KoreaFruits
47985,2.35408,2.93541,2.92949,2.88863,3.1223,,,,-0.16744411207598614,-0.828329116399591,-0.3495936648344118,-0.09784612923117933,-0.07223486234338443,SSP1,Lower CI,South Korea,missing,FruitsVeg,Vegetables,missing,missing,missing,missing,missing,missing,missing,%,South KoreaVegetables
47987,2.35408,2.93541,2.92949,2.88863,3.1223,,,,-0.06380415660332404,-0.05994416457972934,-0.04656296213560149,-0.05149405341143738,-0.056924644312132525,SSP1,Median,South Korea,missing,FruitsVeg,Vegetables,missing,missing,missing,missing,missing,missing,missing,%,South KoreaVegetables
47989,2.35408,2.93541,2.92949,2.88863,3.1223,,,,-0.02621642218830844,0.22371133956556655,0.05499745800247499,-0.02872236482142821,-0.007721792660833532,SSP1,Upper CI,South Korea,missing,FruitsVeg,Vegetables,missing,missing,missing,missing,missing,missing,missing,%,South KoreaVegetables
48027,0.122417,0.228055,0.20213,0.224018,0.242423,,,,-0.04863719485079193,-0.7149754158944199,-0.2107486135876637,0.04575015717847952,0.06357873349736451,SSP1,Lower CI,South Korea,missing,MiscCrop,Other Crops,missing,missing,missing,missing,missing,missing,missing,%,South KoreaOther Crops
48029,0.122417,0.228055,0.20213,0.224018,0.242423,,,,0.044918816602735036,0.08887318714306856,0.09278148924270758,0.08756629685496906,0.0804716631051981,SSP1,Median,South Korea,missing,MiscCrop,Other Crops,missing,missing,missing,missing,missing,missing,missing,%,South KoreaOther Crops
48031,0.122417,0.228055,0.20213,0.224018,0.242423,,,,0.08798060798762616,0.37534763296095014,0.19572925739237354,0.10826883549042088,0.1315685622643403,SSP1,Upper CI,South Korea,missing,MiscCrop,Other Crops,missing,missing,missing,missing,missing,missing,missing,%,South KoreaOther Crops
48069,0.169386,0.17935,0.205695,0.251565,0.271618,,,,-0.8386501269214777,-0.9551618676838031,-0.6039339983060096,-0.26704386415813264,-0.19400817573065596,SSP1,Lower CI,South Korea,missing,Oil,Fiber Crops,missing,missing,missing,missing,missing,missing,missing,%,South KoreaFiber Crops
48071,0.169386,0.17935,0.205695,0.251565,0.271618,,,,-0.5813551926377387,-0.328947261286052,-0.24052987162045378,-0.2099218885288177,-0.17590113883326353,SSP1,Median,South Korea,missing,Oil,Fiber Crops,missing,missing,missing,missing,missing,missing,missing,%,South KoreaFiber Crops
48073,0.169386,0.17935,0.205695,0.251565,0.271618,,,,-0.4300247746440016,-0.015916502861267334,-0.17221516695437444,-0.19824871626022356,-0.12420958305568322,SSP1,Upper CI,South Korea,missing,Oil,Fiber Crops,missing,missing,missing,missing,missing,missing,missing,%,South KoreaFiber Crops
48111,0.456454,0.459871,2.00398,2.82062,3.02657,,,,-0.4440113079863983,-1.1610364851471824,-0.6544554169078836,-0.4448035246114753,-0.4104600739130639,SSP1,Lower CI,South Korea,missing,Oil,Plant Oils,missing,missing,missing,missing,missing,missing,missing,%,South KoreaPlant Oils
48113,0.456454,0.459871,2.00398,2.82062,3.02657,,,,-0.17545669830420954,-0.34707118814717325,-0.3374947632311422,-0.3923852984577762,-0.3787751086635902,SSP1,Median,South Korea,missing,Oil,Plant Oils,missing,missing,missing,missing,missing,missing,missing,%,South KoreaPlant Oils
48115,0.456454,0.459871,2.00398,2.82062,3.02657,,,,-0.011712716564614839,-0.09544209073226262,-0.23019899786259934,-0.3204590096924834,-0.3168564666982668,SSP1,Upper CI,South Korea,missing,Oil,Plant Oils,missing,missing,missing,missing,missing,missing,missing,%,South KoreaPlant Oils
48153,0.159936,0.32466,0.801141,1.66657,1.79897,,,,-0.19793997406967578,-0.8013731562295101,-0.36048624891116754,-0.09912940861627073,-0.07939511452969487,SSP1,Lower CI,South Korea,missing,Oil,Palm Oil,missing,missing,missing,missing,missing,missing,missing,%,South KoreaPalm Oil
48155,0.159936,0.32466,0.801141,1.66657,1.79897,,,,-0.0955606341879116,-0.04050502655028415,-0.04420383211464316,-0.06188025104868483,-0.06048583142466435,SSP1,Median,South Korea,missing,Oil,Palm Oil,missing,missing,missing,missing,missing,missing,missing,%,South KoreaPalm Oil
48157,0.159936,0.32466,0.801141,1.66657,1.79897,,,,-0.06278282209361281,0.23377588987096276,0.07388020792660019,-0.034587008925819146,-0.021936189141593652,SSP1,Upper CI,South Korea,missing,Oil,Palm Oil,missing,missing,missing,missing,missing,missing,missing,%,South KoreaPalm Oil
48195,2.85381,3.66008,4.56525,4.94177,5.35715,,,,0.05557745231017301,-0.3676241089583776,-0.031564519517317494,0.09060806095398871,0.07316024326200193,SSP1,Lower CI,South Korea,missing,Oil,Soybean,missing,missing,missing,missing,missing,missing,missing,%,South KoreaSoybean
48197,2.85381,3.66008,4.56525,4.94177,5.35715,,,,0.1257138035420679,0.2047426392251086,0.17634189146628168,0.12908140382814412,0.1232410385502423,SSP1,Median,South Korea,missing,Oil,Soybean,missing,missing,missing,missing,missing,missing,missing,%,South KoreaSoybean
48199,2.85381,3.66008,4.56525,4.94177,5.35715,,,,0.2580837967771596,0.47007571980199714,0.26070829865049544,0.22223036356239612,0.2383075936965437,SSP1,Upper CI,South Korea,missing,Oil,Soybean,missing,missing,missing,missing,missing,missing,missing,%,South KoreaSoybean
48237,1.46521,0.478581,0.306262,1.11102,1.12198,,,,0.7477277138464333,-0.011918729122994631,0.6242766130959043,0.6578852018632516,0.6759885337263518,SSP1,Lower CI,South Korea,missing,OtherGrain,Other Grains,missing,missing,missing,missing,missing,missing,missing,%,South KoreaOther Grains
48239,1.46521,0.478581,0.306262,1.11102,1.12198,,,,0.8827701849264347,0.751982306384351,0.7369866398430603,0.7058352188151014,0.7038105204654377,SSP1,Median,South Korea,missing,OtherGrain,Other Grains,missing,missing,missing,missing,missing,missing,missing,%,South KoreaOther Grains
48241,1.46521,0.478581,0.306262,1.11102,1.12198,,,,1.019865311573766,1.0824162206490011,0.8369950540780164,0.7970006600597924,0.7611839729393806,SSP1,Upper CI,South Korea,missing,OtherGrain,Other Grains,missing,missing,missing,missing,missing,missing,missing,%,South KoreaOther Grains
48279,0.483741,0.950883,1.04585,1.26848,1.36042,,,,0.05279243668375069,-1.2225924101830508,-0.6489765145495405,-0.336488358686584,-0.3915377050937753,SSP1,Lower CI,South Korea,missing,Protein,Beef,missing,missing,missing,missing,missing,missing,missing,%,South KoreaBeef
48281,0.483741,0.950883,1.04585,1.26848,1.36042,,,,0.08901270034566977,0.04308634757099405,-0.1479341208382826,-0.25086632148689875,-0.372352777202644,SSP1,Median,South Korea,missing,Protein,Beef,missing,missing,missing,missing,missing,missing,missing,%,South KoreaBeef
48283,0.483741,0.950883,1.04585,1.26848,1.36042,,,,0.20366509255645923,0.6320586813580718,0.017542364967007618,-0.20686884788807094,-0.30846101915396484,SSP1,Upper CI,South Korea,missing,Protein,Beef,missing,missing,missing,missing,missing,missing,missing,%,South KoreaBeef
48321,1.11949,1.60657,1.40175,1.36301,1.45475,,,,-0.14440037401647948,-0.7264775318997718,-0.3416547339615005,-0.10221977276587671,-0.0740206281977711,SSP1,Lower CI,South Korea,missing,Protein,Dairy,missing,missing,missing,missing,missing,missing,missing,%,South KoreaDairy
48323,1.11949,1.60657,1.40175,1.36301,1.45475,,,,-0.05635570336688773,-0.03930513419771548,-0.03792510197765838,-0.05262175925730624,-0.052564387791104304,SSP1,Median,South Korea,missing,Protein,Dairy,missing,missing,missing,missing,missing,missing,missing,%,South KoreaDairy
48325,1.11949,1.60657,1.40175,1.36301,1.45475,,,,-0.012407540871249553,0.19862891001831678,0.04176422703471869,-0.027423975224496716,-0.01264054975994397,SSP1,Upper CI,South Korea,missing,Protein,Dairy,missing,missing,missing,missing,missing,missing,missing,%,South KoreaDairy
48363,1.93504,2.65366,3.09489,3.41341,3.65318,,,,-0.15627196303640803,-0.8816072770979745,-0.39882263189048994,-0.13281326908391097,-0.11269716109572356,SSP1,Lower CI,South Korea,missing,Protein,Fish,missing,missing,missing,missing,missing,missing,missing,%,South KoreaFish
48365,1.93504,2.65366,3.09489,3.41341,3.65318,,,,-0.06629985657130467,-0.07102036672515981,-0.0702609489049673,-0.08452772550339871,-0.08992196588051819,SSP1,Median,South Korea,missing,Protein,Fish,missing,missing,missing,missing,missing,missing,missing,%,South KoreaFish
48367,1.93504,2.65366,3.09489,3.41341,3.65318,,,,0.004003655333508577,0.23949459933491835,0.026626546760968345,-0.05259162356630864,-0.042456719158479594,SSP1,Upper CI,South Korea,missing,Protein,Fish,missing,missing,missing,missing,missing,missing,missing,%,South KoreaFish
48405,1.07671,2.58713,2.74672,3.05288,3.2666,,,,0.09230549710213161,-0.5673272034633438,-0.06909849444398708,0.19428852666833368,0.2636285573375563,SSP1,Lower CI,South Korea,missing,Protein,Pork,missing,missing,missing,missing,missing,missing,missing,%,South KoreaPork
48407,1.07671,2.58713,2.74672,3.05288,3.2666,,,,0.14690117501371358,0.2351888000185605,0.3030837018660649,0.30093899142959174,0.3040365354889112,SSP1,Median,South Korea,missing,Protein,Pork,missing,missing,missing,missing,missing,missing,missing,%,South KoreaPork
48409,1.07671,2.58713,2.74672,3.05288,3.2666,,,,0.24152397948723536,0.5195102320817838,0.4199462777691562,0.35931411661799234,0.35951074433842545,SSP1,Upper CI,South Korea,missing,Protein,Pork,missing,missing,missing,missing,missing,missing,missing,%,South KoreaPork
48447,0.921298,1.47327,1.74403,2.12261,2.27263,,,,-0.02863317985309875,-0.6346088428710634,-0.317838381950742,-0.12061875552715759,-0.06848054242986971,SSP1,Lower CI,South Korea,missing,Protein,Poultry,missing,missing,missing,missing,missing,missing,missing,%,South KoreaPoultry
48449,0.921298,1.47327,1.74403,2.12261,2.27263,,,,0.014256502421288867,0.022109218639331744,0.0016607777563323466,-0.018181971171772334,-0.034239894496043,SSP1,Median,South Korea,missing,Protein,Poultry,missing,missing,missing,missing,missing,missing,missing,%,South KoreaPoultry
48451,0.921298,1.47327,1.74403,2.12261,2.27263,,,,0.06890052546753696,0.23293074225821894,0.08471763057396409,0.02496867952194795,0.0025556289764635115,SSP1,Upper CI,South Korea,missing,Protein,Poultry,missing,missing,missing,missing,missing,missing,missing,%,South KoreaPoultry
48489,0.0181057,0.0106961,0.0097517,0.021588,0.0229055,,,,0.3524453902725306,-0.3371303966574325,0.1982788677257142,0.41959530684111734,0.4593236834445624,SSP1,Lower CI,South Korea,missing,Protein,Sheep and Goat,missing,missing,missing,missing,missing,missing,missing,%,South KoreaSheep and Goat
48491,0.0181057,0.0106961,0.0097517,0.021588,0.0229055,,,,0.4358812120309915,0.4880303478257304,0.4679237626650025,0.4729610292183739,0.4933519169929891,SSP1,Median,South Korea,missing,Protein,Sheep and Goat,missing,missing,missing,missing,missing,missing,missing,%,South KoreaSheep and Goat
48493,0.0181057,0.0106961,0.0097517,0.021588,0.0229055,,,,0.4993484990013614,0.8072274336358692,0.6187245202888176,0.5925408418542026,0.6403259516939253,SSP1,Upper CI,South Korea,missing,Protein,Sheep and Goat,missing,missing,missing,missing,missing,missing,missing,%,South KoreaSheep and Goat
48531,0.249452,0.243071,0.21086,0.218779,0.267122,,,,0.13428413733626668,-0.5240898878859974,-0.013392154035048787,0.20122804494963042,0.21163763788818238,SSP1,Lower CI,South Korea,missing,Protein,Legumes,missing,missing,missing,missing,missing,missing,missing,%,South KoreaLegumes
48533,0.249452,0.243071,0.21086,0.218779,0.267122,,,,0.26797327291345974,0.25178788698196936,0.28193335800250635,0.24691040170212103,0.23925572809104578,SSP1,Median,South Korea,missing,Protein,Legumes,missing,missing,missing,missing,missing,missing,missing,%,South KoreaLegumes
48535,0.249452,0.243071,0.21086,0.218779,0.267122,,,,0.43073465635994745,0.6781141462526037,0.39166190231666737,0.28244088678768586,0.30633148101292984,SSP1,Upper CI,South Korea,missing,Protein,Legumes,missing,missing,missing,missing,missing,missing,missing,%,South KoreaLegumes
48573,0.387722,0.63893,0.75062,0.913998,1.10926,,,,0.35243623947320624,-0.19126555448714877,0.4319105179718598,0.5545533866192192,0.566909864468564,SSP1,Lower CI,South Korea,missing,Protein,Nuts and Seeds,missing,missing,missing,missing,missing,missing,missing,%,South KoreaNuts and Seeds
48575,0.387722,0.63893,0.75062,0.913998,1.10926,,,,0.5365886837794185,0.6293465421223419,0.6956699303987378,0.63188153808351,0.6274081091932237,SSP1,Median,South Korea,missing,Protein,Nuts and Seeds,missing,missing,missing,missing,missing,missing,missing,%,South KoreaNuts and Seeds
48577,0.387722,0.63893,0.75062,0.913998,1.10926,,,,0.6926286536384615,0.99506631315339,1.0152660082918266,0.7204529463158966,0.7259781772621281,SSP1,Upper CI,South Korea,missing,Protein,Nuts and Seeds,missing,missing,missing,missing,missing,missing,missing,%,South KoreaNuts and Seeds
48615,19.6945,16.0423,17.1628,14.0387,14.0906,,,,-0.6915461567073516,-0.692114910004045,-0.657697080289594,-0.6524314506432591,-0.6254631220657911,SSP1,Lower CI,South Korea,missing,Rice,Rice,missing,missing,missing,missing,missing,missing,missing,%,South KoreaRice
48617,19.6945,16.0423,17.1628,14.0387,14.0906,,,,-0.5828871198268871,-0.5774614983561207,-0.632304036835021,-0.6008387296924312,-0.5924449489756192,SSP1,Median,South Korea,missing,Rice,Rice,missing,missing,missing,missing,missing,missing,missing,%,South KoreaRice
48619,19.6945,16.0423,17.1628,14.0387,14.0906,,,,-0.444246924061542,-0.3373997815096318,-0.47896241180913524,-0.5652180775645683,-0.5775986669659139,SSP1,Upper CI,South Korea,missing,Rice,Rice,missing,missing,missing,missing,missing,missing,missing,%,South KoreaRice
48657,0.446374,0.560554,0.63856,0.726996,0.732252,,,,0.7236148803526989,-0.43223261240619454,0.4015913967423439,0.44363570809691716,0.48681088197127875,SSP1,Lower CI,South Korea,missing,RootTuber,Roots and Tubers,missing,missing,missing,missing,missing,missing,missing,%,South KoreaRoots and Tubers
48659,0.446374,0.560554,0.63856,0.726996,0.732252,,,,0.9581688904923557,0.5529328068934727,0.46166300861460186,0.5129802373261168,0.5291702443780959,SSP1,Median,South Korea,missing,RootTuber,Roots and Tubers,missing,missing,missing,missing,missing,missing,missing,%,South KoreaRoots and Tubers
48661,0.446374,0.560554,0.63856,0.726996,0.732252,,,,1.1470234597378406,1.1226372757998284,0.6581230722112386,0.6905526887419018,0.6130907383295031,SSP1,Upper CI,South Korea,missing,RootTuber,Roots and Tubers,missing,missing,missing,missing,missing,missing,missing,%,South KoreaRoots and Tubers
48699,0.0,0.0,2.26518,4.91525,5.25179,,,,-0.431746818105189,-1.952706572382159,-0.8527734821557823,-0.17631633810312652,-0.37968395772889174,SSP1,Lower CI,South Korea,missing,SugarCrop,Sugar Crops,missing,missing,missing,missing,missing,missing,missing,%,South KoreaSugar Crops
48701,0.0,0.0,2.26518,4.91525,5.25179,,,,-0.06414712758313335,-0.2870320800767086,-0.23182464007535833,-0.08075650918422794,-0.054080928550700035,SSP1,Median,South Korea,missing,SugarCrop,Sugar Crops,missing,missing,missing,missing,missing,missing,missing,%,South KoreaSugar Crops
48703,0.0,0.0,2.26518,4.91525,5.25179,,,,0.18931193726927784,4.464572590904023,1.5877483233438414,0.02919325078688717,0.050882930326411946,SSP1,Upper CI,South Korea,missing,SugarCrop,Sugar Crops,missing,missing,missing,missing,missing,missing,missing,%,South KoreaSugar Crops
48741,5.83017,7.7496,7.556,7.57875,7.64511,,,,0.40411811482129323,0.2857059409742524,0.5710112618678447,0.7099105427759517,0.7293451881794032,SSP1,Lower CI,South Korea,missing,Wheat,Wheat,missing,missing,missing,missing,missing,missing,missing,%,South KoreaWheat
48743,5.83017,7.7496,7.556,7.57875,7.64511,,,,0.6094552513076361,0.7791114653891958,0.7881115678409358,0.7505336545665472,0.7422888540472031,SSP1,Median,South Korea,missing,Wheat,Wheat,missing,missing,missing,missing,missing,missing,missing,%,South KoreaWheat
48745,5.83017,7.7496,7.556,7.57875,7.64511,,,,0.8461260790480468,0.958907699322715,0.8567234711099461,0.8363893645734554,0.7859356667215397,SSP1,Upper CI,South Korea,missing,Wheat,Wheat,missing,missing,missing,missing,missing,missing,missing,%,South KoreaWheat
49665,11.2451,13.6725,15.4206,17.3489,17.6587,,,,0.8099518176887575,0.7274246862682793,0.7497034644694603,0.7570442984813467,0.7513153612188247,SSP1,Lower CI,Southeast Asia,missing,Corn,Corn,missing,missing,missing,missing,missing,missing,missing,%,Southeast AsiaCorn
49667,11.2451,13.6725,15.4206,17.3489,17.6587,,,,0.8670552517421987,0.8232683367874993,0.7931644639802312,0.771361100945338,0.7562855022075996,SSP1,Median,Southeast Asia,missing,Corn,Corn,missing,missing,missing,missing,missing,missing,missing,%,Southeast AsiaCorn
49669,11.2451,13.6725,15.4206,17.3489,17.6587,,,,1.0470647666416735,0.9292757939337396,0.8093778603962446,0.786107511374219,0.7675867526636816,SSP1,Upper CI,Southeast Asia,missing,Corn,Corn,missing,missing,missing,missing,missing,missing,missing,%,Southeast AsiaCorn
49707,9.46618,13.8815,14.9527,15.4328,17.7747,,,,0.02413230663343431,-0.06854276539015303,-0.008801566408426095,-0.004951115596224756,4.1517721915138375e-05,SSP1,Lower CI,Southeast Asia,missing,FruitsVeg,Fruits,missing,missing,missing,missing,missing,missing,missing,%,Southeast AsiaFruits
49709,9.46618,13.8815,14.9527,15.4328,17.7747,,,,0.04325145628312089,0.018486653992105622,0.009913716447481496,0.00932084337214711,0.008522662058337068,SSP1,Median,Southeast Asia,missing,FruitsVeg,Fruits,missing,missing,missing,missing,missing,missing,missing,%,Southeast AsiaFruits
49711,9.46618,13.8815,14.9527,15.4328,17.7747,,,,0.07365359452839923,0.09262281725679133,0.023483222708148357,0.02509955521647246,0.0196606686558662,SSP1,Upper CI,Southeast Asia,missing,FruitsVeg,Fruits,missing,missing,missing,missing,missing,missing,missing,%,Southeast AsiaFruits
49749,5.04775,7.99748,8.95425,11.242,12.9526,,,,-0.04912041667657606,-0.13453645527289756,-0.0681176409690075,-0.06288562443140094,-0.055806162009109414,SSP1,Lower CI,Southeast Asia,missing,FruitsVeg,Vegetables,missing,missing,missing,missing,missing,missing,missing,%,Southeast AsiaVegetables
49751,5.04775,7.99748,8.95425,11.242,12.9526,,,,-0.029957439620487032,-0.04542457300693613,-0.049333759094639246,-0.048504372035379786,-0.04731839853214721,SSP1,Median,Southeast Asia,missing,FruitsVeg,Vegetables,missing,missing,missing,missing,missing,missing,missing,%,Southeast AsiaVegetables
49753,5.04775,7.99748,8.95425,11.242,12.9526,,,,0.004405617637129357,0.027536349967649427,-0.03529778786997641,-0.03190742836465244,-0.03517798674744391,SSP1,Upper CI,Southeast Asia,missing,FruitsVeg,Vegetables,missing,missing,missing,missing,missing,missing,missing,%,Southeast AsiaVegetables
49791,0.490434,1.10599,1.5767,1.70805,1.96986,,,,0.10533248787532937,0.030005748979076013,0.09905363196430209,0.1081420598388152,0.11725851585708967,SSP1,Lower CI,Southeast Asia,missing,MiscCrop,Other Crops,missing,missing,missing,missing,missing,missing,missing,%,Southeast AsiaOther Crops
49793,0.490434,1.10599,1.5767,1.70805,1.96986,,,,0.1222208262188832,0.10977018316035994,0.11507904407223003,0.1204277846551137,0.12445697167108974,SSP1,Median,Southeast Asia,missing,MiscCrop,Other Crops,missing,missing,missing,missing,missing,missing,missing,%,Southeast AsiaOther Crops
49795,0.490434,1.10599,1.5767,1.70805,1.96986,,,,0.14733138080985111,0.1794216791845875,0.12809225491397405,0.13463707450518067,0.13286615881338976,SSP1,Upper CI,Southeast Asia,missing,MiscCrop,Other Crops,missing,missing,missing,missing,missing,missing,missing,%,Southeast AsiaOther Crops
49833,0.101295,0.090736,0.312454,0.43163,0.497125,,,,-0.649735967228485,-0.36742897207973857,-0.300206862224523,-0.2290039457574598,-0.19370279714772332,SSP1,Lower CI,Southeast Asia,missing,Oil,Fiber Crops,missing,missing,missing,missing,missing,missing,missing,%,Southeast AsiaFiber Crops
49835,0.101295,0.090736,0.312454,0.43163,0.497125,,,,-0.43384144904378574,-0.3026498465806679,-0.23298675649787792,-0.20035702753741425,-0.1715293424404083,SSP1,Median,Southeast Asia,missing,Oil,Fiber Crops,missing,missing,missing,missing,missing,missing,missing,%,Southeast AsiaFiber Crops
49837,0.101295,0.090736,0.312454,0.43163,0.497125,,,,-0.3318677475362869,-0.16504691205676691,-0.21056838215462484,-0.18495481276880182,-0.1530181328795452,SSP1,Upper CI,Southeast Asia,missing,Oil,Fiber Crops,missing,missing,missing,missing,missing,missing,missing,%,Southeast AsiaFiber Crops
49875,5.77062,8.29517,11.3518,12.5057,14.3666,,,,-0.4491480243909245,-0.44917176877167375,0.026952116241121468,0.11006783946527549,0.1379254460031372,SSP1,Lower CI,Southeast Asia,missing,Oil,Plant Oils,missing,missing,missing,missing,missing,missing,missing,%,Southeast AsiaPlant Oils
49877,5.77062,8.29517,11.3518,12.5057,14.3666,,,,-0.10795036063676043,0.03700755196330969,0.11845319816045319,0.1479584912702109,0.17740750512914685,SSP1,Median,Southeast Asia,missing,Oil,Plant Oils,missing,missing,missing,missing,missing,missing,missing,%,Southeast AsiaPlant Oils
49879,5.77062,8.29517,11.3518,12.5057,14.3666,,,,0.005584436011770416,0.19579913393455547,0.21644842471578796,0.24231223592759776,0.21466837128578012,SSP1,Upper CI,Southeast Asia,missing,Oil,Plant Oils,missing,missing,missing,missing,missing,missing,missing,%,Southeast AsiaPlant Oils
49917,3.32231,3.8193,5.57436,8.07966,9.27622,,,,-0.11443271252800741,-0.11961426307514156,-0.0906010971628169,-0.08224363278701721,-0.08150618981128506,SSP1,Lower CI,Southeast Asia,missing,Oil,Palm Oil,missing,missing,missing,missing,missing,missing,missing,%,Southeast AsiaPalm Oil
49919,3.32231,3.8193,5.57436,8.07966,9.27622,,,,-0.09457077695217322,-0.07708848895005199,-0.0719708999476744,-0.07013021430700962,-0.07092330906434108,SSP1,Median,Southeast Asia,missing,Oil,Palm Oil,missing,missing,missing,missing,missing,missing,missing,%,Southeast AsiaPalm Oil
49921,3.32231,3.8193,5.57436,8.07966,9.27622,,,,-0.08821895236949936,-0.0632342229958528,-0.055524741422259286,-0.060544010756975936,-0.06440067315764604,SSP1,Upper CI,Southeast Asia,missing,Oil,Palm Oil,missing,missing,missing,missing,missing,missing,missing,%,Southeast AsiaPalm Oil
49959,2.89937,4.35481,7.47201,9.36521,10.7921,,,,0.028333164285133203,-0.07840428682151901,0.09940835309250984,0.07270942483998868,0.09297773002134657,SSP1,Lower CI,Southeast Asia,missing,Oil,Soybean,missing,missing,missing,missing,missing,missing,missing,%,Southeast AsiaSoybean
49961,2.89937,4.35481,7.47201,9.36521,10.7921,,,,0.12745669702306625,0.15008211955551065,0.1500037898971938,0.11911977799910839,0.12487305371678203,SSP1,Median,Southeast Asia,missing,Oil,Soybean,missing,missing,missing,missing,missing,missing,missing,%,Southeast AsiaSoybean
49963,2.89937,4.35481,7.47201,9.36521,10.7921,,,,0.2240036118966638,0.5651611887862318,0.3005827522499238,0.22905698062676735,0.19800184699506396,SSP1,Upper CI,Southeast Asia,missing,Oil,Soybean,missing,missing,missing,missing,missing,missing,missing,%,Southeast AsiaSoybean
50001,1.00643,1.83211,3.13017,4.23721,4.33739,,,,1.270101452785134,1.5744927302260199,2.021742372119899,2.073265693773701,2.074506100759541,SSP1,Lower CI,Southeast Asia,missing,OtherGrain,Other Grains,missing,missing,missing,missing,missing,missing,missing,%,Southeast AsiaOther Grains
50003,1.00643,1.83211,3.13017,4.23721,4.33739,,,,1.5226800991369838,1.6375803209425908,2.341576541928619,2.38230535738544,2.39290941572208,SSP1,Median,Southeast Asia,missing,OtherGrain,Other Grains,missing,missing,missing,missing,missing,missing,missing,%,Southeast AsiaOther Grains
50005,1.00643,1.83211,3.13017,4.23721,4.33739,,,,1.772295706250261,1.893920852223201,2.377858774332876,2.4378435968874443,2.4393240152825615,SSP1,Upper CI,Southeast Asia,missing,OtherGrain,Other Grains,missing,missing,missing,missing,missing,missing,missing,%,Southeast AsiaOther Grains
50043,1.28903,1.86243,2.73904,3.19144,3.59145,,,,-0.0023436730988838188,-0.17121770627619232,-0.24319235752461113,-0.293199700617403,-0.3533178672540946,SSP1,Lower CI,Southeast Asia,missing,Protein,Beef,missing,missing,missing,missing,missing,missing,missing,%,Southeast AsiaBeef
50045,1.28903,1.86243,2.73904,3.19144,3.59145,,,,0.02947393179155947,-0.10983530659433324,-0.20503861481980531,-0.26093449077684916,-0.321538009785765,SSP1,Median,Southeast Asia,missing,Protein,Beef,missing,missing,missing,missing,missing,missing,missing,%,Southeast AsiaBeef
50047,1.28903,1.86243,2.73904,3.19144,3.59145,,,,0.05004332189624511,-0.0019635163539687417,-0.1677697756105521,-0.21501188175187652,-0.2775788494009774,SSP1,Upper CI,Southeast Asia,missing,Protein,Beef,missing,missing,missing,missing,missing,missing,missing,%,Southeast AsiaBeef
50085,2.91826,4.87261,4.69193,5.78053,6.49615,,,,0.0354551452697233,-0.12816792425184598,-0.01779965734949746,-0.01784599018506916,-0.022921220808031977,SSP1,Lower CI,Southeast Asia,missing,Protein,Dairy,missing,missing,missing,missing,missing,missing,missing,%,Southeast AsiaDairy
50087,2.91826,4.87261,4.69193,5.78053,6.49615,,,,0.07573043610076938,0.03665387735618653,0.021361572787154753,0.008915681553377056,0.004763332046503291,SSP1,Median,Southeast Asia,missing,Protein,Dairy,missing,missing,missing,missing,missing,missing,missing,%,Southeast AsiaDairy
50089,2.91826,4.87261,4.69193,5.78053,6.49615,,,,0.14991189180724268,0.13311600738403917,0.04362252165378108,0.04331764720061706,0.032924829573222625,SSP1,Upper CI,Southeast Asia,missing,Protein,Dairy,missing,missing,missing,missing,missing,missing,missing,%,Southeast AsiaDairy
50127,7.01138,12.4231,14.9799,16.0985,18.1889,,,,0.07062104872838756,-0.17963850310631405,-0.024359921786369962,-0.01237578866308639,-0.011811761149773385,SSP1,Lower CI,Southeast Asia,missing,Protein,Fish,missing,missing,missing,missing,missing,missing,missing,%,Southeast AsiaFish
50129,7.01138,12.4231,14.9799,16.0985,18.1889,,,,0.11361382819269744,0.036768270853798996,0.023326616782592215,0.02023505026292416,0.016468427897226117,SSP1,Median,Southeast Asia,missing,Protein,Fish,missing,missing,missing,missing,missing,missing,missing,%,Southeast AsiaFish
50131,7.01138,12.4231,14.9799,16.0985,18.1889,,,,0.21409225371400084,0.206305600648619,0.06076807139259027,0.06664832347352782,0.05584313679078904,SSP1,Upper CI,Southeast Asia,missing,Protein,Fish,missing,missing,missing,missing,missing,missing,missing,%,Southeast AsiaFish
50169,9.21852,19.7137,24.0368,27.4969,30.9667,,,,0.14878223309970537,-0.013657757187324177,0.10495650808610374,0.11448914138503422,0.11955304449240062,SSP1,Lower CI,Southeast Asia,missing,Protein,Pork,missing,missing,missing,missing,missing,missing,missing,%,Southeast AsiaPork
50171,9.21852,19.7137,24.0368,27.4969,30.9667,,,,0.17736837836307404,0.14463620866476562,0.13365094127248928,0.1355870917863125,0.14043280340993866,SSP1,Median,Southeast Asia,missing,Protein,Pork,missing,missing,missing,missing,missing,missing,missing,%,Southeast AsiaPork
50173,9.21852,19.7137,24.0368,27.4969,30.9667,,,,0.2219430507765561,0.23727294821510056,0.16010437125168187,0.17070697596418918,0.16932711673895878,SSP1,Upper CI,Southeast Asia,missing,Protein,Pork,missing,missing,missing,missing,missing,missing,missing,%,Southeast AsiaPork
50211,4.06339,7.55068,10.5742,12.8015,14.4564,,,,0.02469106331784198,-0.19305461986345954,-0.09914556685622004,-0.1002670200815196,-0.09874506536365897,SSP1,Lower CI,Southeast Asia,missing,Protein,Poultry,missing,missing,missing,missing,missing,missing,missing,%,Southeast AsiaPoultry
50213,4.06339,7.55068,10.5742,12.8015,14.4564,,,,0.06367909842987356,-0.032881258022358265,-0.06435782920860364,-0.06978049448187637,-0.06630072742537921,SSP1,Median,Southeast Asia,missing,Protein,Poultry,missing,missing,missing,missing,missing,missing,missing,%,Southeast AsiaPoultry
50215,4.06339,7.55068,10.5742,12.8015,14.4564,,,,0.09201697073830617,0.045814032657676196,-0.034809750353478705,-0.030511526784963813,-0.034451500055577886,SSP1,Upper CI,Southeast Asia,missing,Protein,Poultry,missing,missing,missing,missing,missing,missing,missing,%,Southeast AsiaPoultry
50253,0.112191,0.210614,0.328384,0.430155,0.484219,,,,0.23044939393380595,0.04848786483384282,0.18687709120015644,0.20160910384546882,0.20643357993435835,SSP1,Lower CI,Southeast Asia,missing,Protein,Sheep and Goat,missing,missing,missing,missing,missing,missing,missing,%,Southeast AsiaSheep and Goat
50255,0.112191,0.210614,0.328384,0.430155,0.484219,,,,0.25501265603888856,0.23106877264684558,0.23462229847277427,0.2333646786152723,0.23704809003959262,SSP1,Median,Southeast Asia,missing,Protein,Sheep and Goat,missing,missing,missing,missing,missing,missing,missing,%,Southeast AsiaSheep and Goat
50257,0.112191,0.210614,0.328384,0.430155,0.484219,,,,0.3124548381482888,0.38049411705577607,0.2843240279882949,0.298820056203306,0.29954261336206917,SSP1,Upper CI,Southeast Asia,missing,Protein,Sheep and Goat,missing,missing,missing,missing,missing,missing,missing,%,Southeast AsiaSheep and Goat
50295,3.60533,5.26047,6.00537,6.23192,8.19105,,,,-0.3843682652836363,-0.2362089150737921,-0.14182872737517543,-0.11394184302992416,-0.09852884826077798,SSP1,Lower CI,Southeast Asia,missing,Protein,Legumes,missing,missing,missing,missing,missing,missing,missing,%,Southeast AsiaLegumes
50297,3.60533,5.26047,6.00537,6.23192,8.19105,,,,-0.20652440418678905,-0.13448462168560416,-0.08574340976980131,-0.04503460364570242,-0.028858626059473383,SSP1,Median,Southeast Asia,missing,Protein,Legumes,missing,missing,missing,missing,missing,missing,missing,%,Southeast AsiaLegumes
50299,3.60533,5.26047,6.00537,6.23192,8.19105,,,,-0.12188633120274825,-0.05940587950989269,0.014385394127987741,0.02934510692455789,0.04858184116395134,SSP1,Upper CI,Southeast Asia,missing,Protein,Legumes,missing,missing,missing,missing,missing,missing,missing,%,Southeast AsiaLegumes
50337,2.5721,4.8,6.06875,6.42309,8.3451,,,,-0.46851722237023535,-0.5280823869461404,-0.2169282308526661,-0.2801108340584697,-0.26222432890465636,SSP1,Lower CI,Southeast Asia,missing,Protein,Nuts and Seeds,missing,missing,missing,missing,missing,missing,missing,%,Southeast AsiaNuts and Seeds
50339,2.5721,4.8,6.06875,6.42309,8.3451,,,,-0.2556354880060121,-0.16601570598068088,-0.14406686409301628,-0.1750601970085866,-0.1917475722337814,SSP1,Median,Southeast Asia,missing,Protein,Nuts and Seeds,missing,missing,missing,missing,missing,missing,missing,%,Southeast AsiaNuts and Seeds
50341,2.5721,4.8,6.06875,6.42309,8.3451,,,,-0.10501855504445728,0.8020710281515426,-0.04886326770704669,-0.1315153173585453,-0.14583008988797685,SSP1,Upper CI,Southeast Asia,missing,Protein,Nuts and Seeds,missing,missing,missing,missing,missing,missing,missing,%,Southeast AsiaNuts and Seeds
50379,121.519,172.095,172.24,170.217,173.663,,,,-0.4170871930609005,-0.4426299943798253,-0.3818495155268959,-0.35635169198287914,-0.3485688209357023,SSP1,Lower CI,Southeast Asia,missing,Rice,Rice,missing,missing,missing,missing,missing,missing,missing,%,Southeast AsiaRice
50381,121.519,172.095,172.24,170.217,173.663,,,,-0.37810188291439056,-0.3708685074426257,-0.3670480175539024,-0.3523454281543845,-0.3468054690638735,SSP1,Median,Southeast Asia,missing,Rice,Rice,missing,missing,missing,missing,missing,missing,missing,%,Southeast AsiaRice
50383,121.519,172.095,172.24,170.217,173.663,,,,-0.33733230819814375,-0.31559006528065237,-0.347241458062767,-0.34597839093791666,-0.34015350920705867,SSP1,Upper CI,Southeast Asia,missing,Rice,Rice,missing,missing,missing,missing,missing,missing,missing,%,Southeast AsiaRice
50421,6.66315,8.07227,9.64465,11.0055,11.2356,,,,1.1665333711724513,0.8747465701165243,0.9454035031685575,0.9513027834852247,0.9395294857660899,SSP1,Lower CI,Southeast Asia,missing,RootTuber,Roots and Tubers,missing,missing,missing,missing,missing,missing,missing,%,Southeast AsiaRoots and Tubers
50423,6.66315,8.07227,9.64465,11.0055,11.2356,,,,1.3080496607721979,1.0673139467653623,1.0066748802267649,0.9942157984752639,0.9649827421673582,SSP1,Median,Southeast Asia,missing,RootTuber,Roots and Tubers,missing,missing,missing,missing,missing,missing,missing,%,Southeast AsiaRoots and Tubers
50425,6.66315,8.07227,9.64465,11.0055,11.2356,,,,1.3809270948245258,1.243580095910645,1.0571587502706998,1.0304177109320738,1.0049612298028405,SSP1,Upper CI,Southeast Asia,missing,RootTuber,Roots and Tubers,missing,missing,missing,missing,missing,missing,missing,%,Southeast AsiaRoots and Tubers
50463,3.60769,6.02495,21.8961,33.1836,38.0298,,,,-0.3117230106447273,-0.33031267265235176,-0.23850176269005607,-0.24020805452240326,-0.22494950614245554,SSP1,Lower CI,Southeast Asia,missing,SugarCrop,Sugar Crops,missing,missing,missing,missing,missing,missing,missing,%,Southeast AsiaSugar Crops
50465,3.60769,6.02495,21.8961,33.1836,38.0298,,,,-0.3030120881262863,-0.2600900165342702,-0.2263104452661079,-0.21085668159248994,-0.2025246731949114,SSP1,Median,Southeast Asia,missing,SugarCrop,Sugar Crops,missing,missing,missing,missing,missing,missing,missing,%,Southeast AsiaSugar Crops
50467,3.60769,6.02495,21.8961,33.1836,38.0298,,,,-0.27015717858927646,-0.09081739065501508,-0.21328654192594226,-0.19769258717408952,-0.18882914142808124,SSP1,Upper CI,Southeast Asia,missing,SugarCrop,Sugar Crops,missing,missing,missing,missing,missing,missing,missing,%,Southeast AsiaSugar Crops
50505,12.0615,20.0949,18.2128,22.4874,23.0072,,,,1.0292561115854777,0.8252671850321419,1.1097119826065307,1.1132988408244782,1.0992360828618002,SSP1,Lower CI,Southeast Asia,missing,Wheat,Wheat,missing,missing,missing,missing,missing,missing,missing,%,Southeast AsiaWheat
50507,12.0615,20.0949,18.2128,22.4874,23.0072,,,,1.278402418218496,1.2302216500473013,1.204113393010914,1.1389328962501448,1.1146417139905664,SSP1,Median,Southeast Asia,missing,Wheat,Wheat,missing,missing,missing,missing,missing,missing,missing,%,Southeast AsiaWheat
50509,12.0615,20.0949,18.2128,22.4874,23.0072,,,,1.427700204870504,1.938300431496773,1.3916664109318062,1.1871952229531983,1.12741553889156,SSP1,Upper CI,Southeast Asia,missing,Wheat,Wheat,missing,missing,missing,missing,missing,missing,missing,%,Southeast AsiaWheat
51429,0.326298,0.498349,0.589429,0.617293,0.609958,,,,5.483823644917139,5.068302996051541,4.9724791331802285,5.164402142905604,5.203795214011854,SSP1,Lower CI,Taiwan,missing,Corn,Corn,missing,missing,missing,missing,missing,missing,missing,%,TaiwanCorn
51431,0.326298,0.498349,0.589429,0.617293,0.609958,,,,5.550021061797753,5.419336002012985,5.279186418024369,5.24685294046838,5.268392623509722,SSP1,Median,Taiwan,missing,Corn,Corn,missing,missing,missing,missing,missing,missing,missing,%,TaiwanCorn
51433,0.326298,0.498349,0.589429,0.617293,0.609958,,,,5.766505226316351,5.7193191117232445,5.43816130102423,5.318103552065529,5.319825695629867,SSP1,Upper CI,Taiwan,missing,Corn,Corn,missing,missing,missing,missing,missing,missing,missing,%,TaiwanCorn
51471,0.898814,1.12027,1.04931,1.02458,1.07458,,,,-0.23191626871306648,-0.5435838345470201,-0.29233479761091463,-0.25361674278356866,-0.23944058009947622,SSP1,Lower CI,Taiwan,missing,FruitsVeg,Fruits,missing,missing,missing,missing,missing,missing,missing,%,TaiwanFruits
51473,0.898814,1.12027,1.04931,1.02458,1.07458,,,,-0.19130980036430417,-0.23258435674066485,-0.2391908900163105,-0.2236864727166251,-0.22146949613779365,SSP1,Median,Taiwan,missing,FruitsVeg,Fruits,missing,missing,missing,missing,missing,missing,missing,%,TaiwanFruits
51475,0.898814,1.12027,1.04931,1.02458,1.07458,,,,-0.16368194860907143,-0.0783768209161761,-0.2080321099937618,-0.20288253772582804,-0.21081216230655342,SSP1,Upper CI,Taiwan,missing,FruitsVeg,Fruits,missing,missing,missing,missing,missing,missing,missing,%,TaiwanFruits
51513,0.801354,0.947781,0.903291,0.94345,0.989803,,,,-0.29817902696500675,-0.6224804070790749,-0.3781358712674513,-0.3380537011949308,-0.3210410655107943,SSP1,Lower CI,Taiwan,missing,FruitsVeg,Vegetables,missing,missing,missing,missing,missing,missing,missing,%,TaiwanVegetables
51515,0.801354,0.947781,0.903291,0.94345,0.989803,,,,-0.25317893653657003,-0.31089837288037814,-0.3208505531755137,-0.3078487014951285,-0.3037162513001084,SSP1,Median,Taiwan,missing,FruitsVeg,Vegetables,missing,missing,missing,missing,missing,missing,missing,%,TaiwanVegetables
51517,0.801354,0.947781,0.903291,0.94345,0.989803,,,,-0.2282272584181386,-0.15683818094109078,-0.293872464369499,-0.2874544281587614,-0.2925471767365671,SSP1,Upper CI,Taiwan,missing,FruitsVeg,Vegetables,missing,missing,missing,missing,missing,missing,missing,%,TaiwanVegetables
51555,0.170437,0.261466,0.261435,0.235238,0.246878,,,,-0.09493034438185646,-0.3703237450959219,-0.13094117542558667,-0.09216464961809245,-0.07960259028822753,SSP1,Lower CI,Taiwan,missing,MiscCrop,Other Crops,missing,missing,missing,missing,missing,missing,missing,%,TaiwanOther Crops
51557,0.170437,0.261466,0.261435,0.235238,0.246878,,,,-0.053214922528565384,-0.0826920295833661,-0.07916250592304726,-0.06185455805861077,-0.0646043399759856,SSP1,Median,Taiwan,missing,MiscCrop,Other Crops,missing,missing,missing,missing,missing,missing,missing,%,TaiwanOther Crops
51559,0.170437,0.261466,0.261435,0.235238,0.246878,,,,-0.03126504332874686,0.06190890599231877,-0.048612879362274534,-0.04389155735677661,-0.05406019004990469,SSP1,Upper CI,Taiwan,missing,MiscCrop,Other Crops,missing,missing,missing,missing,missing,missing,missing,%,TaiwanOther Crops
51597,0.315006,0.484626,0.443475,0.454107,0.471406,,,,-0.5084514624139376,-0.7230194098236029,-0.4752827898833993,-0.4660314363792598,-0.4443528528024559,SSP1,Lower CI,Taiwan,missing,Oil,Plant Oils,missing,missing,missing,missing,missing,missing,missing,%,TaiwanPlant Oils
51599,0.315006,0.484626,0.443475,0.454107,0.471406,,,,-0.3739726975983813,-0.3900840553441247,-0.4035407160625854,-0.42150440272189243,-0.40243036220119827,SSP1,Median,Taiwan,missing,Oil,Plant Oils,missing,missing,missing,missing,missing,missing,missing,%,TaiwanPlant Oils
51601,0.315006,0.484626,0.443475,0.454107,0.471406,,,,-0.24947185961309642,-0.31173266997722293,-0.30335413484834867,-0.34108861586589845,-0.3577116222592663,SSP1,Upper CI,Taiwan,missing,Oil,Plant Oils,missing,missing,missing,missing,missing,missing,missing,%,TaiwanPlant Oils
51639,0.0685021,0.162393,0.539537,0.845726,0.88481,,,,-0.1741290355058006,-0.3452390098130097,-0.2002512266194656,-0.17930184199291305,-0.17701790205255216,SSP1,Lower CI,Taiwan,missing,Oil,Palm Oil,missing,missing,missing,missing,missing,missing,missing,%,TaiwanPalm Oil
51641,0.0685021,0.162393,0.539537,0.845726,0.88481,,,,-0.15290923606778348,-0.15678983765824736,-0.15771211728149434,-0.15448455843233222,-0.15761443550289592,SSP1,Median,Taiwan,missing,Oil,Palm Oil,missing,missing,missing,missing,missing,missing,missing,%,TaiwanPalm Oil
51643,0.0685021,0.162393,0.539537,0.845726,0.88481,,,,-0.10972407182906756,-0.045400903814901056,-0.11988462910568913,-0.1282392709996058,-0.14244460917137622,SSP1,Upper CI,Taiwan,missing,Oil,Palm Oil,missing,missing,missing,missing,missing,missing,missing,%,TaiwanPalm Oil
51681,3.85126,3.78803,4.25155,4.04253,4.24312,,,,-0.3041719798491863,-0.372900589239039,-0.08102476351948693,-0.10785523520770812,-0.06712663243166814,SSP1,Lower CI,Taiwan,missing,Oil,Soybean,missing,missing,missing,missing,missing,missing,missing,%,TaiwanSoybean
51683,3.85126,3.78803,4.25155,4.04253,4.24312,,,,-0.2322748055472081,-0.062143260177176765,-0.02134967983195636,-0.04395975898301937,-0.036152295540747545,SSP1,Median,Taiwan,missing,Oil,Soybean,missing,missing,missing,missing,missing,missing,missing,%,TaiwanSoybean
51685,3.85126,3.78803,4.25155,4.04253,4.24312,,,,-0.0972057599863213,0.18482500546995562,0.15796816410200046,0.0658087046014775,0.026712616610188596,SSP1,Upper CI,Taiwan,missing,Oil,Soybean,missing,missing,missing,missing,missing,missing,missing,%,TaiwanSoybean
51723,0.100545,0.212464,0.441194,0.531177,0.526959,,,,5.589762005638844,4.8006552428798654,5.130682971712692,5.326843026164825,5.353135322830698,SSP1,Lower CI,Taiwan,missing,OtherGrain,Other Grains,missing,missing,missing,missing,missing,missing,missing,%,TaiwanOther Grains
51725,0.100545,0.212464,0.441194,0.531177,0.526959,,,,5.688197924203759,5.508627019758028,5.446266673890831,5.387057393602256,5.408560095292961,SSP1,Median,Taiwan,missing,OtherGrain,Other Grains,missing,missing,missing,missing,missing,missing,missing,%,TaiwanOther Grains
51727,0.100545,0.212464,0.441194,0.531177,0.526959,,,,5.874575754642834,5.851912609802736,5.592767048832731,5.439211225531368,5.451774745945042,SSP1,Upper CI,Taiwan,missing,OtherGrain,Other Grains,missing,missing,missing,missing,missing,missing,missing,%,TaiwanOther Grains
51765,0.0701079,0.120519,0.143465,0.163801,0.169073,,,,-0.0012315995501664817,-0.17045882163096243,-0.22671493732508413,-0.2417660903097705,-0.2989385321679523,SSP1,Lower CI,Taiwan,missing,Protein,Beef,missing,missing,missing,missing,missing,missing,missing,%,TaiwanBeef
51767,0.0701079,0.120519,0.143465,0.163801,0.169073,,,,0.05980720228234678,-0.07123525961518769,-0.1576043222697763,-0.18995418650392598,-0.2570159298012287,SSP1,Median,Taiwan,missing,Protein,Beef,missing,missing,missing,missing,missing,missing,missing,%,TaiwanBeef
51769,0.0701079,0.120519,0.143465,0.163801,0.169073,,,,0.12938989015518387,0.0014857219416220119,-0.119372771508593,-0.15971283784812343,-0.22340373158430527,SSP1,Upper CI,Taiwan,missing,Protein,Beef,missing,missing,missing,missing,missing,missing,missing,%,TaiwanBeef
51807,0.724275,0.764099,0.673453,0.737186,0.758241,,,,0.024145660163935587,-0.30905252437176023,-0.026285951668652267,0.02150580444887742,0.046989115448793764,SSP1,Lower CI,Taiwan,missing,Protein,Dairy,missing,missing,missing,missing,missing,missing,missing,%,TaiwanDairy
51809,0.724275,0.764099,0.673453,0.737186,0.758241,,,,0.08553910472424466,0.023319390227576214,0.030695414943322525,0.05018764890991172,0.0665117652855393,SSP1,Median,Taiwan,missing,Protein,Dairy,missing,missing,missing,missing,missing,missing,missing,%,TaiwanDairy
51811,0.724275,0.764099,0.673453,0.737186,0.758241,,,,0.11633679107679369,0.1850603632942857,0.058556186662133615,0.07620766704533294,0.08304359481307184,SSP1,Upper CI,Taiwan,missing,Protein,Dairy,missing,missing,missing,missing,missing,missing,missing,%,TaiwanDairy
51849,0.519465,0.503901,0.519712,0.502584,0.518863,,,,-0.03239255293105722,-0.4168767306011292,-0.11732827436412693,-0.07551499341373957,-0.062206422897664884,SSP1,Lower CI,Taiwan,missing,Protein,Fish,missing,missing,missing,missing,missing,missing,missing,%,TaiwanFish
51851,0.519465,0.503901,0.519712,0.502584,0.518863,,,,0.03581540328611786,-0.047727774251746465,-0.06164741761966087,-0.03973682972449631,-0.037163550215188496,SSP1,Median,Taiwan,missing,Protein,Fish,missing,missing,missing,missing,missing,missing,missing,%,TaiwanFish
51853,0.519465,0.503901,0.519712,0.502584,0.518863,,,,0.07171716925417931,0.15416808770015564,-0.02245583975219051,-0.005379247832771432,-0.014926219335237845,SSP1,Upper CI,Taiwan,missing,Protein,Fish,missing,missing,missing,missing,missing,missing,missing,%,TaiwanFish
51891,2.47894,2.89889,2.73025,2.64234,2.72449,,,,0.0754070447867452,-0.1515412021511315,0.07294105494654018,0.11519166837468323,0.1282916955538898,SSP1,Lower CI,Taiwan,missing,Protein,Pork,missing,missing,missing,missing,missing,missing,missing,%,TaiwanPork
51893,2.47894,2.89889,2.73025,2.64234,2.72449,,,,0.10319769668453786,0.11442095812688961,0.1362392912618136,0.15799083588957477,0.16272289066082016,SSP1,Median,Taiwan,missing,Protein,Pork,missing,missing,missing,missing,missing,missing,missing,%,TaiwanPork
51895,2.47894,2.89889,2.73025,2.64234,2.72449,,,,0.19220299812333747,0.21584506771528197,0.1583541430319692,0.17473662569093282,0.1801004864233346,SSP1,Upper CI,Taiwan,missing,Protein,Pork,missing,missing,missing,missing,missing,missing,missing,%,TaiwanPork
51933,0.907508,1.46291,1.53527,1.52829,1.57857,,,,0.1270896527326173,-0.2074496999007995,-0.019547924273589867,-0.0024903476960311532,0.007506201195754819,SSP1,Lower CI,Taiwan,missing,Protein,Poultry,missing,missing,missing,missing,missing,missing,missing,%,TaiwanPoultry
51935,0.907508,1.46291,1.53527,1.52829,1.57857,,,,0.16151912979142416,0.11399502871356872,0.099954615698726,0.10058078657976714,0.10006260972738698,SSP1,Median,Taiwan,missing,Protein,Poultry,missing,missing,missing,missing,missing,missing,missing,%,TaiwanPoultry
51937,0.907508,1.46291,1.53527,1.52829,1.57857,,,,0.30017713818767516,0.23065728997581628,0.14832380952960786,0.15549192933534906,0.15274906010481187,SSP1,Upper CI,Taiwan,missing,Protein,Poultry,missing,missing,missing,missing,missing,missing,missing,%,TaiwanPoultry
51975,0.0244213,0.0565128,0.0471547,0.0433699,0.0444596,,,,0.1965139800946032,-0.09421608208305271,0.15239314930947295,0.18641140507439727,0.2031153417154345,SSP1,Lower CI,Taiwan,missing,Protein,Sheep and Goat,missing,missing,missing,missing,missing,missing,missing,%,TaiwanSheep and Goat
51977,0.0244213,0.0565128,0.0471547,0.0433699,0.0444596,,,,0.23745997865529195,0.19560119583457874,0.20394123108368087,0.22505007921316456,0.2384813933202902,SSP1,Median,Taiwan,missing,Protein,Sheep and Goat,missing,missing,missing,missing,missing,missing,missing,%,TaiwanSheep and Goat
51979,0.0244213,0.0565128,0.0471547,0.0433699,0.0444596,,,,0.25305912556175036,0.3913817170275095,0.2767927579343076,0.2917877627211211,0.30418745380405116,SSP1,Upper CI,Taiwan,missing,Protein,Sheep and Goat,missing,missing,missing,missing,missing,missing,missing,%,TaiwanSheep and Goat
52017,0.2097,0.222015,0.205716,0.218169,0.258226,,,,-0.2777831121990585,-0.3158214136480092,-0.22436779194545164,-0.1944766102957217,-0.18682609224438698,SSP1,Lower CI,Taiwan,missing,Protein,Legumes,missing,missing,missing,missing,missing,missing,missing,%,TaiwanLegumes
52019,0.2097,0.222015,0.205716,0.218169,0.258226,,,,-0.19168155147638716,-0.18257674161183554,-0.15777638223279677,-0.14966994511060658,-0.14652681369144613,SSP1,Median,Taiwan,missing,Protein,Legumes,missing,missing,missing,missing,missing,missing,missing,%,TaiwanLegumes
52021,0.2097,0.222015,0.205716,0.218169,0.258226,,,,-0.15655464510237088,-0.03716028680154049,-0.07097554721622618,-0.11505751767294756,-0.10936050977335329,SSP1,Upper CI,Taiwan,missing,Protein,Legumes,missing,missing,missing,missing,missing,missing,missing,%,TaiwanLegumes
52059,0.535077,0.709962,0.659418,0.630081,0.739684,,,,-1.9519094529185856,-1.7854517495898454,-1.70311763420005,-1.7780930580719656,-1.8412253829777414,SSP1,Lower CI,Taiwan,missing,Protein,Nuts and Seeds,missing,missing,missing,missing,missing,missing,missing,%,TaiwanNuts and Seeds
52061,0.535077,0.709962,0.659418,0.630081,0.739684,,,,-1.6849007085357575,-1.6895601353197414,-1.5930171833518816,-1.6678587643087273,-1.7529941488456524,SSP1,Median,Taiwan,missing,Protein,Nuts and Seeds,missing,missing,missing,missing,missing,missing,missing,%,TaiwanNuts and Seeds
52063,0.535077,0.709962,0.659418,0.630081,0.739684,,,,-1.5128716354134417,-1.3491519271708228,-1.4805477039754984,-1.616183652962334,-1.6941117417827163,SSP1,Upper CI,Taiwan,missing,Protein,Nuts and Seeds,missing,missing,missing,missing,missing,missing,missing,%,TaiwanNuts and Seeds
52101,4.64282,4.11502,3.89948,3.76519,3.72535,,,,-6.999879236671439,-7.104776119742797,-7.083956847151969,-6.9271751190098465,-6.876978197849598,SSP1,Lower CI,Taiwan,missing,Rice,Rice,missing,missing,missing,missing,missing,missing,missing,%,TaiwanRice
52103,4.64282,4.11502,3.89948,3.76519,3.72535,,,,-6.797107753380053,-6.886321415773917,-6.879487860287459,-6.87277597759151,-6.826375926961467,SSP1,Median,Taiwan,missing,Rice,Rice,missing,missing,missing,missing,missing,missing,missing,%,TaiwanRice
52105,4.64282,4.11502,3.89948,3.76519,3.72535,,,,-6.592776030041525,-6.033105666038133,-6.513746833433942,-6.799074477469092,-6.793958641482175,SSP1,Upper CI,Taiwan,missing,Rice,Rice,missing,missing,missing,missing,missing,missing,missing,%,TaiwanRice
52143,0.135611,0.190952,0.228418,0.22967,0.227656,,,,5.399393251853936,4.429883034603585,4.7871426773271075,4.990541344859979,5.038208377116796,SSP1,Lower CI,Taiwan,missing,RootTuber,Roots and Tubers,missing,missing,missing,missing,missing,missing,missing,%,TaiwanRoots and Tubers
52145,0.135611,0.190952,0.228418,0.22967,0.227656,,,,5.70740515609278,5.176324269218902,5.012559337786062,5.10066946007144,5.108650561768091,SSP1,Median,Taiwan,missing,RootTuber,Roots and Tubers,missing,missing,missing,missing,missing,missing,missing,%,TaiwanRoots and Tubers
52147,0.135611,0.190952,0.228418,0.22967,0.227656,,,,5.990788949589095,5.843901796432868,5.263762632340837,5.20166464766341,5.183190896742786,SSP1,Upper CI,Taiwan,missing,RootTuber,Roots and Tubers,missing,missing,missing,missing,missing,missing,missing,%,TaiwanRoots and Tubers
52185,0.467821,0.391497,1.46336,2.21875,2.30333,,,,-0.1884539973238909,-0.7388883729360768,-0.2593627586018268,-0.20633353425874335,-0.18618315631370147,SSP1,Lower CI,Taiwan,missing,SugarCrop,Sugar Crops,missing,missing,missing,missing,missing,missing,missing,%,TaiwanSugar Crops
52187,0.467821,0.391497,1.46336,2.21875,2.30333,,,,-0.138970802436396,-0.14875866323212994,-0.17033721264283944,-0.16561027325252975,-0.16398275499186943,SSP1,Median,Taiwan,missing,SugarCrop,Sugar Crops,missing,missing,missing,missing,missing,missing,missing,%,TaiwanSugar Crops
52189,0.467821,0.391497,1.46336,2.21875,2.30333,,,,-0.026696813092596222,1.4728716583322727,-0.13066209547088115,-0.12603222350967414,-0.13566010406702744,SSP1,Upper CI,Taiwan,missing,SugarCrop,Sugar Crops,missing,missing,missing,missing,missing,missing,missing,%,TaiwanSugar Crops
52227,3.01862,3.96654,3.44784,3.37471,3.36403,,,,4.87901366099433,4.516690968026985,5.042948424700541,5.288901129428108,5.276704938515788,SSP1,Lower CI,Taiwan,missing,Wheat,Wheat,missing,missing,missing,missing,missing,missing,missing,%,TaiwanWheat
52229,3.01862,3.96654,3.44784,3.37471,3.36403,,,,5.108312791421122,5.302577487644215,5.402078204583456,5.383593181052678,5.331491471239547,SSP1,Median,Taiwan,missing,Wheat,Wheat,missing,missing,missing,missing,missing,missing,missing,%,TaiwanWheat
52231,3.01862,3.96654,3.44784,3.37471,3.36403,,,,5.402744614982842,5.570584615619756,5.620023022540573,5.478159517183025,5.401948285684943,SSP1,Upper CI,Taiwan,missing,Wheat,Wheat,missing,missing,missing,missing,missing,missing,missing,%,TaiwanWheat
53109,0.547027,1.24921,1.46279,1.6579,1.67685,,,,0.10203968207405498,-0.016328469330978812,-0.02151103871037259,0.031861967385615426,0.04104179657208032,SSP1,Lower CI,Argentina,missing,Corn,Corn,missing,missing,missing,missing,missing,missing,missing,%,ArgentinaCorn
53111,0.547027,1.24921,1.46279,1.6579,1.67685,,,,0.1401438017323538,0.08582411503863699,0.04765753847848955,0.06603121405540238,0.06149602689077295,SSP1,Median,Argentina,missing,Corn,Corn,missing,missing,missing,missing,missing,missing,missing,%,ArgentinaCorn
53113,0.547027,1.24921,1.46279,1.6579,1.67685,,,,0.3112113595622862,0.2786482876111209,0.11587359990829164,0.0844971310667777,0.0719461188636064,SSP1,Upper CI,Argentina,missing,Corn,Corn,missing,missing,missing,missing,missing,missing,missing,%,ArgentinaCorn
53151,0.967503,1.19316,1.24581,1.33026,1.4346,,,,-0.08200513411480387,-0.12788772245424718,-0.10730409908582844,-0.09416653914626963,-0.08380401374405602,SSP1,Lower CI,Argentina,missing,FruitsVeg,Fruits,missing,missing,missing,missing,missing,missing,missing,%,ArgentinaFruits
53153,0.967503,1.19316,1.24581,1.33026,1.4346,,,,-0.04309538011288233,-0.08513319558339345,-0.08275215821167173,-0.07345990366706047,-0.06798316240514063,SSP1,Median,Argentina,missing,FruitsVeg,Fruits,missing,missing,missing,missing,missing,missing,missing,%,ArgentinaFruits
53155,0.967503,1.19316,1.24581,1.33026,1.4346,,,,-0.010342108984226106,0.024180011470845045,-0.06542097352496806,-0.05548242869560983,-0.054945247538938174,SSP1,Upper CI,Argentina,missing,FruitsVeg,Fruits,missing,missing,missing,missing,missing,missing,missing,%,ArgentinaFruits
53193,0.719616,0.763096,0.80084,0.892886,0.963515,,,,-0.07453449535191195,-0.1103630726528124,-0.08023330756396063,-0.06789608955771553,-0.059440274997428516,SSP1,Lower CI,Argentina,missing,FruitsVeg,Vegetables,missing,missing,missing,missing,missing,missing,missing,%,ArgentinaVegetables
53195,0.719616,0.763096,0.80084,0.892886,0.963515,,,,-0.03712954523648574,-0.059242188732269975,-0.05592024832481004,-0.04664253746340872,-0.041776796058783164,SSP1,Median,Argentina,missing,FruitsVeg,Vegetables,missing,missing,missing,missing,missing,missing,missing,%,ArgentinaVegetables
53197,0.719616,0.763096,0.80084,0.892886,0.963515,,,,-0.0006889988934421012,0.04409958747819553,-0.037152293801298315,-0.028013157168317558,-0.028849148252292806,SSP1,Upper CI,Argentina,missing,FruitsVeg,Vegetables,missing,missing,missing,missing,missing,missing,missing,%,ArgentinaVegetables
53235,0.156044,0.229105,0.214691,0.231057,0.249305,,,,0.14006231978567885,0.12480508223843803,0.15225387037935012,0.15787828501315598,0.159381583229587,SSP1,Lower CI,Argentina,missing,MiscCrop,Other Crops,missing,missing,missing,missing,missing,missing,missing,%,ArgentinaOther Crops
53237,0.156044,0.229105,0.214691,0.231057,0.249305,,,,0.18466041860920554,0.1549323901083428,0.17100210673343902,0.17705860081533414,0.17495233710003272,SSP1,Median,Argentina,missing,MiscCrop,Other Crops,missing,missing,missing,missing,missing,missing,missing,%,ArgentinaOther Crops
53239,0.156044,0.229105,0.214691,0.231057,0.249305,,,,0.2091594242507882,0.25774246131593725,0.18928964271338333,0.19317070600333414,0.18667691010827775,SSP1,Upper CI,Argentina,missing,MiscCrop,Other Crops,missing,missing,missing,missing,missing,missing,missing,%,ArgentinaOther Crops
53277,0.0576078,0.0651585,0.0443017,0.0286717,0.0311188,,,,-0.09742715952701092,-0.059127127655186976,-0.022726397798164516,-0.018296621422448978,-0.01148848186974305,SSP1,Lower CI,Argentina,missing,Oil,Fiber Crops,missing,missing,missing,missing,missing,missing,missing,%,ArgentinaFiber Crops
53279,0.0576078,0.0651585,0.0443017,0.0286717,0.0311188,,,,-0.040652381232404416,0.0062175753445669855,0.0031753475784376504,0.00702669173661082,0.015241468406598369,SSP1,Median,Argentina,missing,Oil,Fiber Crops,missing,missing,missing,missing,missing,missing,missing,%,ArgentinaFiber Crops
53281,0.0576078,0.0651585,0.0443017,0.0286717,0.0311188,,,,-0.009883438910373202,0.044204946828184793,0.03388510912641779,0.02819265188998525,0.03484090714769793,SSP1,Upper CI,Argentina,missing,Oil,Fiber Crops,missing,missing,missing,missing,missing,missing,missing,%,ArgentinaFiber Crops
53319,2.20292,2.91267,3.4856,4.09783,4.43759,,,,0.09522044722753642,0.06742247657438563,0.34592440529391744,0.3613914793639496,0.373779069013389,SSP1,Lower CI,Argentina,missing,Oil,Plant Oils,missing,missing,missing,missing,missing,missing,missing,%,ArgentinaPlant Oils
53321,2.20292,2.91267,3.4856,4.09783,4.43759,,,,0.2550438394695267,0.38675841044960924,0.426072649362035,0.4142213694820937,0.41041318255170006,SSP1,Median,Argentina,missing,Oil,Plant Oils,missing,missing,missing,missing,missing,missing,missing,%,ArgentinaPlant Oils
53323,2.20292,2.91267,3.4856,4.09783,4.43759,,,,0.3676114299689288,0.48012443560715135,0.4749619749761438,0.4558321743194807,0.43673107231035835,SSP1,Upper CI,Argentina,missing,Oil,Plant Oils,missing,missing,missing,missing,missing,missing,missing,%,ArgentinaPlant Oils
53361,0.717573,0.760084,0.950661,0.995769,1.07366,,,,-0.03694250286384781,-0.26753158214501793,0.1091556004486077,0.07888156925172585,0.11150225810851364,SSP1,Lower CI,Argentina,missing,Oil,Soybean,missing,missing,missing,missing,missing,missing,missing,%,ArgentinaSoybean
53363,0.717573,0.760084,0.950661,0.995769,1.07366,,,,0.036403075955917026,0.14972007770110507,0.14202123629344185,0.1344379203340491,0.1501806975556569,SSP1,Median,Argentina,missing,Oil,Soybean,missing,missing,missing,missing,missing,missing,missing,%,ArgentinaSoybean
53365,0.717573,0.760084,0.950661,0.995769,1.07366,,,,0.15941815782923088,0.4204823346306651,0.30076253630573446,0.2282251707783967,0.1909275381496616,SSP1,Upper CI,Argentina,missing,Oil,Soybean,missing,missing,missing,missing,missing,missing,missing,%,ArgentinaSoybean
53403,0.0406141,0.113812,0.604625,0.991133,1.00455,,,,0.32880870068184276,0.26341634753172455,0.253665296299941,0.301493605102385,0.3069836721901901,SSP1,Lower CI,Argentina,missing,OtherGrain,Other Grains,missing,missing,missing,missing,missing,missing,missing,%,ArgentinaOther Grains
53405,0.0406141,0.113812,0.604625,0.991133,1.00455,,,,0.36250289587051576,0.33616901205808297,0.3130245568258675,0.3177679975849815,0.3131438926130629,SSP1,Median,Argentina,missing,OtherGrain,Other Grains,missing,missing,missing,missing,missing,missing,missing,%,ArgentinaOther Grains
53407,0.0406141,0.113812,0.604625,0.991133,1.00455,,,,0.6209293445638057,0.45478963508100295,0.36053430731420916,0.32773120838761793,0.31865234207459975,SSP1,Upper CI,Argentina,missing,OtherGrain,Other Grains,missing,missing,missing,missing,missing,missing,missing,%,ArgentinaOther Grains
53445,4.51248,4.53272,4.72644,5.18185,5.52584,,,,-0.19565518390880504,-0.19924970765511585,-0.23381028080712007,-0.2653157955645415,-0.29146332661884283,SSP1,Lower CI,Argentina,missing,Protein,Beef,missing,missing,missing,missing,missing,missing,missing,%,ArgentinaBeef
53447,4.51248,4.53272,4.72644,5.18185,5.52584,,,,-0.15487079876909968,-0.194200319664495,-0.22307823976653654,-0.25566826628847217,-0.2818896877285268,SSP1,Median,Argentina,missing,Protein,Beef,missing,missing,missing,missing,missing,missing,missing,%,ArgentinaBeef
53449,4.51248,4.53272,4.72644,5.18185,5.52584,,,,-0.035223282039446815,-0.15066994383280802,-0.20906059851719544,-0.24426995592639406,-0.269835580816609,SSP1,Upper CI,Argentina,missing,Protein,Beef,missing,missing,missing,missing,missing,missing,missing,%,ArgentinaBeef
53487,6.52401,7.48005,5.65497,4.06893,4.35878,,,,-0.04916805771136716,-0.06705213688839677,-0.05731768523809597,-0.0552583042225472,-0.054042549725517273,SSP1,Lower CI,Argentina,missing,Protein,Dairy,missing,missing,missing,missing,missing,missing,missing,%,ArgentinaDairy
53489,6.52401,7.48005,5.65497,4.06893,4.35878,,,,-0.025421411988945763,-0.04212512769296505,-0.03720547906764034,-0.038694912011539094,-0.040974301711619004,SSP1,Median,Argentina,missing,Protein,Dairy,missing,missing,missing,missing,missing,missing,missing,%,ArgentinaDairy
53491,6.52401,7.48005,5.65497,4.06893,4.35878,,,,0.009465874003602315,0.02918320728231856,-0.026952383872970217,-0.028338222479077718,-0.0318111436190134,SSP1,Upper CI,Argentina,missing,Protein,Dairy,missing,missing,missing,missing,missing,missing,missing,%,ArgentinaDairy
53529,0.48259,0.772767,0.644099,0.703584,0.755816,,,,-0.05232975402573897,-0.11334859588242907,-0.08745186841387922,-0.08232277506150912,-0.0814941969421872,SSP1,Lower CI,Argentina,missing,Protein,Fish,missing,missing,missing,missing,missing,missing,missing,%,ArgentinaFish
53531,0.48259,0.772767,0.644099,0.703584,0.755816,,,,-0.01818127851845794,-0.05295911181351558,-0.058499171950579326,-0.05865510387491872,-0.06110388072015876,SSP1,Median,Argentina,missing,Protein,Fish,missing,missing,missing,missing,missing,missing,missing,%,ArgentinaFish
53533,0.48259,0.772767,0.644099,0.703584,0.755816,,,,0.03148856384794539,0.06392009152313835,-0.037701108343086015,-0.03596464759575432,-0.04388504619640039,SSP1,Upper CI,Argentina,missing,Protein,Fish,missing,missing,missing,missing,missing,missing,missing,%,ArgentinaFish
53571,0.639992,0.87601,1.35294,2.01782,2.16616,,,,0.10664219892312565,0.11505262330318214,0.12750878633868298,0.13773406207020433,0.14111201269280235,SSP1,Lower CI,Argentina,missing,Protein,Pork,missing,missing,missing,missing,missing,missing,missing,%,ArgentinaPork
53573,0.639992,0.87601,1.35294,2.01782,2.16616,,,,0.12460725303653146,0.13202924346757391,0.14409753762801608,0.15148951885567985,0.15283536673730477,SSP1,Median,Argentina,missing,Protein,Pork,missing,missing,missing,missing,missing,missing,missing,%,ArgentinaPork
53575,0.639992,0.87601,1.35294,2.01782,2.16616,,,,0.14016971331401856,0.1512998561530304,0.15722483659646677,0.16168415915297613,0.16165126294914153,SSP1,Upper CI,Argentina,missing,Protein,Pork,missing,missing,missing,missing,missing,missing,missing,%,ArgentinaPork
53613,0.841335,1.62413,2.40062,3.08901,3.31653,,,,0.01861153878385574,-0.01298329380952877,-0.004329563092190153,-0.007529944651677743,-0.007348847585085208,SSP1,Lower CI,Argentina,missing,Protein,Poultry,missing,missing,missing,missing,missing,missing,missing,%,ArgentinaPoultry
53615,0.841335,1.62413,2.40062,3.08901,3.31653,,,,0.13140997340856425,0.02926450899604097,0.020225270507579742,0.011977309896690937,0.010074648105137083,SSP1,Median,Argentina,missing,Protein,Poultry,missing,missing,missing,missing,missing,missing,missing,%,ArgentinaPoultry
53617,0.841335,1.62413,2.40062,3.08901,3.31653,,,,0.3005625901781111,0.10054920794990894,0.07281161937221159,0.063079447183022,0.058479580449507546,SSP1,Upper CI,Argentina,missing,Protein,Poultry,missing,missing,missing,missing,missing,missing,missing,%,ArgentinaPoultry
53655,0.156717,0.104154,0.123996,0.133506,0.142645,,,,0.13236088398267107,0.20845107876041435,0.2433444768255297,0.2545594943786756,0.2569791476613974,SSP1,Lower CI,Argentina,missing,Protein,Sheep and Goat,missing,missing,missing,missing,missing,missing,missing,%,ArgentinaSheep and Goat
53657,0.156717,0.104154,0.123996,0.133506,0.142645,,,,0.17111899473764147,0.23810745506946726,0.2794584892930431,0.2963836089644088,0.2996666137843229,SSP1,Median,Argentina,missing,Protein,Sheep and Goat,missing,missing,missing,missing,missing,missing,missing,%,ArgentinaSheep and Goat
53659,0.156717,0.104154,0.123996,0.133506,0.142645,,,,0.2565841065108414,0.3282611896157117,0.3323820349511036,0.35237245743289797,0.3578566571508701,SSP1,Upper CI,Argentina,missing,Protein,Sheep and Goat,missing,missing,missing,missing,missing,missing,missing,%,ArgentinaSheep and Goat
53697,0.14801,0.139097,0.209668,0.325634,0.392377,,,,-0.24426614008793912,-0.13289441308339325,-0.008990108561229351,-0.0031354260175652515,0.00972924911096841,SSP1,Lower CI,Argentina,missing,Protein,Legumes,missing,missing,missing,missing,missing,missing,missing,%,ArgentinaLegumes
53699,0.14801,0.139097,0.209668,0.325634,0.392377,,,,-0.14963752596957944,0.024594667225108117,0.05646191170787661,0.06720662800345424,0.08060800700446866,SSP1,Median,Argentina,missing,Protein,Legumes,missing,missing,missing,missing,missing,missing,missing,%,ArgentinaLegumes
53701,0.14801,0.139097,0.209668,0.325634,0.392377,,,,-0.04086024546972512,0.1406425370066066,0.16026192166675973,0.13369970220919739,0.14532499995150433,SSP1,Upper CI,Argentina,missing,Protein,Legumes,missing,missing,missing,missing,missing,missing,missing,%,ArgentinaLegumes
53739,0.0645961,0.0590742,0.0855623,0.0952893,0.114295,,,,-0.47807850330852064,-0.5578651635132237,-0.2140765025780168,-0.248036884260181,-0.21381398838427265,SSP1,Lower CI,Argentina,missing,Protein,Nuts and Seeds,missing,missing,missing,missing,missing,missing,missing,%,ArgentinaNuts and Seeds
53741,0.0645961,0.0590742,0.0855623,0.0952893,0.114295,,,,-0.22028914955651843,-0.13371134733921197,-0.11617556264524129,-0.11673526064209112,-0.119753551250975,SSP1,Median,Argentina,missing,Protein,Nuts and Seeds,missing,missing,missing,missing,missing,missing,missing,%,ArgentinaNuts and Seeds
53743,0.0645961,0.0590742,0.0855623,0.0952893,0.114295,,,,-0.047542593828468926,0.9907786432158954,-0.035084394318603204,-0.06784615209069446,-0.06418659877491087,SSP1,Upper CI,Argentina,missing,Protein,Nuts and Seeds,missing,missing,missing,missing,missing,missing,missing,%,ArgentinaNuts and Seeds
53781,0.760084,1.09608,1.21121,1.47569,1.49744,,,,-1.6062764465280341,-1.4400299079996564,-1.5049130240713233,-1.4412362009804722,-1.4120737934325522,SSP1,Lower CI,Argentina,missing,Rice,Rice,missing,missing,missing,missing,missing,missing,missing,%,ArgentinaRice
53783,0.760084,1.09608,1.21121,1.47569,1.49744,,,,-1.4206646002414363,-1.3984619972600556,-1.4525798078933034,-1.4310443344730766,-1.4039226080591014,SSP1,Median,Argentina,missing,Rice,Rice,missing,missing,missing,missing,missing,missing,missing,%,ArgentinaRice
53785,0.760084,1.09608,1.21121,1.47569,1.49744,,,,-1.2929851484921395,-1.1142992227982274,-1.3363604700190312,-1.4084185463538597,-1.3941737867163078,SSP1,Upper CI,Argentina,missing,Rice,Rice,missing,missing,missing,missing,missing,missing,missing,%,ArgentinaRice
53823,1.45874,1.29045,1.33853,1.47863,1.49961,,,,0.08906168623035277,-0.12642479339708443,-0.06353569392913987,-0.00182199974322933,0.006462523731592278,SSP1,Lower CI,Argentina,missing,RootTuber,Roots and Tubers,missing,missing,missing,missing,missing,missing,missing,%,ArgentinaRoots and Tubers
53825,1.45874,1.29045,1.33853,1.47863,1.49961,,,,0.17967854126825283,0.0277414478565382,0.012669960011599845,0.04593383865509597,0.03779471026609815,SSP1,Median,Argentina,missing,RootTuber,Roots and Tubers,missing,missing,missing,missing,missing,missing,missing,%,ArgentinaRoots and Tubers
53827,1.45874,1.29045,1.33853,1.47863,1.49961,,,,0.3479586485759389,0.4130864212480544,0.1053009360726468,0.09127210659787569,0.07028424678003256,SSP1,Upper CI,Argentina,missing,RootTuber,Roots and Tubers,missing,missing,missing,missing,missing,missing,missing,%,ArgentinaRoots and Tubers
53865,0.685236,0.982164,4.00093,6.20968,6.67868,,,,-0.2465922553692384,-0.21623850210679796,-0.23024389021122113,-0.22933246599314777,-0.21890843198405063,SSP1,Lower CI,Argentina,missing,SugarCrop,Sugar Crops,missing,missing,missing,missing,missing,missing,missing,%,ArgentinaSugar Crops
53867,0.685236,0.982164,4.00093,6.20968,6.67868,,,,-0.21153681483765854,-0.20644444754436805,-0.21784984177028022,-0.20886324624844113,-0.200245309796618,SSP1,Median,Argentina,missing,SugarCrop,Sugar Crops,missing,missing,missing,missing,missing,missing,missing,%,ArgentinaSugar Crops
53869,0.685236,0.982164,4.00093,6.20968,6.67868,,,,-0.17536471675497145,-0.1674884767910001,-0.18152398518654303,-0.1722263393582839,-0.16379265740073173,SSP1,Upper CI,Argentina,missing,SugarCrop,Sugar Crops,missing,missing,missing,missing,missing,missing,missing,%,ArgentinaSugar Crops
53907,13.16,12.8091,16.3451,13.9396,14.2281,,,,0.036166411978819715,0.015029098416546843,0.09242716903268969,0.10402275155860984,0.10701144273321411,SSP1,Lower CI,Argentina,missing,Wheat,Wheat,missing,missing,missing,missing,missing,missing,missing,%,ArgentinaWheat
53909,13.16,12.8091,16.3451,13.9396,14.2281,,,,0.07989729387250634,0.11166066043061579,0.1207879507406741,0.11103429415684435,0.11133014627980434,SSP1,Median,Argentina,missing,Wheat,Wheat,missing,missing,missing,missing,missing,missing,missing,%,ArgentinaWheat
53911,13.16,12.8091,16.3451,13.9396,14.2281,,,,0.102946580771114,0.13713994884513023,0.14152001977030806,0.12113318554989684,0.1156488498263866,SSP1,Upper CI,Argentina,missing,Wheat,Wheat,missing,missing,missing,missing,missing,missing,missing,%,ArgentinaWheat
54789,3.44171,5.4139,4.41471,4.67429,4.8082,,,,0.22700902004967755,0.060962380038680944,0.016088268350206783,0.15410166249438467,0.1631220601709937,SSP1,Lower CI,Colombia,missing,Corn,Corn,missing,missing,missing,missing,missing,missing,missing,%,ColombiaCorn
54791,3.44171,5.4139,4.41471,4.67429,4.8082,,,,0.30186823398488727,0.20568672166711224,0.1516770695657052,0.1692088002753607,0.1696218574887817,SSP1,Median,Colombia,missing,Corn,Corn,missing,missing,missing,missing,missing,missing,missing,%,ColombiaCorn
54793,3.44171,5.4139,4.41471,4.67429,4.8082,,,,0.42038526417069494,0.2982932528501293,0.18581389483914468,0.19344299012974492,0.18417346043152352,SSP1,Upper CI,Colombia,missing,Corn,Corn,missing,missing,missing,missing,missing,missing,missing,%,ColombiaCorn
54831,1.68777,3.05028,3.43876,4.2902,4.75147,,,,0.0913378015216192,0.01458754227946122,0.08476207797087881,0.094802126571708,0.09630028358077765,SSP1,Lower CI,Colombia,missing,FruitsVeg,Fruits,missing,missing,missing,missing,missing,missing,missing,%,ColombiaFruits
54833,1.68777,3.05028,3.43876,4.2902,4.75147,,,,0.0980240969663871,0.09285231991521517,0.09837029682954024,0.10428618922593924,0.10256210291889609,SSP1,Median,Colombia,missing,FruitsVeg,Fruits,missing,missing,missing,missing,missing,missing,missing,%,ColombiaFruits
54835,1.68777,3.05028,3.43876,4.2902,4.75147,,,,0.10623885803686133,0.1326761371035639,0.10433825234247554,0.11525771713799349,0.11291087886835453,SSP1,Upper CI,Colombia,missing,FruitsVeg,Fruits,missing,missing,missing,missing,missing,missing,missing,%,ColombiaFruits
54873,0.312859,0.432127,0.509039,0.606492,0.672602,,,,0.08318740019130075,0.009534158812742721,0.08411456197191618,0.09457834035155212,0.09704861984752618,SSP1,Lower CI,Colombia,missing,FruitsVeg,Vegetables,missing,missing,missing,missing,missing,missing,missing,%,ColombiaVegetables
54875,0.312859,0.432127,0.509039,0.606492,0.672602,,,,0.08925378837372015,0.0908243003908965,0.09949800037651778,0.10474336827339288,0.10513489642394008,SSP1,Median,Colombia,missing,FruitsVeg,Vegetables,missing,missing,missing,missing,missing,missing,missing,%,ColombiaVegetables
54877,0.312859,0.432127,0.509039,0.606492,0.672602,,,,0.10677028942142275,0.1316916297981804,0.10544131909374187,0.11679850208887795,0.11560002456725511,SSP1,Upper CI,Colombia,missing,FruitsVeg,Vegetables,missing,missing,missing,missing,missing,missing,missing,%,ColombiaVegetables
54915,0.223118,0.241962,0.18251,0.202085,0.224152,,,,0.09247524335583976,0.039697921270028025,0.10936992846015924,0.12096565212351582,0.1236533552964292,SSP1,Lower CI,Colombia,missing,MiscCrop,Other Crops,missing,missing,missing,missing,missing,missing,missing,%,ColombiaOther Crops
54917,0.223118,0.241962,0.18251,0.202085,0.224152,,,,0.09921490380980734,0.11330991595070232,0.12413865398757701,0.13124179551931026,0.13100368547221328,SSP1,Median,Colombia,missing,MiscCrop,Other Crops,missing,missing,missing,missing,missing,missing,missing,%,ColombiaOther Crops
54919,0.223118,0.241962,0.18251,0.202085,0.224152,,,,0.1195573746614835,0.1454490002180574,0.12790509725123606,0.1406997428514332,0.13987244984980846,SSP1,Upper CI,Colombia,missing,MiscCrop,Other Crops,missing,missing,missing,missing,missing,missing,missing,%,ColombiaOther Crops
54957,0.159298,0.0524007,0.0549575,0.03065,0.0341688,,,,-0.347154141363731,-0.1933585772787817,-0.17248232882115835,-0.12693029689806107,-0.09916647876013054,SSP1,Lower CI,Colombia,missing,Oil,Fiber Crops,missing,missing,missing,missing,missing,missing,missing,%,ColombiaFiber Crops
54959,0.159298,0.0524007,0.0549575,0.03065,0.0341688,,,,-0.2126649454029834,-0.1398147248069812,-0.109847970408953,-0.0773758478209961,-0.062178790891194546,SSP1,Median,Colombia,missing,Oil,Fiber Crops,missing,missing,missing,missing,missing,missing,missing,%,ColombiaFiber Crops
54961,0.159298,0.0524007,0.0549575,0.03065,0.0341688,,,,-0.12295709661752954,-0.0027956904829599394,-0.08244905666763394,-0.05857478489895945,-0.04034188052984857,SSP1,Upper CI,Colombia,missing,Oil,Fiber Crops,missing,missing,missing,missing,missing,missing,missing,%,ColombiaFiber Crops
54999,0.245554,0.274387,0.346027,0.503528,0.544618,,,,0.017190681183848644,-0.04528305207841181,-0.1860687217554754,-0.16471075740018276,-0.09550557251335257,SSP1,Lower CI,Colombia,missing,Oil,Plant Oils,missing,missing,missing,missing,missing,missing,missing,%,ColombiaPlant Oils
55001,0.245554,0.274387,0.346027,0.503528,0.544618,,,,0.16853899046811338,0.13742426185393078,0.11903625465565555,0.07677657802527091,0.10019866382930404,SSP1,Median,Colombia,missing,Oil,Plant Oils,missing,missing,missing,missing,missing,missing,missing,%,ColombiaPlant Oils
55003,0.245554,0.274387,0.346027,0.503528,0.544618,,,,0.24035783967034918,0.24587986221093833,0.29516494739966936,0.22888932107455595,0.18169518841302046,SSP1,Upper CI,Colombia,missing,Oil,Plant Oils,missing,missing,missing,missing,missing,missing,missing,%,ColombiaPlant Oils
55041,1.44169,1.96802,2.65879,3.50268,3.8728,,,,-0.051551007515781774,-0.06986368753967792,-0.044924734234993616,-0.030803134408005577,-0.026576880180344327,SSP1,Lower CI,Colombia,missing,Oil,Palm Oil,missing,missing,missing,missing,missing,missing,missing,%,ColombiaPalm Oil
55043,1.44169,1.96802,2.65879,3.50268,3.8728,,,,-0.0331236777851052,-0.018176209761241978,-0.012758198245430131,-0.010546918042718154,-0.011404973395678211,SSP1,Median,Colombia,missing,Oil,Palm Oil,missing,missing,missing,missing,missing,missing,missing,%,ColombiaPalm Oil
55045,1.44169,1.96802,2.65879,3.50268,3.8728,,,,-0.012825575554944624,-0.0005155758456074841,-0.0008667521575938496,0.00040908241258851875,-0.002504458109042292,SSP1,Upper CI,Colombia,missing,Oil,Palm Oil,missing,missing,missing,missing,missing,missing,missing,%,ColombiaPalm Oil
55083,0.647169,1.82749,1.49246,1.6431,1.81745,,,,0.09890248304502353,-0.0005951054471922124,0.1824496699547506,0.16004606113075515,0.18285397351522345,SSP1,Lower CI,Colombia,missing,Oil,Soybean,missing,missing,missing,missing,missing,missing,missing,%,ColombiaSoybean
55085,0.647169,1.82749,1.49246,1.6431,1.81745,,,,0.19491772250768297,0.23212803451751463,0.2427778968713856,0.21999100710991712,0.22750296288430727,SSP1,Median,Colombia,missing,Oil,Soybean,missing,missing,missing,missing,missing,missing,missing,%,ColombiaSoybean
55087,0.647169,1.82749,1.49246,1.6431,1.81745,,,,0.2988234417902548,0.6619189965731519,0.3895486026043125,0.3288770557541405,0.296505525443502,SSP1,Upper CI,Colombia,missing,Oil,Soybean,missing,missing,missing,missing,missing,missing,missing,%,ColombiaSoybean
55125,0.190695,0.384356,0.701443,1.17677,1.21118,,,,0.05447579097659355,-0.6368858094665388,0.042061588426475116,0.2738297092871763,0.2350549659075567,SSP1,Lower CI,Colombia,missing,OtherGrain,Other Grains,missing,missing,missing,missing,missing,missing,missing,%,ColombiaOther Grains
55127,0.190695,0.384356,0.701443,1.17677,1.21118,,,,0.31484825128552113,0.3551641682531126,0.37626939523267616,0.3552286408803527,0.3600059979853928,SSP1,Median,Colombia,missing,OtherGrain,Other Grains,missing,missing,missing,missing,missing,missing,missing,%,ColombiaOther Grains
55129,0.190695,0.384356,0.701443,1.17677,1.21118,,,,0.36761141430061,2.636947556962471,1.6833469373415033,0.3761736372993818,0.38237243198206283,SSP1,Upper CI,Colombia,missing,OtherGrain,Other Grains,missing,missing,missing,missing,missing,missing,missing,%,ColombiaOther Grains
55167,1.16545,1.30946,1.38625,1.85086,2.00936,,,,-0.14393786245866613,-0.1771860590155584,-0.2103919827494812,-0.2321407459701338,-0.26444171859679644,SSP1,Lower CI,Colombia,missing,Protein,Beef,missing,missing,missing,missing,missing,missing,missing,%,ColombiaBeef
55169,1.16545,1.30946,1.38625,1.85086,2.00936,,,,-0.12744883323829012,-0.1545680314432354,-0.18852815139285736,-0.22224454545211797,-0.255724737272867,SSP1,Median,Colombia,missing,Protein,Beef,missing,missing,missing,missing,missing,missing,missing,%,ColombiaBeef
55171,1.16545,1.30946,1.38625,1.85086,2.00936,,,,-0.11049740462295249,-0.134473563567938,-0.17423408845894736,-0.18541454372783361,-0.22033407521904197,SSP1,Upper CI,Colombia,missing,Protein,Beef,missing,missing,missing,missing,missing,missing,missing,%,ColombiaBeef
55209,2.12103,3.48783,3.37406,3.36011,3.66743,,,,0.07114882560021159,-0.05207152781439953,0.042369047625695114,0.06127963298828215,0.056935918991165575,SSP1,Lower CI,Colombia,missing,Protein,Dairy,missing,missing,missing,missing,missing,missing,missing,%,ColombiaDairy
55211,2.12103,3.48783,3.37406,3.36011,3.66743,,,,0.08849596002832681,0.0742076352171943,0.0727118792204994,0.07063927354820217,0.06564601606768077,SSP1,Median,Colombia,missing,Protein,Dairy,missing,missing,missing,missing,missing,missing,missing,%,ColombiaDairy
55213,2.12103,3.48783,3.37406,3.36011,3.66743,,,,0.10721657672846778,0.13068767775031565,0.08187970579430905,0.10489429540831124,0.09779325934335609,SSP1,Upper CI,Colombia,missing,Protein,Dairy,missing,missing,missing,missing,missing,missing,missing,%,ColombiaDairy
55251,0.19854,0.513852,0.519747,0.589693,0.646128,,,,0.09057610093059014,-0.11440627149239017,0.04072094937710968,0.07221959950702425,0.06815955506918955,SSP1,Lower CI,Colombia,missing,Protein,Fish,missing,missing,missing,missing,missing,missing,missing,%,ColombiaFish
55253,0.19854,0.513852,0.519747,0.589693,0.646128,,,,0.11172976752947258,0.08699116004685344,0.08349291919902484,0.08621002098245528,0.08137644188514913,SSP1,Median,Colombia,missing,Protein,Fish,missing,missing,missing,missing,missing,missing,missing,%,ColombiaFish
55255,0.19854,0.513852,0.519747,0.589693,0.646128,,,,0.1386140672647131,0.17812799423005127,0.09523124376409275,0.1215476857487914,0.113708641883667,SSP1,Upper CI,Colombia,missing,Protein,Fish,missing,missing,missing,missing,missing,missing,missing,%,ColombiaFish
55293,0.400538,0.440583,0.718604,1.15749,1.26722,,,,0.15622402819138903,0.1529879472746029,0.2223153961024682,0.24010353062833628,0.2428048649369806,SSP1,Lower CI,Colombia,missing,Protein,Pork,missing,missing,missing,missing,missing,missing,missing,%,ColombiaPork
55295,0.400538,0.440583,0.718604,1.15749,1.26722,,,,0.20171266582018346,0.2186184882671587,0.2536320803448842,0.2682723102258041,0.269164497250661,SSP1,Median,Colombia,missing,Protein,Pork,missing,missing,missing,missing,missing,missing,missing,%,ColombiaPork
55297,0.400538,0.440583,0.718604,1.15749,1.26722,,,,0.2668893187464124,0.25769814879049335,0.2759231611309642,0.30754850477297785,0.3070462589203419,SSP1,Upper CI,Colombia,missing,Protein,Pork,missing,missing,missing,missing,missing,missing,missing,%,ColombiaPork
55335,0.660044,1.52128,2.02105,2.61407,2.86366,,,,0.08668112872808996,0.08175780331027423,0.07433545640509279,0.08305805408244943,0.0821815106207617,SSP1,Lower CI,Colombia,missing,Protein,Poultry,missing,missing,missing,missing,missing,missing,missing,%,ColombiaPoultry
55337,0.660044,1.52128,2.02105,2.61407,2.86366,,,,0.10812125873830074,0.11396256130963517,0.10031045689401508,0.0979135439725632,0.09351200748327607,SSP1,Median,Colombia,missing,Protein,Poultry,missing,missing,missing,missing,missing,missing,missing,%,ColombiaPoultry
55339,0.660044,1.52128,2.02105,2.61407,2.86366,,,,0.12268776835373983,0.1390715371897258,0.14230504152793474,0.15765300138830696,0.1453282262892015,SSP1,Upper CI,Colombia,missing,Protein,Poultry,missing,missing,missing,missing,missing,missing,missing,%,ColombiaPoultry
55377,0.0127779,0.0076691,0.0081284,0.0133238,0.0145073,,,,0.27456676568768007,0.1657165491915144,0.2820911373944802,0.3117764078492111,0.31634190128386,SSP1,Lower CI,Colombia,missing,Protein,Sheep and Goat,missing,missing,missing,missing,missing,missing,missing,%,ColombiaSheep and Goat
55379,0.0127779,0.0076691,0.0081284,0.0133238,0.0145073,,,,0.28962143532160123,0.31289924427795096,0.3288174315942411,0.3372654411803816,0.34441577274957597,SSP1,Median,Colombia,missing,Protein,Sheep and Goat,missing,missing,missing,missing,missing,missing,missing,%,ColombiaSheep and Goat
55381,0.0127779,0.0076691,0.0081284,0.0133238,0.0145073,,,,0.2984818433829723,0.41453651303464595,0.3900966503980482,0.4152521536277374,0.41968756907797383,SSP1,Upper CI,Colombia,missing,Protein,Sheep and Goat,missing,missing,missing,missing,missing,missing,missing,%,ColombiaSheep and Goat
55419,0.750085,1.03728,0.826063,1.03845,1.27011,,,,-0.1075327419714803,-0.09628876933418529,0.055002622728748105,0.05192486019766547,0.06988408559985461,SSP1,Lower CI,Colombia,missing,Protein,Legumes,missing,missing,missing,missing,missing,missing,missing,%,ColombiaLegumes
55421,0.750085,1.03728,0.826063,1.03845,1.27011,,,,-0.019973189066470963,0.08059428108926864,0.11843147611395569,0.12694423767131965,0.1364766599545347,SSP1,Median,Colombia,missing,Protein,Legumes,missing,missing,missing,missing,missing,missing,missing,%,ColombiaLegumes
55423,0.750085,1.03728,0.826063,1.03845,1.27011,,,,0.09436360632326032,0.3975704507176252,0.20355443374087206,0.1713422449426124,0.18178353865358554,SSP1,Upper CI,Colombia,missing,Protein,Legumes,missing,missing,missing,missing,missing,missing,missing,%,ColombiaLegumes
55461,0.0314507,0.219119,0.146965,0.123217,0.152965,,,,-0.03944468728314235,-1.74174079176189,0.14325295067000376,-0.38610065820614886,-0.42001587511879984,SSP1,Lower CI,Colombia,missing,Protein,Nuts and Seeds,missing,missing,missing,missing,missing,missing,missing,%,ColombiaNuts and Seeds
55463,0.0314507,0.219119,0.146965,0.123217,0.152965,,,,0.11104600536796588,0.5017293504275518,0.5404371403304761,0.47697565777189266,0.4112105517528682,SSP1,Median,Colombia,missing,Protein,Nuts and Seeds,missing,missing,missing,missing,missing,missing,missing,%,ColombiaNuts and Seeds
55465,0.0314507,0.219119,0.146965,0.123217,0.152965,,,,0.41377350241402455,7.5209764085571535,2.738760045135688,0.6009141937644132,0.5656063314952784,SSP1,Upper CI,Colombia,missing,Protein,Nuts and Seeds,missing,missing,missing,missing,missing,missing,missing,%,ColombiaNuts and Seeds
55503,4.25177,4.82864,4.61071,5.27376,5.46843,,,,-0.5349151205209328,-0.869005070058745,-0.4887151105693682,-0.37414845709532274,-0.35771725770498675,SSP1,Lower CI,Colombia,missing,Rice,Rice,missing,missing,missing,missing,missing,missing,missing,%,ColombiaRice
55505,4.25177,4.82864,4.61071,5.27376,5.46843,,,,-0.447320024620294,-0.44585188855157815,-0.3794203960945884,-0.3510710123896038,-0.3473615950224725,SSP1,Median,Colombia,missing,Rice,Rice,missing,missing,missing,missing,missing,missing,missing,%,ColombiaRice
55507,4.25177,4.82864,4.61071,5.27376,5.46843,,,,-0.3551586851227481,-0.28441153550701165,-0.3430089003174963,-0.3155594788573626,-0.3302045502409363,SSP1,Upper CI,Colombia,missing,Rice,Rice,missing,missing,missing,missing,missing,missing,missing,%,ColombiaRice
55545,2.39995,2.49585,2.81258,3.00336,3.10138,,,,0.17074277935724824,-0.6313095241341878,-0.09903341517670299,0.030984937678622614,0.042278804580457754,SSP1,Lower CI,Colombia,missing,RootTuber,Roots and Tubers,missing,missing,missing,missing,missing,missing,missing,%,ColombiaRoots and Tubers
55547,2.39995,2.49585,2.81258,3.00336,3.10138,,,,0.28924120168069484,0.05506997409342841,0.023224846770977664,0.06095635646789288,0.0618254663280881,SSP1,Median,Colombia,missing,RootTuber,Roots and Tubers,missing,missing,missing,missing,missing,missing,missing,%,ColombiaRoots and Tubers
55549,2.39995,2.49585,2.81258,3.00336,3.10138,,,,0.38042703444206594,0.381371831656551,0.07207629478429516,0.10974938707883863,0.09054999757111303,SSP1,Upper CI,Colombia,missing,RootTuber,Roots and Tubers,missing,missing,missing,missing,missing,missing,missing,%,ColombiaRoots and Tubers
55587,1.15492,1.42849,6.23306,9.85507,10.9139,,,,-0.26636744163797077,-0.29036927224822884,-0.2908199074445252,-0.2918521027517399,-0.28439473385340647,SSP1,Lower CI,Colombia,missing,SugarCrop,Sugar Crops,missing,missing,missing,missing,missing,missing,missing,%,ColombiaSugar Crops
55589,1.15492,1.42849,6.23306,9.85507,10.9139,,,,-0.2575312503754897,-0.26845112646230135,-0.2730177884740087,-0.27261675074836245,-0.26904148517525683,SSP1,Median,Colombia,missing,SugarCrop,Sugar Crops,missing,missing,missing,missing,missing,missing,missing,%,ColombiaSugar Crops
55591,1.15492,1.42849,6.23306,9.85507,10.9139,,,,-0.24791436566738212,-0.21690779163960283,-0.2501830835408329,-0.24775843589171775,-0.2475150788242449,SSP1,Upper CI,Colombia,missing,SugarCrop,Sugar Crops,missing,missing,missing,missing,missing,missing,missing,%,ColombiaSugar Crops
55629,2.73946,4.5503,4.29722,4.13824,4.29196,,,,-0.25894343386453705,-0.17406027788014772,0.035642037234102586,0.025758232136934983,0.0828967649098452,SSP1,Lower CI,Colombia,missing,Wheat,Wheat,missing,missing,missing,missing,missing,missing,missing,%,ColombiaWheat
55631,2.73946,4.5503,4.29722,4.13824,4.29196,,,,0.054747721295827556,0.2609468460687893,0.1714896255042641,0.11373991220652109,0.10643337907049498,SSP1,Median,Colombia,missing,Wheat,Wheat,missing,missing,missing,missing,missing,missing,missing,%,ColombiaWheat
55633,2.73946,4.5503,4.29722,4.13824,4.29196,,,,0.15170046894907863,0.8551490593308195,0.3255276112975345,0.17579257976734888,0.13063180416028272,SSP1,Upper CI,Colombia,missing,Wheat,Wheat,missing,missing,missing,missing,missing,missing,missing,%,ColombiaWheat
