,1990,2005,2010,2015,2020,2025,2030,2035,2040,2045,2050,2055,2060,SSP,Version,GCAM,sector,subsector,technology,output,concentration,input,product,fuel,LandLeaf,GHG,Units,categorization
87,0.001,0.001,0.001,0.001,0.001,,,,18.974763402824635,-2.3216580061808756,-1.4378191548359034,-1.656693983345967,-1.4146446644964072,SSP1,Lower CI,Africa_Eastern,missing,missing,missing,missing,missing,missing,beef manure,missing,missing,missing,$/ton manure,Africa_Easternbeef manure
87,0.001,0.001,0.001,0.001,0.001,,,,61.49882352941176,3.694629411764706,2.675641176470588,2.780535294117647,3.2917764705882346,SSP1,Median,Africa_Eastern,missing,missing,missing,missing,missing,missing,beef manure,missing,missing,missing,$/ton manure,Africa_Easternbeef manure
87,0.001,0.001,0.001,0.001,0.001,,,,130.36324836188126,34.76535322186715,20.98825828796284,22.834044943098284,28.60522404530136,SSP1,Upper CI,Africa_Eastern,missing,missing,missing,missing,missing,missing,beef manure,missing,missing,missing,$/ton manure,Africa_Easternbeef manure
111,0.001,0.001,0.001,0.001,0.001,,,,40.79750351046008,19.973090918757492,17.00198753763481,17.232944807557352,19.25994405124417,SSP1,Lower CI,Africa_Eastern,missing,missing,missing,missing,missing,missing,dairy manure,missing,missing,missing,$/ton manure,Africa_Easterndairy manure
111,0.001,0.001,0.001,0.001,0.001,,,,86.05647058823529,26.585588235294114,21.335294117647056,21.722529411764704,24.03770588235294,SSP1,Median,Africa_Eastern,missing,missing,missing,missing,missing,missing,dairy manure,missing,missing,missing,$/ton manure,Africa_Easterndairy manure
111,0.001,0.001,0.001,0.001,0.001,,,,150.7577401870189,58.71118751261504,42.006660759578814,43.904837235786296,50.53940393637193,SSP1,Upper CI,Africa_Eastern,missing,missing,missing,missing,missing,missing,dairy manure,missing,missing,missing,$/ton manure,Africa_Easterndairy manure
167,0.001,0.001,0.001,0.001,0.001,,,,28.005059293504623,2.515594052220635,1.402874749863603,1.5660256593639978,2.9837620405211744,SSP1,Lower CI,Africa_Eastern,missing,missing,missing,missing,missing,missing,goat manure,missing,missing,missing,$/ton manure,Africa_Easterngoat manure
167,0.001,0.001,0.001,0.001,0.001,,,,75.88823529411764,8.876764705882353,5.1238882352941175,5.295211764705882,6.715411764705882,SSP1,Median,Africa_Eastern,missing,missing,missing,missing,missing,missing,goat manure,missing,missing,missing,$/ton manure,Africa_Easterngoat manure
167,0.001,0.001,0.001,0.001,0.001,,,,148.4549659165794,43.86905849679897,27.28531311391348,29.536495888623612,36.57950235576365,SSP1,Upper CI,Africa_Eastern,missing,missing,missing,missing,missing,missing,goat manure,missing,missing,missing,$/ton manure,Africa_Easterngoat manure
194,0.001,0.001,0.001,0.001,0.001,,,,66.53246766390107,53.01327839396848,49.133524084759074,49.701399981148384,52.373597490964684,SSP1,Lower CI,Africa_Eastern,missing,missing,missing,missing,missing,missing,pork manure,missing,missing,missing,$/ton manure,Africa_Easternpork manure
194,0.001,0.001,0.001,0.001,0.001,,,,123.01529411764704,59.74470588235294,54.15899999999999,54.929176470588224,57.68111764705882,SSP1,Median,Africa_Eastern,missing,missing,missing,missing,missing,missing,pork manure,missing,missing,missing,$/ton manure,Africa_Easternpork manure
194,0.001,0.001,0.001,0.001,0.001,,,,166.94566959100086,97.21396866485503,78.50697127127808,80.73104583928507,88.07402480005696,SSP1,Upper CI,Africa_Eastern,missing,missing,missing,missing,missing,missing,pork manure,missing,missing,missing,$/ton manure,Africa_Easternpork manure
195,0.001,0.001,0.001,0.001,0.001,,,,27.097867764393357,13.079161006175738,10.148451571119054,10.528459998864566,12.834382413890143,SSP1,Lower CI,Africa_Eastern,missing,missing,missing,missing,missing,missing,poultry manure,missing,missing,missing,$/ton manure,Africa_Easternpoultry manure
195,0.001,0.001,0.001,0.001,0.001,,,,83.35088235294117,20.048941176470585,14.43305882352941,15.03964705882353,17.77294117647059,SSP1,Median,Africa_Eastern,missing,missing,missing,missing,missing,missing,poultry manure,missing,missing,missing,$/ton manure,Africa_Easternpoultry manure
195,0.001,0.001,0.001,0.001,0.001,,,,127.18532439246937,53.853172327157594,36.24515462083141,38.52657219927785,45.932172384871464,SSP1,Upper CI,Africa_Eastern,missing,missing,missing,missing,missing,missing,poultry manure,missing,missing,missing,$/ton manure,Africa_Easternpoultry manure
439,0.001,0.001,0.001,0.001,0.001,,,,1.3938863530269643,-0.08014316125190035,-0.12121765209086943,-0.22629490806559538,-0.2447007488141928,SSP1,Lower CI,Africa_Northern,missing,missing,missing,missing,missing,missing,beef manure,missing,missing,missing,$/ton manure,Africa_Northernbeef manure
439,0.001,0.001,0.001,0.001,0.001,,,,7.27964705882353,2.3140294117647056,1.5749882352941176,1.3738117647058823,1.3020941176470586,SSP1,Median,Africa_Northern,missing,missing,missing,missing,missing,missing,beef manure,missing,missing,missing,$/ton manure,Africa_Northernbeef manure
439,0.001,0.001,0.001,0.001,0.001,,,,21.335848100754546,10.433584494585235,6.920989045279724,6.40484456750832,6.144868055315741,SSP1,Upper CI,Africa_Northern,missing,missing,missing,missing,missing,missing,beef manure,missing,missing,missing,$/ton manure,Africa_Northernbeef manure
463,0.001,0.001,0.001,0.001,0.001,,,,26.084077192704143,17.24210304316679,13.201828377194484,11.589380800967586,10.936112281931994,SSP1,Lower CI,Africa_Northern,missing,missing,missing,missing,missing,missing,dairy manure,missing,missing,missing,$/ton manure,Africa_Northerndairy manure
463,0.001,0.001,0.001,0.001,0.001,,,,38.25629411764705,22.047882352941173,16.51735294117647,14.729117647058823,13.997529411764706,SSP1,Median,Africa_Northern,missing,missing,missing,missing,missing,missing,dairy manure,missing,missing,missing,$/ton manure,Africa_Northerndairy manure
463,0.001,0.001,0.001,0.001,0.001,,,,52.62331776527904,36.69308283918615,27.45930227296032,25.441515793459654,24.51725985429091,SSP1,Upper CI,Africa_Northern,missing,missing,missing,missing,missing,missing,dairy manure,missing,missing,missing,$/ton manure,Africa_Northerndairy manure
519,0.001,0.001,0.001,0.001,0.001,,,,8.098385571905453,1.3254068257441078,0.870721925585471,0.596324699989438,0.5137949894457892,SSP1,Lower CI,Africa_Northern,missing,missing,missing,missing,missing,missing,goat manure,missing,missing,missing,$/ton manure,Africa_Northerngoat manure
519,0.001,0.001,0.001,0.001,0.001,,,,16.998117647058823,4.040382352941177,2.8370823529411764,2.5035882352941172,2.3868941176470586,SSP1,Median,Africa_Northern,missing,missing,missing,missing,missing,missing,goat manure,missing,missing,missing,$/ton manure,Africa_Northerngoat manure
519,0.001,0.001,0.001,0.001,0.001,,,,32.00451526843068,14.739098507589226,9.923141356148273,9.133104897533782,8.770462100337493,SSP1,Upper CI,Africa_Northern,missing,missing,missing,missing,missing,missing,goat manure,missing,missing,missing,$/ton manure,Africa_Northerngoat manure
546,0.001,0.001,0.001,0.001,0.001,,,,121.84914750838637,112.37594991838652,106.52187628290527,104.73376569981865,104.06355340368306,SSP1,Lower CI,Africa_Northern,missing,missing,missing,missing,missing,missing,pork manure,missing,missing,missing,$/ton manure,Africa_Northernpork manure
546,0.001,0.001,0.001,0.001,0.001,,,,135.39,117.8170588235294,111.83470588235295,109.99764705882352,109.34529411764706,SSP1,Median,Africa_Northern,missing,missing,missing,missing,missing,missing,pork manure,missing,missing,missing,$/ton manure,Africa_Northernpork manure
546,0.001,0.001,0.001,0.001,0.001,,,,150.70631467648764,128.1985878967395,118.79047665827117,116.89414279691336,116.20788450481366,SSP1,Upper CI,Africa_Northern,missing,missing,missing,missing,missing,missing,pork manure,missing,missing,missing,$/ton manure,Africa_Northernpork manure
547,0.001,0.001,0.001,0.001,0.001,,,,0.4696710479290971,-0.3779793503316027,-0.25684134854766283,-0.3292681702262308,-0.33637818459184254,SSP1,Lower CI,Africa_Northern,missing,missing,missing,missing,missing,missing,poultry manure,missing,missing,missing,$/ton manure,Africa_Northernpoultry manure
547,0.001,0.001,0.001,0.001,0.001,,,,5.32095294117647,1.8719588235294118,1.2652176470588234,1.1036764705882351,1.0460588235294117,SSP1,Median,Africa_Northern,missing,missing,missing,missing,missing,missing,poultry manure,missing,missing,missing,$/ton manure,Africa_Northernpoultry manure
547,0.001,0.001,0.001,0.001,0.001,,,,18.62842138904569,9.094174487586503,6.075838624089458,5.615667984467716,5.380113540628994,SSP1,Upper CI,Africa_Northern,missing,missing,missing,missing,missing,missing,poultry manure,missing,missing,missing,$/ton manure,Africa_Northernpoultry manure
791,0.001,0.001,0.001,0.001,0.001,,,,11.459591340087442,1.6674764950370502,-0.3167223549086984,-0.43037854569072564,-0.541463952109444,SSP1,Lower CI,Africa_Southern,missing,missing,missing,missing,missing,missing,beef manure,missing,missing,missing,$/ton manure,Africa_Southernbeef manure
791,0.001,0.001,0.001,0.001,0.001,,,,38.441294117647054,3.6249470588235293,2.4041823529411768,2.355005882352941,2.6788117647058822,SSP1,Median,Africa_Southern,missing,missing,missing,missing,missing,missing,beef manure,missing,missing,missing,$/ton manure,Africa_Southernbeef manure
791,0.001,0.001,0.001,0.001,0.001,,,,89.97308092882011,22.997618799080595,15.177920311565046,15.207040093678339,17.872996336010374,SSP1,Upper CI,Africa_Southern,missing,missing,missing,missing,missing,missing,beef manure,missing,missing,missing,$/ton manure,Africa_Southernbeef manure
815,0.001,0.001,0.001,0.001,0.001,,,,45.52525038482941,34.21059915699298,27.573635348682487,27.20876437503778,28.741545456547264,SSP1,Lower CI,Africa_Southern,missing,missing,missing,missing,missing,missing,dairy manure,missing,missing,missing,$/ton manure,Africa_Southerndairy manure
815,0.001,0.001,0.001,0.001,0.001,,,,76.57647058823528,39.17523529411764,31.779823529411765,31.36541176470588,33.16164705882353,SSP1,Median,Africa_Southern,missing,missing,missing,missing,missing,missing,dairy manure,missing,missing,missing,$/ton manure,Africa_Southerndairy manure
815,0.001,0.001,0.001,0.001,0.001,,,,125.28848070760756,61.27601260771291,48.519813567726175,48.197594758089146,51.63295609144034,SSP1,Upper CI,Africa_Southern,missing,missing,missing,missing,missing,missing,dairy manure,missing,missing,missing,$/ton manure,Africa_Southerndairy manure
871,0.001,0.001,0.001,0.001,0.001,,,,28.32935479823454,16.297428863765084,9.177560255125726,8.911981655853728,10.647711006143755,SSP1,Lower CI,Africa_Southern,missing,missing,missing,missing,missing,missing,goat manure,missing,missing,missing,$/ton manure,Africa_Southerngoat manure
871,0.001,0.001,0.001,0.001,0.001,,,,62.99294117647059,19.524529411764703,12.395176470588236,12.130941176470586,14.421882352941177,SSP1,Median,Africa_Southern,missing,missing,missing,missing,missing,missing,goat manure,missing,missing,missing,$/ton manure,Africa_Southerngoat manure
871,0.001,0.001,0.001,0.001,0.001,,,,117.98959814294196,42.73087309701923,29.575037268094086,29.50291803454875,33.69201159447543,SSP1,Upper CI,Africa_Southern,missing,missing,missing,missing,missing,missing,goat manure,missing,missing,missing,$/ton manure,Africa_Southerngoat manure
898,0.001,0.001,0.001,0.001,0.001,,,,45.480897060382354,33.29731886775059,26.298394660111047,26.039163828404803,27.78920210675097,SSP1,Lower CI,Africa_Southern,missing,missing,missing,missing,missing,missing,pork manure,missing,missing,missing,$/ton manure,Africa_Southernpork manure
898,0.001,0.001,0.001,0.001,0.001,,,,79.35470588235293,37.47858823529412,30.52764705882353,30.203882352941175,32.374764705882356,SSP1,Median,Africa_Southern,missing,missing,missing,missing,missing,missing,pork manure,missing,missing,missing,$/ton manure,Africa_Southernpork manure
898,0.001,0.001,0.001,0.001,0.001,,,,132.2514726875168,61.97187328911215,48.060687692830115,47.88791357097602,51.89570315640692,SSP1,Upper CI,Africa_Southern,missing,missing,missing,missing,missing,missing,pork manure,missing,missing,missing,$/ton manure,Africa_Southernpork manure
899,0.001,0.001,0.001,0.001,0.001,,,,23.011190654749818,9.930775343798405,3.9556107963826754,3.751013963997096,4.685525558575934,SSP1,Lower CI,Africa_Southern,missing,missing,missing,missing,missing,missing,poultry manure,missing,missing,missing,$/ton manure,Africa_Southernpoultry manure
899,0.001,0.001,0.001,0.001,0.001,,,,54.800588235294114,12.79605882352941,5.838476470588235,5.703129411764706,7.23135294117647,SSP1,Median,Africa_Southern,missing,missing,missing,missing,missing,missing,poultry manure,missing,missing,missing,$/ton manure,Africa_Southernpoultry manure
899,0.001,0.001,0.001,0.001,0.001,,,,107.14722110995606,34.960037989534925,23.04817620052135,22.927114209377518,26.355585896532425,SSP1,Upper CI,Africa_Southern,missing,missing,missing,missing,missing,missing,poultry manure,missing,missing,missing,$/ton manure,Africa_Southernpoultry manure
1148,0.001,0.001,0.001,0.001,0.001,,,,12.607266694110258,2.101804332578623,0.16431405098902285,0.12945296676049445,-0.19608465866771674,SSP1,Lower CI,Africa_Western,missing,missing,missing,missing,missing,missing,beef manure,missing,missing,missing,$/ton manure,Africa_Westernbeef manure
1148,0.001,0.001,0.001,0.001,0.001,,,,42.40158823529411,3.773770588235294,2.5659,2.491541176470588,2.663270588235294,SSP1,Median,Africa_Western,missing,missing,missing,missing,missing,missing,beef manure,missing,missing,missing,$/ton manure,Africa_Westernbeef manure
1148,0.001,0.001,0.001,0.001,0.001,,,,103.03004759160402,15.639226255656666,13.731048673469179,13.559777869152816,15.432106949689388,SSP1,Upper CI,Africa_Western,missing,missing,missing,missing,missing,missing,beef manure,missing,missing,missing,$/ton manure,Africa_Westernbeef manure
1172,0.001,0.001,0.001,0.001,0.001,,,,55.687332802168406,40.751226434232805,36.25826850954722,35.88506569240391,36.52528172984008,SSP1,Lower CI,Africa_Western,missing,missing,missing,missing,missing,missing,dairy manure,missing,missing,missing,$/ton manure,Africa_Westerndairy manure
1172,0.001,0.001,0.001,0.001,0.001,,,,87.68705882352941,46.37217647058823,40.26535294117647,39.732,40.594941176470584,SSP1,Median,Africa_Western,missing,missing,missing,missing,missing,missing,dairy manure,missing,missing,missing,$/ton manure,Africa_Westerndairy manure
1172,0.001,0.001,0.001,0.001,0.001,,,,144.3981629961509,64.33602062459073,55.94307514370354,55.373986939175026,57.50948607201749,SSP1,Upper CI,Africa_Western,missing,missing,missing,missing,missing,missing,dairy manure,missing,missing,missing,$/ton manure,Africa_Westerndairy manure
1228,0.001,0.001,0.001,0.001,0.001,,,,18.28837137875702,3.8676622756499714,1.2951274290905141,1.2199770790472941,1.0244750012195372,SSP1,Lower CI,Africa_Western,missing,missing,missing,missing,missing,missing,goat manure,missing,missing,missing,$/ton manure,Africa_Westerngoat manure
1228,0.001,0.001,0.001,0.001,0.001,,,,51.42470588235294,5.548417647058823,3.887847058823529,3.790347058823529,4.048364705882353,SSP1,Median,Africa_Western,missing,missing,missing,missing,missing,missing,goat manure,missing,missing,missing,$/ton manure,Africa_Westerngoat manure
1228,0.001,0.001,0.001,0.001,0.001,,,,115.10031769687323,20.303003606702966,17.033051394438896,16.81414001073599,18.91788920930678,SSP1,Upper CI,Africa_Western,missing,missing,missing,missing,missing,missing,goat manure,missing,missing,missing,$/ton manure,Africa_Westerngoat manure
1255,0.001,0.001,0.001,0.001,0.001,,,,55.173352199822965,41.90085744191968,36.780792843544845,36.43248804944062,37.182780024960316,SSP1,Lower CI,Africa_Western,missing,missing,missing,missing,missing,missing,pork manure,missing,missing,missing,$/ton manure,Africa_Westernpork manure
1255,0.001,0.001,0.001,0.001,0.001,,,,92.1564705882353,47.471294117647055,40.87517647058824,40.35405882352941,41.497,SSP1,Median,Africa_Western,missing,missing,missing,missing,missing,missing,pork manure,missing,missing,missing,$/ton manure,Africa_Westernpork manure
1255,0.001,0.001,0.001,0.001,0.001,,,,124.10960858449073,65.80169157768816,57.23837124314245,56.720818452107366,59.158340718073724,SSP1,Upper CI,Africa_Western,missing,missing,missing,missing,missing,missing,pork manure,missing,missing,missing,$/ton manure,Africa_Westernpork manure
1256,0.001,0.001,0.001,0.001,0.001,,,,21.69972959752952,6.869180714809021,2.6366799963997316,2.56421400191123,2.491026444200749,SSP1,Lower CI,Africa_Western,missing,missing,missing,missing,missing,missing,poultry manure,missing,missing,missing,$/ton manure,Africa_Westernpoultry manure
1256,0.001,0.001,0.001,0.001,0.001,,,,54.99211764705882,9.724764705882352,5.079311764705881,4.919429411764706,5.1654,SSP1,Median,Africa_Western,missing,missing,missing,missing,missing,missing,poultry manure,missing,missing,missing,$/ton manure,Africa_Westernpoultry manure
1256,0.001,0.001,0.001,0.001,0.001,,,,116.09740317557973,24.063847520485098,19.027802666138967,18.737247298398366,20.73314965487046,SSP1,Upper CI,Africa_Western,missing,missing,missing,missing,missing,missing,poultry manure,missing,missing,missing,$/ton manure,Africa_Westernpoultry manure
1525,0.001,0.001,0.001,0.001,0.001,,,,-8.529724095289914,-0.6552684568932907,0.18298587472034455,-0.05264940585241762,-0.06560712093564636,SSP1,Lower CI,Argentina,missing,missing,missing,missing,missing,missing,beef manure,missing,missing,missing,$/ton manure,Argentinabeef manure
1525,0.001,0.001,0.001,0.001,0.001,,,,11.594176470588234,2.0987529411764707,1.4358529411764707,1.2397529411764705,1.160341176470588,SSP1,Median,Argentina,missing,missing,missing,missing,missing,missing,beef manure,missing,missing,missing,$/ton manure,Argentinabeef manure
1525,0.001,0.001,0.001,0.001,0.001,,,,75.2689946835252,15.709369790226622,6.60501003859235,5.657831634954585,5.3354043345579365,SSP1,Upper CI,Argentina,missing,missing,missing,missing,missing,missing,beef manure,missing,missing,missing,$/ton manure,Argentinabeef manure
1549,0.001,0.001,0.001,0.001,0.001,,,,28.585548663320544,26.775309936963815,22.634819799723036,20.923171021060014,20.225828883325175,SSP1,Lower CI,Argentina,missing,missing,missing,missing,missing,missing,dairy manure,missing,missing,missing,$/ton manure,Argentinadairy manure
1549,0.001,0.001,0.001,0.001,0.001,,,,53.53958823529412,31.921529411764702,26.632999999999996,24.686411764705884,23.850999999999996,SSP1,Median,Argentina,missing,missing,missing,missing,missing,missing,dairy manure,missing,missing,missing,$/ton manure,Argentinadairy manure
1549,0.001,0.001,0.001,0.001,0.001,,,,112.39292192491476,52.879679082644024,38.699382057862096,36.16857696655608,35.081089382928695,SSP1,Upper CI,Argentina,missing,missing,missing,missing,missing,missing,dairy manure,missing,missing,missing,$/ton manure,Argentinadairy manure
1605,0.001,0.001,0.001,0.001,0.001,,,,36.76032691970671,34.61356819835096,29.522668160852938,27.488730882096924,26.599472090349014,SSP1,Lower CI,Argentina,missing,missing,missing,missing,missing,missing,goat manure,missing,missing,missing,$/ton manure,Argentinagoat manure
1605,0.001,0.001,0.001,0.001,0.001,,,,64.98705882352941,40.348352941176465,34.211999999999996,31.88764705882353,30.83217647058823,SSP1,Median,Argentina,missing,missing,missing,missing,missing,missing,goat manure,missing,missing,missing,$/ton manure,Argentinagoat manure
1605,0.001,0.001,0.001,0.001,0.001,,,,131.55594198785633,63.57106709576668,47.35401976484365,44.348841873321014,42.99944493751477,SSP1,Upper CI,Argentina,missing,missing,missing,missing,missing,missing,goat manure,missing,missing,missing,$/ton manure,Argentinagoat manure
1632,0.001,0.001,0.001,0.001,0.001,,,,37.817647926966096,35.865582251473974,30.651875436835695,28.66686108805301,27.80946959575703,SSP1,Lower CI,Argentina,missing,missing,missing,missing,missing,missing,pork manure,missing,missing,missing,$/ton manure,Argentinapork manure
1632,0.001,0.001,0.001,0.001,0.001,,,,64.98411764705882,41.253,35.61864705882353,33.13964705882352,32.12117647058824,SSP1,Median,Argentina,missing,missing,missing,missing,missing,missing,pork manure,missing,missing,missing,$/ton manure,Argentinapork manure
1632,0.001,0.001,0.001,0.001,0.001,,,,129.03073862765575,64.3842295132319,48.64200443932529,45.7493896859408,44.45488148783432,SSP1,Upper CI,Argentina,missing,missing,missing,missing,missing,missing,pork manure,missing,missing,missing,$/ton manure,Argentinapork manure
1633,0.001,0.001,0.001,0.001,0.001,,,,-1.2024710181488345,0.669141372751703,1.068291869951441,0.7794731423946626,0.6948071758032794,SSP1,Lower CI,Argentina,missing,missing,missing,missing,missing,missing,poultry manure,missing,missing,missing,$/ton manure,Argentinapoultry manure
1633,0.001,0.001,0.001,0.001,0.001,,,,21.31205882352941,3.769711764705882,2.6554294117647057,2.3119411764705884,2.172782352941176,SSP1,Median,Argentina,missing,missing,missing,missing,missing,missing,poultry manure,missing,missing,missing,$/ton manure,Argentinapoultry manure
1633,0.001,0.001,0.001,0.001,0.001,,,,85.08543068201439,20.211622548816926,9.806930544909237,8.5221010371719,8.037994867540373,SSP1,Upper CI,Argentina,missing,missing,missing,missing,missing,missing,poultry manure,missing,missing,missing,$/ton manure,Argentinapoultry manure
1883,0.001,0.001,0.001,0.001,0.001,,,,-0.12503789517238761,-0.20444613558532776,-0.048467142833821475,-0.07231830721170973,-0.07802918734717301,SSP1,Lower CI,Australia_NZ,missing,missing,missing,missing,missing,missing,beef manure,missing,missing,missing,$/ton manure,Australia_NZbeef manure
1883,0.001,0.001,0.001,0.001,0.001,,,,3.6537647058823524,1.080035294117647,0.7512705882352941,0.6731411764705881,0.6422764705882352,SSP1,Median,Australia_NZ,missing,missing,missing,missing,missing,missing,beef manure,missing,missing,missing,$/ton manure,Australia_NZbeef manure
1883,0.001,0.001,0.001,0.001,0.001,,,,11.474418231306842,5.53380558656572,3.485974635093883,3.1700062824439073,3.0246519303812285,SSP1,Upper CI,Australia_NZ,missing,missing,missing,missing,missing,missing,beef manure,missing,missing,missing,$/ton manure,Australia_NZbeef manure
1907,0.001,0.001,0.001,0.001,0.001,,,,16.854923123512844,8.607574187744055,4.815990929252188,3.9031515046330956,3.5412834204014247,SSP1,Lower CI,Australia_NZ,missing,missing,missing,missing,missing,missing,dairy manure,missing,missing,missing,$/ton manure,Australia_NZdairy manure
1907,0.001,0.001,0.001,0.001,0.001,,,,28.937941176470584,11.462882352941177,6.215941176470587,5.473035294117646,5.2159176470588235,SSP1,Median,Australia_NZ,missing,missing,missing,missing,missing,missing,dairy manure,missing,missing,missing,$/ton manure,Australia_NZdairy manure
1907,0.001,0.001,0.001,0.001,0.001,,,,41.393443263041775,23.267956008334373,15.438588018116231,13.995785337472165,13.320372926347801,SSP1,Upper CI,Australia_NZ,missing,missing,missing,missing,missing,missing,dairy manure,missing,missing,missing,$/ton manure,Australia_NZdairy manure
1963,0.001,0.001,0.001,0.001,0.001,,,,7.008934131216391,1.3908720257247307,1.082994454380107,0.8844435915423992,0.7697526808484372,SSP1,Lower CI,Australia_NZ,missing,missing,missing,missing,missing,missing,goat manure,missing,missing,missing,$/ton manure,Australia_NZgoat manure
1963,0.001,0.001,0.001,0.001,0.001,,,,15.067764705882352,3.3863705882352937,2.3982882352941175,2.149076470588235,2.0197941176470584,SSP1,Median,Australia_NZ,missing,missing,missing,missing,missing,missing,goat manure,missing,missing,missing,$/ton manure,Australia_NZgoat manure
1963,0.001,0.001,0.001,0.001,0.001,,,,27.65030284357352,12.125510013490956,7.788102697322677,6.996596036940572,6.564649300575711,SSP1,Upper CI,Australia_NZ,missing,missing,missing,missing,missing,missing,goat manure,missing,missing,missing,$/ton manure,Australia_NZgoat manure
1990,0.001,0.001,0.001,0.001,0.001,,,,39.053351477358405,29.123699152858364,24.056765257292376,22.14357022331245,20.9497677303145,SSP1,Lower CI,Australia_NZ,missing,missing,missing,missing,missing,missing,pork manure,missing,missing,missing,$/ton manure,Australia_NZpork manure
1990,0.001,0.001,0.001,0.001,0.001,,,,53.65423529411764,33.99647058823529,27.866529411764702,25.915941176470586,24.48805882352941,SSP1,Median,Australia_NZ,missing,missing,missing,missing,missing,missing,pork manure,missing,missing,missing,$/ton manure,Australia_NZpork manure
1990,0.001,0.001,0.001,0.001,0.001,,,,67.55533759827183,48.942355749102404,38.1985944950296,35.59129293458228,33.97855858547498,SSP1,Upper CI,Australia_NZ,missing,missing,missing,missing,missing,missing,pork manure,missing,missing,missing,$/ton manure,Australia_NZpork manure
1991,0.001,0.001,0.001,0.001,0.001,,,,7.227562912353589,1.3431165316901135,0.9890855717560592,0.7413785862045899,0.5865321427490184,SSP1,Lower CI,Australia_NZ,missing,missing,missing,missing,missing,missing,poultry manure,missing,missing,missing,$/ton manure,Australia_NZpoultry manure
1991,0.001,0.001,0.001,0.001,0.001,,,,15.168941176470588,3.361176470588235,2.303435294117647,2.0013823529411763,1.8312,SSP1,Median,Australia_NZ,missing,missing,missing,missing,missing,missing,poultry manure,missing,missing,missing,$/ton manure,Australia_NZpoultry manure
1991,0.001,0.001,0.001,0.001,0.001,,,,27.269242129663212,12.034091154584399,7.590731951463754,6.673709091813985,6.1343609222664615,SSP1,Upper CI,Australia_NZ,missing,missing,missing,missing,missing,missing,poultry manure,missing,missing,missing,$/ton manure,Australia_NZpoultry manure
2252,0.001,0.001,0.001,0.001,0.001,,,,1.7804346311738541,0.6936187954771977,0.6205130932923089,0.434609114139739,0.405250450407745,SSP1,Lower CI,Brazil,missing,missing,missing,missing,missing,missing,beef manure,missing,missing,missing,$/ton manure,Brazilbeef manure
2252,0.001,0.001,0.001,0.001,0.001,,,,9.226764705882353,2.4006,1.698570588235294,1.4975588235294115,1.4239470588235295,SSP1,Median,Brazil,missing,missing,missing,missing,missing,missing,beef manure,missing,missing,missing,$/ton manure,Brazilbeef manure
2252,0.001,0.001,0.001,0.001,0.001,,,,28.673898141935386,10.435300969228683,5.872559847884161,5.141260545302984,4.919754255474608,SSP1,Upper CI,Brazil,missing,missing,missing,missing,missing,missing,beef manure,missing,missing,missing,$/ton manure,Brazilbeef manure
2276,0.001,0.001,0.001,0.001,0.001,,,,40.47113720230026,32.035490087152596,27.816841145667436,26.356567044724066,25.868642487169527,SSP1,Lower CI,Brazil,missing,missing,missing,missing,missing,missing,dairy manure,missing,missing,missing,$/ton manure,Brazildairy manure
2276,0.001,0.001,0.001,0.001,0.001,,,,54.62052941176471,37.148411764705884,32.12670588235294,30.45482352941176,29.844470588235296,SSP1,Median,Brazil,missing,missing,missing,missing,missing,missing,dairy manure,missing,missing,missing,$/ton manure,Brazildairy manure
2276,0.001,0.001,0.001,0.001,0.001,,,,74.00656027669135,52.86447854029839,42.39873780170096,40.315997661158285,39.582084447814985,SSP1,Upper CI,Brazil,missing,missing,missing,missing,missing,missing,dairy manure,missing,missing,missing,$/ton manure,Brazildairy manure
2332,0.001,0.001,0.001,0.001,0.001,,,,59.96035950665599,50.214641997336024,45.1304657608366,43.24615472648048,42.52088759735908,SSP1,Lower CI,Brazil,missing,missing,missing,missing,missing,missing,goat manure,missing,missing,missing,$/ton manure,Brazilgoat manure
2332,0.001,0.001,0.001,0.001,0.001,,,,75.91411764705882,55.91894117647058,50.05435294117647,48.02923529411765,47.20141176470588,SSP1,Median,Brazil,missing,missing,missing,missing,missing,missing,goat manure,missing,missing,missing,$/ton manure,Brazilgoat manure
2332,0.001,0.001,0.001,0.001,0.001,,,,97.84402704796587,74.4651462379581,62.0604568397826,59.53079883389101,58.52978113329107,SSP1,Upper CI,Brazil,missing,missing,missing,missing,missing,missing,goat manure,missing,missing,missing,$/ton manure,Brazilgoat manure
2359,0.001,0.001,0.001,0.001,0.001,,,,41.26023779886691,32.50083700257933,27.847182548994333,26.168698787344788,25.517462127624846,SSP1,Lower CI,Brazil,missing,missing,missing,missing,missing,missing,pork manure,missing,missing,missing,$/ton manure,Brazilpork manure
2359,0.001,0.001,0.001,0.001,0.001,,,,56.518117647058816,37.517176470588225,32.13347058823529,30.053705882352936,29.283470588235293,SSP1,Median,Brazil,missing,missing,missing,missing,missing,missing,pork manure,missing,missing,missing,$/ton manure,Brazilpork manure
2359,0.001,0.001,0.001,0.001,0.001,,,,77.76749329357007,53.535962997420654,42.2143833952781,39.79517737364592,38.83991434296339,SSP1,Upper CI,Brazil,missing,missing,missing,missing,missing,missing,pork manure,missing,missing,missing,$/ton manure,Brazilpork manure
2360,0.001,0.001,0.001,0.001,0.001,,,,5.81882776100138,1.4541048378037944,1.225434470240344,1.0134137221640516,0.956961738057585,SSP1,Lower CI,Brazil,missing,missing,missing,missing,missing,missing,poultry manure,missing,missing,missing,$/ton manure,Brazilpoultry manure
2360,0.001,0.001,0.001,0.001,0.001,,,,14.774647058823527,3.3732823529411764,2.459441176470588,2.179776470588235,2.0934882352941173,SSP1,Median,Brazil,missing,missing,missing,missing,missing,missing,poultry manure,missing,missing,missing,$/ton manure,Brazilpoultry manure
2360,0.001,0.001,0.001,0.001,0.001,,,,34.49731173479693,12.924056573960907,7.666197542143555,6.777183739136257,6.4945500885678005,SSP1,Upper CI,Brazil,missing,missing,missing,missing,missing,missing,poultry manure,missing,missing,missing,$/ton manure,Brazilpoultry manure
2609,0.001,0.001,0.001,0.001,0.001,,,,32.4693715466901,-1.2305212353070445,-0.5411174995592773,-0.1553494487441185,0.010260859029479263,SSP1,Lower CI,Canada,missing,missing,missing,missing,missing,missing,beef manure,missing,missing,missing,$/ton manure,Canadabeef manure
2609,0.001,0.001,0.001,0.001,0.001,,,,75.17470588235294,3.526070588235294,2.4674882352941174,2.1912764705882353,2.091382352941176,SSP1,Median,Canada,missing,missing,missing,missing,missing,missing,beef manure,missing,missing,missing,$/ton manure,Canadabeef manure
2609,0.001,0.001,0.001,0.001,0.001,,,,131.7058536633939,31.35466139216979,15.526654032067015,12.877107467319968,11.780401308153182,SSP1,Upper CI,Canada,missing,missing,missing,missing,missing,missing,beef manure,missing,missing,missing,$/ton manure,Canadabeef manure
2633,0.001,0.001,0.001,0.001,0.001,,,,60.583098664811466,28.127215471614516,23.67001423303604,22.18109913175753,21.409171620785273,SSP1,Lower CI,Canada,missing,missing,missing,missing,missing,missing,dairy manure,missing,missing,missing,$/ton manure,Canadadairy manure
2633,0.001,0.001,0.001,0.001,0.001,,,,106.70882352941176,33.76582352941176,28.063176470588235,26.045647058823526,25.047705882352936,SSP1,Median,Canada,missing,missing,missing,missing,missing,missing,dairy manure,missing,missing,missing,$/ton manure,Canadadairy manure
2633,0.001,0.001,0.001,0.001,0.001,,,,160.79357360409605,64.35752178328745,44.34961920349646,40.44717393325794,38.644528069617195,SSP1,Upper CI,Canada,missing,missing,missing,missing,missing,missing,dairy manure,missing,missing,missing,$/ton manure,Canadadairy manure
2689,0.001,0.001,0.001,0.001,0.001,,,,67.49936042902046,55.061510618308304,49.49340121499298,47.798199360807075,46.99033945842817,SSP1,Lower CI,Canada,missing,missing,missing,missing,missing,missing,goat manure,missing,missing,missing,$/ton manure,Canadagoat manure
2689,0.001,0.001,0.001,0.001,0.001,,,,139.34294117647056,61.04411764705882,54.76441176470588,52.649941176470584,51.67905882352941,SSP1,Median,Canada,missing,missing,missing,missing,missing,missing,goat manure,missing,missing,missing,$/ton manure,Canadagoat manure
2689,0.001,0.001,0.001,0.001,0.001,,,,169.79638074745014,97.2576344797309,74.33262355280887,70.11479135126723,68.267022770674,SSP1,Upper CI,Canada,missing,missing,missing,missing,missing,missing,goat manure,missing,missing,missing,$/ton manure,Canadagoat manure
2716,0.001,0.001,0.001,0.001,0.001,,,,50.295871581119265,15.742253686220266,11.36761382437517,10.060651910360715,9.51519031562819,SSP1,Lower CI,Canada,missing,missing,missing,missing,missing,missing,pork manure,missing,missing,missing,$/ton manure,Canadapork manure
2716,0.001,0.001,0.001,0.001,0.001,,,,100.65588235294118,20.75635294117647,14.914882352941174,13.063823529411764,12.263941176470587,SSP1,Median,Canada,missing,missing,missing,missing,missing,missing,pork manure,missing,missing,missing,$/ton manure,Canadapork manure
2716,0.001,0.001,0.001,0.001,0.001,,,,159.36807799871266,52.655493764760124,31.66708648522235,27.74510103081575,26.103953956817627,SSP1,Upper CI,Canada,missing,missing,missing,missing,missing,missing,pork manure,missing,missing,missing,$/ton manure,Canadapork manure
2717,0.001,0.001,0.001,0.001,0.001,,,,37.03876507662818,0.5648055119164503,0.48452565026748395,0.5950002595361035,0.6129174193755587,SSP1,Lower CI,Canada,missing,missing,missing,missing,missing,missing,poultry manure,missing,missing,missing,$/ton manure,Canadapoultry manure
2717,0.001,0.001,0.001,0.001,0.001,,,,82.1335294117647,5.0222235294117645,3.5488470588235295,3.1172705882352933,2.9211000000000005,SSP1,Median,Canada,missing,missing,missing,missing,missing,missing,poultry manure,missing,missing,missing,$/ton manure,Canadapoultry manure
2717,0.001,0.001,0.001,0.001,0.001,,,,139.45931559564067,35.16993801749531,18.01796004632694,15.030326985045942,13.713757317466545,SSP1,Upper CI,Canada,missing,missing,missing,missing,missing,missing,poultry manure,missing,missing,missing,$/ton manure,Canadapoultry manure
2973,0.001,0.001,0.001,0.001,0.001,,,,8.725942414652446,1.3392428048694471,1.0113253188223448,0.8400564618339823,0.7493435690699868,SSP1,Lower CI,Central America and Caribbean,missing,missing,missing,missing,missing,missing,beef manure,missing,missing,missing,$/ton manure,Central America and Caribbeanbeef manure
2973,0.001,0.001,0.001,0.001,0.001,,,,15.995941176470588,3.8294235294117644,2.5690705882352938,2.282111764705882,2.1560941176470587,SSP1,Median,Central America and Caribbean,missing,missing,missing,missing,missing,missing,beef manure,missing,missing,missing,$/ton manure,Central America and Caribbeanbeef manure
2973,0.001,0.001,0.001,0.001,0.001,,,,25.62374498030553,12.843995391208985,8.312928365388181,7.685993631045274,7.3452600841807865,SSP1,Upper CI,Central America and Caribbean,missing,missing,missing,missing,missing,missing,beef manure,missing,missing,missing,$/ton manure,Central America and Caribbeanbeef manure
2997,0.001,0.001,0.001,0.001,0.001,,,,37.803760918189084,26.520065611533717,23.08526800031848,21.890764177315596,21.220184461790147,SSP1,Lower CI,Central America and Caribbean,missing,missing,missing,missing,missing,missing,dairy manure,missing,missing,missing,$/ton manure,Central America and Caribbeandairy manure
2997,0.001,0.001,0.001,0.001,0.001,,,,50.44488235294118,33.78205882352941,27.597235294117645,25.894470588235293,25.125647058823528,SSP1,Median,Central America and Caribbean,missing,missing,missing,missing,missing,missing,dairy manure,missing,missing,missing,$/ton manure,Central America and Caribbeandairy manure
2997,0.001,0.001,0.001,0.001,0.001,,,,61.37731471206301,47.412004976701574,37.780458934666036,36.122505791724656,35.228639067621614,SSP1,Upper CI,Central America and Caribbean,missing,missing,missing,missing,missing,missing,dairy manure,missing,missing,missing,$/ton manure,Central America and Caribbeandairy manure
3053,0.001,0.001,0.001,0.001,0.001,,,,48.57623189363684,36.09009247104727,31.726210332311478,30.25184880620663,29.490208126219997,SSP1,Lower CI,Central America and Caribbean,missing,missing,missing,missing,missing,missing,goat manure,missing,missing,missing,$/ton manure,Central America and Caribbeangoat manure
3053,0.001,0.001,0.001,0.001,0.001,,,,62.87529411764706,43.95676470588235,36.95264705882353,35.03735294117647,34.217588235294116,SSP1,Median,Central America and Caribbean,missing,missing,missing,missing,missing,missing,goat manure,missing,missing,missing,$/ton manure,Central America and Caribbeangoat manure
3053,0.001,0.001,0.001,0.001,0.001,,,,75.2512302912371,59.07579772503115,48.154613197100275,46.269389583886245,45.30668970659734,SSP1,Upper CI,Central America and Caribbean,missing,missing,missing,missing,missing,missing,goat manure,missing,missing,missing,$/ton manure,Central America and Caribbeangoat manure
3080,0.001,0.001,0.001,0.001,0.001,,,,38.65442475610601,26.615807102482698,23.156417673146485,22.00482405208779,21.34970243570931,SSP1,Lower CI,Central America and Caribbean,missing,missing,missing,missing,missing,missing,pork manure,missing,missing,missing,$/ton manure,Central America and Caribbeanpork manure
3080,0.001,0.001,0.001,0.001,0.001,,,,52.524,34.385823529411766,27.665882352941175,25.86929411764705,25.111235294117645,SSP1,Median,Central America and Caribbean,missing,missing,missing,missing,missing,missing,pork manure,missing,missing,missing,$/ton manure,Central America and Caribbeanpork manure
3080,0.001,0.001,0.001,0.001,0.001,,,,64.3280122186839,48.04722662300748,37.934283255646086,36.25634374976978,35.37609508751051,SSP1,Upper CI,Central America and Caribbean,missing,missing,missing,missing,missing,missing,pork manure,missing,missing,missing,$/ton manure,Central America and Caribbeanpork manure
3081,0.001,0.001,0.001,0.001,0.001,,,,6.04298349774798,0.704288023000819,0.561187732735978,0.42074069106273937,0.3564350779437806,SSP1,Lower CI,Central America and Caribbean,missing,missing,missing,missing,missing,missing,poultry manure,missing,missing,missing,$/ton manure,Central America and Caribbeanpoultry manure
3081,0.001,0.001,0.001,0.001,0.001,,,,12.003176470588235,2.9928117647058823,1.9696058823529408,1.7532294117647056,1.6650117647058822,SSP1,Median,Central America and Caribbean,missing,missing,missing,missing,missing,missing,poultry manure,missing,missing,missing,$/ton manure,Central America and Caribbeanpoultry manure
3081,0.001,0.001,0.001,0.001,0.001,,,,21.282720703932696,10.816939271116828,6.8851292332082945,6.347966615438807,6.080270370972628,SSP1,Upper CI,Central America and Caribbean,missing,missing,missing,missing,missing,missing,poultry manure,missing,missing,missing,$/ton manure,Central America and Caribbeanpoultry manure
3319,0.001,0.001,0.001,0.001,0.001,,,,0.2915219319783766,-0.7774023389525637,-0.44668967742774957,-0.4562381362026444,-0.44342728782767793,SSP1,Lower CI,Central Asia,missing,missing,missing,missing,missing,missing,beef manure,missing,missing,missing,$/ton manure,Central Asiabeef manure
3319,0.001,0.001,0.001,0.001,0.001,,,,3.834964705882353,1.2529176470588232,0.843735294117647,0.7196176470588235,0.665735294117647,SSP1,Median,Central Asia,missing,missing,missing,missing,missing,missing,beef manure,missing,missing,missing,$/ton manure,Central Asiabeef manure
3319,0.001,0.001,0.001,0.001,0.001,,,,11.867182269702298,7.331603672285896,4.864280761019081,4.42948339936054,4.155386972038204,SSP1,Upper CI,Central Asia,missing,missing,missing,missing,missing,missing,beef manure,missing,missing,missing,$/ton manure,Central Asiabeef manure
3343,0.001,0.001,0.001,0.001,0.001,,,,16.745900659155613,7.467813144485566,4.281649719342543,3.3227502727655516,2.97337345255903,SSP1,Lower CI,Central Asia,missing,missing,missing,missing,missing,missing,dairy manure,missing,missing,missing,$/ton manure,Central Asiadairy manure
3343,0.001,0.001,0.001,0.001,0.001,,,,28.11641176470588,11.93105882352941,6.4812352941176465,5.4253,5.130523529411764,SSP1,Median,Central Asia,missing,missing,missing,missing,missing,missing,dairy manure,missing,missing,missing,$/ton manure,Central Asiadairy manure
3343,0.001,0.001,0.001,0.001,0.001,,,,40.62997160975196,24.944116267279135,16.789160187778197,15.299594618875316,14.568785804406911,SSP1,Upper CI,Central Asia,missing,missing,missing,missing,missing,missing,dairy manure,missing,missing,missing,$/ton manure,Central Asiadairy manure
3399,0.001,0.001,0.001,0.001,0.001,,,,3.418752843990946,0.008456747177963742,0.028663210413975015,-0.09926819365588502,-0.12836925630884943,SSP1,Lower CI,Central Asia,missing,missing,missing,missing,missing,missing,goat manure,missing,missing,missing,$/ton manure,Central Asiagoat manure
3399,0.001,0.001,0.001,0.001,0.001,,,,9.411470588235293,2.5727529411764705,1.778341176470588,1.5313823529411763,1.423935294117647,SSP1,Median,Central Asia,missing,missing,missing,missing,missing,missing,goat manure,missing,missing,missing,$/ton manure,Central Asiagoat manure
3399,0.001,0.001,0.001,0.001,0.001,,,,21.85328413079897,11.126791174390664,7.415286820545776,6.770461877866412,6.405490185101419,SSP1,Upper CI,Central Asia,missing,missing,missing,missing,missing,missing,goat manure,missing,missing,missing,$/ton manure,Central Asiagoat manure
3426,0.001,0.001,0.001,0.001,0.001,,,,48.80318678850676,36.565534984864485,32.75821780309771,31.1557601119183,30.13417050997967,SSP1,Lower CI,Central Asia,missing,missing,missing,missing,missing,missing,pork manure,missing,missing,missing,$/ton manure,Central Asiapork manure
3426,0.001,0.001,0.001,0.001,0.001,,,,62.181176470588234,44.110176470588236,38.06641176470588,35.79094117647059,34.65417647058823,SSP1,Median,Central Asia,missing,missing,missing,missing,missing,missing,pork manure,missing,missing,missing,$/ton manure,Central Asiapork manure
3426,0.001,0.001,0.001,0.001,0.001,,,,75.92496447199744,61.72551599552766,51.288364240245926,49.12155258158016,47.74199667268287,SSP1,Upper CI,Central Asia,missing,missing,missing,missing,missing,missing,pork manure,missing,missing,missing,$/ton manure,Central Asiapork manure
3427,0.001,0.001,0.001,0.001,0.001,,,,8.463622728106516,1.0241929513421946,0.7667554476978875,0.539946073776604,0.4239194607627317,SSP1,Lower CI,Central Asia,missing,missing,missing,missing,missing,missing,poultry manure,missing,missing,missing,$/ton manure,Central Asiapoultry manure
3427,0.001,0.001,0.001,0.001,0.001,,,,16.56311764705882,3.9442588235294114,2.7693529411764706,2.409505882352941,2.240064705882353,SSP1,Median,Central Asia,missing,missing,missing,missing,missing,missing,poultry manure,missing,missing,missing,$/ton manure,Central Asiapoultry manure
3427,0.001,0.001,0.001,0.001,0.001,,,,28.82529491895231,14.493275362383294,9.898760094097778,9.042835102693981,8.522200353478755,SSP1,Upper CI,Central Asia,missing,missing,missing,missing,missing,missing,poultry manure,missing,missing,missing,$/ton manure,Central Asiapoultry manure
3711,0.001,0.001,0.001,0.001,0.001,,,,6.8237025844736685,1.5040301184771439,1.2275426317677813,0.9256789902257498,0.7496508409009204,SSP1,Lower CI,China,missing,missing,missing,missing,missing,missing,beef manure,missing,missing,missing,$/ton manure,Chinabeef manure
3711,0.001,0.001,0.001,0.001,0.001,,,,18.166117647058822,3.415752941176471,2.3824823529411763,2.029058823529412,1.8562529411764703,SSP1,Median,China,missing,missing,missing,missing,missing,missing,beef manure,missing,missing,missing,$/ton manure,Chinabeef manure
3711,0.001,0.001,0.001,0.001,0.001,,,,40.055704138215404,12.917399293287563,7.466110866684231,6.21249302215815,5.598969778294126,SSP1,Upper CI,China,missing,missing,missing,missing,missing,missing,beef manure,missing,missing,missing,$/ton manure,Chinabeef manure
3735,0.001,0.001,0.001,0.001,0.001,,,,36.34554713942077,27.374264278486763,22.919860514167464,20.817210117841647,19.761365929664056,SSP1,Lower CI,China,missing,missing,missing,missing,missing,missing,dairy manure,missing,missing,missing,$/ton manure,Chinadairy manure
3735,0.001,0.001,0.001,0.001,0.001,,,,51.81917647058823,31.457705882352936,26.110882352941175,23.914647058823526,22.79782352941176,SSP1,Median,China,missing,missing,missing,missing,missing,missing,dairy manure,missing,missing,missing,$/ton manure,Chinadairy manure
3735,0.001,0.001,0.001,0.001,0.001,,,,73.1161671462935,46.445696505826945,35.78176734960962,32.78249886048652,31.272123853617675,SSP1,Upper CI,China,missing,missing,missing,missing,missing,missing,dairy manure,missing,missing,missing,$/ton manure,Chinadairy manure
3792,0.001,0.001,0.001,0.001,0.001,,,,9.622090418979763,2.238730483236062,1.72973630959625,1.4144258458970391,1.2541855022598751,SSP1,Lower CI,China,missing,missing,missing,missing,missing,missing,goat manure,missing,missing,missing,$/ton manure,Chinagoat manure
3792,0.001,0.001,0.001,0.001,0.001,,,,22.528117647058824,4.222364705882352,3.0102117647058826,2.6060647058823525,2.422088235294117,SSP1,Median,China,missing,missing,missing,missing,missing,missing,goat manure,missing,missing,missing,$/ton manure,Chinagoat manure
3792,0.001,0.001,0.001,0.001,0.001,,,,45.60167428690258,14.98555869323452,8.832410439629756,7.489458055031751,6.854445643250959,SSP1,Upper CI,China,missing,missing,missing,missing,missing,missing,goat manure,missing,missing,missing,$/ton manure,Chinagoat manure
3819,0.001,0.001,0.001,0.001,0.001,,,,6.115402660847099,1.3332790150575518,1.1507591342379904,0.8780651467473772,0.7267485634502235,SSP1,Lower CI,China,missing,missing,missing,missing,missing,missing,pork manure,missing,missing,missing,$/ton manure,Chinapork manure
3819,0.001,0.001,0.001,0.001,0.001,,,,17.22976470588235,3.2421823529411764,2.2801058823529408,1.9674823529411762,1.8272764705882352,SSP1,Median,China,missing,missing,missing,missing,missing,missing,pork manure,missing,missing,missing,$/ton manure,Chinapork manure
3819,0.001,0.001,0.001,0.001,0.001,,,,39.23400742318651,12.462966553569895,7.208226128919904,6.041080797525067,5.505193727571449,SSP1,Upper CI,China,missing,missing,missing,missing,missing,missing,pork manure,missing,missing,missing,$/ton manure,Chinapork manure
3820,0.001,0.001,0.001,0.001,0.001,,,,-2.3727731202525675,0.00408837394672279,0.06969992668046254,0.03152173200194741,0.01785524619035095,SSP1,Lower CI,China,missing,missing,missing,missing,missing,missing,poultry manure,missing,missing,missing,$/ton manure,Chinapoultry manure
3820,0.001,0.001,0.001,0.001,0.001,,,,3.949270588235294,0.9661176470588235,0.6445294117647058,0.5451099999999999,0.5002635294117647,SSP1,Median,China,missing,missing,missing,missing,missing,missing,poultry manure,missing,missing,missing,$/ton manure,Chinapoultry manure
3820,0.001,0.001,0.001,0.001,0.001,,,,22.316278498403825,5.232732096641511,2.7592004014929117,2.3174495125800956,2.114930072695098,SSP1,Upper CI,China,missing,missing,missing,missing,missing,missing,poultry manure,missing,missing,missing,$/ton manure,Chinapoultry manure
4099,0.001,0.001,0.001,0.001,0.001,,,,1.9047649905329462,-0.4696200918505813,-0.20905654018847208,-0.23597776825480143,-0.22807858758682142,SSP1,Lower CI,Colombia,missing,missing,missing,missing,missing,missing,beef manure,missing,missing,missing,$/ton manure,Colombiabeef manure
4099,0.001,0.001,0.001,0.001,0.001,,,,3.3997588235294116,1.0885999999999998,0.6559764705882353,0.5491664705882353,0.5097999999999999,SSP1,Median,Colombia,missing,missing,missing,missing,missing,missing,beef manure,missing,missing,missing,$/ton manure,Colombiabeef manure
4099,0.001,0.001,0.001,0.001,0.001,,,,5.310745765769574,5.875957582046661,3.4963192398788743,3.1285410499885478,2.923605627834499,SSP1,Upper CI,Colombia,missing,missing,missing,missing,missing,missing,beef manure,missing,missing,missing,$/ton manure,Colombiabeef manure
4123,0.001,0.001,0.001,0.001,0.001,,,,19.10634960195513,10.935035206319771,6.008154008592228,4.374068350045801,3.8822134927337535,SSP1,Lower CI,Colombia,missing,missing,missing,missing,missing,missing,dairy manure,missing,missing,missing,$/ton manure,Colombiadairy manure
4123,0.001,0.001,0.001,0.001,0.001,,,,31.089647058823527,14.700294117647058,7.9714117647058815,5.8125,5.517123529411765,SSP1,Median,Colombia,missing,missing,missing,missing,missing,missing,dairy manure,missing,missing,missing,$/ton manure,Colombiadairy manure
4123,0.001,0.001,0.001,0.001,0.001,,,,39.81445375938941,26.851098127013554,17.39933329790932,15.46689449825141,14.687412513458195,SSP1,Upper CI,Colombia,missing,missing,missing,missing,missing,missing,dairy manure,missing,missing,missing,$/ton manure,Colombiadairy manure
4179,0.001,0.001,0.001,0.001,0.001,,,,56.84858532618335,45.450825904546676,39.3876901100521,36.878670220830315,35.78744793652101,SSP1,Lower CI,Colombia,missing,missing,missing,missing,missing,missing,goat manure,missing,missing,missing,$/ton manure,Colombiagoat manure
4179,0.001,0.001,0.001,0.001,0.001,,,,70.57058823529412,51.88641176470588,44.13864705882352,41.458764705882345,40.359705882352934,SSP1,Median,Colombia,missing,missing,missing,missing,missing,missing,goat manure,missing,missing,missing,$/ton manure,Colombiagoat manure
4179,0.001,0.001,0.001,0.001,0.001,,,,80.51739786709396,69.61461723270824,56.93690431719248,54.0690325655474,52.66854587152853,SSP1,Upper CI,Colombia,missing,missing,missing,missing,missing,missing,goat manure,missing,missing,missing,$/ton manure,Colombiagoat manure
4206,0.001,0.001,0.001,0.001,0.001,,,,28.159465849512856,18.782849844496347,13.39241296073367,11.172789503199681,10.209426402061348,SSP1,Lower CI,Colombia,missing,missing,missing,missing,missing,missing,pork manure,missing,missing,missing,$/ton manure,Colombiapork manure
4206,0.001,0.001,0.001,0.001,0.001,,,,41.41364705882353,23.505705882352938,16.116470588235295,13.614764705882353,12.59070588235294,SSP1,Median,Colombia,missing,missing,missing,missing,missing,missing,pork manure,missing,missing,missing,$/ton manure,Colombiapork manure
4206,0.001,0.001,0.001,0.001,0.001,,,,50.91288709166362,36.959599567268356,26.052131930907194,23.434747958100616,22.15935564128231,SSP1,Upper CI,Colombia,missing,missing,missing,missing,missing,missing,pork manure,missing,missing,missing,$/ton manure,Colombiapork manure
4207,0.001,0.001,0.001,0.001,0.001,,,,1.844475242026145,-0.4660163065666132,-0.2067186971207815,-0.22906523429963466,-0.21992426296926681,SSP1,Lower CI,Colombia,missing,missing,missing,missing,missing,missing,poultry manure,missing,missing,missing,$/ton manure,Colombiapoultry manure
4207,0.001,0.001,0.001,0.001,0.001,,,,3.213811764705882,1.015576470588235,0.6095647058823529,0.5102529411764706,0.47398529411764706,SSP1,Median,Colombia,missing,missing,missing,missing,missing,missing,poultry manure,missing,missing,missing,$/ton manure,Colombiapoultry manure
4207,0.001,0.001,0.001,0.001,0.001,,,,4.845854337805787,5.588276071272496,3.2980234525387377,2.945026528417282,2.7499894765915576,SSP1,Upper CI,Colombia,missing,missing,missing,missing,missing,missing,poultry manure,missing,missing,missing,$/ton manure,Colombiapoultry manure
4463,0.001,0.001,0.001,0.001,0.001,,,,0.9317500664839855,0.737945469803905,0.5057475761410499,0.2896741998464005,0.2441825928609589,SSP1,Lower CI,EU-12,missing,missing,missing,missing,missing,missing,beef manure,missing,missing,missing,$/ton manure,EU-12beef manure
4463,0.001,0.001,0.001,0.001,0.001,,,,11.886529411764705,3.0374117647058823,2.09005294117647,1.8537117647058823,1.7686882352941176,SSP1,Median,EU-12,missing,missing,missing,missing,missing,missing,beef manure,missing,missing,missing,$/ton manure,EU-12beef manure
4463,0.001,0.001,0.001,0.001,0.001,,,,49.062660017549625,15.139247471372567,8.762225736552448,8.016730506035952,7.661589048005915,SSP1,Upper CI,EU-12,missing,missing,missing,missing,missing,missing,beef manure,missing,missing,missing,$/ton manure,EU-12beef manure
4487,0.001,0.001,0.001,0.001,0.001,,,,15.403169255171115,10.638217226750005,5.888384596737364,4.622483927653197,4.193255130027699,SSP1,Lower CI,EU-12,missing,missing,missing,missing,missing,missing,dairy manure,missing,missing,missing,$/ton manure,EU-12dairy manure
4487,0.001,0.001,0.001,0.001,0.001,,,,30.673529411764708,13.494588235294115,8.013823529411765,6.351588235294118,5.799641176470588,SSP1,Median,EU-12,missing,missing,missing,missing,missing,missing,dairy manure,missing,missing,missing,$/ton manure,EU-12dairy manure
4487,0.001,0.001,0.001,0.001,0.001,,,,65.10728620701374,30.151492577171556,19.217829025553655,17.399503069250827,16.652992547990877,SSP1,Upper CI,EU-12,missing,missing,missing,missing,missing,missing,dairy manure,missing,missing,missing,$/ton manure,EU-12dairy manure
4544,0.001,0.001,0.001,0.001,0.001,,,,28.49528527349008,22.822064409703103,17.518062470362374,15.666996876672819,14.935984325339788,SSP1,Lower CI,EU-12,missing,missing,missing,missing,missing,missing,goat manure,missing,missing,missing,$/ton manure,EU-12goat manure
4544,0.001,0.001,0.001,0.001,0.001,,,,46.545235294117646,27.307705882352938,20.862235294117646,18.830882352941178,17.944882352941175,SSP1,Median,EU-12,missing,missing,missing,missing,missing,missing,goat manure,missing,missing,missing,$/ton manure,EU-12goat manure
4544,0.001,0.001,0.001,0.001,0.001,,,,85.59106766768637,46.204232845198845,33.4319319568822,31.0252860954634,29.88191598425773,SSP1,Upper CI,EU-12,missing,missing,missing,missing,missing,missing,goat manure,missing,missing,missing,$/ton manure,EU-12goat manure
4571,0.001,0.001,0.001,0.001,0.001,,,,11.88963108757299,6.116144288746016,3.02375994922454,2.4109665245282947,2.2119342598749707,SSP1,Lower CI,EU-12,missing,missing,missing,missing,missing,missing,pork manure,missing,missing,missing,$/ton manure,EU-12pork manure
4571,0.001,0.001,0.001,0.001,0.001,,,,26.872588235294113,8.572235294117647,4.860082352941176,4.348376470588235,4.134188235294118,SSP1,Median,EU-12,missing,missing,missing,missing,missing,missing,pork manure,missing,missing,missing,$/ton manure,EU-12pork manure
4571,0.001,0.001,0.001,0.001,0.001,,,,64.47224622335136,25.052673750469673,15.12246475665781,13.850413908908234,13.25188245839128,SSP1,Upper CI,EU-12,missing,missing,missing,missing,missing,missing,pork manure,missing,missing,missing,$/ton manure,EU-12pork manure
4572,0.001,0.001,0.001,0.001,0.001,,,,-4.502082189050935,-0.12389337822863933,-0.23670701678659212,-0.3128862144897422,-0.30808933275011974,SSP1,Lower CI,EU-12,missing,missing,missing,missing,missing,missing,poultry manure,missing,missing,missing,$/ton manure,EU-12poultry manure
4572,0.001,0.001,0.001,0.001,0.001,,,,4.882070588235293,1.6308235294117646,1.0726823529411764,0.9329999999999999,0.8795117647058823,SSP1,Median,EU-12,missing,missing,missing,missing,missing,missing,poultry manure,missing,missing,missing,$/ton manure,EU-12poultry manure
4572,0.001,0.001,0.001,0.001,0.001,,,,40.245577987370254,10.840489299797266,5.6752652830404635,5.221148010155376,4.953413109839903,SSP1,Upper CI,EU-12,missing,missing,missing,missing,missing,missing,poultry manure,missing,missing,missing,$/ton manure,EU-12poultry manure
4856,0.001,0.001,0.001,0.001,0.001,,,,0.023080170052439897,-0.6589724872166354,-0.4964248851378006,-0.555054669072117,-0.5653064468736946,SSP1,Lower CI,EU-15,missing,missing,missing,missing,missing,missing,beef manure,missing,missing,missing,$/ton manure,EU-15beef manure
4856,0.001,0.001,0.001,0.001,0.001,,,,4.053676470588235,1.490911764705882,1.0640529411764705,0.9335176470588235,0.8587235294117647,SSP1,Median,EU-15,missing,missing,missing,missing,missing,missing,beef manure,missing,missing,missing,$/ton manure,EU-15beef manure
4856,0.001,0.001,0.001,0.001,0.001,,,,14.736408905577813,8.768821349961735,6.0421990027848596,5.63130364740029,5.3238711527560465,SSP1,Upper CI,EU-15,missing,missing,missing,missing,missing,missing,beef manure,missing,missing,missing,$/ton manure,EU-15beef manure
4880,0.001,0.001,0.001,0.001,0.001,,,,12.067651467095295,4.219878269293581,2.468944314483995,1.9432144400257716,1.672065410686331,SSP1,Lower CI,EU-15,missing,missing,missing,missing,missing,missing,dairy manure,missing,missing,missing,$/ton manure,EU-15dairy manure
4880,0.001,0.001,0.001,0.001,0.001,,,,21.499470588235294,6.751058823529412,4.784758823529412,4.312923529411764,4.021941176470588,SSP1,Median,EU-15,missing,missing,missing,missing,missing,missing,dairy manure,missing,missing,missing,$/ton manure,EU-15dairy manure
4880,0.001,0.001,0.001,0.001,0.001,,,,35.28800063374504,21.11000094639269,14.662153766011365,13.63940593149126,12.979193350923577,SSP1,Upper CI,EU-15,missing,missing,missing,missing,missing,missing,dairy manure,missing,missing,missing,$/ton manure,EU-15dairy manure
4936,0.001,0.001,0.001,0.001,0.001,,,,17.036566247029306,9.50581501834206,5.032023747363894,3.7699829904621938,3.1863117255100724,SSP1,Lower CI,EU-15,missing,missing,missing,missing,missing,missing,goat manure,missing,missing,missing,$/ton manure,EU-15goat manure
4936,0.001,0.001,0.001,0.001,0.001,,,,29.430529411764706,12.266176470588233,7.3402352941176465,5.723929411764706,5.3499647058823525,SSP1,Median,EU-15,missing,missing,missing,missing,missing,missing,goat manure,missing,missing,missing,$/ton manure,EU-15goat manure
4936,0.001,0.001,0.001,0.001,0.001,,,,45.5338119042312,28.132137922834403,18.917778110221242,17.05453094142635,15.914063692446582,SSP1,Upper CI,EU-15,missing,missing,missing,missing,missing,missing,goat manure,missing,missing,missing,$/ton manure,EU-15goat manure
4963,0.001,0.001,0.001,0.001,0.001,,,,7.858882098634735,1.5839234845072765,1.0346100545446921,0.7231918362131253,0.5526739584016989,SSP1,Lower CI,EU-15,missing,missing,missing,missing,missing,missing,pork manure,missing,missing,missing,$/ton manure,EU-15pork manure
4963,0.001,0.001,0.001,0.001,0.001,,,,15.891764705882352,4.222617647058824,3.2372411764705884,2.872341176470588,2.6525705882352937,SSP1,Median,EU-15,missing,missing,missing,missing,missing,missing,pork manure,missing,missing,missing,$/ton manure,EU-15pork manure
4963,0.001,0.001,0.001,0.001,0.001,,,,30.452264119852657,16.519691966473115,11.53064307239029,10.700635036851889,10.123213162341333,SSP1,Upper CI,EU-15,missing,missing,missing,missing,missing,missing,pork manure,missing,missing,missing,$/ton manure,EU-15pork manure
4964,0.001,0.001,0.001,0.001,0.001,,,,-0.02954279367852397,-0.6440944592807512,-0.4804484333598298,-0.5411457936665549,-0.5529398141442758,SSP1,Lower CI,EU-15,missing,missing,missing,missing,missing,missing,poultry manure,missing,missing,missing,$/ton manure,EU-15poultry manure
4964,0.001,0.001,0.001,0.001,0.001,,,,3.975076470588235,1.4765058823529411,1.0630058823529414,0.9265352941176469,0.8458647058823529,SSP1,Median,EU-15,missing,missing,missing,missing,missing,missing,poultry manure,missing,missing,missing,$/ton manure,EU-15poultry manure
4964,0.001,0.001,0.001,0.001,0.001,,,,14.560263802081884,8.679648733790554,6.001097721285526,5.570604245678938,5.2430268110483,SSP1,Upper CI,EU-15,missing,missing,missing,missing,missing,missing,poultry manure,missing,missing,missing,$/ton manure,EU-15poultry manure
5263,0.001,0.001,0.001,0.001,0.001,,,,16.341033995032575,2.3304521308338675,1.7735815922870017,1.4793022650522207,1.3939055906619524,SSP1,Lower CI,Europe_Eastern,missing,missing,missing,missing,missing,missing,beef manure,missing,missing,missing,$/ton manure,Europe_Easternbeef manure
5263,0.001,0.001,0.001,0.001,0.001,,,,34.85641176470588,4.8415,3.386005882352941,3.0029176470588235,2.856405882352941,SSP1,Median,Europe_Eastern,missing,missing,missing,missing,missing,missing,beef manure,missing,missing,missing,$/ton manure,Europe_Easternbeef manure
5263,0.001,0.001,0.001,0.001,0.001,,,,70.52773575286658,21.697633359362207,12.361173144555103,10.814772967145919,10.227667350514515,SSP1,Upper CI,Europe_Eastern,missing,missing,missing,missing,missing,missing,beef manure,missing,missing,missing,$/ton manure,Europe_Easternbeef manure
5287,0.001,0.001,0.001,0.001,0.001,,,,31.18799281281657,18.310255422620862,13.661338596036765,12.053429236762643,11.463453367148137,SSP1,Lower CI,Europe_Eastern,missing,missing,missing,missing,missing,missing,dairy manure,missing,missing,missing,$/ton manure,Europe_Easterndairy manure
5287,0.001,0.001,0.001,0.001,0.001,,,,52.647529411764694,21.892823529411764,16.32364705882353,14.480176470588232,13.787294117647058,SSP1,Median,Europe_Eastern,missing,missing,missing,missing,missing,missing,dairy manure,missing,missing,missing,$/ton manure,Europe_Easterndairy manure
5287,0.001,0.001,0.001,0.001,0.001,,,,86.61898197709937,40.79181987149678,27.97071898910255,25.418058688933943,24.402021555452475,SSP1,Upper CI,Europe_Eastern,missing,missing,missing,missing,missing,missing,dairy manure,missing,missing,missing,$/ton manure,Europe_Easterndairy manure
5344,0.001,0.001,0.001,0.001,0.001,,,,65.65367563101876,49.90747593840405,43.87770145259314,41.807127318451045,40.97481698653246,SSP1,Lower CI,Europe_Eastern,missing,missing,missing,missing,missing,missing,goat manure,missing,missing,missing,$/ton manure,Europe_Easterngoat manure
5344,0.001,0.001,0.001,0.001,0.001,,,,89.92882352941176,55.30982352941176,48.5270588235294,46.344647058823526,45.45470588235294,SSP1,Median,Europe_Eastern,missing,missing,missing,missing,missing,missing,goat manure,missing,missing,missing,$/ton manure,Europe_Easterngoat manure
5344,0.001,0.001,0.001,0.001,0.001,,,,128.33029075553586,79.21336327728224,63.690310931307764,60.70001200043438,59.43128208467495,SSP1,Upper CI,Europe_Eastern,missing,missing,missing,missing,missing,missing,goat manure,missing,missing,missing,$/ton manure,Europe_Easterngoat manure
5371,0.001,0.001,0.001,0.001,0.001,,,,36.12355161173784,22.03580981944775,16.897265720817355,15.11309154899011,14.43819137425613,SSP1,Lower CI,Europe_Eastern,missing,missing,missing,missing,missing,missing,pork manure,missing,missing,missing,$/ton manure,Europe_Easternpork manure
5371,0.001,0.001,0.001,0.001,0.001,,,,59.44705882352941,26.231117647058824,19.73370588235294,17.68241176470588,16.89305882352941,SSP1,Median,Europe_Eastern,missing,missing,missing,missing,missing,missing,pork manure,missing,missing,missing,$/ton manure,Europe_Easternpork manure
5371,0.001,0.001,0.001,0.001,0.001,,,,96.43937275801005,46.11271488643462,32.07378691076159,29.227570989709566,28.079503362585974,SSP1,Upper CI,Europe_Eastern,missing,missing,missing,missing,missing,missing,pork manure,missing,missing,missing,$/ton manure,Europe_Easternpork manure
5372,0.001,0.001,0.001,0.001,0.001,,,,10.367023433666184,0.46309176332846214,0.670060791288229,0.5795269655910222,0.547772357834603,SSP1,Lower CI,Europe_Eastern,missing,missing,missing,missing,missing,missing,poultry manure,missing,missing,missing,$/ton manure,Europe_Easternpoultry manure
5372,0.001,0.001,0.001,0.001,0.001,,,,26.313588235294116,2.9083176470588232,1.9417529411764707,1.6989588235294117,1.6139941176470587,SSP1,Median,Europe_Eastern,missing,missing,missing,missing,missing,missing,poultry manure,missing,missing,missing,$/ton manure,Europe_Easternpoultry manure
5372,0.001,0.001,0.001,0.001,0.001,,,,61.659230347846425,16.85707866804409,8.861458217999695,7.547150743387306,7.052394143713384,SSP1,Upper CI,Europe_Eastern,missing,missing,missing,missing,missing,missing,poultry manure,missing,missing,missing,$/ton manure,Europe_Easternpoultry manure
5612,0.001,0.001,0.001,0.001,0.001,,,,3.792802635919397,0.8715275532279119,0.4988152768099874,0.21196941619673249,0.11216864161640094,SSP1,Lower CI,Europe_Non_EU,missing,missing,missing,missing,missing,missing,beef manure,missing,missing,missing,$/ton manure,Europe_Non_EUbeef manure
5612,0.001,0.001,0.001,0.001,0.001,,,,13.43564705882353,3.0176470588235293,2.0144705882352936,1.7367235294117647,1.6129529411764703,SSP1,Median,Europe_Non_EU,missing,missing,missing,missing,missing,missing,beef manure,missing,missing,missing,$/ton manure,Europe_Non_EUbeef manure
5612,0.001,0.001,0.001,0.001,0.001,,,,39.88575198592933,13.15572789775248,8.020100388824687,7.140796156558684,6.722142875411462,SSP1,Upper CI,Europe_Non_EU,missing,missing,missing,missing,missing,missing,beef manure,missing,missing,missing,$/ton manure,Europe_Non_EUbeef manure
5636,0.001,0.001,0.001,0.001,0.001,,,,21.702048725445252,14.611734250013386,9.58286813659243,7.554623473283888,6.613228955841283,SSP1,Lower CI,Europe_Non_EU,missing,missing,missing,missing,missing,missing,dairy manure,missing,missing,missing,$/ton manure,Europe_Non_EUdairy manure
5636,0.001,0.001,0.001,0.001,0.001,,,,36.17682352941176,18.232529411764705,12.161588235294117,10.03535294117647,8.974647058823528,SSP1,Median,Europe_Non_EU,missing,missing,missing,missing,missing,missing,dairy manure,missing,missing,missing,$/ton manure,Europe_Non_EUdairy manure
5636,0.001,0.001,0.001,0.001,0.001,,,,61.56635463589927,33.074795946065045,22.658227838639768,20.15723411185543,18.90843420205345,SSP1,Upper CI,Europe_Non_EU,missing,missing,missing,missing,missing,missing,dairy manure,missing,missing,missing,$/ton manure,Europe_Non_EUdairy manure
5693,0.001,0.001,0.001,0.001,0.001,,,,17.47325733659701,9.68424153687985,4.49914437554633,3.325496356144905,3.002853052071364,SSP1,Lower CI,Europe_Non_EU,missing,missing,missing,missing,missing,missing,goat manure,missing,missing,missing,$/ton manure,Europe_Non_EUgoat manure
5693,0.001,0.001,0.001,0.001,0.001,,,,32.8485294117647,12.70205882352941,5.8100058823529395,5.139935294117647,4.835270588235294,SSP1,Median,Europe_Non_EU,missing,missing,missing,missing,missing,missing,goat manure,missing,missing,missing,$/ton manure,Europe_Non_EUgoat manure
5693,0.001,0.001,0.001,0.001,0.001,,,,61.30191073062988,27.170869051355442,16.69078441702333,14.844817389985126,14.112852025328019,SSP1,Upper CI,Europe_Non_EU,missing,missing,missing,missing,missing,missing,goat manure,missing,missing,missing,$/ton manure,Europe_Non_EUgoat manure
5720,0.001,0.001,0.001,0.001,0.001,,,,43.95659610502206,35.20752509738567,29.502379495032663,27.211125255162827,26.247192730241984,SSP1,Lower CI,Europe_Non_EU,missing,missing,missing,missing,missing,missing,pork manure,missing,missing,missing,$/ton manure,Europe_Non_EUpork manure
5720,0.001,0.001,0.001,0.001,0.001,,,,59.77117647058822,40.656705882352945,34.267999999999994,31.752235294117643,30.750176470588237,SSP1,Median,Europe_Non_EU,missing,missing,missing,missing,missing,missing,pork manure,missing,missing,missing,$/ton manure,Europe_Non_EUpork manure
5720,0.001,0.001,0.001,0.001,0.001,,,,87.27585767649053,58.62153372614371,46.667589545215,43.97569827424893,42.74893730071776,SSP1,Upper CI,Europe_Non_EU,missing,missing,missing,missing,missing,missing,pork manure,missing,missing,missing,$/ton manure,Europe_Non_EUpork manure
5721,0.001,0.001,0.001,0.001,0.001,,,,1.3463105134352418,0.5327914974769161,0.23417773205306025,-0.007672916429401155,-0.054608797165555334,SSP1,Lower CI,Europe_Non_EU,missing,missing,missing,missing,missing,missing,poultry manure,missing,missing,missing,$/ton manure,Europe_Non_EUpoultry manure
5721,0.001,0.001,0.001,0.001,0.001,,,,10.318588235294117,2.4923941176470583,1.6391411764705879,1.4065705882352941,1.300470588235294,SSP1,Median,Europe_Non_EU,missing,missing,missing,missing,missing,missing,poultry manure,missing,missing,missing,$/ton manure,Europe_Non_EUpoultry manure
5721,0.001,0.001,0.001,0.001,0.001,,,,36.808193688245424,11.662032502523083,6.938729636367992,6.174007467512992,5.840828673326547,SSP1,Upper CI,Europe_Non_EU,missing,missing,missing,missing,missing,missing,poultry manure,missing,missing,missing,$/ton manure,Europe_Non_EUpoultry manure
5964,0.001,0.001,0.001,0.001,0.001,,,,0.8357627409630717,-0.8847330137734533,-0.5634304054309287,-0.5704702758689477,-0.5700593521866713,SSP1,Lower CI,European Free Trade Association,missing,missing,missing,missing,missing,missing,beef manure,missing,missing,missing,$/ton manure,European Free Trade Associationbeef manure
5964,0.001,0.001,0.001,0.001,0.001,,,,3.1903352941176473,1.0291647058823528,0.7118117647058823,0.6056058823529411,0.5537905882352941,SSP1,Median,European Free Trade Association,missing,missing,missing,missing,missing,missing,beef manure,missing,missing,missing,$/ton manure,European Free Trade Associationbeef manure
5964,0.001,0.001,0.001,0.001,0.001,,,,8.182161460717602,7.03117473926365,4.68545630016777,4.228580833144489,3.9811377237036982,SSP1,Upper CI,European Free Trade Association,missing,missing,missing,missing,missing,missing,beef manure,missing,missing,missing,$/ton manure,European Free Trade Associationbeef manure
5988,0.001,0.001,0.001,0.001,0.001,,,,7.316394800155344,0.7390159426964464,0.5099718048724613,0.20776831183700661,0.04068835772134349,SSP1,Lower CI,European Free Trade Association,missing,missing,missing,missing,missing,missing,dairy manure,missing,missing,missing,$/ton manure,European Free Trade Associationdairy manure
5988,0.001,0.001,0.001,0.001,0.001,,,,13.56770588235294,3.601082352941176,2.629711764705882,2.2843411764705883,2.112335294117647,SSP1,Median,European Free Trade Association,missing,missing,missing,missing,missing,missing,dairy manure,missing,missing,missing,$/ton manure,European Free Trade Associationdairy manure
5988,0.001,0.001,0.001,0.001,0.001,,,,23.62860015782785,14.421936292597668,9.943554758595031,9.055403019432344,8.57714650295977,SSP1,Upper CI,European Free Trade Association,missing,missing,missing,missing,missing,missing,dairy manure,missing,missing,missing,$/ton manure,European Free Trade Associationdairy manure
6044,0.001,0.001,0.001,0.001,0.001,,,,10.819149471219154,1.8200514848898024,1.224104355249704,0.8734553489556038,0.6799342301695566,SSP1,Lower CI,European Free Trade Association,missing,missing,missing,missing,missing,missing,goat manure,missing,missing,missing,$/ton manure,European Free Trade Associationgoat manure
6044,0.001,0.001,0.001,0.001,0.001,,,,19.292529411764704,4.619129411764705,3.417276470588235,3.003276470588235,2.792311764705882,SSP1,Median,European Free Trade Association,missing,missing,missing,missing,missing,missing,goat manure,missing,missing,missing,$/ton manure,European Free Trade Associationgoat manure
6044,0.001,0.001,0.001,0.001,0.001,,,,31.056753049789243,17.037131417070984,11.660492486855558,10.633219202127986,10.08212731781806,SSP1,Upper CI,European Free Trade Association,missing,missing,missing,missing,missing,missing,goat manure,missing,missing,missing,$/ton manure,European Free Trade Associationgoat manure
6071,0.001,0.001,0.001,0.001,0.001,,,,9.991561921925655,1.495423526400331,1.00469620484363,0.6523058529159353,0.4568943627803099,SSP1,Lower CI,European Free Trade Association,missing,missing,missing,missing,missing,missing,pork manure,missing,missing,missing,$/ton manure,European Free Trade Associationpork manure
6071,0.001,0.001,0.001,0.001,0.001,,,,17.893470588235292,4.320976470588235,3.1925411764705878,2.7712058823529406,2.5585235294117643,SSP1,Median,European Free Trade Association,missing,missing,missing,missing,missing,missing,pork manure,missing,missing,missing,$/ton manure,European Free Trade Associationpork manure
6071,0.001,0.001,0.001,0.001,0.001,,,,29.105651523452497,16.326928865756532,11.161865095465966,10.129743930365798,9.570280869417832,SSP1,Upper CI,European Free Trade Association,missing,missing,missing,missing,missing,missing,pork manure,missing,missing,missing,$/ton manure,European Free Trade Associationpork manure
6072,0.001,0.001,0.001,0.001,0.001,,,,1.1960637648399022,-0.7632047908327584,-0.4814614335210283,-0.525333123263346,-0.5437104976987195,SSP1,Lower CI,European Free Trade Association,missing,missing,missing,missing,missing,missing,poultry manure,missing,missing,missing,$/ton manure,European Free Trade Associationpoultry manure
6072,0.001,0.001,0.001,0.001,0.001,,,,4.308735294117646,1.4452411764705881,1.004964705882353,0.8568235294117647,0.7824235294117647,SSP1,Median,European Free Trade Association,missing,missing,missing,missing,missing,missing,poultry manure,missing,missing,missing,$/ton manure,European Free Trade Associationpoultry manure
6072,0.001,0.001,0.001,0.001,0.001,,,,11.8856118654122,8.428657182989621,5.690560628567467,5.155388231622479,4.862844863023796,SSP1,Upper CI,European Free Trade Association,missing,missing,missing,missing,missing,missing,poultry manure,missing,missing,missing,$/ton manure,European Free Trade Associationpoultry manure
6383,0.001,0.001,0.001,0.001,0.001,,,,65.4069025984792,41.253236423955784,28.9717630996535,25.50888418793985,24.40182305280313,SSP1,Lower CI,India,missing,missing,missing,missing,missing,missing,beef manure,missing,missing,missing,$/ton manure,Indiabeef manure
6383,0.001,0.001,0.001,0.001,0.001,,,,101.44235294117645,48.76282352941177,32.92017647058824,28.883235294117647,27.713,SSP1,Median,India,missing,missing,missing,missing,missing,missing,beef manure,missing,missing,missing,$/ton manure,Indiabeef manure
6383,0.001,0.001,0.001,0.001,0.001,,,,132.8429125275712,68.93585612506381,47.54563504276135,43.09752819596108,41.55631564688726,SSP1,Upper CI,India,missing,missing,missing,missing,missing,missing,beef manure,missing,missing,missing,$/ton manure,Indiabeef manure
6407,0.001,0.001,0.001,0.001,0.001,,,,62.98684635567012,40.687402745906034,29.633598549492454,26.847439905462487,26.422544421843945,SSP1,Lower CI,India,missing,missing,missing,missing,missing,missing,dairy manure,missing,missing,missing,$/ton manure,Indiadairy manure
6407,0.001,0.001,0.001,0.001,0.001,,,,96.3435294117647,47.835941176470584,33.41470588235293,30.241470588235295,29.803941176470584,SSP1,Median,India,missing,missing,missing,missing,missing,missing,dairy manure,missing,missing,missing,$/ton manure,Indiadairy manure
6407,0.001,0.001,0.001,0.001,0.001,,,,125.35977549306938,67.20129294036849,47.58812157434654,43.96456504809789,43.22374783821797,SSP1,Upper CI,India,missing,missing,missing,missing,missing,missing,dairy manure,missing,missing,missing,$/ton manure,Indiadairy manure
6463,0.001,0.001,0.001,0.001,0.001,,,,79.0874257891391,54.01512745309561,41.086014499922506,37.975437400849984,37.67143996982241,SSP1,Lower CI,India,missing,missing,missing,missing,missing,missing,goat manure,missing,missing,missing,$/ton manure,Indiagoat manure
6463,0.001,0.001,0.001,0.001,0.001,,,,116.81294117647057,61.98882352941176,45.89976470588235,42.339176470588235,42.01876470588235,SSP1,Median,India,missing,missing,missing,missing,missing,missing,goat manure,missing,missing,missing,$/ton manure,Indiagoat manure
6463,0.001,0.001,0.001,0.001,0.001,,,,149.62995236212137,83.88575097827693,61.74617745054187,57.77943566416549,57.1276002778556,SSP1,Upper CI,India,missing,missing,missing,missing,missing,missing,goat manure,missing,missing,missing,$/ton manure,Indiagoat manure
6490,0.001,0.001,0.001,0.001,0.001,,,,116.93373745091097,93.73219553576014,80.45649968926553,77.43299413059555,77.12449023925043,SSP1,Lower CI,India,missing,missing,missing,missing,missing,missing,pork manure,missing,missing,missing,$/ton manure,Indiapork manure
6490,0.001,0.001,0.001,0.001,0.001,,,,153.25294117647056,100.62529411764706,85.27470588235293,82.65588235294116,82.01470588235293,SSP1,Median,India,missing,missing,missing,missing,missing,missing,pork manure,missing,missing,missing,$/ton manure,Indiapork manure
6490,0.001,0.001,0.001,0.001,0.001,,,,184.8190356583327,127.08297309169085,104.27284396398524,100.48685107064284,99.86975743876812,SSP1,Upper CI,India,missing,missing,missing,missing,missing,missing,pork manure,missing,missing,missing,$/ton manure,Indiapork manure
6491,0.001,0.001,0.001,0.001,0.001,,,,54.90890606779665,31.59836510566505,19.63264513962219,16.7120397056009,16.356619070633272,SSP1,Lower CI,India,missing,missing,missing,missing,missing,missing,poultry manure,missing,missing,missing,$/ton manure,Indiapoultry manure
6491,0.001,0.001,0.001,0.001,0.001,,,,91.1364705882353,38.43988235294117,22.946176470588235,19.48805882352941,19.122882352941176,SSP1,Median,India,missing,missing,missing,missing,missing,missing,poultry manure,missing,missing,missing,$/ton manure,Indiapoultry manure
6491,0.001,0.001,0.001,0.001,0.001,,,,122.64934603304367,57.44952901198201,37.16179634644591,33.48414605291302,32.82761622348437,SSP1,Upper CI,India,missing,missing,missing,missing,missing,missing,poultry manure,missing,missing,missing,$/ton manure,Indiapoultry manure
6754,0.001,0.001,0.001,0.001,0.001,,,,21.438122092113453,6.561079701554554,3.658430881824076,3.43558134880535,3.265722835651091,SSP1,Lower CI,Indonesia,missing,missing,missing,missing,missing,missing,beef manure,missing,missing,missing,$/ton manure,Indonesiabeef manure
6754,0.001,0.001,0.001,0.001,0.001,,,,39.16294117647059,10.335117647058823,5.253358823529411,4.867517647058823,4.753688235294117,SSP1,Median,Indonesia,missing,missing,missing,missing,missing,missing,beef manure,missing,missing,missing,$/ton manure,Indonesiabeef manure
6754,0.001,0.001,0.001,0.001,0.001,,,,60.915076227214264,23.957519514131718,15.228676734274993,14.349554564507343,13.913289548249836,SSP1,Upper CI,Indonesia,missing,missing,missing,missing,missing,missing,beef manure,missing,missing,missing,$/ton manure,Indonesiabeef manure
6777,0.001,0.001,0.001,0.001,0.001,,,,76.76645225824952,61.98318488913105,56.89669653647498,55.899919224374855,55.428694049497366,SSP1,Lower CI,Indonesia,missing,missing,missing,missing,missing,missing,dairy manure,missing,missing,missing,$/ton manure,Indonesiadairy manure
6777,0.001,0.001,0.001,0.001,0.001,,,,95.00764705882354,68.37470588235294,62.14235294117646,60.76411764705882,60.28176470588235,SSP1,Median,Indonesia,missing,missing,missing,missing,missing,missing,dairy manure,missing,missing,missing,$/ton manure,Indonesiadairy manure
6777,0.001,0.001,0.001,0.001,0.001,,,,115.70818639721263,89.22631315008462,77.31306816940734,75.8019445527149,75.06541121366051,SSP1,Upper CI,Indonesia,missing,missing,missing,missing,missing,missing,dairy manure,missing,missing,missing,$/ton manure,Indonesiadairy manure
6833,0.001,0.001,0.001,0.001,0.001,,,,53.89257009831891,38.58884188820183,33.08192577821505,32.01128274650428,31.70190955839763,SSP1,Lower CI,Indonesia,missing,missing,missing,missing,missing,missing,goat manure,missing,missing,missing,$/ton manure,Indonesiagoat manure
6833,0.001,0.001,0.001,0.001,0.001,,,,74.50823529411764,44.3950588235294,37.49088235294117,36.10935294117647,35.798941176470585,SSP1,Median,Indonesia,missing,missing,missing,missing,missing,missing,goat manure,missing,missing,missing,$/ton manure,Indonesiagoat manure
6833,0.001,0.001,0.001,0.001,0.001,,,,97.93148032184916,61.916711052974605,50.055213540670394,48.521528399006556,47.94371273262402,SSP1,Upper CI,Indonesia,missing,missing,missing,missing,missing,missing,goat manure,missing,missing,missing,$/ton manure,Indonesiagoat manure
6860,0.001,0.001,0.001,0.001,0.001,,,,69.54769702230804,54.56638898929361,49.04115509180215,48.04805976439208,47.671098854690406,SSP1,Lower CI,Indonesia,missing,missing,missing,missing,missing,missing,pork manure,missing,missing,missing,$/ton manure,Indonesiapork manure
6860,0.001,0.001,0.001,0.001,0.001,,,,89.43882352941176,60.46529411764705,53.77305882352941,52.396529411764696,52.01929411764706,SSP1,Median,Indonesia,missing,missing,missing,missing,missing,missing,pork manure,missing,missing,missing,$/ton manure,Indonesiapork manure
6860,0.001,0.001,0.001,0.001,0.001,,,,111.91739541466676,80.24692081462794,68.14029382460649,66.69659658235715,66.04504356017027,SSP1,Upper CI,Indonesia,missing,missing,missing,missing,missing,missing,pork manure,missing,missing,missing,$/ton manure,Indonesiapork manure
6861,0.001,0.001,0.001,0.001,0.001,,,,16.447117507118694,2.9863808454428815,1.931771357251968,1.7397504797158145,1.6691822258027456,SSP1,Lower CI,Indonesia,missing,missing,missing,missing,missing,missing,poultry manure,missing,missing,missing,$/ton manure,Indonesiapoultry manure
6861,0.001,0.001,0.001,0.001,0.001,,,,31.834294117647058,5.026964705882353,3.466864705882353,3.1983647058823523,3.1302882352941173,SSP1,Median,Indonesia,missing,missing,missing,missing,missing,missing,poultry manure,missing,missing,missing,$/ton manure,Indonesiapoultry manure
6861,0.001,0.001,0.001,0.001,0.001,,,,53.00870098027626,18.29040237024339,11.458918673707783,10.674127043503999,10.369072882556384,SSP1,Upper CI,Indonesia,missing,missing,missing,missing,missing,missing,poultry manure,missing,missing,missing,$/ton manure,Indonesiapoultry manure
7093,0.001,0.001,0.001,0.001,0.001,,,,6.566276468384748,1.0903723713268203,0.79556252386022,0.5649290080440634,0.49709360689376236,SSP1,Lower CI,Japan,missing,missing,missing,missing,missing,missing,beef manure,missing,missing,missing,$/ton manure,Japanbeef manure
7093,0.001,0.001,0.001,0.001,0.001,,,,15.087176470588236,2.8182823529411762,1.8240176470588234,1.555958823529412,1.458111764705882,SSP1,Median,Japan,missing,missing,missing,missing,missing,missing,beef manure,missing,missing,missing,$/ton manure,Japanbeef manure
7093,0.001,0.001,0.001,0.001,0.001,,,,23.840711766909365,10.200892962006515,6.053279333724918,5.137034892884729,4.879336052548961,SSP1,Upper CI,Japan,missing,missing,missing,missing,missing,missing,beef manure,missing,missing,missing,$/ton manure,Japanbeef manure
7117,0.001,0.001,0.001,0.001,0.001,,,,23.431981577623873,14.898804547611658,9.801624782370629,7.920545429806887,7.111186625459209,SSP1,Lower CI,Japan,missing,missing,missing,missing,missing,missing,dairy manure,missing,missing,missing,$/ton manure,Japandairy manure
7117,0.001,0.001,0.001,0.001,0.001,,,,38.3594705882353,17.69994117647059,11.731764705882352,9.603117647058824,8.761999999999999,SSP1,Median,Japan,missing,missing,missing,missing,missing,missing,dairy manure,missing,missing,missing,$/ton manure,Japandairy manure
7117,0.001,0.001,0.001,0.001,0.001,,,,48.72383354842654,29.769206432780496,20.39959317428572,18.024628564001166,17.093654241413855,SSP1,Upper CI,Japan,missing,missing,missing,missing,missing,missing,dairy manure,missing,missing,missing,$/ton manure,Japandairy manure
7173,0.001,0.001,0.001,0.001,0.001,,,,102.70055799129673,89.54504122102311,83.17880061390726,81.08030001792109,80.4335020358967,SSP1,Lower CI,Japan,missing,missing,missing,missing,missing,missing,goat manure,missing,missing,missing,$/ton manure,Japangoat manure
7173,0.001,0.001,0.001,0.001,0.001,,,,119.61176470588235,96.14470588235294,89.03117647058824,86.63882352941175,85.98647058823529,SSP1,Median,Japan,missing,missing,missing,missing,missing,missing,goat manure,missing,missing,missing,$/ton manure,Japangoat manure
7173,0.001,0.001,0.001,0.001,0.001,,,,132.00885377340913,120.08680191623178,105.77661734274908,102.91932846505101,102.11312335110021,SSP1,Upper CI,Japan,missing,missing,missing,missing,missing,missing,goat manure,missing,missing,missing,$/ton manure,Japangoat manure
7200,0.001,0.001,0.001,0.001,0.001,,,,17.842119418041637,7.79761525128322,3.9636048421916943,3.188662952673364,2.9510687693509956,SSP1,Lower CI,Japan,missing,missing,missing,missing,missing,missing,pork manure,missing,missing,missing,$/ton manure,Japanpork manure
7200,0.001,0.001,0.001,0.001,0.001,,,,32.34541176470588,9.896235294117647,5.172917647058823,4.5703235294117635,4.363452941176471,SSP1,Median,Japan,missing,missing,missing,missing,missing,missing,pork manure,missing,missing,missing,$/ton manure,Japanpork manure
7200,0.001,0.001,0.001,0.001,0.001,,,,42.783825119773496,21.63991102322659,13.457386489077654,11.84518565413778,11.34501494581928,SSP1,Upper CI,Japan,missing,missing,missing,missing,missing,missing,pork manure,missing,missing,missing,$/ton manure,Japanpork manure
7201,0.001,0.001,0.001,0.001,0.001,,,,0.9212741620021436,-0.13907496696270827,-0.00817913825116623,-0.018697177872617265,-0.02428256283382013,SSP1,Lower CI,Japan,missing,missing,missing,missing,missing,missing,poultry manure,missing,missing,missing,$/ton manure,Japanpoultry manure
7201,0.001,0.001,0.001,0.001,0.001,,,,3.092005882352941,0.7218941176470587,0.44650588235294114,0.37874058823529405,0.3547488235294117,SSP1,Median,Japan,missing,missing,missing,missing,missing,missing,poultry manure,missing,missing,missing,$/ton manure,Japanpoultry manure
7201,0.001,0.001,0.001,0.001,0.001,,,,6.482976762367603,3.742321555198002,2.091429949396677,1.7907485586775709,1.685648760976235,SSP1,Upper CI,Japan,missing,missing,missing,missing,missing,missing,poultry manure,missing,missing,missing,$/ton manure,Japanpoultry manure
7471,0.001,0.001,0.001,0.001,0.001,,,,1.0564159109343119,-0.8202587829092436,-0.4648670334452478,-0.4506876455991644,-0.43432806394188495,SSP1,Lower CI,Mexico,missing,missing,missing,missing,missing,missing,beef manure,missing,missing,missing,$/ton manure,Mexicobeef manure
7471,0.001,0.001,0.001,0.001,0.001,,,,1.9398999999999997,0.547995294117647,0.364575294117647,0.32567235294117647,0.3094576470588235,SSP1,Median,Mexico,missing,missing,missing,missing,missing,missing,beef manure,missing,missing,missing,$/ton manure,Mexicobeef manure
7471,0.001,0.001,0.001,0.001,0.001,,,,3.151796862174932,4.767239998595517,2.9771941541882816,2.748319150243127,2.6229877605363123,SSP1,Upper CI,Mexico,missing,missing,missing,missing,missing,missing,beef manure,missing,missing,missing,$/ton manure,Mexicobeef manure
7495,0.001,0.001,0.001,0.001,0.001,,,,14.790502110806043,4.285736957973185,2.6262871307653803,2.1952204056109874,2.0560919138172737,SSP1,Lower CI,Mexico,missing,missing,missing,missing,missing,missing,dairy manure,missing,missing,missing,$/ton manure,Mexicodairy manure
7495,0.001,0.001,0.001,0.001,0.001,,,,24.62976470588235,7.470647058823529,4.7848058823529405,4.404929411764706,4.254729411764706,SSP1,Median,Mexico,missing,missing,missing,missing,missing,missing,dairy manure,missing,missing,missing,$/ton manure,Mexicodairy manure
7495,0.001,0.001,0.001,0.001,0.001,,,,32.934435704319995,21.041097551830738,14.29065875158756,13.436072969002016,13.068012792065076,SSP1,Upper CI,Mexico,missing,missing,missing,missing,missing,missing,dairy manure,missing,missing,missing,$/ton manure,Mexicodairy manure
7551,0.001,0.001,0.001,0.001,0.001,,,,17.500124035087048,6.506516526212158,3.4015241446650704,2.8522569147608765,2.6601096447650194,SSP1,Lower CI,Mexico,missing,missing,missing,missing,missing,missing,goat manure,missing,missing,missing,$/ton manure,Mexicogoat manure
7551,0.001,0.001,0.001,0.001,0.001,,,,29.322941176470582,9.928764705882353,5.343382352941176,4.9151,4.7348823529411765,SSP1,Median,Mexico,missing,missing,missing,missing,missing,missing,goat manure,missing,missing,missing,$/ton manure,Mexicogoat manure
7551,0.001,0.001,0.001,0.001,0.001,,,,38.98699361197177,24.16008974829765,15.709308672672389,14.67921887471281,14.215282862974917,SSP1,Upper CI,Mexico,missing,missing,missing,missing,missing,missing,goat manure,missing,missing,missing,$/ton manure,Mexicogoat manure
7578,0.001,0.001,0.001,0.001,0.001,,,,12.959341592790773,2.4572022663840025,1.716283599453564,1.3851978996172472,1.2707435021490472,SSP1,Lower CI,Mexico,missing,missing,missing,missing,missing,missing,pork manure,missing,missing,missing,$/ton manure,Mexicopork manure
7578,0.001,0.001,0.001,0.001,0.001,,,,22.203235294117643,5.1916529411764705,3.792835294117647,3.4786529411764704,3.361947058823529,SSP1,Median,Mexico,missing,missing,missing,missing,missing,missing,pork manure,missing,missing,missing,$/ton manure,Mexicopork manure
7578,0.001,0.001,0.001,0.001,0.001,,,,30.55123487779747,18.163391459106194,12.403572499617642,11.637746248989565,11.302099036550644,SSP1,Upper CI,Mexico,missing,missing,missing,missing,missing,missing,pork manure,missing,missing,missing,$/ton manure,Mexicopork manure
7579,0.001,0.001,0.001,0.001,0.001,,,,0.7886392918007413,-0.741535294614629,-0.41182157616509485,-0.39309713541209756,-0.37701319857831583,SSP1,Lower CI,Mexico,missing,missing,missing,missing,missing,missing,poultry manure,missing,missing,missing,$/ton manure,Mexicopoultry manure
7579,0.001,0.001,0.001,0.001,0.001,,,,1.4752588235294117,0.4033052941176471,0.26637588235294113,0.23861764705882355,0.22777235294117645,SSP1,Median,Mexico,missing,missing,missing,missing,missing,missing,poultry manure,missing,missing,missing,$/ton manure,Mexicopoultry manure
7579,0.001,0.001,0.001,0.001,0.001,,,,2.437412640972368,3.9109074750067854,2.391397260375621,2.1992752840189085,2.099985904460669,SSP1,Upper CI,Mexico,missing,missing,missing,missing,missing,missing,poultry manure,missing,missing,missing,$/ton manure,Mexicopoultry manure
7831,0.001,0.001,0.001,0.001,0.001,,,,2.4782635009588025,-0.6417363426552658,-0.3923499159088686,-0.4540439368886653,-0.466179279804511,SSP1,Lower CI,Middle East,missing,missing,missing,missing,missing,missing,beef manure,missing,missing,missing,$/ton manure,Middle Eastbeef manure
7831,0.001,0.001,0.001,0.001,0.001,,,,5.654641176470588,2.1026235294117646,1.393670588235294,1.1940411764705883,1.1220235294117646,SSP1,Median,Middle East,missing,missing,missing,missing,missing,missing,beef manure,missing,missing,missing,$/ton manure,Middle Eastbeef manure
7831,0.001,0.001,0.001,0.001,0.001,,,,12.576348263747079,10.22716504853762,6.9234809995002,6.346561274349966,6.059868443891197,SSP1,Upper CI,Middle East,missing,missing,missing,missing,missing,missing,beef manure,missing,missing,missing,$/ton manure,Middle Eastbeef manure
7855,0.001,0.001,0.001,0.001,0.001,,,,17.84245980218494,9.03552473476274,5.03931190603267,3.7464461094489323,3.3534147505161567,SSP1,Lower CI,Middle East,missing,missing,missing,missing,missing,missing,dairy manure,missing,missing,missing,$/ton manure,Middle Eastdairy manure
7855,0.001,0.001,0.001,0.001,0.001,,,,28.973235294117643,13.25970588235294,7.622588235294116,5.770682352941176,5.516717647058823,SSP1,Median,Middle East,missing,missing,missing,missing,missing,missing,dairy manure,missing,missing,missing,$/ton manure,Middle Eastdairy manure
7855,0.001,0.001,0.001,0.001,0.001,,,,37.88184776084026,27.403037618178438,18.49168066362677,16.57870063977707,15.793694847007062,SSP1,Upper CI,Middle East,missing,missing,missing,missing,missing,missing,dairy manure,missing,missing,missing,$/ton manure,Middle Eastdairy manure
7911,0.001,0.001,0.001,0.001,0.001,,,,2.156697260418558,-0.7524453838614029,-0.4439955638885391,-0.48416171410952025,-0.48656035037023715,SSP1,Lower CI,Middle East,missing,missing,missing,missing,missing,missing,goat manure,missing,missing,missing,$/ton manure,Middle Eastgoat manure
7911,0.001,0.001,0.001,0.001,0.001,,,,5.031123529411764,1.8034411764705882,1.2009823529411765,1.0286235294117647,0.9686529411764705,SSP1,Median,Middle East,missing,missing,missing,missing,missing,missing,goat manure,missing,missing,missing,$/ton manure,Middle Eastgoat manure
7911,0.001,0.001,0.001,0.001,0.001,,,,11.135319546304128,9.363870874057481,6.30012516141176,5.759191992747291,5.493768833342372,SSP1,Upper CI,Middle East,missing,missing,missing,missing,missing,missing,goat manure,missing,missing,missing,$/ton manure,Middle Eastgoat manure
7938,0.001,0.001,0.001,0.001,0.001,,,,78.25209339991387,65.85237570262082,61.280965551968336,59.444351765138435,58.7213559526666,SSP1,Lower CI,Middle East,missing,missing,missing,missing,missing,missing,pork manure,missing,missing,missing,$/ton manure,Middle Eastpork manure
7938,0.001,0.001,0.001,0.001,0.001,,,,90.71823529411765,73.56411764705882,67.33176470588235,65.22470588235294,64.4805882352941,SSP1,Median,Middle East,missing,missing,missing,missing,missing,missing,pork manure,missing,missing,missing,$/ton manure,Middle Eastpork manure
7938,0.001,0.001,0.001,0.001,0.001,,,,100.13546962529618,97.17958508169293,85.04704063998213,82.75573492216807,81.77721989872656,SSP1,Upper CI,Middle East,missing,missing,missing,missing,missing,missing,pork manure,missing,missing,missing,$/ton manure,Middle Eastpork manure
7939,0.001,0.001,0.001,0.001,0.001,,,,1.3758702077766984,-1.0097414100773396,-0.6086190641394977,-0.580943671790205,-0.5581291461095441,SSP1,Lower CI,Middle East,missing,missing,missing,missing,missing,missing,poultry manure,missing,missing,missing,$/ton manure,Middle Eastpoultry manure
7939,0.001,0.001,0.001,0.001,0.001,,,,2.5352882352941175,0.8066764705882352,0.5201423529411765,0.44290588235294115,0.41403705882352937,SSP1,Median,Middle East,missing,missing,missing,missing,missing,missing,poultry manure,missing,missing,missing,$/ton manure,Middle Eastpoultry manure
7939,0.001,0.001,0.001,0.001,0.001,,,,4.0986022291980895,6.133175684587142,3.965295906244761,3.5749836470224032,3.3758471027658907,SSP1,Upper CI,Middle East,missing,missing,missing,missing,missing,missing,poultry manure,missing,missing,missing,$/ton manure,Middle Eastpoultry manure
8230,0.001,0.001,0.001,0.001,0.001,,,,1.2988620659285242,-1.1497065059393279,-0.7971428544868431,-0.8508580284379637,-0.8491549417861592,SSP1,Lower CI,Pakistan,missing,missing,missing,missing,missing,missing,beef manure,missing,missing,missing,$/ton manure,Pakistanbeef manure
8230,0.001,0.001,0.001,0.001,0.001,,,,3.545105882352941,1.449470588235294,1.0662058823529412,0.9184176470588234,0.8566470588235293,SSP1,Median,Pakistan,missing,missing,missing,missing,missing,missing,beef manure,missing,missing,missing,$/ton manure,Pakistanbeef manure
8230,0.001,0.001,0.001,0.001,0.001,,,,7.7120639844916425,8.959153721625603,6.530505950462076,6.146747873639201,5.890228192560153,SSP1,Upper CI,Pakistan,missing,missing,missing,missing,missing,missing,beef manure,missing,missing,missing,$/ton manure,Pakistanbeef manure
8254,0.001,0.001,0.001,0.001,0.001,,,,10.092814622800576,1.7679883066181805,1.329667347689103,0.8998641001970071,0.744858460929537,SSP1,Lower CI,Pakistan,missing,missing,missing,missing,missing,missing,dairy manure,missing,missing,missing,$/ton manure,Pakistandairy manure
8254,0.001,0.001,0.001,0.001,0.001,,,,17.307588235294116,5.374564705882353,4.227335294117647,3.7501823529411764,3.542982352941176,SSP1,Median,Pakistan,missing,missing,missing,missing,missing,missing,dairy manure,missing,missing,missing,$/ton manure,Pakistandairy manure
8254,0.001,0.001,0.001,0.001,0.001,,,,25.679592099888495,18.61568369338182,13.624016119803159,12.832818376583178,12.399355347119997,SSP1,Upper CI,Pakistan,missing,missing,missing,missing,missing,missing,dairy manure,missing,missing,missing,$/ton manure,Pakistandairy manure
8310,0.001,0.001,0.001,0.001,0.001,,,,8.797805935032578,1.1505683964970137,0.8178474490582053,0.4783286532613138,0.34823139720805063,SSP1,Lower CI,Pakistan,missing,missing,missing,missing,missing,missing,goat manure,missing,missing,missing,$/ton manure,Pakistangoat manure
8310,0.001,0.001,0.001,0.001,0.001,,,,15.963117647058823,4.607347058823529,3.5577294117647056,3.130135294117647,2.9481176470588237,SSP1,Median,Pakistan,missing,missing,missing,missing,missing,missing,goat manure,missing,missing,missing,$/ton manure,Pakistangoat manure
8310,0.001,0.001,0.001,0.001,0.001,,,,25.146323476732128,16.94691238781671,12.37737676146811,11.630075309586985,11.199598138395665,SSP1,Upper CI,Pakistan,missing,missing,missing,missing,missing,missing,goat manure,missing,missing,missing,$/ton manure,Pakistangoat manure
8337,0.001,0.001,0.001,0.001,0.001,,,,,,,,,SSP1,Lower CI,Pakistan,missing,missing,missing,missing,missing,missing,pork manure,missing,missing,missing,$/ton manure,Pakistanpork manure
8337,0.001,0.001,0.001,0.001,0.001,,,,,,,,,SSP1,Median,Pakistan,missing,missing,missing,missing,missing,missing,pork manure,missing,missing,missing,$/ton manure,Pakistanpork manure
8337,0.001,0.001,0.001,0.001,0.001,,,,,,,,,SSP1,Upper CI,Pakistan,missing,missing,missing,missing,missing,missing,pork manure,missing,missing,missing,$/ton manure,Pakistanpork manure
8338,0.001,0.001,0.001,0.001,0.001,,,,3.422148223036169,-0.21147252971188557,-0.21594708012807473,-0.40298736252099854,-0.4588512628887811,SSP1,Lower CI,Pakistan,missing,missing,missing,missing,missing,missing,poultry manure,missing,missing,missing,$/ton manure,Pakistanpoultry manure
8338,0.001,0.001,0.001,0.001,0.001,,,,8.095529411764705,2.997505882352941,2.2621529411764705,1.9693941176470589,1.8444882352941177,SSP1,Median,Pakistan,missing,missing,missing,missing,missing,missing,poultry manure,missing,missing,missing,$/ton manure,Pakistanpoultry manure
8338,0.001,0.001,0.001,0.001,0.001,,,,16.482241692930216,13.14780829441777,9.535541507372656,8.993144823821307,8.654828104994042,SSP1,Upper CI,Pakistan,missing,missing,missing,missing,missing,missing,poultry manure,missing,missing,missing,$/ton manure,Pakistanpoultry manure
8611,0.001,0.001,0.001,0.001,0.001,,,,2.169624736299692,0.624915183376868,0.41120331356157713,0.26263898051402457,0.2134584366183181,SSP1,Lower CI,Russia,missing,missing,missing,missing,missing,missing,beef manure,missing,missing,missing,$/ton manure,Russiabeef manure
8611,0.001,0.001,0.001,0.001,0.001,,,,10.595235294117646,2.454241176470588,1.6269058823529412,1.4426,1.3662235294117646,SSP1,Median,Russia,missing,missing,missing,missing,missing,missing,beef manure,missing,missing,missing,$/ton manure,Russiabeef manure
8611,0.001,0.001,0.001,0.001,0.001,,,,31.06486938134736,11.260903169564308,6.721499348977121,6.0470696882166255,5.708391037065892,SSP1,Upper CI,Russia,missing,missing,missing,missing,missing,missing,beef manure,missing,missing,missing,$/ton manure,Russiabeef manure
8635,0.001,0.001,0.001,0.001,0.001,,,,17.88023596241557,11.070609218348553,6.192275022896557,5.042647857596275,4.633342584772005,SSP1,Lower CI,Russia,missing,missing,missing,missing,missing,missing,dairy manure,missing,missing,missing,$/ton manure,Russiadairy manure
8635,0.001,0.001,0.001,0.001,0.001,,,,32.13594117647059,13.827941176470587,7.941764705882352,6.4332352941176465,5.849388235294117,SSP1,Median,Russia,missing,missing,missing,missing,missing,missing,dairy manure,missing,missing,missing,$/ton manure,Russiadairy manure
8635,0.001,0.001,0.001,0.001,0.001,,,,52.30106655859282,27.805693526749486,18.177898351716443,16.62947783899815,15.963656176837901,SSP1,Upper CI,Russia,missing,missing,missing,missing,missing,missing,dairy manure,missing,missing,missing,$/ton manure,Russiadairy manure
8692,0.001,0.001,0.001,0.001,0.001,,,,23.181546258374485,16.386239998165465,10.878500631021842,9.277390567835063,8.57403283676496,SSP1,Lower CI,Russia,missing,missing,missing,missing,missing,missing,goat manure,missing,missing,missing,$/ton manure,Russiagoat manure
8692,0.001,0.001,0.001,0.001,0.001,,,,40.312588235294115,19.56570588235294,12.890235294117645,11.141588235294117,10.329588235294116,SSP1,Median,Russia,missing,missing,missing,missing,missing,missing,goat manure,missing,missing,missing,$/ton manure,Russiagoat manure
8692,0.001,0.001,0.001,0.001,0.001,,,,63.40495794330619,34.73006745281492,23.577543331826455,21.505463921329017,20.56546313846724,SSP1,Upper CI,Russia,missing,missing,missing,missing,missing,missing,goat manure,missing,missing,missing,$/ton manure,Russiagoat manure
8719,0.001,0.001,0.001,0.001,0.001,,,,16.48205777543985,8.638626417186465,4.176131547897655,3.4653250589134243,3.2907327382519433,SSP1,Lower CI,Russia,missing,missing,missing,missing,missing,missing,pork manure,missing,missing,missing,$/ton manure,Russiapork manure
8719,0.001,0.001,0.001,0.001,0.001,,,,30.967411764705883,10.919058823529411,5.491876470588235,5.009082352941176,4.814794117647058,SSP1,Median,Russia,missing,missing,missing,missing,missing,missing,pork manure,missing,missing,missing,$/ton manure,Russiapork manure
8719,0.001,0.001,0.001,0.001,0.001,,,,52.58067835901392,24.988695935754713,15.707587337551264,14.417725219724346,13.893693825215546,SSP1,Upper CI,Russia,missing,missing,missing,missing,missing,missing,pork manure,missing,missing,missing,$/ton manure,Russiapork manure
8720,0.001,0.001,0.001,0.001,0.001,,,,-1.6712394907243286,-0.024026638366615227,-0.08078552521483484,-0.11307519711920078,-0.10917374525555079,SSP1,Lower CI,Russia,missing,missing,missing,missing,missing,missing,poultry manure,missing,missing,missing,$/ton manure,Russiapoultry manure
8720,0.001,0.001,0.001,0.001,0.001,,,,4.5828058823529405,1.3360176470588234,0.8650235294117646,0.7659705882352942,0.7265294117647058,SSP1,Median,Russia,missing,missing,missing,missing,missing,missing,poultry manure,missing,missing,missing,$/ton manure,Russiapoultry manure
8720,0.001,0.001,0.001,0.001,0.001,,,,22.94479226383357,7.5356184030724975,4.337094379703999,3.9476408317941227,3.743563900054312,SSP1,Upper CI,Russia,missing,missing,missing,missing,missing,missing,poultry manure,missing,missing,missing,$/ton manure,Russiapoultry manure
9036,0.001,0.001,0.001,0.001,0.001,,,,0.9814232470960691,-0.6470365145246819,-0.3183179782523893,-0.2972590666171242,-0.28601497699226885,SSP1,Lower CI,South Africa,missing,missing,missing,missing,missing,missing,beef manure,missing,missing,missing,$/ton manure,South Africabeef manure
9036,0.001,0.001,0.001,0.001,0.001,,,,1.8074117647058823,0.6284764705882353,0.4358082352941176,0.3806423529411764,0.3573482352941176,SSP1,Median,South Africa,missing,missing,missing,missing,missing,missing,beef manure,missing,missing,missing,$/ton manure,South Africabeef manure
9036,0.001,0.001,0.001,0.001,0.001,,,,2.977062803324099,4.553240757661937,2.8174305541037823,2.515209165688331,2.3789326488188935,SSP1,Upper CI,South Africa,missing,missing,missing,missing,missing,missing,beef manure,missing,missing,missing,$/ton manure,South Africabeef manure
9060,0.001,0.001,0.001,0.001,0.001,,,,19.33838654663883,12.589228342581817,9.393064656480737,7.900108393357733,7.18346812688389,SSP1,Lower CI,South Africa,missing,missing,missing,missing,missing,missing,dairy manure,missing,missing,missing,$/ton manure,South Africadairy manure
9060,0.001,0.001,0.001,0.001,0.001,,,,30.779235294117644,16.534176470588232,11.837470588235293,10.148941176470588,9.394,SSP1,Median,South Africa,missing,missing,missing,missing,missing,missing,dairy manure,missing,missing,missing,$/ton manure,South Africadairy manure
9060,0.001,0.001,0.001,0.001,0.001,,,,39.75813446176452,29.903708912320134,21.61923751070192,19.65408912986208,18.813129396335924,SSP1,Upper CI,South Africa,missing,missing,missing,missing,missing,missing,dairy manure,missing,missing,missing,$/ton manure,South Africadairy manure
9116,0.001,0.001,0.001,0.001,0.001,,,,4.495067721664793,0.5618561583452504,0.5455580651584602,0.362090166849363,0.2874537108696975,SSP1,Lower CI,South Africa,missing,missing,missing,missing,missing,missing,goat manure,missing,missing,missing,$/ton manure,South Africagoat manure
9116,0.001,0.001,0.001,0.001,0.001,,,,9.21935294117647,2.9486176470588235,2.1287176470588234,1.8885470588235294,1.787676470588235,SSP1,Median,South Africa,missing,missing,missing,missing,missing,missing,goat manure,missing,missing,missing,$/ton manure,South Africagoat manure
9116,0.001,0.001,0.001,0.001,0.001,,,,16.70815580774697,11.614769880870435,7.676193328030394,6.959682093212555,6.648192047644234,SSP1,Upper CI,South Africa,missing,missing,missing,missing,missing,missing,goat manure,missing,missing,missing,$/ton manure,South Africagoat manure
9143,0.001,0.001,0.001,0.001,0.001,,,,23.373682569704812,16.018576729783767,12.518370874811508,10.84573031852595,10.044943745230025,SSP1,Lower CI,South Africa,missing,missing,missing,missing,missing,missing,pork manure,missing,missing,missing,$/ton manure,South Africapork manure
9143,0.001,0.001,0.001,0.001,0.001,,,,35.867176470588234,20.350823529411763,15.119941176470588,13.235588235294117,12.364999999999997,SSP1,Median,South Africa,missing,missing,missing,missing,missing,missing,pork manure,missing,missing,missing,$/ton manure,South Africapork manure
9143,0.001,0.001,0.001,0.001,0.001,,,,45.58509053953888,34.367973074137794,25.395332530761245,23.180104975591682,22.13157204424365,SSP1,Upper CI,South Africa,missing,missing,missing,missing,missing,missing,pork manure,missing,missing,missing,$/ton manure,South Africapork manure
9144,0.001,0.001,0.001,0.001,0.001,,,,0.9382529190353172,-0.6341599307089232,-0.3107194761001293,-0.28878893546483453,-0.2770478717151982,SSP1,Lower CI,South Africa,missing,missing,missing,missing,missing,missing,poultry manure,missing,missing,missing,$/ton manure,South Africapoultry manure
9144,0.001,0.001,0.001,0.001,0.001,,,,1.7408764705882351,0.5995058823529412,0.4138235294117647,0.36106941176470586,0.33819,SSP1,Median,South Africa,missing,missing,missing,missing,missing,missing,poultry manure,missing,missing,missing,$/ton manure,South Africapoultry manure
9144,0.001,0.001,0.001,0.001,0.001,,,,2.869125400292413,4.3952640797285305,2.70663748848403,2.408927102647497,2.2735522432322264,SSP1,Upper CI,South Africa,missing,missing,missing,missing,missing,missing,poultry manure,missing,missing,missing,$/ton manure,South Africapoultry manure
9373,0.001,0.001,0.001,0.001,0.001,,,,-0.3733855028175128,0.3949657749718041,0.3528616503468158,0.32656533591773784,0.2897663187522226,SSP1,Lower CI,South America_Northern,missing,missing,missing,missing,missing,missing,beef manure,missing,missing,missing,$/ton manure,South America_Northernbeef manure
9373,0.001,0.001,0.001,0.001,0.001,,,,8.06170588235294,2.0130529411764706,1.3731588235294117,1.188776470588235,1.1132176470588235,SSP1,Median,South America_Northern,missing,missing,missing,missing,missing,missing,beef manure,missing,missing,missing,$/ton manure,South America_Northernbeef manure
9373,0.001,0.001,0.001,0.001,0.001,,,,28.484220796935155,8.933870852479174,4.77655178618569,4.276233859128702,4.042693990845301,SSP1,Upper CI,South America_Northern,missing,missing,missing,missing,missing,missing,beef manure,missing,missing,missing,$/ton manure,South America_Northernbeef manure
9397,0.001,0.001,0.001,0.001,0.001,,,,32.25718137969538,22.771368681346317,20.0620924079359,19.05384729212242,18.402971098540895,SSP1,Lower CI,South America_Northern,missing,missing,missing,missing,missing,missing,dairy manure,missing,missing,missing,$/ton manure,South America_Northerndairy manure
9397,0.001,0.001,0.001,0.001,0.001,,,,48.111058823529405,29.515764705882354,23.789823529411763,22.09882352941176,21.069235294117647,SSP1,Median,South America_Northern,missing,missing,missing,missing,missing,missing,dairy manure,missing,missing,missing,$/ton manure,South America_Northerndairy manure
9397,0.001,0.001,0.001,0.001,0.001,,,,68.00310433459032,42.95695680884975,32.73167044036132,30.87171122180947,29.943456146041143,SSP1,Upper CI,South America_Northern,missing,missing,missing,missing,missing,missing,dairy manure,missing,missing,missing,$/ton manure,South America_Northerndairy manure
9453,0.001,0.001,0.001,0.001,0.001,,,,44.653396405670456,33.73324511453591,30.07297653144479,28.82483349090778,28.013986007125503,SSP1,Lower CI,South America_Northern,missing,missing,missing,missing,missing,missing,goat manure,missing,missing,missing,$/ton manure,South America_Northerngoat manure
9453,0.001,0.001,0.001,0.001,0.001,,,,62.57647058823529,41.44464705882352,34.873294117647056,32.96535294117647,31.6415294117647,SSP1,Median,South America_Northern,missing,missing,missing,missing,missing,missing,goat manure,missing,missing,missing,$/ton manure,South America_Northerngoat manure
9453,0.001,0.001,0.001,0.001,0.001,,,,85.09853636743878,56.721390179581725,44.95949777196078,42.756312639123166,41.61998055634199,SSP1,Upper CI,South America_Northern,missing,missing,missing,missing,missing,missing,goat manure,missing,missing,missing,$/ton manure,South America_Northerngoat manure
9480,0.001,0.001,0.001,0.001,0.001,,,,34.78572273597617,24.48011978465514,21.528210185531023,20.43119818741863,19.654423852914697,SSP1,Lower CI,South America_Northern,missing,missing,missing,missing,missing,missing,pork manure,missing,missing,missing,$/ton manure,South America_Northernpork manure
9480,0.001,0.001,0.001,0.001,0.001,,,,52.08517647058823,31.65835294117647,25.349235294117644,23.183588235294117,22.235235294117647,SSP1,Median,South America_Northern,missing,missing,missing,missing,missing,missing,pork manure,missing,missing,missing,$/ton manure,South America_Northernpork manure
9480,0.001,0.001,0.001,0.001,0.001,,,,73.68693272620871,45.468795509462495,34.47169507762687,32.43790707573927,31.333671503122453,SSP1,Upper CI,South America_Northern,missing,missing,missing,missing,missing,missing,pork manure,missing,missing,missing,$/ton manure,South America_Northernpork manure
9481,0.001,0.001,0.001,0.001,0.001,,,,-0.10076154485144961,0.46241626246998013,0.3880653944792041,0.358498429010228,0.31956518583203386,SSP1,Lower CI,South America_Northern,missing,missing,missing,missing,missing,missing,poultry manure,missing,missing,missing,$/ton manure,South America_Northernpoultry manure
9481,0.001,0.001,0.001,0.001,0.001,,,,8.801235294117646,2.083905882352941,1.416705882352941,1.2252176470588234,1.1472176470588236,SSP1,Median,South America_Northern,missing,missing,missing,missing,missing,missing,poultry manure,missing,missing,missing,$/ton manure,South America_Northernpoultry manure
9481,0.001,0.001,0.001,0.001,0.001,,,,29.244917847372456,9.144960914000606,4.85551906372513,4.345612592661597,4.109015619121525,SSP1,Upper CI,South America_Northern,missing,missing,missing,missing,missing,missing,poultry manure,missing,missing,missing,$/ton manure,South America_Northernpoultry manure
9714,0.001,0.001,0.001,0.001,0.001,,,,-1.3899771690708942,0.08801107255999963,0.16762283212528173,0.09904421117583606,0.08598329244978609,SSP1,Lower CI,South America_Southern,missing,missing,missing,missing,missing,missing,beef manure,missing,missing,missing,$/ton manure,South America_Southernbeef manure
9714,0.001,0.001,0.001,0.001,0.001,,,,4.610982352941177,1.5965529411764703,1.0603764705882353,0.9036647058823529,0.8538764705882353,SSP1,Median,South America_Southern,missing,missing,missing,missing,missing,missing,beef manure,missing,missing,missing,$/ton manure,South America_Southernbeef manure
9714,0.001,0.001,0.001,0.001,0.001,,,,16.385101538818795,6.925213947047843,4.209285774685863,3.773062042694133,3.593908348417087,SSP1,Upper CI,South America_Southern,missing,missing,missing,missing,missing,missing,beef manure,missing,missing,missing,$/ton manure,South America_Southernbeef manure
9738,0.001,0.001,0.001,0.001,0.001,,,,26.008155357041623,20.459883834751004,16.100838627472573,14.307625012714457,13.674982862426146,SSP1,Lower CI,South America_Southern,missing,missing,missing,missing,missing,missing,dairy manure,missing,missing,missing,$/ton manure,South America_Southerndairy manure
9738,0.001,0.001,0.001,0.001,0.001,,,,40.76982352941176,24.667294117647053,18.854411764705883,16.80905882352941,16.09335294117647,SSP1,Median,South America_Southern,missing,missing,missing,missing,missing,missing,dairy manure,missing,missing,missing,$/ton manure,South America_Southerndairy manure
9738,0.001,0.001,0.001,0.001,0.001,,,,54.41604632363063,37.67971067505291,28.0341731372333,25.805057340226714,24.95760537286796,SSP1,Upper CI,South America_Southern,missing,missing,missing,missing,missing,missing,dairy manure,missing,missing,missing,$/ton manure,South America_Southerndairy manure
9794,0.001,0.001,0.001,0.001,0.001,,,,24.512876068871705,19.18614573696124,14.075658494502749,12.004985899097905,11.231467177544847,SSP1,Lower CI,South America_Southern,missing,missing,missing,missing,missing,missing,goat manure,missing,missing,missing,$/ton manure,South America_Southerngoat manure
9794,0.001,0.001,0.001,0.001,0.001,,,,41.18129411764705,22.730117647058822,16.413117647058822,14.100588235294117,13.252294117647057,SSP1,Median,South America_Southern,missing,missing,missing,missing,missing,missing,goat manure,missing,missing,missing,$/ton manure,South America_Southerngoat manure
9794,0.001,0.001,0.001,0.001,0.001,,,,56.64026678827115,35.818938184607376,25.509939028717064,23.183250014214792,22.275863472609952,SSP1,Upper CI,South America_Southern,missing,missing,missing,missing,missing,missing,goat manure,missing,missing,missing,$/ton manure,South America_Southerngoat manure
9821,0.001,0.001,0.001,0.001,0.001,,,,22.32966093880276,17.289680960558382,12.266052171451292,10.237680379460297,9.526391375233338,SSP1,Lower CI,South America_Southern,missing,missing,missing,missing,missing,missing,pork manure,missing,missing,missing,$/ton manure,South America_Southernpork manure
9821,0.001,0.001,0.001,0.001,0.001,,,,38.27688235294117,20.677294117647058,14.462882352941174,12.207647058823527,11.433117647058824,SSP1,Median,South America_Southern,missing,missing,missing,missing,missing,missing,pork manure,missing,missing,missing,$/ton manure,South America_Southernpork manure
9821,0.001,0.001,0.001,0.001,0.001,,,,53.25423822086108,33.429143353167106,23.512688385824248,21.25318525521462,20.419864352320836,SSP1,Upper CI,South America_Southern,missing,missing,missing,missing,missing,missing,pork manure,missing,missing,missing,$/ton manure,South America_Southernpork manure
9822,0.001,0.001,0.001,0.001,0.001,,,,-1.4281675431357508,0.045724014574067606,0.15333362612550716,0.09217171427240856,0.08214829905780574,SSP1,Lower CI,South America_Southern,missing,missing,missing,missing,missing,missing,poultry manure,missing,missing,missing,$/ton manure,South America_Southernpoultry manure
9822,0.001,0.001,0.001,0.001,0.001,,,,4.469058823529411,1.5134999999999998,0.9984058823529411,0.8527999999999999,0.8087529411764706,SSP1,Median,South America_Southern,missing,missing,missing,missing,missing,missing,poultry manure,missing,missing,missing,$/ton manure,South America_Southernpoultry manure
9822,0.001,0.001,0.001,0.001,0.001,,,,15.971142333051713,6.581086416798481,3.9992026587042133,3.5833862423839378,3.418937769053649,SSP1,Upper CI,South America_Southern,missing,missing,missing,missing,missing,missing,poultry manure,missing,missing,missing,$/ton manure,South America_Southernpoultry manure
10064,0.001,0.001,0.001,0.001,0.001,,,,33.75229884293991,3.891573133488519,2.0118710947666676,1.685056406132289,1.6195479194298992,SSP1,Lower CI,South Asia,missing,missing,missing,missing,missing,missing,beef manure,missing,missing,missing,$/ton manure,South Asiabeef manure
10064,0.001,0.001,0.001,0.001,0.001,,,,64.02117647058823,5.5695,3.7999999999999994,3.4144117647058825,3.354388235294117,SSP1,Median,South Asia,missing,missing,missing,missing,missing,missing,beef manure,missing,missing,missing,$/ton manure,South Asiabeef manure
10064,0.001,0.001,0.001,0.001,0.001,,,,95.96767762764834,28.393278631217363,15.702452434645092,13.856562665075142,13.60063059450199,SSP1,Upper CI,South Asia,missing,missing,missing,missing,missing,missing,beef manure,missing,missing,missing,$/ton manure,South Asiabeef manure
10088,0.001,0.001,0.001,0.001,0.001,,,,54.10386688989686,27.075888687567,21.204215150419344,19.67747599631876,19.437182870479045,SSP1,Lower CI,South Asia,missing,missing,missing,missing,missing,missing,dairy manure,missing,missing,missing,$/ton manure,South Asiadairy manure
10088,0.001,0.001,0.001,0.001,0.001,,,,85.66705882352942,31.00588235294117,24.482176470588232,22.79941176470588,22.542176470588235,SSP1,Median,South Asia,missing,missing,missing,missing,missing,missing,dairy manure,missing,missing,missing,$/ton manure,South Asiadairy manure
10088,0.001,0.001,0.001,0.001,0.001,,,,116.42341042102748,54.362244645766324,38.48903005081904,35.768205737427365,35.353153352431164,SSP1,Upper CI,South Asia,missing,missing,missing,missing,missing,missing,dairy manure,missing,missing,missing,$/ton manure,South Asiadairy manure
10144,0.001,0.001,0.001,0.001,0.001,,,,38.18969207319773,6.9894573111940215,3.0467800424888063,2.588163358291033,2.519622783546132,SSP1,Lower CI,South Asia,missing,missing,missing,missing,missing,missing,goat manure,missing,missing,missing,$/ton manure,South Asiagoat manure
10144,0.001,0.001,0.001,0.001,0.001,,,,71.43705882352941,9.471764705882352,4.884688235294117,4.425911764705882,4.372294117647058,SSP1,Median,South Asia,missing,missing,missing,missing,missing,missing,goat manure,missing,missing,missing,$/ton manure,South Asiagoat manure
10144,0.001,0.001,0.001,0.001,0.001,,,,105.39361548982748,33.19701484566871,18.358061443579306,16.302510387838996,16.053935606546744,SSP1,Upper CI,South Asia,missing,missing,missing,missing,missing,missing,goat manure,missing,missing,missing,$/ton manure,South Asiagoat manure
10171,0.001,0.001,0.001,0.001,0.001,,,,102.48924968010002,73.4833687577227,65.75896300574318,63.94596719119443,63.687180776407594,SSP1,Lower CI,South Asia,missing,missing,missing,missing,missing,missing,pork manure,missing,missing,missing,$/ton manure,South Asiapork manure
10171,0.001,0.001,0.001,0.001,0.001,,,,136.88176470588235,77.28411764705882,70.16294117647058,68.36176470588235,68.10058823529411,SSP1,Median,South Asia,missing,missing,missing,missing,missing,missing,pork manure,missing,missing,missing,$/ton manure,South Asiapork manure
10171,0.001,0.001,0.001,0.001,0.001,,,,170.31276712662267,107.89358026188512,89.33694411499987,86.44302352087985,86.0105777375243,SSP1,Upper CI,South Asia,missing,missing,missing,missing,missing,missing,pork manure,missing,missing,missing,$/ton manure,South Asiapork manure
10172,0.001,0.001,0.001,0.001,0.001,,,,34.35482549327631,4.162084265209296,2.1214962361807466,1.7955239056659513,1.7344795586174628,SSP1,Lower CI,South Asia,missing,missing,missing,missing,missing,missing,poultry manure,missing,missing,missing,$/ton manure,South Asiapoultry manure
10172,0.001,0.001,0.001,0.001,0.001,,,,65.02411764705883,5.749147058823529,3.9222176470588237,3.535211764705882,3.4793941176470584,SSP1,Median,South Asia,missing,missing,missing,missing,missing,missing,poultry manure,missing,missing,missing,$/ton manure,South Asiapoultry manure
10172,0.001,0.001,0.001,0.001,0.001,,,,97.18540980084134,28.886991028908355,15.972476519237208,14.120923648513614,13.875139512589964,SSP1,Upper CI,South Asia,missing,missing,missing,missing,missing,missing,poultry manure,missing,missing,missing,$/ton manure,South Asiapoultry manure
10408,0.001,0.001,0.001,0.001,0.001,,,,-4.811156918374024,0.7567204088324626,0.627686640239042,0.522999178772136,0.46944908293545407,SSP1,Lower CI,South Korea,missing,missing,missing,missing,missing,missing,beef manure,missing,missing,missing,$/ton manure,South Koreabeef manure
10408,0.001,0.001,0.001,0.001,0.001,,,,5.837964705882353,2.0723176470588234,1.3377882352941175,1.131864705882353,1.0425058823529412,SSP1,Median,South Korea,missing,missing,missing,missing,missing,missing,beef manure,missing,missing,missing,$/ton manure,South Koreabeef manure
10408,0.001,0.001,0.001,0.001,0.001,,,,33.46725439736562,7.079814493128323,3.915818065643311,3.373990109153561,3.119672774649685,SSP1,Upper CI,South Korea,missing,missing,missing,missing,missing,missing,beef manure,missing,missing,missing,$/ton manure,South Koreabeef manure
10432,0.001,0.001,0.001,0.001,0.001,,,,23.214318926482647,19.31704865143636,15.619626634102872,13.853799280298443,12.975789233121615,SSP1,Lower CI,South Korea,missing,missing,missing,missing,missing,missing,dairy manure,missing,missing,missing,$/ton manure,South Koreadairy manure
10432,0.001,0.001,0.001,0.001,0.001,,,,39.948,22.889999999999997,17.65864705882353,15.642,14.737529411764706,SSP1,Median,South Korea,missing,missing,missing,missing,missing,missing,dairy manure,missing,missing,missing,$/ton manure,South Koreadairy manure
10432,0.001,0.001,0.001,0.001,0.001,,,,65.62522729200474,33.911472917191084,25.3150303318414,23.081182143850153,22.007578568735966,SSP1,Upper CI,South Korea,missing,missing,missing,missing,missing,missing,dairy manure,missing,missing,missing,$/ton manure,South Koreadairy manure
10488,0.001,0.001,0.001,0.001,0.001,,,,57.60304925549189,52.34199266522613,47.69954992369966,45.43670358843951,44.13458565278524,SSP1,Lower CI,South Korea,missing,missing,missing,missing,missing,missing,goat manure,missing,missing,missing,$/ton manure,South Koreagoat manure
10488,0.001,0.001,0.001,0.001,0.001,,,,76.5505882352941,57.32670588235294,51.58394117647058,49.11323529411764,47.82341176470588,SSP1,Median,South Korea,missing,missing,missing,missing,missing,missing,goat manure,missing,missing,missing,$/ton manure,South Koreagoat manure
10488,0.001,0.001,0.001,0.001,0.001,,,,105.62837931593666,73.43032106026406,62.443577011284866,59.54903634964098,57.91333385185872,SSP1,Upper CI,South Korea,missing,missing,missing,missing,missing,missing,goat manure,missing,missing,missing,$/ton manure,South Koreagoat manure
10515,0.001,0.001,0.001,0.001,0.001,,,,2.629838984579905,2.100432985075452,1.702016579252918,1.455662474756195,1.3420245512294193,SSP1,Lower CI,South Korea,missing,missing,missing,missing,missing,missing,pork manure,missing,missing,missing,$/ton manure,South Koreapork manure
10515,0.001,0.001,0.001,0.001,0.001,,,,16.505294117647058,3.9460823529411764,2.7225999999999995,2.369288235294117,2.233235294117647,SSP1,Median,South Korea,missing,missing,missing,missing,missing,missing,pork manure,missing,missing,missing,$/ton manure,South Koreapork manure
10515,0.001,0.001,0.001,0.001,0.001,,,,43.89718622550413,11.679102309042193,7.084719705576802,6.156969413788696,5.75420331254767,SSP1,Upper CI,South Korea,missing,missing,missing,missing,missing,missing,pork manure,missing,missing,missing,$/ton manure,South Koreapork manure
10516,0.001,0.001,0.001,0.001,0.001,,,,-6.531818852001328,0.12983171828977635,0.19720827564146648,0.16804118029774073,0.1547761380655478,SSP1,Lower CI,South Korea,missing,missing,missing,missing,missing,missing,poultry manure,missing,missing,missing,$/ton manure,South Koreapoultry manure
10516,0.001,0.001,0.001,0.001,0.001,,,,2.9187882352941177,0.9076647058823528,0.5814641176470587,0.49513647058823523,0.46163529411764703,SSP1,Median,South Korea,missing,missing,missing,missing,missing,missing,poultry manure,missing,missing,missing,$/ton manure,South Koreapoultry manure
10516,0.001,0.001,0.001,0.001,0.001,,,,25.06315044863998,3.6099906346513992,2.0107472537702975,1.711435680383374,1.5856880043493127,SSP1,Upper CI,South Korea,missing,missing,missing,missing,missing,missing,poultry manure,missing,missing,missing,$/ton manure,South Koreapoultry manure
10747,0.001,0.001,0.001,0.001,0.001,,,,15.688746500906934,4.34866197165586,2.7018882444184413,2.3078492529308017,2.185326574845786,SSP1,Lower CI,Southeast Asia,missing,missing,missing,missing,missing,missing,beef manure,missing,missing,missing,$/ton manure,Southeast Asiabeef manure
10747,0.001,0.001,0.001,0.001,0.001,,,,32.90229411764706,5.861223529411765,4.154082352941177,3.730829411764706,3.590511764705882,SSP1,Median,Southeast Asia,missing,missing,missing,missing,missing,missing,beef manure,missing,missing,missing,$/ton manure,Southeast Asiabeef manure
10747,0.001,0.001,0.001,0.001,0.001,,,,60.71631568396701,21.151522342069633,12.376809340720877,11.024088641806038,10.541748966949879,SSP1,Upper CI,Southeast Asia,missing,missing,missing,missing,missing,missing,beef manure,missing,missing,missing,$/ton manure,Southeast Asiabeef manure
10771,0.001,0.001,0.001,0.001,0.001,,,,59.93940768305701,49.142986182661566,43.890053496788525,42.15956017454367,41.510825370554834,SSP1,Lower CI,Southeast Asia,missing,missing,missing,missing,missing,missing,dairy manure,missing,missing,missing,$/ton manure,Southeast Asiadairy manure
10771,0.001,0.001,0.001,0.001,0.001,,,,78.87823529411766,54.1734705882353,48.050000000000004,46.30641176470588,45.64241176470588,SSP1,Median,Southeast Asia,missing,missing,missing,missing,missing,missing,dairy manure,missing,missing,missing,$/ton manure,Southeast Asiadairy manure
10771,0.001,0.001,0.001,0.001,0.001,,,,105.42442424971613,73.89229224871099,61.09722204500714,58.76514570780925,57.816450171240824,SSP1,Upper CI,Southeast Asia,missing,missing,missing,missing,missing,missing,dairy manure,missing,missing,missing,$/ton manure,Southeast Asiadairy manure
10827,0.001,0.001,0.001,0.001,0.001,,,,41.27890128990787,29.683435503292134,24.30672360261722,22.610955057049072,22.221241662203653,SSP1,Lower CI,Southeast Asia,missing,missing,missing,missing,missing,missing,goat manure,missing,missing,missing,$/ton manure,Southeast Asiagoat manure
10827,0.001,0.001,0.001,0.001,0.001,,,,62.69470588235294,34.55788235294118,27.76264705882353,25.93888235294117,25.516823529411763,SSP1,Median,Southeast Asia,missing,missing,missing,missing,missing,missing,goat manure,missing,missing,missing,$/ton manure,Southeast Asiagoat manure
10827,0.001,0.001,0.001,0.001,0.001,,,,92.65931719748707,51.905717437884334,38.77790921472024,36.27605670765681,35.56831623253319,SSP1,Upper CI,Southeast Asia,missing,missing,missing,missing,missing,missing,goat manure,missing,missing,missing,$/ton manure,Southeast Asiagoat manure
10854,0.001,0.001,0.001,0.001,0.001,,,,20.56032163937399,9.922624757186595,5.281785394356706,4.307952544220443,4.1037676082738725,SSP1,Lower CI,Southeast Asia,missing,missing,missing,missing,missing,missing,pork manure,missing,missing,missing,$/ton manure,Southeast Asiapork manure
10854,0.001,0.001,0.001,0.001,0.001,,,,39.86658823529411,12.705470588235293,6.336411764705882,5.502876470588235,5.377141176470588,SSP1,Median,Southeast Asia,missing,missing,missing,missing,missing,missing,pork manure,missing,missing,missing,$/ton manure,Southeast Asiapork manure
10854,0.001,0.001,0.001,0.001,0.001,,,,68.34478928499576,27.70936661536242,16.642466618027193,14.866343431011751,14.374392144048109,SSP1,Upper CI,Southeast Asia,missing,missing,missing,missing,missing,missing,pork manure,missing,missing,missing,$/ton manure,Southeast Asiapork manure
10855,0.001,0.001,0.001,0.001,0.001,,,,3.4098791189528974,0.36623993318655845,0.5294500993766196,0.3835081492258303,0.3482772680370547,SSP1,Lower CI,Southeast Asia,missing,missing,missing,missing,missing,missing,poultry manure,missing,missing,missing,$/ton manure,Southeast Asiapoultry manure
10855,0.001,0.001,0.001,0.001,0.001,,,,15.537529411764705,2.133935294117647,1.4149882352941177,1.260170588235294,1.2217647058823529,SSP1,Median,Southeast Asia,missing,missing,missing,missing,missing,missing,poultry manure,missing,missing,missing,$/ton manure,Southeast Asiapoultry manure
10855,0.001,0.001,0.001,0.001,0.001,,,,42.71847382222359,11.483396537401678,5.7847565879298815,4.932817423529588,4.6758235988360095,SSP1,Upper CI,Southeast Asia,missing,missing,missing,missing,missing,missing,poultry manure,missing,missing,missing,$/ton manure,Southeast Asiapoultry manure
11153,0.001,0.001,0.001,0.001,0.001,,,,35.14830516650144,26.34429687133815,22.086093433201,20.42161602522806,19.72768725576822,SSP1,Lower CI,Taiwan,missing,missing,missing,missing,missing,missing,beef manure,missing,missing,missing,$/ton manure,Taiwanbeef manure
11153,0.001,0.001,0.001,0.001,0.001,,,,49.313294117647054,31.2195294117647,25.581882352941175,23.48147058823529,22.617647058823525,SSP1,Median,Taiwan,missing,missing,missing,missing,missing,missing,beef manure,missing,missing,missing,$/ton manure,Taiwanbeef manure
11153,0.001,0.001,0.001,0.001,0.001,,,,59.598518362910305,44.387583128661845,34.61927374946152,32.101372210066046,31.15792636652279,SSP1,Upper CI,Taiwan,missing,missing,missing,missing,missing,missing,beef manure,missing,missing,missing,$/ton manure,Taiwanbeef manure
11177,0.001,0.001,0.001,0.001,0.001,,,,41.18045787436502,32.40593331086538,28.129784722470397,26.457587515867253,25.719767545866244,SSP1,Lower CI,Taiwan,missing,missing,missing,missing,missing,missing,dairy manure,missing,missing,missing,$/ton manure,Taiwandairy manure
11177,0.001,0.001,0.001,0.001,0.001,,,,54.20182352941176,37.622058823529414,32.38458823529412,30.212058823529407,29.466529411764707,SSP1,Median,Taiwan,missing,missing,missing,missing,missing,missing,dairy manure,missing,missing,missing,$/ton manure,Taiwandairy manure
11177,0.001,0.001,0.001,0.001,0.001,,,,63.71204632731565,51.78838825776208,42.1679180639073,39.7643654253092,38.78545598354552,SSP1,Upper CI,Taiwan,missing,missing,missing,missing,missing,missing,dairy manure,missing,missing,missing,$/ton manure,Taiwandairy manure
11233,0.001,0.001,0.001,0.001,0.001,,,,52.9928611136926,43.20478563210137,38.233579198203564,36.42022398384805,35.768717557354314,SSP1,Lower CI,Taiwan,missing,missing,missing,missing,missing,missing,goat manure,missing,missing,missing,$/ton manure,Taiwangoat manure
11233,0.001,0.001,0.001,0.001,0.001,,,,67.73352941176469,48.79723529411765,42.93311764705882,40.62611764705882,40.035,SSP1,Median,Taiwan,missing,missing,missing,missing,missing,missing,goat manure,missing,missing,missing,$/ton manure,Taiwangoat manure
11233,0.001,0.001,0.001,0.001,0.001,,,,78.56073552496285,64.65331632868293,53.79890996588312,51.25666765701882,50.42600070889956,SSP1,Upper CI,Taiwan,missing,missing,missing,missing,missing,missing,goat manure,missing,missing,missing,$/ton manure,Taiwangoat manure
11260,0.001,0.001,0.001,0.001,0.001,,,,8.08069497174094,1.7360501095111633,1.3750872777638055,1.1822049000397659,1.0789832978294114,SSP1,Lower CI,Taiwan,missing,missing,missing,missing,missing,missing,pork manure,missing,missing,missing,$/ton manure,Taiwanpork manure
11260,0.001,0.001,0.001,0.001,0.001,,,,15.643176470588234,3.7477176470588236,2.6482294117647056,2.3005176470588236,2.184241176470588,SSP1,Median,Taiwan,missing,missing,missing,missing,missing,missing,pork manure,missing,missing,missing,$/ton manure,Taiwanpork manure
11260,0.001,0.001,0.001,0.001,0.001,,,,23.68910334758679,12.080717419900598,7.751957985394087,6.830956524108839,6.470205680498761,SSP1,Upper CI,Taiwan,missing,missing,missing,missing,missing,missing,pork manure,missing,missing,missing,$/ton manure,Taiwanpork manure
11261,0.001,0.001,0.001,0.001,0.001,,,,1.4017199735680086,-0.13882037974559092,0.018658524684774802,0.021729420788968223,0.013608512672158235,SSP1,Lower CI,Taiwan,missing,missing,missing,missing,missing,missing,poultry manure,missing,missing,missing,$/ton manure,Taiwanpoultry manure
11261,0.001,0.001,0.001,0.001,0.001,,,,2.7521470588235295,0.8354764705882353,0.5567864705882353,0.47494176470588234,0.4464041176470588,SSP1,Median,Taiwan,missing,missing,missing,missing,missing,missing,poultry manure,missing,missing,missing,$/ton manure,Taiwanpoultry manure
11261,0.001,0.001,0.001,0.001,0.001,,,,4.477584396179891,4.0836586542553945,2.410135481507176,2.076868981687812,1.9486434316002876,SSP1,Upper CI,Taiwan,missing,missing,missing,missing,missing,missing,poultry manure,missing,missing,missing,$/ton manure,Taiwanpoultry manure
11506,0.001,0.001,0.001,0.001,0.001,,,,-2.544958115788713,0.4545509175628375,0.35662939984717346,0.27950644451725726,0.2514250104673912,SSP1,Lower CI,USA,missing,missing,missing,missing,missing,missing,beef manure,missing,missing,missing,$/ton manure,USAbeef manure
11506,0.001,0.001,0.001,0.001,0.001,,,,4.888735294117647,2.002382352941176,1.4363764705882351,1.2767882352941176,1.2064117647058823,SSP1,Median,USA,missing,missing,missing,missing,missing,missing,beef manure,missing,missing,missing,$/ton manure,USAbeef manure
11506,0.001,0.001,0.001,0.001,0.001,,,,28.74231441830972,9.343902729495985,5.209426699224034,4.767110831024539,4.551654741854589,SSP1,Upper CI,USA,missing,missing,missing,missing,missing,missing,beef manure,missing,missing,missing,$/ton manure,USAbeef manure
11530,0.001,0.001,0.001,0.001,0.001,,,,20.822602042273644,17.626230304475257,13.889210040240531,12.331460039019456,11.508050907018895,SSP1,Lower CI,USA,missing,missing,missing,missing,missing,missing,dairy manure,missing,missing,missing,$/ton manure,USAdairy manure
11530,0.001,0.001,0.001,0.001,0.001,,,,35.20388235294118,21.008764705882353,16.41747058823529,14.671294117647056,13.762588235294118,SSP1,Median,USA,missing,missing,missing,missing,missing,missing,dairy manure,missing,missing,missing,$/ton manure,USAdairy manure
11530,0.001,0.001,0.001,0.001,0.001,,,,59.62069207537341,35.0397900876816,25.450626492267208,23.52134429534587,22.544052498553857,SSP1,Upper CI,USA,missing,missing,missing,missing,missing,missing,dairy manure,missing,missing,missing,$/ton manure,USAdairy manure
11588,0.001,0.001,0.001,0.001,0.001,,,,58.83669618986824,54.14577027004063,49.95563353390687,48.73052177217737,48.40978865589139,SSP1,Lower CI,USA,missing,missing,missing,missing,missing,missing,goat manure,missing,missing,missing,$/ton manure,USAgoat manure
11588,0.001,0.001,0.001,0.001,0.001,,,,75.01529411764706,59.54470588235294,54.62729411764706,53.26223529411764,52.889705882352935,SSP1,Median,USA,missing,missing,missing,missing,missing,missing,goat manure,missing,missing,missing,$/ton manure,USAgoat manure
11588,0.001,0.001,0.001,0.001,0.001,,,,102.71945507063597,79.12684149466523,67.55785253420456,65.90754633927773,65.42062001283927,SSP1,Upper CI,USA,missing,missing,missing,missing,missing,missing,goat manure,missing,missing,missing,$/ton manure,USAgoat manure
11615,0.001,0.001,0.001,0.001,0.001,,,,18.291983043512353,15.412872183467265,11.216479143888584,9.515294100839913,8.671846187674868,SSP1,Lower CI,USA,missing,missing,missing,missing,missing,missing,pork manure,missing,missing,missing,$/ton manure,USApork manure
11615,0.001,0.001,0.001,0.001,0.001,,,,33.77782352941176,18.486941176470587,13.293,11.427058823529412,10.508999999999999,SSP1,Median,USA,missing,missing,missing,missing,missing,missing,pork manure,missing,missing,missing,$/ton manure,USApork manure
11615,0.001,0.001,0.001,0.001,0.001,,,,60.3495278808574,32.2681144831994,22.382262032582005,20.420622927023864,19.441592202418008,SSP1,Upper CI,USA,missing,missing,missing,missing,missing,missing,pork manure,missing,missing,missing,$/ton manure,USApork manure
11616,0.001,0.001,0.001,0.001,0.001,,,,-2.7275973792994606,0.3765239858417031,0.290791115126638,0.22087303692777516,0.19434594095440683,SSP1,Lower CI,USA,missing,missing,missing,missing,missing,missing,poultry manure,missing,missing,missing,$/ton manure,USApoultry manure
11616,0.001,0.001,0.001,0.001,0.001,,,,4.541229411764705,1.8209823529411764,1.2896588235294117,1.135429411764706,1.0653588235294118,SSP1,Median,USA,missing,missing,missing,missing,missing,missing,poultry manure,missing,missing,missing,$/ton manure,USApoultry manure
11616,0.001,0.001,0.001,0.001,0.001,,,,27.826553681820464,8.720723308275943,4.805897553604012,4.364702752545908,4.142770096197295,SSP1,Upper CI,USA,missing,missing,missing,missing,missing,missing,poultry manure,missing,missing,missing,$/ton manure,USApoultry manure
