,1990,2005,2010,2015,2020,2025,2030,2035,2040,2045,2050,2055,2060,SSP,Version,GCAM,sector,subsector,technology,output,concentration,input,product,fuel,LandLeaf,GHG,Units,categorization
153,0.02755,0.02755,0.02755,0.02755,0.02755,,,,143.9399947493157,151.957035013849,147.58753940856826,147.25936544892937,147.10742539988118,SSP1,Lower CI,USA,biochar,slow pyrolysis,beef_biochar,missing,missing,missing,missing,missing,missing,missing,$/ton biochar,USAbeef_biochar
153,0.03565,0.03565,0.03565,0.03565,0.03565,,,,159.92235294117646,153.7170588235294,152.5,152.15705882352938,152.00529411764705,SSP1,Median,USA,biochar,slow pyrolysis,beef_biochar,missing,missing,missing,missing,missing,missing,missing,$/ton biochar,USAbeef_biochar
153,0.02755,0.02755,0.02755,0.02755,0.02755,,,,211.2075682758944,174.36461204497448,164.4948135326082,163.7027398142285,163.32793063727055,SSP1,Upper CI,USA,biochar,slow pyrolysis,beef_biochar,missing,missing,missing,missing,missing,missing,missing,$/ton biochar,USAbeef_biochar
154,0.029725,0.029725,0.029725,0.029725,0.029725,,,,209.58906353803076,204.12603806044822,192.14024387191597,188.56179460510117,186.64711811472563,SSP1,Lower CI,USA,biochar,slow pyrolysis,dairy_biochar,missing,missing,missing,missing,missing,missing,missing,$/ton biochar,USAdairy_biochar
154,0.038525,0.038525,0.038525,0.038525,0.038525,,,,243.02529411764704,210.56705882352938,199.3470588235294,195.2870588235294,193.17470588235292,SSP1,Median,USA,biochar,slow pyrolysis,dairy_biochar,missing,missing,missing,missing,missing,missing,missing,$/ton biochar,USAdairy_biochar
154,0.029725,0.029725,0.029725,0.029725,0.029725,,,,299.794465873734,247.84141291994385,223.413130741087,218.91201344443436,216.64291284502661,SSP1,Upper CI,USA,biochar,slow pyrolysis,dairy_biochar,missing,missing,missing,missing,missing,missing,missing,$/ton biochar,USAdairy_biochar
155,0.026255,0.026255,0.026255,0.026255,0.026255,,,,263.2622450282303,255.2226721536804,243.50210685851994,240.97246868668913,240.2848345926833,SSP1,Lower CI,USA,biochar,slow pyrolysis,goat_biochar,missing,missing,missing,missing,missing,missing,missing,$/ton biochar,USAgoat_biochar
155,0.034055,0.034055,0.034055,0.034055,0.034055,,,,296.50882352941176,264.7176470588235,254.61176470588236,251.8070588235294,251.0411764705882,SSP1,Median,USA,biochar,slow pyrolysis,goat_biochar,missing,missing,missing,missing,missing,missing,missing,$/ton biochar,USAgoat_biochar
155,0.026255,0.026255,0.026255,0.026255,0.026255,,,,353.44162051798816,309.8274454933783,284.2673668256906,280.90276351145326,279.926930113199,SSP1,Upper CI,USA,biochar,slow pyrolysis,goat_biochar,missing,missing,missing,missing,missing,missing,missing,$/ton biochar,USAgoat_biochar
156,0.027336,0.027336,0.027336,0.027336,0.027336,,,,187.30685161069795,182.71927087359242,170.8136418965271,167.25847601987692,165.4706269891649,SSP1,Lower CI,USA,biochar,slow pyrolysis,pork_biochar,missing,missing,missing,missing,missing,missing,missing,$/ton biochar,USApork_biochar
156,0.035336,0.035336,0.035336,0.035336,0.035336,,,,220.38470588235296,187.83764705882353,176.62941176470588,172.6435294117647,170.68235294117645,SSP1,Median,USA,biochar,slow pyrolysis,pork_biochar,missing,missing,missing,missing,missing,missing,missing,$/ton biochar,USApork_biochar
156,0.027336,0.027336,0.027336,0.027336,0.027336,,,,277.1418878851003,221.62810167542713,198.53248813443275,194.30412459931807,192.21482192724372,SSP1,Upper CI,USA,biochar,slow pyrolysis,pork_biochar,missing,missing,missing,missing,missing,missing,missing,$/ton biochar,USApork_biochar
157,0.027239,0.027239,0.027239,0.027239,0.027239,,,,141.81265763616017,149.91214525307754,145.59610570247102,145.27062396415505,145.11312738238001,SSP1,Lower CI,USA,biochar,slow pyrolysis,poultry_biochar,missing,missing,missing,missing,missing,missing,missing,$/ton biochar,USApoultry_biochar
157,0.035239,0.035239,0.035239,0.035239,0.035239,,,,157.36058823529407,151.54235294117646,150.40588235294118,150.07588235294116,149.92588235294116,SSP1,Median,USA,biochar,slow pyrolysis,poultry_biochar,missing,missing,missing,missing,missing,missing,missing,$/ton biochar,USApoultry_biochar
157,0.027239,0.027239,0.027239,0.027239,0.027239,,,,207.16801463274737,171.21334494300083,161.90141751734316,161.1283853237706,160.75077354641257,SSP1,Upper CI,USA,biochar,slow pyrolysis,poultry_biochar,missing,missing,missing,missing,missing,missing,missing,$/ton biochar,USApoultry_biochar
1988,0.02755,0.02755,0.02755,0.02755,0.02755,,,,190.20735573139604,147.83660858940425,146.19973790203662,145.8176720574445,146.51881740770494,SSP1,Lower CI,Africa_Eastern,biochar,slow pyrolysis,beef_biochar,missing,missing,missing,missing,missing,missing,missing,$/ton biochar,Africa_Easternbeef_biochar
1988,0.03565,0.03565,0.03565,0.03565,0.03565,,,,281.6341176470588,157.38235294117646,155.16411764705882,155.39,156.48882352941177,SSP1,Median,Africa_Eastern,biochar,slow pyrolysis,beef_biochar,missing,missing,missing,missing,missing,missing,missing,$/ton biochar,Africa_Easternbeef_biochar
1988,0.02755,0.02755,0.02755,0.02755,0.02755,,,,429.692476201377,227.27672474392915,195.98750668000676,199.89576447506317,212.15022283997308,SSP1,Upper CI,Africa_Eastern,biochar,slow pyrolysis,beef_biochar,missing,missing,missing,missing,missing,missing,missing,$/ton biochar,Africa_Easternbeef_biochar
1989,0.029725,0.029725,0.029725,0.029725,0.029725,,,,256.0304076522019,211.07489221065197,200.61124229635337,201.23152773443297,206.08989611057868,SSP1,Lower CI,Africa_Eastern,biochar,slow pyrolysis,dairy_biochar,missing,missing,missing,missing,missing,missing,missing,$/ton biochar,Africa_Easterndairy_biochar
1989,0.038525,0.038525,0.038525,0.038525,0.038525,,,,361.2576470588235,223.12294117647056,210.89352941176466,211.6811764705882,217.0641176470588,SSP1,Median,Africa_Eastern,biochar,slow pyrolysis,dairy_biochar,missing,missing,missing,missing,missing,missing,missing,$/ton biochar,Africa_Easterndairy_biochar
1989,0.029725,0.029725,0.029725,0.029725,0.029725,,,,511.6894242805713,301.59381367170096,260.6572406757828,265.0841379002419,280.3969769544367,SSP1,Upper CI,Africa_Eastern,biochar,slow pyrolysis,dairy_biochar,missing,missing,missing,missing,missing,missing,missing,$/ton biochar,Africa_Easterndairy_biochar
1990,0.026255,0.026255,0.026255,0.026255,0.026255,,,,199.9033051237741,150.99094377360103,145.30061292144882,145.7446720622022,148.8967984350321,SSP1,Lower CI,Africa_Eastern,biochar,slow pyrolysis,goat_biochar,missing,missing,missing,missing,missing,missing,missing,$/ton biochar,Africa_Easterngoat_biochar
1990,0.034055,0.034055,0.034055,0.034055,0.034055,,,,298.3035294117647,160.5947058823529,152.88235294117644,153.23470588235293,156.1529411764706,SSP1,Median,Africa_Eastern,biochar,slow pyrolysis,goat_biochar,missing,missing,missing,missing,missing,missing,missing,$/ton biochar,Africa_Easterngoat_biochar
1990,0.026255,0.026255,0.026255,0.026255,0.026255,,,,447.42795538042765,235.5626248538499,199.7104706698824,204.33025053841698,218.66914583741368,SSP1,Upper CI,Africa_Eastern,biochar,slow pyrolysis,goat_biochar,missing,missing,missing,missing,missing,missing,missing,$/ton biochar,Africa_Easterngoat_biochar
1991,0.027336,0.027336,0.027336,0.027336,0.027336,,,,308.3421816915634,263.42137506878964,251.97585553314187,253.24209951993453,259.08459705689074,SSP1,Lower CI,Africa_Eastern,biochar,slow pyrolysis,pork_biochar,missing,missing,missing,missing,missing,missing,missing,$/ton biochar,Africa_Easternpork_biochar
1991,0.035336,0.035336,0.035336,0.035336,0.035336,,,,413.82470588235293,275.84999999999997,263.9188235294118,265.1705882352941,270.98,SSP1,Median,Africa_Eastern,biochar,slow pyrolysis,pork_biochar,missing,missing,missing,missing,missing,missing,missing,$/ton biochar,Africa_Easternpork_biochar
1991,0.027336,0.027336,0.027336,0.027336,0.027336,,,,563.8507594849073,359.14301708807307,317.51708564332876,322.2421729258858,337.76896331462626,SSP1,Upper CI,Africa_Eastern,biochar,slow pyrolysis,pork_biochar,missing,missing,missing,missing,missing,missing,missing,$/ton biochar,Africa_Easternpork_biochar
1992,0.027239,0.027239,0.027239,0.027239,0.027239,,,,223.49841770796792,179.20420031629067,169.59344205736593,170.48517144611992,175.55160225103043,SSP1,Lower CI,Africa_Eastern,biochar,slow pyrolysis,poultry_biochar,missing,missing,missing,missing,missing,missing,missing,$/ton biochar,Africa_Easternpoultry_biochar
1992,0.035239,0.035239,0.035239,0.035239,0.035239,,,,328.51,190.53176470588235,178.61705882352942,179.81705882352938,185.6635294117647,SSP1,Median,Africa_Eastern,biochar,slow pyrolysis,poultry_biochar,missing,missing,missing,missing,missing,missing,missing,$/ton biochar,Africa_Easternpoultry_biochar
1992,0.027239,0.027239,0.027239,0.027239,0.027239,,,,478.8556999390909,266.39430948763095,226.69126382498698,231.60430223809055,247.39149372420172,SSP1,Upper CI,Africa_Eastern,biochar,slow pyrolysis,poultry_biochar,missing,missing,missing,missing,missing,missing,missing,$/ton biochar,Africa_Easternpoultry_biochar
2748,0.02755,0.02755,0.02755,0.02755,0.02755,,,,152.40848079196473,151.07363715839404,147.349069723007,146.99558401161923,146.87535182705892,SSP1,Lower CI,Africa_Northern,biochar,slow pyrolysis,beef_biochar,missing,missing,missing,missing,missing,missing,missing,$/ton biochar,Africa_Northernbeef_biochar
2748,0.03565,0.03565,0.03565,0.03565,0.03565,,,,165.0629411764706,154.3970588235294,152.79823529411766,152.36529411764704,152.21117647058824,SSP1,Median,Africa_Northern,biochar,slow pyrolysis,beef_biochar,missing,missing,missing,missing,missing,missing,missing,$/ton biochar,Africa_Northernbeef_biochar
2748,0.02755,0.02755,0.02755,0.02755,0.02755,,,,195.28395618282514,176.44973539062562,167.38641015315392,166.40348719581104,165.9196326930649,SSP1,Upper CI,Africa_Northern,biochar,slow pyrolysis,beef_biochar,missing,missing,missing,missing,missing,missing,missing,$/ton biochar,Africa_Northernbeef_biochar
2749,0.029725,0.029725,0.029725,0.029725,0.029725,,,,221.821850942519,203.55151231617486,191.18002728110156,187.43704516422227,185.88045820789677,SSP1,Lower CI,Africa_Northern,biochar,slow pyrolysis,dairy_biochar,missing,missing,missing,missing,missing,missing,missing,$/ton biochar,Africa_Northerndairy_biochar
2749,0.038525,0.038525,0.038525,0.038525,0.038525,,,,250.12235294117647,212.56705882352938,199.75176470588235,195.42176470588234,193.72058823529412,SSP1,Median,Africa_Northern,biochar,slow pyrolysis,dairy_biochar,missing,missing,missing,missing,missing,missing,missing,$/ton biochar,Africa_Northerndairy_biochar
2749,0.029725,0.029725,0.029725,0.029725,0.029725,,,,283.5257120826911,251.34213474264862,227.42535971580236,222.75354307107185,220.62759132770697,SSP1,Upper CI,Africa_Northern,biochar,slow pyrolysis,dairy_biochar,missing,missing,missing,missing,missing,missing,missing,$/ton biochar,Africa_Northerndairy_biochar
2750,0.026255,0.026255,0.026255,0.026255,0.026255,,,,158.99502850457725,147.25542026077986,142.92306004548428,142.24795437628154,142.01173307739327,SSP1,Lower CI,Africa_Northern,biochar,slow pyrolysis,goat_biochar,missing,missing,missing,missing,missing,missing,missing,$/ton biochar,Africa_Northerngoat_biochar
2750,0.034055,0.034055,0.034055,0.034055,0.034055,,,,177.28411764705882,150.65588235294118,148.18294117647056,147.4976470588235,147.25823529411764,SSP1,Median,Africa_Northern,biochar,slow pyrolysis,goat_biochar,missing,missing,missing,missing,missing,missing,missing,$/ton biochar,Africa_Northerngoat_biochar
2750,0.026255,0.026255,0.026255,0.026255,0.026255,,,,208.1222824197925,176.67148170000442,165.26628979971693,163.7535316918299,163.0688861176531,SSP1,Upper CI,Africa_Northern,biochar,slow pyrolysis,goat_biochar,missing,missing,missing,missing,missing,missing,missing,$/ton biochar,Africa_Northerngoat_biochar
2751,0.027336,0.027336,0.027336,0.027336,0.027336,,,,408.50511355679083,381.7399704268256,368.1890863610279,364.4468762976475,363.1081816649727,SSP1,Lower CI,Africa_Northern,biochar,slow pyrolysis,pork_biochar,missing,missing,missing,missing,missing,missing,missing,$/ton biochar,Africa_Northernpork_biochar
2751,0.035336,0.035336,0.035336,0.035336,0.035336,,,,437.42823529411766,399.8929411764705,387.11470588235295,383.19,381.7970588235294,SSP1,Median,Africa_Northern,biochar,slow pyrolysis,pork_biochar,missing,missing,missing,missing,missing,missing,missing,$/ton biochar,Africa_Northernpork_biochar
2751,0.027336,0.027336,0.027336,0.027336,0.027336,,,,470.1441301406881,468.24418643591946,437.1104802024396,432.69690079213564,430.89243753007383,SSP1,Upper CI,Africa_Northern,biochar,slow pyrolysis,pork_biochar,missing,missing,missing,missing,missing,missing,missing,$/ton biochar,Africa_Northernpork_biochar
2752,0.027239,0.027239,0.027239,0.027239,0.027239,,,,148.6518905799606,148.46121680688955,145.1344346076898,144.84502929395882,144.74466225328786,SSP1,Lower CI,Africa_Northern,biochar,slow pyrolysis,poultry_biochar,missing,missing,missing,missing,missing,missing,missing,$/ton biochar,Africa_Northernpoultry_biochar
2752,0.035239,0.035239,0.035239,0.035239,0.035239,,,,159.02882352941174,151.66588235294114,150.3535294117647,150.00764705882352,149.88470588235293,SSP1,Median,Africa_Northern,biochar,slow pyrolysis,poultry_biochar,missing,missing,missing,missing,missing,missing,missing,$/ton biochar,Africa_Northernpoultry_biochar
2752,0.027239,0.027239,0.027239,0.027239,0.027239,,,,187.49331950407304,171.84278319311036,163.90420316320802,163.05280352337866,162.62846468169664,SSP1,Upper CI,Africa_Northern,biochar,slow pyrolysis,poultry_biochar,missing,missing,missing,missing,missing,missing,missing,$/ton biochar,Africa_Northernpoultry_biochar
3516,0.02755,0.02755,0.02755,0.02755,0.02755,,,,174.0499841303766,156.4764716745849,148.2407568697305,148.01901459500334,147.98734363215587,SSP1,Lower CI,Africa_Southern,biochar,slow pyrolysis,beef_biochar,missing,missing,missing,missing,missing,missing,missing,$/ton biochar,Africa_Southernbeef_biochar
3516,0.03565,0.03565,0.03565,0.03565,0.03565,,,,232.0605882352941,157.20529411764704,154.5805882352941,154.47529411764705,155.17117647058822,SSP1,Median,Africa_Southern,biochar,slow pyrolysis,beef_biochar,missing,missing,missing,missing,missing,missing,missing,$/ton biochar,Africa_Southernbeef_biochar
3516,0.02755,0.02755,0.02755,0.02755,0.02755,,,,342.853713348615,203.13741067835622,183.82580659776175,183.89132596227216,189.45123221923726,SSP1,Upper CI,Africa_Southern,biochar,slow pyrolysis,beef_biochar,missing,missing,missing,missing,missing,missing,missing,$/ton biochar,Africa_Southernbeef_biochar
3517,0.029725,0.029725,0.029725,0.029725,0.029725,,,,267.02280083895175,243.4930419876061,224.75040343257453,223.9681445636748,227.6351270547179,SSP1,Lower CI,Africa_Southern,biochar,slow pyrolysis,dairy_biochar,missing,missing,missing,missing,missing,missing,missing,$/ton biochar,Africa_Southerndairy_biochar
3517,0.038525,0.038525,0.038525,0.038525,0.038525,,,,339.2176470588235,249.895294117647,235.06470588235294,234.1011764705882,238.27705882352936,SSP1,Median,Africa_Southern,biochar,slow pyrolysis,dairy_biochar,missing,missing,missing,missing,missing,missing,missing,$/ton biochar,Africa_Southerndairy_biochar
3517,0.029725,0.029725,0.029725,0.029725,0.029725,,,,452.4719890770144,309.5383305614135,275.99591235689894,275.32665419793506,283.32493486478666,SSP1,Upper CI,Africa_Southern,biochar,slow pyrolysis,dairy_biochar,missing,missing,missing,missing,missing,missing,missing,$/ton biochar,Africa_Southerndairy_biochar
3518,0.026255,0.026255,0.026255,0.026255,0.026255,,,,200.56993338009897,179.03001466841692,161.2954546185599,160.82850280350053,164.4639670558601,SSP1,Lower CI,Africa_Southern,biochar,slow pyrolysis,goat_biochar,missing,missing,missing,missing,missing,missing,missing,$/ton biochar,Africa_Southerngoat_biochar
3518,0.034055,0.034055,0.034055,0.034055,0.034055,,,,271.80352941176466,182.47588235294114,167.8705882352941,167.28235294117647,171.98999999999998,SSP1,Median,Africa_Southern,biochar,slow pyrolysis,goat_biochar,missing,missing,missing,missing,missing,missing,missing,$/ton biochar,Africa_Southerngoat_biochar
3518,0.026255,0.026255,0.026255,0.026255,0.026255,,,,384.82183132578336,234.66065199824976,204.42912742478373,204.31230215005982,212.95256545187988,SSP1,Upper CI,Africa_Southern,biochar,slow pyrolysis,goat_biochar,missing,missing,missing,missing,missing,missing,missing,$/ton biochar,Africa_Southerngoat_biochar
3519,0.027336,0.027336,0.027336,0.027336,0.027336,,,,245.38251011873027,221.5375676926802,203.6570460906068,203.1480384477997,206.94793991249162,SSP1,Lower CI,Africa_Southern,biochar,slow pyrolysis,pork_biochar,missing,missing,missing,missing,missing,missing,missing,$/ton biochar,Africa_Southernpork_biochar
3519,0.035336,0.035336,0.035336,0.035336,0.035336,,,,317.73764705882354,228.28941176470587,213.44235294117644,212.75058823529412,217.38764705882352,SSP1,Median,Africa_Southern,biochar,slow pyrolysis,pork_biochar,missing,missing,missing,missing,missing,missing,missing,$/ton biochar,Africa_Southernpork_biochar
3519,0.027336,0.027336,0.027336,0.027336,0.027336,,,,430.7245487047992,284.7465891700649,252.38722635521367,252.04001108780398,260.5575709234216,SSP1,Upper CI,Africa_Southern,biochar,slow pyrolysis,pork_biochar,missing,missing,missing,missing,missing,missing,missing,$/ton biochar,Africa_Southernpork_biochar
3520,0.027239,0.027239,0.027239,0.027239,0.027239,,,,196.86782978676732,172.57057313959933,156.10159567092796,155.70294952896475,157.94414654491877,SSP1,Lower CI,Africa_Southern,biochar,slow pyrolysis,poultry_biochar,missing,missing,missing,missing,missing,missing,missing,$/ton biochar,Africa_Southernpoultry_biochar
3520,0.035239,0.035239,0.035239,0.035239,0.035239,,,,264.865294117647,175.01764705882354,160.13529411764705,159.84588235294117,163.11470588235295,SSP1,Median,Africa_Southern,biochar,slow pyrolysis,poultry_biochar,missing,missing,missing,missing,missing,missing,missing,$/ton biochar,Africa_Southernpoultry_biochar
3520,0.027239,0.027239,0.027239,0.027239,0.027239,,,,376.83469122163604,227.14801509569475,198.37537027334446,198.1813848363603,205.45250980183042,SSP1,Upper CI,Africa_Southern,biochar,slow pyrolysis,poultry_biochar,missing,missing,missing,missing,missing,missing,missing,$/ton biochar,Africa_Southernpoultry_biochar
4303,0.02755,0.02755,0.02755,0.02755,0.02755,,,,176.51726799276287,156.41198254503578,149.11190646476484,149.0356071439742,148.52179489949756,SSP1,Lower CI,Africa_Western,biochar,slow pyrolysis,beef_biochar,missing,missing,missing,missing,missing,missing,missing,$/ton biochar,Africa_Westernbeef_biochar
4303,0.03565,0.03565,0.03565,0.03565,0.03565,,,,240.57529411764702,157.54588235294113,154.92823529411766,154.76882352941175,155.13764705882352,SSP1,Median,Africa_Western,biochar,slow pyrolysis,beef_biochar,missing,missing,missing,missing,missing,missing,missing,$/ton biochar,Africa_Westernbeef_biochar
4303,0.02755,0.02755,0.02755,0.02755,0.02755,,,,370.9262614190018,186.87750765104258,180.9068551451423,180.56996561144373,184.40272522434142,SSP1,Upper CI,Africa_Western,biochar,slow pyrolysis,beef_biochar,missing,missing,missing,missing,missing,missing,missing,$/ton biochar,Africa_Westernbeef_biochar
4304,0.029725,0.029725,0.029725,0.029725,0.029725,,,,290.6494741984455,258.1206835138668,244.5438773114353,243.67826335161135,245.2590681074743,SSP1,Lower CI,Africa_Western,biochar,slow pyrolysis,dairy_biochar,missing,missing,missing,missing,missing,missing,missing,$/ton biochar,Africa_Westerndairy_biochar
4304,0.038525,0.038525,0.038525,0.038525,0.038525,,,,365.0488235294117,268.9917647058823,254.7935294117647,253.55352941176469,255.55941176470586,SSP1,Median,Africa_Western,biochar,slow pyrolysis,dairy_biochar,missing,missing,missing,missing,missing,missing,missing,$/ton biochar,Africa_Westerndairy_biochar
4304,0.029725,0.029725,0.029725,0.029725,0.029725,,,,496.90262664189055,314.5919439371135,293.70194312200124,292.5261329332184,297.34155108757216,SSP1,Upper CI,Africa_Western,biochar,slow pyrolysis,dairy_biochar,missing,missing,missing,missing,missing,missing,missing,$/ton biochar,Africa_Westerndairy_biochar
4305,0.026255,0.026255,0.026255,0.026255,0.026255,,,,179.9355409544021,152.99820180230668,144.61869447092738,144.46476771118304,144.20540395829525,SSP1,Lower CI,Africa_Western,biochar,slow pyrolysis,goat_biochar,missing,missing,missing,missing,missing,missing,missing,$/ton biochar,Africa_Westerngoat_biochar
4305,0.034055,0.034055,0.034055,0.034055,0.034055,,,,248.0305882352941,153.7741176470588,150.34235294117644,150.14235294117645,150.67235294117646,SSP1,Median,Africa_Western,biochar,slow pyrolysis,goat_biochar,missing,missing,missing,missing,missing,missing,missing,$/ton biochar,Africa_Westerngoat_biochar
4305,0.026255,0.026255,0.026255,0.026255,0.026255,,,,378.8842909783709,187.47458251141873,179.07356559099213,178.6518886355661,182.8262988280824,SSP1,Upper CI,Africa_Western,biochar,slow pyrolysis,goat_biochar,missing,missing,missing,missing,missing,missing,missing,$/ton biochar,Africa_Westerngoat_biochar
4306,0.027336,0.027336,0.027336,0.027336,0.027336,,,,271.11691426435726,239.2624737650909,225.5319626684075,224.78715327161567,226.46693745851263,SSP1,Lower CI,Africa_Western,biochar,slow pyrolysis,pork_biochar,missing,missing,missing,missing,missing,missing,missing,$/ton biochar,Africa_Westernpork_biochar
4306,0.035336,0.035336,0.035336,0.035336,0.035336,,,,345.6582352941176,249.6341176470588,235.5447058823529,234.4135294117647,236.59647058823526,SSP1,Median,Africa_Western,biochar,slow pyrolysis,pork_biochar,missing,missing,missing,missing,missing,missing,missing,$/ton biochar,Africa_Westernpork_biochar
4306,0.027336,0.027336,0.027336,0.027336,0.027336,,,,477.2372033827016,292.3207419211837,272.352309777413,271.3155711865885,276.4065609934997,SSP1,Upper CI,Africa_Western,biochar,slow pyrolysis,pork_biochar,missing,missing,missing,missing,missing,missing,missing,$/ton biochar,Africa_Westernpork_biochar
4307,0.027239,0.027239,0.027239,0.027239,0.027239,,,,194.06276032568235,165.281995327606,153.004432066184,152.8758325301719,152.8531030415262,SSP1,Lower CI,Africa_Western,biochar,slow pyrolysis,poultry_biochar,missing,missing,missing,missing,missing,missing,missing,$/ton biochar,Africa_Westernpoultry_biochar
4307,0.035239,0.035239,0.035239,0.035239,0.035239,,,,265.27529411764704,168.7135294117647,158.5117647058823,158.17,158.69588235294117,SSP1,Median,Africa_Western,biochar,slow pyrolysis,poultry_biochar,missing,missing,missing,missing,missing,missing,missing,$/ton biochar,Africa_Westernpoultry_biochar
4307,0.027239,0.027239,0.027239,0.027239,0.027239,,,,395.97908841381343,202.45761251553125,190.07036669542583,189.53587025620575,193.65451305754505,SSP1,Upper CI,Africa_Western,biochar,slow pyrolysis,poultry_biochar,missing,missing,missing,missing,missing,missing,missing,$/ton biochar,Africa_Westernpoultry_biochar
5072,0.02755,0.02755,0.02755,0.02755,0.02755,,,,149.14303008439202,149.55765166067619,146.08083816317597,145.8556763006264,145.75701645662812,SSP1,Lower CI,Australia_NZ,biochar,slow pyrolysis,beef_biochar,missing,missing,missing,missing,missing,missing,missing,$/ton biochar,Australia_NZbeef_biochar
5072,0.03565,0.03565,0.03565,0.03565,0.03565,,,,157.2676470588235,151.77941176470586,151.02705882352942,150.85882352941175,150.79294117647058,SSP1,Median,Australia_NZ,biochar,slow pyrolysis,beef_biochar,missing,missing,missing,missing,missing,missing,missing,$/ton biochar,Australia_NZbeef_biochar
5072,0.02755,0.02755,0.02755,0.02755,0.02755,,,,174.0818438651878,167.12446598638257,161.40194821453295,160.89224939596804,160.6643457724741,SSP1,Upper CI,Australia_NZ,biochar,slow pyrolysis,beef_biochar,missing,missing,missing,missing,missing,missing,missing,$/ton biochar,Australia_NZbeef_biochar
5073,0.029725,0.029725,0.029725,0.029725,0.029725,,,,200.364124663117,183.62903410643906,171.54730415806802,169.24358386057506,168.3134961697984,SSP1,Lower CI,Australia_NZ,biochar,slow pyrolysis,dairy_biochar,missing,missing,missing,missing,missing,missing,missing,$/ton biochar,Australia_NZdairy_biochar
5073,0.038525,0.038525,0.038525,0.038525,0.038525,,,,228.4570588235294,187.82764705882352,175.62823529411764,173.9011764705882,173.30352941176469,SSP1,Median,Australia_NZ,biochar,slow pyrolysis,dairy_biochar,missing,missing,missing,missing,missing,missing,missing,$/ton biochar,Australia_NZdairy_biochar
5073,0.029725,0.029725,0.029725,0.029725,0.029725,,,,257.41621147133674,220.12539726610993,199.5978351608174,196.35814988555492,194.83634903143994,SSP1,Upper CI,Australia_NZ,biochar,slow pyrolysis,dairy_biochar,missing,missing,missing,missing,missing,missing,missing,$/ton biochar,Australia_NZdairy_biochar
5074,0.026255,0.026255,0.026255,0.026255,0.026255,,,,156.75641100574228,147.06892238326589,142.84002400995607,142.24756959966666,141.90166014222163,SSP1,Lower CI,Australia_NZ,biochar,slow pyrolysis,goat_biochar,missing,missing,missing,missing,missing,missing,missing,$/ton biochar,Australia_NZgoat_biochar
5074,0.034055,0.034055,0.034055,0.034055,0.034055,,,,173.3170588235294,149.31176470588233,147.2811764705882,146.76941176470586,146.5035294117647,SSP1,Median,Australia_NZ,biochar,slow pyrolysis,goat_biochar,missing,missing,missing,missing,missing,missing,missing,$/ton biochar,Australia_NZgoat_biochar
5074,0.026255,0.026255,0.026255,0.026255,0.026255,,,,199.17417722955184,171.61664624418506,161.39260756899128,159.94444278423427,159.16285998161734,SSP1,Upper CI,Australia_NZ,biochar,slow pyrolysis,goat_biochar,missing,missing,missing,missing,missing,missing,missing,$/ton biochar,Australia_NZgoat_biochar
5075,0.027336,0.027336,0.027336,0.027336,0.027336,,,,231.65315532782705,211.78186943576566,198.27508412583416,194.2117978020231,191.66123753918131,SSP1,Lower CI,Australia_NZ,biochar,slow pyrolysis,pork_biochar,missing,missing,missing,missing,missing,missing,missing,$/ton biochar,Australia_NZpork_biochar
5075,0.035336,0.035336,0.035336,0.035336,0.035336,,,,262.8405882352941,220.85176470588235,207.65882352941176,202.99764705882353,200.18352941176468,SSP1,Median,Australia_NZ,biochar,slow pyrolysis,pork_biochar,missing,missing,missing,missing,missing,missing,missing,$/ton biochar,Australia_NZpork_biochar
5075,0.027336,0.027336,0.027336,0.027336,0.027336,,,,292.5335673612486,257.120797230901,232.02076726735464,226.44937866856515,223.02315874564832,SSP1,Upper CI,Australia_NZ,biochar,slow pyrolysis,pork_biochar,missing,missing,missing,missing,missing,missing,missing,$/ton biochar,Australia_NZpork_biochar
5076,0.027239,0.027239,0.027239,0.027239,0.027239,,,,163.10690159618116,152.48857487219973,147.96582823472042,147.21084509438552,146.73394959487442,SSP1,Lower CI,Australia_NZ,biochar,slow pyrolysis,poultry_biochar,missing,missing,missing,missing,missing,missing,missing,$/ton biochar,Australia_NZpoultry_biochar
5076,0.035239,0.035239,0.035239,0.035239,0.035239,,,,180.0935294117647,154.83823529411762,152.57411764705884,151.92823529411766,151.56411764705882,SSP1,Median,Australia_NZ,biochar,slow pyrolysis,poultry_biochar,missing,missing,missing,missing,missing,missing,missing,$/ton biochar,Australia_NZpoultry_biochar
5076,0.027239,0.027239,0.027239,0.027239,0.027239,,,,205.97612361390287,177.86530748074134,167.02606031017123,165.27584221211603,164.25917734011014,SSP1,Upper CI,Australia_NZ,biochar,slow pyrolysis,poultry_biochar,missing,missing,missing,missing,missing,missing,missing,$/ton biochar,Australia_NZpoultry_biochar
5822,0.02755,0.02755,0.02755,0.02755,0.02755,,,,153.2396459728449,152.69578446228874,148.41385388216798,147.76793645840206,147.60867851087252,SSP1,Lower CI,Brazil,biochar,slow pyrolysis,beef_biochar,missing,missing,missing,missing,missing,missing,missing,$/ton biochar,Brazilbeef_biochar
5822,0.03565,0.03565,0.03565,0.03565,0.03565,,,,169.24941176470588,154.6070588235294,153.0635294117647,152.63176470588232,152.4735294117647,SSP1,Median,Brazil,biochar,slow pyrolysis,beef_biochar,missing,missing,missing,missing,missing,missing,missing,$/ton biochar,Brazilbeef_biochar
5822,0.02755,0.02755,0.02755,0.02755,0.02755,,,,211.0606901616088,176.50476455731908,165.6722761487917,164.34085611125732,163.9570180835547,SSP1,Upper CI,Brazil,biochar,slow pyrolysis,beef_biochar,missing,missing,missing,missing,missing,missing,missing,$/ton biochar,Brazilbeef_biochar
5823,0.029725,0.029725,0.029725,0.029725,0.029725,,,,255.2721084583968,237.60659337119253,224.7330429723659,221.27687705204914,220.08102336440876,SSP1,Lower CI,Brazil,biochar,slow pyrolysis,dairy_biochar,missing,missing,missing,missing,missing,missing,missing,$/ton biochar,Brazildairy_biochar
5823,0.038525,0.038525,0.038525,0.038525,0.038525,,,,288.16941176470584,247.54647058823528,235.87117647058818,231.9841176470588,230.5647058823529,SSP1,Median,Brazil,biochar,slow pyrolysis,dairy_biochar,missing,missing,missing,missing,missing,missing,missing,$/ton biochar,Brazildairy_biochar
5823,0.029725,0.029725,0.029725,0.029725,0.029725,,,,333.24184112143513,289.2584262366506,262.53475888521916,257.77408270027274,256.1148280287801,SSP1,Upper CI,Brazil,biochar,slow pyrolysis,dairy_biochar,missing,missing,missing,missing,missing,missing,missing,$/ton biochar,Brazildairy_biochar
5824,0.026255,0.026255,0.026255,0.026255,0.026255,,,,265.57165516164036,247.28575497508663,233.96594930134725,230.03368852955114,228.49118450349678,SSP1,Lower CI,Brazil,biochar,slow pyrolysis,goat_biochar,missing,missing,missing,missing,missing,missing,missing,$/ton biochar,Brazilgoat_biochar
5824,0.034055,0.034055,0.034055,0.034055,0.034055,,,,298.35647058823525,257.2664705882353,245.21470588235292,241.05294117647057,239.35176470588232,SSP1,Median,Brazil,biochar,slow pyrolysis,goat_biochar,missing,missing,missing,missing,missing,missing,missing,$/ton biochar,Brazilgoat_biochar
5824,0.026255,0.026255,0.026255,0.026255,0.026255,,,,343.42246248541835,300.17259796608977,272.6073014726465,267.47361797199693,265.4552551249862,SSP1,Upper CI,Brazil,biochar,slow pyrolysis,goat_biochar,missing,missing,missing,missing,missing,missing,missing,$/ton biochar,Brazilgoat_biochar
5825,0.027336,0.027336,0.027336,0.027336,0.027336,,,,236.36729853796976,218.92676681384842,206.3092114086275,202.6784079137298,201.23857071590552,SSP1,Lower CI,Brazil,biochar,slow pyrolysis,pork_biochar,missing,missing,missing,missing,missing,missing,missing,$/ton biochar,Brazilpork_biochar
5825,0.035336,0.035336,0.035336,0.035336,0.035336,,,,268.9582352941176,228.37176470588236,216.30176470588233,211.99352941176468,210.35294117647058,SSP1,Median,Brazil,biochar,slow pyrolysis,pork_biochar,missing,missing,missing,missing,missing,missing,missing,$/ton biochar,Brazilpork_biochar
5825,0.027336,0.027336,0.027336,0.027336,0.027336,,,,314.3466510418622,266.94539004889674,240.5740703251186,235.48728868069736,233.49913826242258,SSP1,Upper CI,Brazil,biochar,slow pyrolysis,pork_biochar,missing,missing,missing,missing,missing,missing,missing,$/ton biochar,Brazilpork_biochar
5826,0.027239,0.027239,0.027239,0.027239,0.027239,,,,160.09362395188842,152.89090269938575,148.45413730497546,147.75906809535218,147.54681416988865,SSP1,Lower CI,Brazil,biochar,slow pyrolysis,poultry_biochar,missing,missing,missing,missing,missing,missing,missing,$/ton biochar,Brazilpoultry_biochar
5826,0.035239,0.035239,0.035239,0.035239,0.035239,,,,179.25,154.97117647058823,152.90764705882353,152.30941176470589,152.12529411764706,SSP1,Median,Brazil,biochar,slow pyrolysis,poultry_biochar,missing,missing,missing,missing,missing,missing,missing,$/ton biochar,Brazilpoultry_biochar
5826,0.027239,0.027239,0.027239,0.027239,0.027239,,,,221.43679621617886,179.61356788884953,167.20976362381708,165.54000311207813,165.02228799729397,SSP1,Upper CI,Brazil,biochar,slow pyrolysis,poultry_biochar,missing,missing,missing,missing,missing,missing,missing,$/ton biochar,Brazilpoultry_biochar
6592,0.02755,0.02755,0.02755,0.02755,0.02755,,,,219.22100134728083,150.01018442543446,147.7678889858895,148.33005297099163,148.53084988531515,SSP1,Lower CI,Canada,biochar,slow pyrolysis,beef_biochar,missing,missing,missing,missing,missing,missing,missing,$/ton biochar,Canadabeef_biochar
6592,0.03565,0.03565,0.03565,0.03565,0.03565,,,,311.0376470588235,156.99294117647057,154.7170588235294,154.12294117647056,153.90823529411765,SSP1,Median,Canada,biochar,slow pyrolysis,beef_biochar,missing,missing,missing,missing,missing,missing,missing,$/ton biochar,Canadabeef_biochar
6592,0.02755,0.02755,0.02755,0.02755,0.02755,,,,432.57933478717285,220.03310969221255,184.60424723702067,179.1721761311755,176.96357735926688,SSP1,Upper CI,Canada,biochar,slow pyrolysis,beef_biochar,missing,missing,missing,missing,missing,missing,missing,$/ton biochar,Canadabeef_biochar
6593,0.029725,0.029725,0.029725,0.029725,0.029725,,,,302.032523343816,229.37748136605038,215.58682151088456,211.9946435378137,210.0804725589552,SSP1,Lower CI,Canada,biochar,slow pyrolysis,dairy_biochar,missing,missing,missing,missing,missing,missing,missing,$/ton biochar,Canadadairy_biochar
6593,0.038525,0.038525,0.038525,0.038525,0.038525,,,,409.2747058823529,239.68176470588236,226.4235294117647,221.73235294117643,219.41235294117647,SSP1,Median,Canada,biochar,slow pyrolysis,dairy_biochar,missing,missing,missing,missing,missing,missing,missing,$/ton biochar,Canadadairy_biochar
6593,0.029725,0.029725,0.029725,0.029725,0.029725,,,,535.0207539671082,315.0145186339496,266.61330232812475,257.7034369575423,253.62218997974452,SSP1,Upper CI,Canada,biochar,slow pyrolysis,dairy_biochar,missing,missing,missing,missing,missing,missing,missing,$/ton biochar,Canadadairy_biochar
6594,0.026255,0.026255,0.026255,0.026255,0.026255,,,,330.0539719305616,258.0027290492615,243.29644102792776,239.67086307323154,237.9012730454673,SSP1,Lower CI,Canada,biochar,slow pyrolysis,goat_biochar,missing,missing,missing,missing,missing,missing,missing,$/ton biochar,Canadagoat_biochar
6594,0.034055,0.034055,0.034055,0.034055,0.034055,,,,437.05529411764707,267.7994117647059,254.89411764705883,250.54882352941178,248.5535294117647,SSP1,Median,Canada,biochar,slow pyrolysis,goat_biochar,missing,missing,missing,missing,missing,missing,missing,$/ton biochar,Canadagoat_biochar
6594,0.026255,0.026255,0.026255,0.026255,0.026255,,,,562.6021625232198,346.1659768330914,297.4794103652611,288.9698180413194,285.2682625582479,SSP1,Upper CI,Canada,biochar,slow pyrolysis,goat_biochar,missing,missing,missing,missing,missing,missing,missing,$/ton biochar,Canadagoat_biochar
6595,0.027336,0.027336,0.027336,0.027336,0.027336,,,,255.66721502743619,184.35447530867646,172.04004445489522,169.17304127483357,167.91364598956716,SSP1,Lower CI,Canada,biochar,slow pyrolysis,pork_biochar,missing,missing,missing,missing,missing,missing,missing,$/ton biochar,Canadapork_biochar
6595,0.035336,0.035336,0.035336,0.035336,0.035336,,,,363.2358823529412,193.37999999999997,180.43823529411765,176.13941176470587,174.43117647058824,SSP1,Median,Canada,biochar,slow pyrolysis,pork_biochar,missing,missing,missing,missing,missing,missing,missing,$/ton biochar,Canadapork_biochar
6595,0.027336,0.027336,0.027336,0.027336,0.027336,,,,488.64505388012674,264.1411325344607,217.44837659773634,209.18572033507354,205.78189580609848,SSP1,Upper CI,Canada,biochar,slow pyrolysis,pork_biochar,missing,missing,missing,missing,missing,missing,missing,$/ton biochar,Canadapork_biochar
6596,0.027239,0.027239,0.027239,0.027239,0.027239,,,,226.87282183202717,152.10999680758314,148.37901242002917,148.38479025346297,148.28219858740988,SSP1,Lower CI,Canada,biochar,slow pyrolysis,poultry_biochar,missing,missing,missing,missing,missing,missing,missing,$/ton biochar,Canadapoultry_biochar
6596,0.035239,0.035239,0.035239,0.035239,0.035239,,,,323.3299999999999,158.3894117647059,155.23823529411766,154.31470588235294,153.89529411764704,SSP1,Median,Canada,biochar,slow pyrolysis,poultry_biochar,missing,missing,missing,missing,missing,missing,missing,$/ton biochar,Canadapoultry_biochar
6596,0.027239,0.027239,0.027239,0.027239,0.027239,,,,445.95070757973747,226.11376789829913,187.8951671465343,181.72629333786833,179.03941131971084,SSP1,Upper CI,Canada,biochar,slow pyrolysis,poultry_biochar,missing,missing,missing,missing,missing,missing,missing,$/ton biochar,Canadapoultry_biochar
7380,0.02755,0.02755,0.02755,0.02755,0.02755,,,,168.17249504539993,154.49773865930024,150.02874784121485,149.53486592884929,149.2612992214896,SSP1,Lower CI,Central America and Caribbean,biochar,slow pyrolysis,beef_biochar,missing,missing,missing,missing,missing,missing,missing,$/ton biochar,Central America and Caribbeanbeef_biochar
7380,0.03565,0.03565,0.03565,0.03565,0.03565,,,,183.8029411764706,157.64529411764704,154.93529411764706,154.31823529411764,154.04764705882351,SSP1,Median,Central America and Caribbean,biochar,slow pyrolysis,beef_biochar,missing,missing,missing,missing,missing,missing,missing,$/ton biochar,Central America and Caribbeanbeef_biochar
7380,0.02755,0.02755,0.02755,0.02755,0.02755,,,,204.50296713947407,181.31120251717033,170.16543172534864,168.9529978482405,168.2921373110181,SSP1,Upper CI,Central America and Caribbean,biochar,slow pyrolysis,beef_biochar,missing,missing,missing,missing,missing,missing,missing,$/ton biochar,Central America and Caribbeanbeef_biochar
7381,0.029725,0.029725,0.029725,0.029725,0.029725,,,,249.07027020071112,225.3308856468265,214.2721949565374,211.56804956224386,210.02758596984611,SSP1,Lower CI,Central America and Caribbean,biochar,slow pyrolysis,dairy_biochar,missing,missing,missing,missing,missing,missing,missing,$/ton biochar,Central America and Caribbeandairy_biochar
7381,0.038525,0.038525,0.038525,0.038525,0.038525,,,,278.4605882352941,239.72,225.3705882352941,221.38117647058826,219.59352941176468,SSP1,Median,Central America and Caribbean,biochar,slow pyrolysis,dairy_biochar,missing,missing,missing,missing,missing,missing,missing,$/ton biochar,Central America and Caribbeandairy_biochar
7381,0.029725,0.029725,0.029725,0.029725,0.029725,,,,303.87880542954093,276.0198594512127,251.2413034954749,247.40842102599146,245.30256882891538,SSP1,Upper CI,Central America and Caribbean,biochar,slow pyrolysis,dairy_biochar,missing,missing,missing,missing,missing,missing,missing,$/ton biochar,Central America and Caribbeandairy_biochar
7382,0.026255,0.026255,0.026255,0.026255,0.026255,,,,242.17694071307335,218.79212944920903,207.02641716052682,204.05428189139917,202.5051696588474,SSP1,Lower CI,Central America and Caribbean,biochar,slow pyrolysis,goat_biochar,missing,missing,missing,missing,missing,missing,missing,$/ton biochar,Central America and Caribbeangoat_biochar
7382,0.034055,0.034055,0.034055,0.034055,0.034055,,,,271.56117647058824,232.68411764705883,218.3182352941176,214.35470588235296,212.67,SSP1,Median,Central America and Caribbean,biochar,slow pyrolysis,goat_biochar,missing,missing,missing,missing,missing,missing,missing,$/ton biochar,Central America and Caribbeangoat_biochar
7382,0.026255,0.026255,0.026255,0.026255,0.026255,,,,296.99398365667446,267.96112545275173,243.36782432554128,239.49822584853888,237.49154860740637,SSP1,Upper CI,Central America and Caribbean,biochar,slow pyrolysis,goat_biochar,missing,missing,missing,missing,missing,missing,missing,$/ton biochar,Central America and Caribbeangoat_biochar
7383,0.027336,0.027336,0.027336,0.027336,0.027336,,,,230.80110533479018,206.99379351243113,196.9030795224483,194.51898354873404,193.14638568010207,SSP1,Lower CI,Central America and Caribbean,biochar,slow pyrolysis,pork_biochar,missing,missing,missing,missing,missing,missing,missing,$/ton biochar,Central America and Caribbeanpork_biochar
7383,0.035336,0.035336,0.035336,0.035336,0.035336,,,,260.42647058823525,221.6835294117647,207.32941176470587,203.49235294117645,201.87294117647056,SSP1,Median,Central America and Caribbean,biochar,slow pyrolysis,pork_biochar,missing,missing,missing,missing,missing,missing,missing,$/ton biochar,Central America and Caribbeanpork_biochar
7383,0.027336,0.027336,0.027336,0.027336,0.027336,,,,285.63973500134415,254.67695158560798,230.91184307817082,227.31705360296868,225.41714373166263,SSP1,Upper CI,Central America and Caribbean,biochar,slow pyrolysis,pork_biochar,missing,missing,missing,missing,missing,missing,missing,$/ton biochar,Central America and Caribbeanpork_biochar
7384,0.027239,0.027239,0.027239,0.027239,0.027239,,,,160.57305272972553,151.10674717043463,147.03670103831507,146.6028655549882,146.38931984481718,SSP1,Lower CI,Central America and Caribbean,biochar,slow pyrolysis,poultry_biochar,missing,missing,missing,missing,missing,missing,missing,$/ton biochar,Central America and Caribbeanpoultry_biochar
7384,0.035239,0.035239,0.035239,0.035239,0.035239,,,,173.32176470588234,154.04882352941178,151.85999999999999,151.39705882352942,151.20823529411766,SSP1,Median,Central America and Caribbean,biochar,slow pyrolysis,poultry_biochar,missing,missing,missing,missing,missing,missing,missing,$/ton biochar,Central America and Caribbeanpoultry_biochar
7384,0.027239,0.027239,0.027239,0.027239,0.027239,,,,193.1708128164929,175.25882145701627,165.51692125270654,164.50716540476404,164.00374517066268,SSP1,Upper CI,Central America and Caribbean,biochar,slow pyrolysis,poultry_biochar,missing,missing,missing,missing,missing,missing,missing,$/ton biochar,Central America and Caribbeanpoultry_biochar
8121,0.02755,0.02755,0.02755,0.02755,0.02755,,,,150.03852387657426,149.0571183363975,146.0499950538096,145.84376607133495,145.74165142254583,SSP1,Lower CI,Central Asia,biochar,slow pyrolysis,beef_biochar,missing,missing,missing,missing,missing,missing,missing,$/ton biochar,Central Asiabeef_biochar
8121,0.03565,0.03565,0.03565,0.03565,0.03565,,,,157.6570588235294,152.13588235294117,151.22588235294114,150.95882352941175,150.84294117647056,SSP1,Median,Central Asia,biochar,slow pyrolysis,beef_biochar,missing,missing,missing,missing,missing,missing,missing,$/ton biochar,Central Asiabeef_biochar
8121,0.02755,0.02755,0.02755,0.02755,0.02755,,,,174.92618200577866,170.30021499693586,163.55093373876002,162.78676024445454,162.32354981584416,SSP1,Upper CI,Central Asia,biochar,slow pyrolysis,beef_biochar,missing,missing,missing,missing,missing,missing,missing,$/ton biochar,Central Asiabeef_biochar
8122,0.029725,0.029725,0.029725,0.029725,0.029725,,,,200.110768051373,181.38161701276584,170.56404513080005,168.1163329121324,167.22277124793442,SSP1,Lower CI,Central Asia,biochar,slow pyrolysis,dairy_biochar,missing,missing,missing,missing,missing,missing,missing,$/ton biochar,Central Asiadairy_biochar
8122,0.038525,0.038525,0.038525,0.038525,0.038525,,,,226.54705882352937,188.91588235294117,176.24529411764706,173.78999999999996,173.10470588235293,SSP1,Median,Central Asia,biochar,slow pyrolysis,dairy_biochar,missing,missing,missing,missing,missing,missing,missing,$/ton biochar,Central Asiadairy_biochar
8122,0.029725,0.029725,0.029725,0.029725,0.029725,,,,255.6413327889631,223.99806926174392,202.54716229954047,199.14620578755796,197.476981074047,SSP1,Upper CI,Central Asia,biochar,slow pyrolysis,dairy_biochar,missing,missing,missing,missing,missing,missing,missing,$/ton biochar,Central Asiadairy_biochar
8123,0.026255,0.026255,0.026255,0.026255,0.026255,,,,149.37849351986517,144.24647029649702,140.8080109869719,140.3909405576645,140.22973923154944,SSP1,Lower CI,Central Asia,biochar,slow pyrolysis,goat_biochar,missing,missing,missing,missing,missing,missing,missing,$/ton biochar,Central Asiagoat_biochar
8123,0.034055,0.034055,0.034055,0.034055,0.034055,,,,161.69352941176467,147.69764705882352,146.00764705882352,145.5,145.27941176470588,SSP1,Median,Central Asia,biochar,slow pyrolysis,goat_biochar,missing,missing,missing,missing,missing,missing,missing,$/ton biochar,Central Asiagoat_biochar
8123,0.026255,0.026255,0.026255,0.026255,0.026255,,,,187.2613384129079,169.5812944093853,160.49167941550485,159.2987188850599,158.64561680560223,SSP1,Upper CI,Central Asia,biochar,slow pyrolysis,goat_biochar,missing,missing,missing,missing,missing,missing,missing,$/ton biochar,Central Asiagoat_biochar
8124,0.027336,0.027336,0.027336,0.027336,0.027336,,,,252.47892913866355,227.79670730801416,216.8411566937807,213.40891589713632,211.21616268756767,SSP1,Lower CI,Central Asia,biochar,slow pyrolysis,pork_biochar,missing,missing,missing,missing,missing,missing,missing,$/ton biochar,Central Asiapork_biochar
8124,0.035336,0.035336,0.035336,0.035336,0.035336,,,,281.05470588235295,242.58823529411762,229.54529411764705,224.68470588235292,222.2564705882353,SSP1,Median,Central Asia,biochar,slow pyrolysis,pork_biochar,missing,missing,missing,missing,missing,missing,missing,$/ton biochar,Central Asiapork_biochar
8124,0.027336,0.027336,0.027336,0.027336,0.027336,,,,310.410986827723,284.72776328022104,260.0397101792842,255.19603766323516,252.2512057334849,SSP1,Upper CI,Central Asia,biochar,slow pyrolysis,pork_biochar,missing,missing,missing,missing,missing,missing,missing,$/ton biochar,Central Asiapork_biochar
8125,0.027239,0.027239,0.027239,0.027239,0.027239,,,,165.75049725337624,152.1846314805279,148.09120611063105,147.45332599495998,147.10582133833705,SSP1,Lower CI,Central Asia,biochar,slow pyrolysis,poultry_biochar,missing,missing,missing,missing,missing,missing,missing,$/ton biochar,Central Asiapoultry_biochar
8125,0.035239,0.035239,0.035239,0.035239,0.035239,,,,183.07529411764702,156.13941176470587,153.57058823529414,152.80117647058825,152.43882352941174,SSP1,Median,Central Asia,biochar,slow pyrolysis,poultry_biochar,missing,missing,missing,missing,missing,missing,missing,$/ton biochar,Central Asiapoultry_biochar
8125,0.027239,0.027239,0.027239,0.027239,0.027239,,,,209.30446072981704,182.85591753907994,171.4035926509788,169.68456874188217,168.65962757807156,SSP1,Upper CI,Central Asia,biochar,slow pyrolysis,poultry_biochar,missing,missing,missing,missing,missing,missing,missing,$/ton biochar,Central Asiapoultry_biochar
8944,0.02755,0.02755,0.02755,0.02755,0.02755,,,,164.08267439725824,154.72180681884623,149.9860740902002,148.9956600181468,148.43002918942307,SSP1,Lower CI,China,biochar,slow pyrolysis,beef_biochar,missing,missing,missing,missing,missing,missing,missing,$/ton biochar,Chinabeef_biochar
8944,0.03565,0.03565,0.03565,0.03565,0.03565,,,,188.46882352941174,156.75588235294117,154.53411764705882,153.7741176470588,153.40294117647056,SSP1,Median,China,biochar,slow pyrolysis,beef_biochar,missing,missing,missing,missing,missing,missing,missing,$/ton biochar,Chinabeef_biochar
8944,0.02755,0.02755,0.02755,0.02755,0.02755,,,,235.53161131702745,181.59262455370276,168.8391271481899,166.47938642148165,165.34179743596394,SSP1,Upper CI,China,biochar,slow pyrolysis,beef_biochar,missing,missing,missing,missing,missing,missing,missing,$/ton biochar,Chinabeef_biochar
8945,0.029725,0.029725,0.029725,0.029725,0.029725,,,,245.6799097669361,226.73546485085365,212.78576451683358,207.86047352382565,205.35913659150697,SSP1,Lower CI,China,biochar,slow pyrolysis,dairy_biochar,missing,missing,missing,missing,missing,missing,missing,$/ton biochar,Chinadairy_biochar
8945,0.038525,0.038525,0.038525,0.038525,0.038525,,,,281.65588235294115,234.31588235294114,221.8841176470588,216.7782352941176,214.1811764705882,SSP1,Median,China,biochar,slow pyrolysis,dairy_biochar,missing,missing,missing,missing,missing,missing,missing,$/ton biochar,Chinadairy_biochar
8945,0.029725,0.029725,0.029725,0.029725,0.029725,,,,331.17118267003855,274.3171626001268,247.6340497246524,240.73835000558603,237.27671480168192,SSP1,Upper CI,China,biochar,slow pyrolysis,dairy_biochar,missing,missing,missing,missing,missing,missing,missing,$/ton biochar,Chinadairy_biochar
8946,0.026255,0.026255,0.026255,0.026255,0.026255,,,,162.12636281332692,149.12555730323174,144.1979772382601,143.25176947175882,142.75686824860077,SSP1,Lower CI,China,biochar,slow pyrolysis,goat_biochar,missing,missing,missing,missing,missing,missing,missing,$/ton biochar,Chinagoat_biochar
8946,0.034055,0.034055,0.034055,0.034055,0.034055,,,,188.64823529411765,151.03,148.53882352941176,147.70823529411763,147.3305882352941,SSP1,Median,China,biochar,slow pyrolysis,goat_biochar,missing,missing,missing,missing,missing,missing,missing,$/ton biochar,Chinagoat_biochar
8946,0.026255,0.026255,0.026255,0.026255,0.026255,,,,236.06422542196714,177.20181524578783,163.51440666266862,161.0482305282412,159.90461781951063,SSP1,Upper CI,China,biochar,slow pyrolysis,goat_biochar,missing,missing,missing,missing,missing,missing,missing,$/ton biochar,Chinagoat_biochar
8947,0.027336,0.027336,0.027336,0.027336,0.027336,,,,161.29790384124124,153.00499091809215,148.51600029096542,147.61075092402555,147.12396963519956,SSP1,Lower CI,China,biochar,slow pyrolysis,pork_biochar,missing,missing,missing,missing,missing,missing,missing,$/ton biochar,Chinapork_biochar
8947,0.035336,0.035336,0.035336,0.035336,0.035336,,,,185.0382352941176,155.1605882352941,153.10588235294114,152.4376470588235,152.13823529411764,SSP1,Median,China,biochar,slow pyrolysis,pork_biochar,missing,missing,missing,missing,missing,missing,missing,$/ton biochar,Chinapork_biochar
8947,0.027336,0.027336,0.027336,0.027336,0.027336,,,,232.03923901590156,179.1841071211235,166.97297803720792,164.8065865372748,163.8260613245527,SSP1,Upper CI,China,biochar,slow pyrolysis,pork_biochar,missing,missing,missing,missing,missing,missing,missing,$/ton biochar,Chinapork_biochar
8948,0.027239,0.027239,0.027239,0.027239,0.027239,,,,142.57177071430698,148.09226871918526,144.09271846154294,143.73065274215955,143.56035488914858,SSP1,Lower CI,China,biochar,slow pyrolysis,poultry_biochar,missing,missing,missing,missing,missing,missing,missing,$/ton biochar,Chinapoultry_biochar
8948,0.035239,0.035239,0.035239,0.035239,0.035239,,,,156.09470588235294,149.71352941176468,149.02588235294118,148.81294117647056,148.71705882352938,SSP1,Median,China,biochar,slow pyrolysis,poultry_biochar,missing,missing,missing,missing,missing,missing,missing,$/ton biochar,Chinapoultry_biochar
8948,0.027239,0.027239,0.027239,0.027239,0.027239,,,,195.38167466384425,164.73675088865787,158.52183262204832,157.85343394514686,157.55859247927236,SSP1,Upper CI,China,biochar,slow pyrolysis,poultry_biochar,missing,missing,missing,missing,missing,missing,missing,$/ton biochar,Chinapoultry_biochar
9851,0.02755,0.02755,0.02755,0.02755,0.02755,,,,151.41495261847527,153.35149003328843,148.99940468318312,148.41609294550045,148.23300432768028,SSP1,Lower CI,EU-12,biochar,slow pyrolysis,beef_biochar,missing,missing,missing,missing,missing,missing,missing,$/ton biochar,EU-12beef_biochar
9851,0.03565,0.03565,0.03565,0.03565,0.03565,,,,174.9676470588235,155.94235294117647,153.90529411764706,153.39705882352942,153.21470588235292,SSP1,Median,EU-12,biochar,slow pyrolysis,beef_biochar,missing,missing,missing,missing,missing,missing,missing,$/ton biochar,EU-12beef_biochar
9851,0.02755,0.02755,0.02755,0.02755,0.02755,,,,254.89647595295324,186.05996094710372,171.05824237564042,169.5757955993912,168.89287802526084,SSP1,Upper CI,EU-12,biochar,slow pyrolysis,beef_biochar,missing,missing,missing,missing,missing,missing,missing,$/ton biochar,EU-12beef_biochar
9852,0.029725,0.029725,0.029725,0.029725,0.029725,,,,196.98876264822442,188.37024392008462,174.32636805533662,171.29959510210583,170.22150637724442,SSP1,Lower CI,EU-12,biochar,slow pyrolysis,dairy_biochar,missing,missing,missing,missing,missing,missing,missing,$/ton biochar,EU-12dairy_biochar
9852,0.038525,0.038525,0.038525,0.038525,0.038525,,,,232.49235294117645,193.17882352941174,180.1141176470588,175.94411764705882,174.6605882352941,SSP1,Median,EU-12,biochar,slow pyrolysis,dairy_biochar,missing,missing,missing,missing,missing,missing,missing,$/ton biochar,EU-12dairy_biochar
9852,0.029725,0.029725,0.029725,0.029725,0.029725,,,,312.5512373517754,236.0398737269741,208.14682079915252,203.9885782725071,202.29744099117661,SSP1,Upper CI,EU-12,biochar,slow pyrolysis,dairy_biochar,missing,missing,missing,missing,missing,missing,missing,$/ton biochar,EU-12dairy_biochar
9853,0.026255,0.026255,0.026255,0.026255,0.026255,,,,200.91075980639562,191.290646175729,177.650713078402,173.90287946778864,172.35488702030187,SSP1,Lower CI,EU-12,biochar,slow pyrolysis,goat_biochar,missing,missing,missing,missing,missing,missing,missing,$/ton biochar,EU-12goat_biochar
9853,0.034055,0.034055,0.034055,0.034055,0.034055,,,,238.0035294117647,198.47,185.32235294117646,181.0505882352941,179.22941176470587,SSP1,Median,EU-12,biochar,slow pyrolysis,goat_biochar,missing,missing,missing,missing,missing,missing,missing,$/ton biochar,EU-12goat_biochar
9853,0.026255,0.026255,0.026255,0.026255,0.026255,,,,318.24234943730175,241.66386362819256,213.25157794326978,208.28021650744353,205.96486530167942,SSP1,Upper CI,EU-12,biochar,slow pyrolysis,goat_biochar,missing,missing,missing,missing,missing,missing,missing,$/ton biochar,EU-12goat_biochar
9854,0.027336,0.027336,0.027336,0.027336,0.027336,,,,173.6316872032235,163.41472966352376,153.77341994151035,152.3957577649602,151.90945221623147,SSP1,Lower CI,EU-12,biochar,slow pyrolysis,pork_biochar,missing,missing,missing,missing,missing,missing,missing,$/ton biochar,EU-12pork_biochar
9854,0.035336,0.035336,0.035336,0.035336,0.035336,,,,205.63529411764705,166.54588235294116,158.61647058823527,157.5235294117647,157.06588235294117,SSP1,Median,EU-12,biochar,slow pyrolysis,pork_biochar,missing,missing,missing,missing,missing,missing,missing,$/ton biochar,EU-12pork_biochar
9854,0.027336,0.027336,0.027336,0.027336,0.027336,,,,285.9479766623226,205.881819356084,182.60732309254533,179.96845276135548,178.750981220301,SSP1,Upper CI,EU-12,biochar,slow pyrolysis,pork_biochar,missing,missing,missing,missing,missing,missing,missing,$/ton biochar,EU-12pork_biochar
9855,0.027239,0.027239,0.027239,0.027239,0.027239,,,,138.01726740942837,149.33997605385275,145.0134467495945,144.71800928995262,144.62117540346512,SSP1,Lower CI,EU-12,biochar,slow pyrolysis,poultry_biochar,missing,missing,missing,missing,missing,missing,missing,$/ton biochar,EU-12poultry_biochar
9855,0.035239,0.035239,0.035239,0.035239,0.035239,,,,158.09,151.13529411764705,149.94176470588235,149.6429411764706,149.52823529411762,SSP1,Median,EU-12,biochar,slow pyrolysis,poultry_biochar,missing,missing,missing,missing,missing,missing,missing,$/ton biochar,EU-12poultry_biochar
9855,0.027239,0.027239,0.027239,0.027239,0.027239,,,,233.73214435527746,175.2374357108531,163.20302383864077,162.36329101964483,161.89399487517264,SSP1,Upper CI,EU-12,biochar,slow pyrolysis,poultry_biochar,missing,missing,missing,missing,missing,missing,missing,$/ton biochar,EU-12poultry_biochar
10692,0.02755,0.02755,0.02755,0.02755,0.02755,,,,149.4612865637469,149.56371843262426,146.347525224794,146.11390094188104,145.98650268988771,SSP1,Lower CI,EU-15,biochar,slow pyrolysis,beef_biochar,missing,missing,missing,missing,missing,missing,missing,$/ton biochar,EU-15beef_biochar
10692,0.03565,0.03565,0.03565,0.03565,0.03565,,,,158.1270588235294,152.61705882352942,151.69941176470587,151.41882352941175,151.25823529411764,SSP1,Median,EU-15,biochar,slow pyrolysis,beef_biochar,missing,missing,missing,missing,missing,missing,missing,$/ton biochar,EU-15beef_biochar
10692,0.02755,0.02755,0.02755,0.02755,0.02755,,,,181.09501595726147,173.10302666541494,165.6729701312431,164.90015478567315,164.3403084556231,SSP1,Upper CI,EU-15,biochar,slow pyrolysis,beef_biochar,missing,missing,missing,missing,missing,missing,missing,$/ton biochar,EU-15beef_biochar
10693,0.029725,0.029725,0.029725,0.029725,0.029725,,,,189.233859361358,173.49881510097856,166.0816872277132,164.80868453455537,164.1100707363264,SSP1,Lower CI,EU-15,biochar,slow pyrolysis,dairy_biochar,missing,missing,missing,missing,missing,missing,missing,$/ton biochar,EU-15dairy_biochar
10693,0.038525,0.038525,0.038525,0.038525,0.038525,,,,211.16294117647055,176.87294117647056,172.33176470588236,171.2041176470588,170.5276470588235,SSP1,Median,EU-15,biochar,slow pyrolysis,dairy_biochar,missing,missing,missing,missing,missing,missing,missing,$/ton biochar,EU-15dairy_biochar
10693,0.029725,0.029725,0.029725,0.029725,0.029725,,,,243.2210986218352,214.8957731343155,197.66147066702365,195.34914828278204,193.86955774664568,SSP1,Upper CI,EU-15,biochar,slow pyrolysis,dairy_biochar,missing,missing,missing,missing,missing,missing,missing,$/ton biochar,EU-15dairy_biochar
10694,0.026255,0.026255,0.026255,0.026255,0.026255,,,,177.36328054143942,163.99942010140322,152.19316530017292,149.50559363004166,148.21757078578696,SSP1,Lower CI,EU-15,biochar,slow pyrolysis,goat_biochar,missing,missing,missing,missing,missing,missing,missing,$/ton biochar,EU-15goat_biochar
10694,0.034055,0.034055,0.034055,0.034055,0.034055,,,,202.83294117647057,168.24882352941177,157.54823529411763,154.11588235294116,153.34705882352938,SSP1,Median,EU-15,biochar,slow pyrolysis,goat_biochar,missing,missing,missing,missing,missing,missing,missing,$/ton biochar,EU-15goat_biochar
10694,0.026255,0.026255,0.026255,0.026255,0.026255,,,,235.92495475267825,204.37783480055757,183.14931148001287,179.42016488389018,177.1165468612719,SSP1,Upper CI,EU-15,biochar,slow pyrolysis,goat_biochar,missing,missing,missing,missing,missing,missing,missing,$/ton biochar,EU-15goat_biochar
10695,0.027336,0.027336,0.027336,0.027336,0.027336,,,,165.02182600094616,153.86419083479595,149.29283853932844,148.55810650017168,148.11803756526083,SSP1,Lower CI,EU-15,biochar,slow pyrolysis,pork_biochar,missing,missing,missing,missing,missing,missing,missing,$/ton biochar,EU-15pork_biochar
10695,0.035336,0.035336,0.035336,0.035336,0.035336,,,,182.17999999999998,157.39529411764704,155.14999999999998,154.3705882352941,153.90117647058824,SSP1,Median,EU-15,biochar,slow pyrolysis,pork_biochar,missing,missing,missing,missing,missing,missing,missing,$/ton biochar,EU-15pork_biochar
10695,0.027336,0.027336,0.027336,0.027336,0.027336,,,,213.28136727636476,187.50498563579234,175.17428220370556,173.47985015617508,172.32196243473922,SSP1,Upper CI,EU-15,biochar,slow pyrolysis,pork_biochar,missing,missing,missing,missing,missing,missing,missing,$/ton biochar,EU-15pork_biochar
10696,0.027239,0.027239,0.027239,0.027239,0.027239,,,,147.58396224346347,147.81767629284047,144.66577982254242,144.42264961628126,144.28466089895642,SSP1,Lower CI,EU-15,biochar,slow pyrolysis,poultry_biochar,missing,missing,missing,missing,missing,missing,missing,$/ton biochar,EU-15poultry_biochar
10696,0.035239,0.035239,0.035239,0.035239,0.035239,,,,156.14999999999998,150.80529411764707,149.9205882352941,149.62882352941173,149.45647058823528,SSP1,Median,EU-15,biochar,slow pyrolysis,poultry_biochar,missing,missing,missing,missing,missing,missing,missing,$/ton biochar,EU-15poultry_biochar
10696,0.027239,0.027239,0.027239,0.027239,0.027239,,,,178.79133187418353,171.01087272676733,163.72264123008918,162.9171027057002,162.32351247565657,SSP1,Upper CI,EU-15,biochar,slow pyrolysis,poultry_biochar,missing,missing,missing,missing,missing,missing,missing,$/ton biochar,EU-15poultry_biochar
11649,0.02755,0.02755,0.02755,0.02755,0.02755,,,,184.54498934481265,157.32096005879254,152.22124516053526,151.3719666545684,151.08264253319268,SSP1,Lower CI,Europe_Eastern,biochar,slow pyrolysis,beef_biochar,missing,missing,missing,missing,missing,missing,missing,$/ton biochar,Europe_Easternbeef_biochar
11649,0.03565,0.03565,0.03565,0.03565,0.03565,,,,224.35294117647055,159.82117647058823,156.69176470588235,155.86823529411765,155.55294117647057,SSP1,Median,Europe_Eastern,biochar,slow pyrolysis,beef_biochar,missing,missing,missing,missing,missing,missing,missing,$/ton biochar,Europe_Easternbeef_biochar
11649,0.02755,0.02755,0.02755,0.02755,0.02755,,,,301.04610309216207,199.70147131375643,178.3490953967402,175.23100548165448,174.0689983336804,SSP1,Upper CI,Europe_Eastern,biochar,slow pyrolysis,beef_biochar,missing,missing,missing,missing,missing,missing,missing,$/ton biochar,Europe_Easternbeef_biochar
11650,0.029725,0.029725,0.029725,0.029725,0.029725,,,,233.68850054691484,206.43400974029083,192.23653180758285,188.46986733509166,187.0422974302185,SSP1,Lower CI,Europe_Eastern,biochar,slow pyrolysis,dairy_biochar,missing,missing,missing,missing,missing,missing,missing,$/ton biochar,Europe_Easterndairy_biochar
11650,0.038525,0.038525,0.038525,0.038525,0.038525,,,,283.58176470588234,212.81941176470585,199.12882352941176,194.8429411764706,193.23176470588234,SSP1,Median,Europe_Eastern,biochar,slow pyrolysis,dairy_biochar,missing,missing,missing,missing,missing,missing,missing,$/ton biochar,Europe_Easterndairy_biochar
11650,0.029725,0.029725,0.029725,0.029725,0.029725,,,,362.565617100144,260.64285300480714,228.69876231006415,222.79855371753987,220.4915725388217,SSP1,Upper CI,Europe_Eastern,biochar,slow pyrolysis,dairy_biochar,missing,missing,missing,missing,missing,missing,missing,$/ton biochar,Europe_Easterndairy_biochar
11651,0.026255,0.026255,0.026255,0.026255,0.026255,,,,277.2710842993384,247.05384258337804,231.50867769358823,227.216368644838,225.4583320488798,SSP1,Lower CI,Europe_Eastern,biochar,slow pyrolysis,goat_biochar,missing,missing,missing,missing,missing,missing,missing,$/ton biochar,Europe_Easterngoat_biochar
11651,0.034055,0.034055,0.034055,0.034055,0.034055,,,,327.15647058823527,256.0147058823529,242.07588235294114,237.5911764705882,235.76235294117646,SSP1,Median,Europe_Eastern,biochar,slow pyrolysis,goat_biochar,missing,missing,missing,missing,missing,missing,missing,$/ton biochar,Europe_Easterngoat_biochar
11651,0.026255,0.026255,0.026255,0.026255,0.026255,,,,406.07177284351866,309.56929467152406,275.84550187297526,269.7328573613539,267.1679218210892,SSP1,Upper CI,Europe_Eastern,biochar,slow pyrolysis,goat_biochar,missing,missing,missing,missing,missing,missing,missing,$/ton biochar,Europe_Easterngoat_biochar
11652,0.027336,0.027336,0.027336,0.027336,0.027336,,,,225.3952944803134,197.31527816428505,183.3418784522475,179.51649961800425,178.0283838003304,SSP1,Lower CI,Europe_Eastern,biochar,slow pyrolysis,pork_biochar,missing,missing,missing,missing,missing,missing,missing,$/ton biochar,Europe_Easternpork_biochar
11652,0.035336,0.035336,0.035336,0.035336,0.035336,,,,275.2147058823529,204.26470588235293,190.38647058823526,186.0047058823529,184.31882352941176,SSP1,Median,Europe_Eastern,biochar,slow pyrolysis,pork_biochar,missing,missing,missing,missing,missing,missing,missing,$/ton biochar,Europe_Easternpork_biochar
11652,0.027336,0.027336,0.027336,0.027336,0.027336,,,,354.230083670947,250.66566301218555,218.7531679873809,212.7161319609431,210.32208059595445,SSP1,Upper CI,Europe_Eastern,biochar,slow pyrolysis,pork_biochar,missing,missing,missing,missing,missing,missing,missing,$/ton biochar,Europe_Easternpork_biochar
11653,0.027239,0.027239,0.027239,0.027239,0.027239,,,,169.82218835251376,151.3057079748703,147.65320333411242,147.1488095370519,146.93966482285487,SSP1,Lower CI,Europe_Eastern,biochar,slow pyrolysis,poultry_biochar,missing,missing,missing,missing,missing,missing,missing,$/ton biochar,Europe_Easternpoultry_biochar
11653,0.035239,0.035239,0.035239,0.035239,0.035239,,,,203.93176470588233,153.86823529411765,151.8005882352941,151.28117647058824,151.09941176470588,SSP1,Median,Europe_Eastern,biochar,slow pyrolysis,poultry_biochar,missing,missing,missing,missing,missing,missing,missing,$/ton biochar,Europe_Easternpoultry_biochar
11653,0.027239,0.027239,0.027239,0.027239,0.027239,,,,279.5362990424442,187.48323320160023,169.36586787331797,166.8556486672824,165.9338336291575,SSP1,Upper CI,Europe_Eastern,biochar,slow pyrolysis,poultry_biochar,missing,missing,missing,missing,missing,missing,missing,$/ton biochar,Europe_Easternpoultry_biochar
12420,0.02755,0.02755,0.02755,0.02755,0.02755,,,,157.56615740455763,153.4977032329462,148.85541106535607,148.06262000317992,147.74475143707605,SSP1,Lower CI,Europe_Non_EU,biochar,slow pyrolysis,beef_biochar,missing,missing,missing,missing,missing,missing,missing,$/ton biochar,Europe_Non_EUbeef_biochar
12420,0.03565,0.03565,0.03565,0.03565,0.03565,,,,178.29823529411763,156.0064705882353,153.7429411764706,153.14588235294116,152.87941176470588,SSP1,Median,Europe_Non_EU,biochar,slow pyrolysis,beef_biochar,missing,missing,missing,missing,missing,missing,missing,$/ton biochar,Europe_Non_EUbeef_biochar
12420,0.02755,0.02755,0.02755,0.02755,0.02755,,,,235.1661115030054,181.96927715921066,169.59660131854486,167.8723645169439,167.0700473245338,SSP1,Upper CI,Europe_Non_EU,biochar,slow pyrolysis,beef_biochar,missing,missing,missing,missing,missing,missing,missing,$/ton biochar,Europe_Non_EUbeef_biochar
12421,0.029725,0.029725,0.029725,0.029725,0.029725,,,,211.63377836421992,197.65311837377243,182.94210510409712,178.27503888651376,176.06359353258608,SSP1,Lower CI,Europe_Non_EU,biochar,slow pyrolysis,dairy_biochar,missing,missing,missing,missing,missing,missing,missing,$/ton biochar,Europe_Non_EUdairy_biochar
12421,0.038525,0.038525,0.038525,0.038525,0.038525,,,,245.2876470588235,204.0305882352941,189.45235294117643,184.50882352941176,182.04235294117646,SSP1,Median,Europe_Non_EU,biochar,slow pyrolysis,dairy_biochar,missing,missing,missing,missing,missing,missing,missing,$/ton biochar,Europe_Non_EUdairy_biochar
12421,0.029725,0.029725,0.029725,0.029725,0.029725,,,,304.3181544088893,242.86774437132567,216.1619196637047,210.29375368314572,207.40897612685666,SSP1,Upper CI,Europe_Non_EU,biochar,slow pyrolysis,dairy_biochar,missing,missing,missing,missing,missing,missing,missing,$/ton biochar,Europe_Non_EUdairy_biochar
12422,0.026255,0.026255,0.026255,0.026255,0.026255,,,,178.2603887313635,164.69069620187628,151.02821675531686,148.42504528657025,147.69253960728838,SSP1,Lower CI,Europe_Non_EU,biochar,slow pyrolysis,goat_biochar,missing,missing,missing,missing,missing,missing,missing,$/ton biochar,Europe_Non_EUgoat_biochar
12422,0.034055,0.034055,0.034055,0.034055,0.034055,,,,209.85647058823528,168.45588235294116,154.29235294117646,152.91529411764705,152.28941176470587,SSP1,Median,Europe_Non_EU,biochar,slow pyrolysis,goat_biochar,missing,missing,missing,missing,missing,missing,missing,$/ton biochar,Europe_Non_EUgoat_biochar
12422,0.026255,0.026255,0.026255,0.026255,0.026255,,,,268.32818269720786,202.20953909224136,178.64843959143235,174.97978443479195,173.52826534627195,SSP1,Upper CI,Europe_Non_EU,biochar,slow pyrolysis,goat_biochar,missing,missing,missing,missing,missing,missing,missing,$/ton biochar,Europe_Non_EUgoat_biochar
12423,0.027336,0.027336,0.027336,0.027336,0.027336,,,,242.12650676988795,224.93127940115806,209.95245991415152,205.10272740274922,203.0342678540924,SSP1,Lower CI,Europe_Non_EU,biochar,slow pyrolysis,pork_biochar,missing,missing,missing,missing,missing,missing,missing,$/ton biochar,Europe_Non_EUpork_biochar
12423,0.035336,0.035336,0.035336,0.035336,0.035336,,,,275.9070588235294,234.56588235294114,220.3435294117647,215.62941176470588,213.46588235294118,SSP1,Median,Europe_Non_EU,biochar,slow pyrolysis,pork_biochar,missing,missing,missing,missing,missing,missing,missing,$/ton biochar,Europe_Non_EUpork_biochar
12423,0.027336,0.027336,0.027336,0.027336,0.027336,,,,334.65651844019607,277.5538186380576,249.9734843582943,244.2038979842476,241.6059179044215,SSP1,Upper CI,Europe_Non_EU,biochar,slow pyrolysis,pork_biochar,missing,missing,missing,missing,missing,missing,missing,$/ton biochar,Europe_Non_EUpork_biochar
12424,0.027239,0.027239,0.027239,0.027239,0.027239,,,,150.52689865062865,150.8346773901059,146.34221463310246,145.64590343449143,145.44147130435283,SSP1,Lower CI,Europe_Non_EU,biochar,slow pyrolysis,poultry_biochar,missing,missing,missing,missing,missing,missing,missing,$/ton biochar,Europe_Non_EUpoultry_biochar
12424,0.035239,0.035239,0.035239,0.035239,0.035239,,,,169.71823529411762,153.04999999999998,151.15294117647056,150.65588235294118,150.42882352941174,SSP1,Median,Europe_Non_EU,biochar,slow pyrolysis,poultry_biochar,missing,missing,missing,missing,missing,missing,missing,$/ton biochar,Europe_Non_EUpoultry_biochar
12424,0.027239,0.027239,0.027239,0.027239,0.027239,,,,226.379824038447,176.96579319812932,165.61561818423502,164.147409259007,163.53264634270596,SSP1,Upper CI,Europe_Non_EU,biochar,slow pyrolysis,poultry_biochar,missing,missing,missing,missing,missing,missing,missing,$/ton biochar,Europe_Non_EUpoultry_biochar
13196,0.02755,0.02755,0.02755,0.02755,0.02755,,,,151.20875050482044,148.72529374937082,145.73171188202002,145.5314629908228,145.41922127430277,SSP1,Lower CI,European Free Trade Association,biochar,slow pyrolysis,beef_biochar,missing,missing,missing,missing,missing,missing,missing,$/ton biochar,European Free Trade Associationbeef_biochar
13196,0.03565,0.03565,0.03565,0.03565,0.03565,,,,156.27117647058822,151.6247058823529,150.94235294117647,150.71352941176468,150.60235294117646,SSP1,Median,European Free Trade Association,biochar,slow pyrolysis,beef_biochar,missing,missing,missing,missing,missing,missing,missing,$/ton biochar,European Free Trade Associationbeef_biochar
13196,0.02755,0.02755,0.02755,0.02755,0.02755,,,,167.00335033551562,169.70482389768793,163.21386087339795,162.42197354168488,161.9980542674929,SSP1,Upper CI,European Free Trade Association,biochar,slow pyrolysis,beef_biochar,missing,missing,missing,missing,missing,missing,missing,$/ton biochar,European Free Trade Associationbeef_biochar
13197,0.029725,0.029725,0.029725,0.029725,0.029725,,,,178.18704007369467,165.31728825086697,161.0249211600179,160.20387286074924,159.73552302028548,SSP1,Lower CI,European Free Trade Association,biochar,slow pyrolysis,dairy_biochar,missing,missing,missing,missing,missing,missing,missing,$/ton biochar,European Free Trade Associationdairy_biochar
13197,0.038525,0.038525,0.038525,0.038525,0.038525,,,,192.72117647058823,169.54882352941175,167.2905882352941,166.4876470588235,166.0876470588235,SSP1,Median,European Free Trade Association,biochar,slow pyrolysis,dairy_biochar,missing,missing,missing,missing,missing,missing,missing,$/ton biochar,European Free Trade Associationdairy_biochar
13197,0.029725,0.029725,0.029725,0.029725,0.029725,,,,216.11279185907836,199.30545684717225,187.13538843750527,185.20782992562846,184.16014261438949,SSP1,Upper CI,European Free Trade Association,biochar,slow pyrolysis,dairy_biochar,missing,missing,missing,missing,missing,missing,missing,$/ton biochar,European Free Trade Associationdairy_biochar
13198,0.026255,0.026255,0.026255,0.026255,0.026255,,,,164.58617630139136,148.40425114937767,143.81974140673486,142.99537995816104,142.52851917208747,SSP1,Lower CI,European Free Trade Association,biochar,slow pyrolysis,goat_biochar,missing,missing,missing,missing,missing,missing,missing,$/ton biochar,European Free Trade Associationgoat_biochar
13198,0.034055,0.034055,0.034055,0.034055,0.034055,,,,181.99882352941174,151.84529411764706,149.39529411764707,148.52470588235292,148.09117647058824,SSP1,Median,European Free Trade Association,biochar,slow pyrolysis,goat_biochar,missing,missing,missing,missing,missing,missing,missing,$/ton biochar,European Free Trade Associationgoat_biochar
13198,0.026255,0.026255,0.026255,0.026255,0.026255,,,,206.17449596751615,181.26131747807324,168.6630449709741,166.67161694586366,165.5960009517515,SSP1,Upper CI,European Free Trade Association,biochar,slow pyrolysis,goat_biochar,missing,missing,missing,missing,missing,missing,missing,$/ton biochar,European Free Trade Associationgoat_biochar
13199,0.027336,0.027336,0.027336,0.027336,0.027336,,,,169.57745546539718,153.68115980394901,149.15087344472101,148.28469294739514,147.7971157426691,SSP1,Lower CI,European Free Trade Association,biochar,slow pyrolysis,pork_biochar,missing,missing,missing,missing,missing,missing,missing,$/ton biochar,European Free Trade Associationpork_biochar
13199,0.035336,0.035336,0.035336,0.035336,0.035336,,,,186.4558823529412,157.5405882352941,155.05470588235292,154.1547058823529,153.70058823529408,SSP1,Median,European Free Trade Association,biochar,slow pyrolysis,pork_biochar,missing,missing,missing,missing,missing,missing,missing,$/ton biochar,European Free Trade Associationpork_biochar
13199,0.027336,0.027336,0.027336,0.027336,0.027336,,,,210.4048974757793,187.0895852940901,174.46237732927278,172.3834804272179,171.2564446288479,SSP1,Upper CI,European Free Trade Association,biochar,slow pyrolysis,pork_biochar,missing,missing,missing,missing,missing,missing,missing,$/ton biochar,European Free Trade Associationpork_biochar
13200,0.027239,0.027239,0.027239,0.027239,0.027239,,,,150.20548046970566,147.53255926674046,144.55280779980006,144.29214073365122,144.14692109767117,SSP1,Lower CI,European Free Trade Association,biochar,slow pyrolysis,poultry_biochar,missing,missing,missing,missing,missing,missing,missing,$/ton biochar,European Free Trade Associationpoultry_biochar
13200,0.035239,0.035239,0.035239,0.035239,0.035239,,,,156.86352941176472,150.73823529411763,149.79647058823528,149.47999999999996,149.3205882352941,SSP1,Median,European Free Trade Association,biochar,slow pyrolysis,poultry_biochar,missing,missing,missing,missing,missing,missing,missing,$/ton biochar,European Free Trade Associationpoultry_biochar
13200,0.027239,0.027239,0.027239,0.027239,0.027239,,,,173.07048591684895,170.5024995567889,163.1637866274445,162.1918840341506,161.66391481564153,SSP1,Upper CI,European Free Trade Association,biochar,slow pyrolysis,poultry_biochar,missing,missing,missing,missing,missing,missing,missing,$/ton biochar,European Free Trade Associationpoultry_biochar
13944,0.02755,0.02755,0.02755,0.02755,-1.03651,,,,290.03666883129455,241.08648065128398,212.02242655855952,204.65325395063738,202.29507447801117,SSP1,Lower CI,India,biochar,slow pyrolysis,beef_biochar,missing,missing,missing,missing,missing,missing,missing,$/ton biochar,Indiabeef_biochar
13944,0.03565,0.03565,0.03565,0.03565,-1.02841,,,,367.5129411764705,254.47882352941176,220.19,211.51058823529408,208.99470588235295,SSP1,Median,India,biochar,slow pyrolysis,beef_biochar,missing,missing,missing,missing,missing,missing,missing,$/ton biochar,Indiabeef_biochar
13944,0.02755,0.02755,0.02755,0.02755,-1.03651,,,,435.0241715048399,301.3301467996963,253.00741864267877,243.4040835106629,240.0540896086761,SSP1,Upper CI,India,biochar,slow pyrolysis,beef_biochar,missing,missing,missing,missing,missing,missing,missing,$/ton biochar,Indiabeef_biochar
13945,0.029725,0.029725,0.029725,0.029725,-1.03467,,,,307.6208713370427,258.98419151707094,230.32802936803728,223.89987987879775,222.90869279399317,SSP1,Lower CI,India,biochar,slow pyrolysis,dairy_biochar,missing,missing,missing,missing,missing,missing,missing,$/ton biochar,Indiadairy_biochar
13945,0.038525,0.038525,0.038525,0.038525,-1.02587,,,,385.1758823529411,272.6182352941176,239.08764705882348,231.4876470588235,230.4705882352941,SSP1,Median,India,biochar,slow pyrolysis,dairy_biochar,missing,missing,missing,missing,missing,missing,missing,$/ton biochar,Indiadairy_biochar
13945,0.029725,0.029725,0.029725,0.029725,-1.03467,,,,452.6379521923691,321.5482790711644,273.484787969424,265.03231826361707,263.2933505496601,SSP1,Upper CI,India,biochar,slow pyrolysis,dairy_biochar,missing,missing,missing,missing,missing,missing,missing,$/ton biochar,Indiadairy_biochar
13946,0.026255,0.026255,0.026255,0.026255,-1.31963,,,,304.8778321123315,256.3026642402188,226.97625949161846,220.60794691414307,219.97536019203974,SSP1,Lower CI,India,biochar,slow pyrolysis,goat_biochar,missing,missing,missing,missing,missing,missing,missing,$/ton biochar,Indiagoat_biochar
13946,0.034055,0.034055,0.034055,0.034055,-1.31183,,,,382.40411764705885,269.94705882352935,236.67705882352942,229.35999999999996,228.70176470588234,SSP1,Median,India,biochar,slow pyrolysis,goat_biochar,missing,missing,missing,missing,missing,missing,missing,$/ton biochar,Indiagoat_biochar
13946,0.026255,0.026255,0.026255,0.026255,-1.31963,,,,449.84284015657624,318.5661985048792,270.82733183965087,262.64734720350395,261.29801442096334,SSP1,Upper CI,India,biochar,slow pyrolysis,goat_biochar,missing,missing,missing,missing,missing,missing,missing,$/ton biochar,Indiagoat_biochar
13947,0.027336,0.027336,0.027336,0.027336,-1.31873,,,,398.00596901746576,349.44413578053286,318.4360549001964,312.00642429091033,311.3390204816351,SSP1,Lower CI,India,biochar,slow pyrolysis,pork_biochar,missing,missing,missing,missing,missing,missing,missing,$/ton biochar,Indiapork_biochar
13947,0.035336,0.035336,0.035336,0.035336,-1.31073,,,,475.58411764705875,363.1705882352941,329.9211764705882,322.6282352941176,321.9741176470588,SSP1,Median,India,biochar,slow pyrolysis,pork_biochar,missing,missing,missing,missing,missing,missing,missing,$/ton biochar,Indiapork_biochar
13947,0.027336,0.027336,0.027336,0.027336,-1.31873,,,,543.0088208985006,423.0739034351535,372.57676243726496,364.51332803107107,363.19837889916994,SSP1,Upper CI,India,biochar,slow pyrolysis,pork_biochar,missing,missing,missing,missing,missing,missing,missing,$/ton biochar,Indiapork_biochar
13948,0.027239,0.027239,0.027239,0.027239,1.25125,,,,265.0971170233982,218.9864183758033,190.56025403634766,184.35980307734965,183.5979309051832,SSP1,Lower CI,India,biochar,slow pyrolysis,poultry_biochar,missing,missing,missing,missing,missing,missing,missing,$/ton biochar,Indiapoultry_biochar
13948,0.035239,0.035239,0.035239,0.035239,1.25925,,,,342.5876470588235,230.0841176470588,196.72882352941173,189.3317647058823,188.5511764705882,SSP1,Median,India,biochar,slow pyrolysis,poultry_biochar,missing,missing,missing,missing,missing,missing,missing,$/ton biochar,Indiapoultry_biochar
13948,0.027239,0.027239,0.027239,0.027239,1.25125,,,,409.9941434808034,274.33993456537314,228.3277335797514,220.37419073069984,218.9458461846,SSP1,Upper CI,India,biochar,slow pyrolysis,poultry_biochar,missing,missing,missing,missing,missing,missing,missing,$/ton biochar,Indiapoultry_biochar
14790,0.02755,0.02755,0.02755,0.02755,0.02755,,,,195.50357381566755,166.5146479821423,156.61584119979804,156.0898466044029,155.66284523746089,SSP1,Lower CI,Indonesia,biochar,slow pyrolysis,beef_biochar,missing,missing,missing,missing,missing,missing,missing,$/ton biochar,Indonesiabeef_biochar
14790,0.03565,0.03565,0.03565,0.03565,0.03565,,,,233.61176470588234,171.7435294117647,160.70647058823528,159.8770588235294,159.63235294117644,SSP1,Median,Indonesia,biochar,slow pyrolysis,beef_biochar,missing,missing,missing,missing,missing,missing,missing,$/ton biochar,Indonesiabeef_biochar
14790,0.02755,0.02755,0.02755,0.02755,0.02755,,,,280.37894719273584,204.14692064530865,184.14607830484587,182.50105122841444,181.56254175944315,SSP1,Upper CI,Indonesia,biochar,slow pyrolysis,beef_biochar,missing,missing,missing,missing,missing,missing,missing,$/ton biochar,Indonesiabeef_biochar
14791,0.029725,0.029725,0.029725,0.029725,0.029725,,,,339.6585896123501,307.67713517603164,292.2470982290975,289.89404404204936,288.7986986233637,SSP1,Lower CI,Indonesia,biochar,slow pyrolysis,dairy_biochar,missing,missing,missing,missing,missing,missing,missing,$/ton biochar,Indonesiadairy_biochar
14791,0.038525,0.038525,0.038525,0.038525,0.038525,,,,382.06882352941176,320.1476470588235,305.65764705882356,302.4529411764705,301.3317647058823,SSP1,Median,Indonesia,biochar,slow pyrolysis,dairy_biochar,missing,missing,missing,missing,missing,missing,missing,$/ton biochar,Indonesiadairy_biochar
14791,0.029725,0.029725,0.029725,0.029725,0.029725,,,,430.1982171103388,372.52223737298795,343.3926540928838,340.24236462668125,338.48823636115645,SSP1,Upper CI,Indonesia,biochar,slow pyrolysis,dairy_biochar,missing,missing,missing,missing,missing,missing,missing,$/ton biochar,Indonesiadairy_biochar
14792,0.026255,0.026255,0.026255,0.026255,0.026255,,,,253.10218336904077,224.13029175414118,209.70767420688975,207.5255916859611,206.88618745327426,SSP1,Lower CI,Indonesia,biochar,slow pyrolysis,goat_biochar,missing,missing,missing,missing,missing,missing,missing,$/ton biochar,Indonesiagoat_biochar
14792,0.034055,0.034055,0.034055,0.034055,0.034055,,,,295.46705882352944,233.58470588235292,219.39647058823527,216.54470588235293,215.91411764705882,SSP1,Median,Indonesia,biochar,slow pyrolysis,goat_biochar,missing,missing,missing,missing,missing,missing,missing,$/ton biochar,Indonesiagoat_biochar
14792,0.026255,0.026255,0.026255,0.026255,0.026255,,,,343.6023544460853,273.36625726546663,247.32105644326504,244.3427674471659,243.11808499254607,SSP1,Upper CI,Indonesia,biochar,slow pyrolysis,goat_biochar,missing,missing,missing,missing,missing,missing,missing,$/ton biochar,Indonesiagoat_biochar
14793,0.027336,0.027336,0.027336,0.027336,0.027336,,,,296.78923576217625,266.1961647012095,251.3713507036584,249.25622607850798,248.45105313574086,SSP1,Lower CI,Indonesia,biochar,slow pyrolysis,pork_biochar,missing,missing,missing,missing,missing,missing,missing,$/ton biochar,Indonesiapork_biochar
14793,0.035336,0.035336,0.035336,0.035336,0.035336,,,,339.2770588235294,277.38941176470587,263.0947058823529,260.1541176470588,259.34823529411767,SSP1,Median,Indonesia,biochar,slow pyrolysis,pork_biochar,missing,missing,missing,missing,missing,missing,missing,$/ton biochar,Indonesiapork_biochar
14793,0.027336,0.027336,0.027336,0.027336,0.027336,,,,387.2911003722774,323.16822745565304,295.7093923303971,292.76693181622886,291.3602781336089,SSP1,Upper CI,Indonesia,biochar,slow pyrolysis,pork_biochar,missing,missing,missing,missing,missing,missing,missing,$/ton biochar,Indonesiapork_biochar
14794,0.027239,0.027239,0.027239,0.027239,0.027239,,,,182.82736661506624,156.81038870754332,150.76337530760722,150.27272492659483,150.0711864385768,SSP1,Lower CI,Indonesia,biochar,slow pyrolysis,poultry_biochar,missing,missing,missing,missing,missing,missing,missing,$/ton biochar,Indonesiapoultry_biochar
14794,0.035239,0.035239,0.035239,0.035239,0.035239,,,,215.7405882352941,158.4205882352941,155.06294117647056,154.48823529411766,154.34294117647056,SSP1,Median,Indonesia,biochar,slow pyrolysis,poultry_biochar,missing,missing,missing,missing,missing,missing,missing,$/ton biochar,Indonesiapoultry_biochar
14794,0.027239,0.027239,0.027239,0.027239,0.027239,,,,261.0326333849337,190.39957207677037,174.5373058069438,173.0049840517333,172.3847268741167,SSP1,Upper CI,Indonesia,biochar,slow pyrolysis,poultry_biochar,missing,missing,missing,missing,missing,missing,missing,$/ton biochar,Indonesiapoultry_biochar
15477,0.02755,0.02755,0.02755,0.02755,0.02755,,,,163.52942561737916,153.34854475378611,148.72275132861145,147.93989213820183,147.69886421216418,SSP1,Lower CI,Japan,biochar,slow pyrolysis,beef_biochar,missing,missing,missing,missing,missing,missing,missing,$/ton biochar,Japanbeef_biochar
15477,0.03565,0.03565,0.03565,0.03565,0.03565,,,,181.84941176470588,155.47117647058823,153.34882352941176,152.7570588235294,152.54647058823528,SSP1,Median,Japan,biochar,slow pyrolysis,beef_biochar,missing,missing,missing,missing,missing,missing,missing,$/ton biochar,Japanbeef_biochar
15477,0.02755,0.02755,0.02755,0.02755,0.02755,,,,200.6693979120326,176.20769054033153,166.09570068377238,164.44258464198387,163.97735869805254,SSP1,Upper CI,Japan,biochar,slow pyrolysis,beef_biochar,missing,missing,missing,missing,missing,missing,missing,$/ton biochar,Japanbeef_biochar
15478,0.029725,0.029725,0.029725,0.029725,0.029725,,,,215.65579607445284,197.5617094450768,182.82171882385478,178.52257196731728,176.63120474255277,SSP1,Lower CI,Japan,biochar,slow pyrolysis,dairy_biochar,missing,missing,missing,missing,missing,missing,missing,$/ton biochar,Japandairy_biochar
15478,0.038525,0.038525,0.038525,0.038525,0.038525,,,,250.36235294117643,203.13235294117646,188.4529411764706,183.5035294117647,181.54823529411766,SSP1,Median,Japan,biochar,slow pyrolysis,dairy_biochar,missing,missing,missing,missing,missing,missing,missing,$/ton biochar,Japandairy_biochar
15478,0.029725,0.029725,0.029725,0.029725,0.029725,,,,274.4593299759673,235.75891800590355,211.2721511451855,205.94863546302327,203.78365593856176,SSP1,Upper CI,Japan,biochar,slow pyrolysis,dairy_biochar,missing,missing,missing,missing,missing,missing,missing,$/ton biochar,Japandairy_biochar
15479,0.026255,0.026255,0.026255,0.026255,0.026255,,,,353.4023683548276,328.0114074401913,311.77386567358883,307.34008022348576,305.9937819128333,SSP1,Lower CI,Japan,biochar,slow pyrolysis,goat_biochar,missing,missing,missing,missing,missing,missing,missing,$/ton biochar,Japangoat_biochar
15479,0.034055,0.034055,0.034055,0.034055,0.034055,,,,388.1547058823529,339.93058823529407,325.3123529411764,320.3958823529412,319.0547058823529,SSP1,Median,Japan,biochar,slow pyrolysis,goat_biochar,missing,missing,missing,missing,missing,missing,missing,$/ton biochar,Japangoat_biochar
15479,0.026255,0.026255,0.026255,0.026255,0.026255,,,,413.63074088886987,394.0042004029459,362.6778371127888,357.12598788796925,355.47222427911703,SSP1,Upper CI,Japan,biochar,slow pyrolysis,goat_biochar,missing,missing,missing,missing,missing,missing,missing,$/ton biochar,Japangoat_biochar
15480,0.027336,0.027336,0.027336,0.027336,0.027336,,,,186.34612399093317,166.65386659988943,155.4101324820861,153.5968300002671,153.02802240876164,SSP1,Lower CI,Japan,biochar,slow pyrolysis,pork_biochar,missing,missing,missing,missing,missing,missing,missing,$/ton biochar,Japanpork_biochar
15480,0.035336,0.035336,0.035336,0.035336,0.035336,,,,217.32529411764705,169.68941176470588,159.2847058823529,157.99764705882353,157.55588235294115,SSP1,Median,Japan,biochar,slow pyrolysis,pork_biochar,missing,missing,missing,missing,missing,missing,missing,$/ton biochar,Japanpork_biochar
15480,0.027336,0.027336,0.027336,0.027336,0.027336,,,,239.6216071015038,198.91962359618898,179.39544027333181,176.14459414833973,175.1372407491331,SSP1,Upper CI,Japan,biochar,slow pyrolysis,pork_biochar,missing,missing,missing,missing,missing,missing,missing,$/ton biochar,Japanpork_biochar
15481,0.027239,0.027239,0.027239,0.027239,0.027239,,,,149.61759165491927,147.04177579215155,143.51263981561377,143.26803513901442,143.17403699592847,SSP1,Lower CI,Japan,biochar,slow pyrolysis,poultry_biochar,missing,missing,missing,missing,missing,missing,missing,$/ton biochar,Japanpoultry_biochar
15481,0.035239,0.035239,0.035239,0.035239,0.035239,,,,154.2605882352941,149.1911764705882,148.60588235294117,148.4570588235294,148.40588235294118,SSP1,Median,Japan,biochar,slow pyrolysis,poultry_biochar,missing,missing,missing,missing,missing,missing,missing,$/ton biochar,Japanpoultry_biochar
15481,0.027239,0.027239,0.027239,0.027239,0.027239,,,,161.51400498373616,162.26849871765234,157.489836964572,157.07642306531991,156.93135000097556,SSP1,Upper CI,Japan,biochar,slow pyrolysis,poultry_biochar,missing,missing,missing,missing,missing,missing,missing,$/ton biochar,Japanpoultry_biochar
16160,0.02755,0.02755,0.02755,0.02755,0.02755,,,,151.6831199766967,148.14978476926044,145.09297463958526,144.97833316367212,144.926150216998,SSP1,Lower CI,Mexico,biochar,slow pyrolysis,beef_biochar,missing,missing,missing,missing,missing,missing,missing,$/ton biochar,Mexicobeef_biochar
16160,0.03565,0.03565,0.03565,0.03565,0.03565,,,,153.58235294117645,150.58999999999997,150.19588235294114,150.11176470588234,150.0770588235294,SSP1,Median,Mexico,biochar,slow pyrolysis,beef_biochar,missing,missing,missing,missing,missing,missing,missing,$/ton biochar,Mexicobeef_biochar
16160,0.02755,0.02755,0.02755,0.02755,0.02755,,,,156.18797246027802,165.53876425034738,160.38417706320112,160.0358464028913,159.8531067489463,SSP1,Upper CI,Mexico,biochar,slow pyrolysis,beef_biochar,missing,missing,missing,missing,missing,missing,missing,$/ton biochar,Mexicobeef_biochar
16161,0.029725,0.029725,0.029725,0.029725,0.029725,,,,195.564490444448,174.27707926580948,166.44075029934334,165.37016628231675,165.00779607458426,SSP1,Lower CI,Mexico,biochar,slow pyrolysis,dairy_biochar,missing,missing,missing,missing,missing,missing,missing,$/ton biochar,Mexicodairy_biochar
16161,0.038525,0.038525,0.038525,0.038525,0.038525,,,,218.4405882352941,178.54588235294116,172.30117647058825,171.41764705882352,171.06882352941176,SSP1,Median,Mexico,biochar,slow pyrolysis,dairy_biochar,missing,missing,missing,missing,missing,missing,missing,$/ton biochar,Mexicodairy_biochar
16161,0.029725,0.029725,0.029725,0.029725,0.029725,,,,237.74895493370323,214.2109991655631,196.81033329198794,194.88512783533037,194.06365903377483,SSP1,Upper CI,Mexico,biochar,slow pyrolysis,dairy_biochar,missing,missing,missing,missing,missing,missing,missing,$/ton biochar,Mexicodairy_biochar
16162,0.026255,0.026255,0.026255,0.026255,0.026255,,,,178.31563556806185,158.4725404031778,148.68223333468356,147.45969109651955,147.02663003187195,SSP1,Lower CI,Mexico,biochar,slow pyrolysis,goat_biochar,missing,missing,missing,missing,missing,missing,missing,$/ton biochar,Mexicogoat_biochar
16162,0.034055,0.034055,0.034055,0.034055,0.034055,,,,202.61176470588236,162.7564705882353,153.33352941176472,152.4535294117647,152.0829411764706,SSP1,Median,Mexico,biochar,slow pyrolysis,goat_biochar,missing,missing,missing,missing,missing,missing,missing,$/ton biochar,Mexicogoat_biochar
16162,0.026255,0.026255,0.026255,0.026255,0.026255,,,,222.47108712101362,195.63412626348884,176.64612579844336,174.6076773245331,173.68860216627047,SSP1,Upper CI,Mexico,biochar,slow pyrolysis,goat_biochar,missing,missing,missing,missing,missing,missing,missing,$/ton biochar,Mexicogoat_biochar
16163,0.027336,0.027336,0.027336,0.027336,0.027336,,,,175.91658734023895,156.00068900286675,150.83827531316354,150.0604413147576,149.77837574479406,SSP1,Lower CI,Mexico,biochar,slow pyrolysis,pork_biochar,missing,missing,missing,missing,missing,missing,missing,$/ton biochar,Mexicopork_biochar
16163,0.035336,0.035336,0.035336,0.035336,0.035336,,,,195.6611764705882,159.3641176470588,156.33705882352942,155.66588235294117,155.41647058823528,SSP1,Median,Mexico,biochar,slow pyrolysis,pork_biochar,missing,missing,missing,missing,missing,missing,missing,$/ton biochar,Mexicopork_biochar
16163,0.027336,0.027336,0.027336,0.027336,0.027336,,,,213.49265635723992,190.75138942850577,176.94828815432868,175.3857506357068,174.7066397350821,SSP1,Upper CI,Mexico,biochar,slow pyrolysis,pork_biochar,missing,missing,missing,missing,missing,missing,missing,$/ton biochar,Mexicopork_biochar
16164,0.027239,0.027239,0.027239,0.027239,0.027239,,,,149.3339029401287,146.15779883130705,143.1282075198312,143.02712238140413,142.98212916965832,SSP1,Lower CI,Mexico,biochar,slow pyrolysis,poultry_biochar,missing,missing,missing,missing,missing,missing,missing,$/ton biochar,Mexicopoultry_biochar
16164,0.035239,0.035239,0.035239,0.035239,0.035239,,,,150.80235294117648,148.51,148.21705882352938,148.1576470588235,148.13411764705884,SSP1,Median,Mexico,biochar,slow pyrolysis,poultry_biochar,missing,missing,missing,missing,missing,missing,missing,$/ton biochar,Mexicopoultry_biochar
16164,0.027239,0.027239,0.027239,0.027239,0.027239,,,,152.86055084138385,162.21451489418314,157.6521639971966,157.38092715419958,157.24728259504758,SSP1,Upper CI,Mexico,biochar,slow pyrolysis,poultry_biochar,missing,missing,missing,missing,missing,missing,missing,$/ton biochar,Mexicopoultry_biochar
16979,0.02755,0.02755,0.02755,0.02755,0.02755,,,,154.7400840222951,149.84750775638236,146.8242993723527,146.5452721216659,146.43183705840173,SSP1,Lower CI,Middle East,biochar,slow pyrolysis,beef_biochar,missing,missing,missing,missing,missing,missing,missing,$/ton biochar,Middle Eastbeef_biochar
16979,0.03565,0.03565,0.03565,0.03565,0.03565,,,,161.56941176470588,153.93235294117648,152.40823529411762,151.97882352941176,151.8241176470588,SSP1,Median,Middle East,biochar,slow pyrolysis,beef_biochar,missing,missing,missing,missing,missing,missing,missing,$/ton biochar,Middle Eastbeef_biochar
16979,0.02755,0.02755,0.02755,0.02755,0.02755,,,,176.45100841467968,176.0261393024412,167.31978731495377,166.2354089928852,165.70079452054566,SSP1,Upper CI,Middle East,biochar,slow pyrolysis,beef_biochar,missing,missing,missing,missing,missing,missing,missing,$/ton biochar,Middle Eastbeef_biochar
16980,0.029725,0.029725,0.029725,0.029725,0.029725,,,,202.66023424298209,184.63012168522815,172.41002554551986,169.2695331542731,168.265165117623,SSP1,Lower CI,Middle East,biochar,slow pyrolysis,dairy_biochar,missing,missing,missing,missing,missing,missing,missing,$/ton biochar,Middle Eastdairy_biochar
16980,0.038525,0.038525,0.038525,0.038525,0.038525,,,,228.53941176470587,192.38411764705882,178.89882352941174,174.5935294117647,174.00294117647059,SSP1,Median,Middle East,biochar,slow pyrolysis,dairy_biochar,missing,missing,missing,missing,missing,missing,missing,$/ton biochar,Middle Eastdairy_biochar
16980,0.029725,0.029725,0.029725,0.029725,0.029725,,,,249.2520346645809,229.76030968732087,206.30396826252965,202.06204579309528,200.26870485141725,SSP1,Upper CI,Middle East,biochar,slow pyrolysis,dairy_biochar,missing,missing,missing,missing,missing,missing,missing,$/ton biochar,Middle Eastdairy_biochar
16981,0.026255,0.026255,0.026255,0.026255,0.026255,,,,146.78493485104033,142.40038248957663,139.62709645928305,139.3922087595132,139.2995265625753,SSP1,Lower CI,Middle East,biochar,slow pyrolysis,goat_biochar,missing,missing,missing,missing,missing,missing,missing,$/ton biochar,Middle Eastgoat_biochar
16981,0.034055,0.034055,0.034055,0.034055,0.034055,,,,152.69176470588235,146.10117647058823,144.8211764705882,144.46647058823527,144.34352941176468,SSP1,Median,Middle East,biochar,slow pyrolysis,goat_biochar,missing,missing,missing,missing,missing,missing,missing,$/ton biochar,Middle Eastgoat_biochar
16981,0.026255,0.026255,0.026255,0.026255,0.026255,,,,165.2359054850941,166.1654998633645,158.3758137574352,157.42271384110592,156.96158798850826,SSP1,Upper CI,Middle East,biochar,slow pyrolysis,goat_biochar,missing,missing,missing,missing,missing,missing,missing,$/ton biochar,Middle Eastgoat_biochar
16982,0.027336,0.027336,0.027336,0.027336,0.027336,,,,315.38148024778036,289.624311595796,277.20392626171264,273.27457920467185,271.706606424609,SSP1,Lower CI,Middle East,biochar,slow pyrolysis,pork_biochar,missing,missing,missing,missing,missing,missing,missing,$/ton biochar,Middle Eastpork_biochar
16982,0.035336,0.035336,0.035336,0.035336,0.035336,,,,342.01,305.36823529411765,292.05529411764707,287.5558823529412,285.9658823529412,SSP1,Median,Middle East,biochar,slow pyrolysis,pork_biochar,missing,missing,missing,missing,missing,missing,missing,$/ton biochar,Middle Eastpork_biochar
16982,0.027336,0.027336,0.027336,0.027336,0.027336,,,,362.1250743740683,360.05066879636087,331.92480438844217,327.09117930926,325.03847097477177,SSP1,Upper CI,Middle East,biochar,slow pyrolysis,pork_biochar,missing,missing,missing,missing,missing,missing,missing,$/ton biochar,Middle Eastpork_biochar
16983,0.027239,0.027239,0.027239,0.027239,0.027239,,,,150.59015081518862,146.4801093566864,143.67300208494453,143.53524770717704,143.47049733059322,SSP1,Lower CI,Middle East,biochar,slow pyrolysis,poultry_biochar,missing,missing,missing,missing,missing,missing,missing,$/ton biochar,Middle Eastpoultry_biochar
16983,0.035239,0.035239,0.035239,0.035239,0.035239,,,,153.07,149.38647058823528,148.75941176470587,148.59470588235294,148.5329411764706,SSP1,Median,Middle East,biochar,slow pyrolysis,poultry_biochar,missing,missing,missing,missing,missing,missing,missing,$/ton biochar,Middle Eastpoultry_biochar
16983,0.027239,0.027239,0.027239,0.027239,0.027239,,,,156.41388279825674,166.08757691782336,160.0616728376561,159.42772442904587,159.11197944959252,SSP1,Upper CI,Middle East,biochar,slow pyrolysis,poultry_biochar,missing,missing,missing,missing,missing,missing,missing,$/ton biochar,Middle Eastpoultry_biochar
17784,0.02755,0.02755,0.02755,0.02755,0.02755,,,,152.2042215973151,148.65916963054457,145.95356133534105,145.7428385113103,145.6694772178227,SSP1,Lower CI,Pakistan,biochar,slow pyrolysis,beef_biochar,missing,missing,missing,missing,missing,missing,missing,$/ton biochar,Pakistanbeef_biochar
17784,0.03565,0.03565,0.03565,0.03565,0.03565,,,,157.03352941176468,152.56294117647056,151.7041176470588,151.38647058823528,151.2535294117647,SSP1,Median,Pakistan,biochar,slow pyrolysis,beef_biochar,missing,missing,missing,missing,missing,missing,missing,$/ton biochar,Pakistanbeef_biochar
17784,0.02755,0.02755,0.02755,0.02755,0.02755,,,,165.99258512537398,173.36381076161223,166.47281637363724,165.7394525103615,165.26265900508747,SSP1,Upper CI,Pakistan,biochar,slow pyrolysis,beef_biochar,missing,missing,missing,missing,missing,missing,missing,$/ton biochar,Pakistanbeef_biochar
17785,0.029725,0.029725,0.029725,0.029725,0.029725,,,,184.64209482094054,168.1394732380556,163.50671323355465,162.4573637587647,162.05485891700522,SSP1,Lower CI,Pakistan,biochar,slow pyrolysis,dairy_biochar,missing,missing,missing,missing,missing,missing,missing,$/ton biochar,Pakistandairy_biochar
17785,0.038525,0.038525,0.038525,0.038525,0.038525,,,,201.41647058823528,173.78235294117644,171.00529411764705,169.8958823529412,169.41411764705882,SSP1,Median,Pakistan,biochar,slow pyrolysis,dairy_biochar,missing,missing,missing,missing,missing,missing,missing,$/ton biochar,Pakistandairy_biochar
17785,0.029725,0.029725,0.029725,0.029725,0.029725,,,,220.881602658051,208.68562480116015,195.17080998625954,193.37433902761302,192.4034073368647,SSP1,Upper CI,Pakistan,biochar,slow pyrolysis,dairy_biochar,missing,missing,missing,missing,missing,missing,missing,$/ton biochar,Pakistandairy_biochar
17786,0.026255,0.026255,0.026255,0.026255,0.026255,,,,160.43250427104005,147.13444029721214,143.22589975485818,142.4712974151906,142.1587716077876,SSP1,Lower CI,Pakistan,biochar,slow pyrolysis,goat_biochar,missing,missing,missing,missing,missing,missing,missing,$/ton biochar,Pakistangoat_biochar
17786,0.034055,0.034055,0.034055,0.034055,0.034055,,,,175.15705882352938,151.91,149.66411764705882,148.78529411764706,148.4111764705882,SSP1,Median,Pakistan,biochar,slow pyrolysis,goat_biochar,missing,missing,missing,missing,missing,missing,missing,$/ton biochar,Pakistangoat_biochar
17786,0.026255,0.026255,0.026255,0.026255,0.026255,,,,194.02850413232125,180.98477538906238,169.90988971882604,168.4260400461097,167.58271446032384,SSP1,Upper CI,Pakistan,biochar,slow pyrolysis,goat_biochar,missing,missing,missing,missing,missing,missing,missing,$/ton biochar,Pakistangoat_biochar
17787,0.027336,0.027336,0.027336,0.027336,0.027336,,,,89853.31520776355,136949.61245537546,165892.50277508254,194713.68812396572,223535.23825674798,SSP1,Lower CI,Pakistan,biochar,slow pyrolysis,pork_biochar,missing,missing,missing,missing,missing,missing,missing,$/ton biochar,Pakistanpork_biochar
17787,0.035336,0.035336,0.035336,0.035336,0.035336,,,,117680.58823529411,149005.88235294117,181258.82352941175,212753.5294117647,244248.23529411762,SSP1,Median,Pakistan,biochar,slow pyrolysis,pork_biochar,missing,missing,missing,missing,missing,missing,missing,$/ton biochar,Pakistanpork_biochar
17787,0.027336,0.027336,0.027336,0.027336,0.027336,,,,131484.83605274066,166016.58362305592,200597.21858714655,235454.23757262863,270311.6348082674,SSP1,Upper CI,Pakistan,biochar,slow pyrolysis,pork_biochar,missing,missing,missing,missing,missing,missing,missing,$/ton biochar,Pakistanpork_biochar
17788,0.027239,0.027239,0.027239,0.027239,0.027239,,,,154.96703996122395,149.44548837155855,146.06883586908233,145.59845778279185,145.42193246405557,SSP1,Lower CI,Pakistan,biochar,slow pyrolysis,poultry_biochar,missing,missing,missing,missing,missing,missing,missing,$/ton biochar,Pakistanpoultry_biochar
17788,0.035239,0.035239,0.035239,0.035239,0.035239,,,,164.9635294117647,154.12294117647056,152.48588235294116,151.85941176470587,151.59235294117644,SSP1,Median,Pakistan,biochar,slow pyrolysis,poultry_biochar,missing,missing,missing,missing,missing,missing,missing,$/ton biochar,Pakistanpoultry_biochar
17788,0.027239,0.027239,0.027239,0.027239,0.027239,,,,182.90270793793573,179.9432175107944,170.49890406899814,169.39949887355488,168.72747930065034,SSP1,Upper CI,Pakistan,biochar,slow pyrolysis,poultry_biochar,missing,missing,missing,missing,missing,missing,missing,$/ton biochar,Pakistanpoultry_biochar
18510,0.02755,0.02755,0.02755,0.02755,0.02755,,,,154.07636816237064,152.70027436276982,148.27604011066128,147.77090115777227,147.55270379892505,SSP1,Lower CI,Russia,biochar,slow pyrolysis,beef_biochar,missing,missing,missing,missing,missing,missing,missing,$/ton biochar,Russiabeef_biochar
18510,0.03565,0.03565,0.03565,0.03565,0.03565,,,,172.1911764705882,154.68823529411765,152.90941176470588,152.5135294117647,152.34941176470588,SSP1,Median,Russia,biochar,slow pyrolysis,beef_biochar,missing,missing,missing,missing,missing,missing,missing,$/ton biochar,Russiabeef_biochar
18510,0.02755,0.02755,0.02755,0.02755,0.02755,,,,216.20111082922594,178.14717661762225,167.18346453330153,165.91256633448776,165.29348815153935,SSP1,Upper CI,Russia,biochar,slow pyrolysis,beef_biochar,missing,missing,missing,missing,missing,missing,missing,$/ton biochar,Russiabeef_biochar
18511,0.029725,0.029725,0.029725,0.029725,0.029725,,,,202.7478989251732,189.35990550661563,174.93572016270954,172.12895426005196,171.09762919971664,SSP1,Lower CI,Russia,biochar,slow pyrolysis,dairy_biochar,missing,missing,missing,missing,missing,missing,missing,$/ton biochar,Russiadairy_biochar
18511,0.038525,0.038525,0.038525,0.038525,0.038525,,,,235.89235294117645,193.32647058823525,179.79588235294116,176.1335294117647,174.77647058823527,SSP1,Median,Russia,biochar,slow pyrolysis,dairy_biochar,missing,missing,missing,missing,missing,missing,missing,$/ton biochar,Russiadairy_biochar
18511,0.029725,0.029725,0.029725,0.029725,0.029725,,,,282.77630275549905,230.70095723848243,205.8536916019963,202.33389403716166,200.8380364349583,SSP1,Upper CI,Russia,biochar,slow pyrolysis,dairy_biochar,missing,missing,missing,missing,missing,missing,missing,$/ton biochar,Russiadairy_biochar
18512,0.026255,0.026255,0.026255,0.026255,0.026255,,,,189.9909509971138,178.11088930774685,164.02304620816093,160.73187033906694,159.25055424118563,SSP1,Lower CI,Russia,biochar,slow pyrolysis,goat_biochar,missing,missing,missing,missing,missing,missing,missing,$/ton biochar,Russiagoat_biochar
18512,0.034055,0.034055,0.034055,0.034055,0.034055,,,,225.19529411764705,182.5605882352941,169.00176470588235,165.24882352941177,163.57999999999998,SSP1,Median,Russia,biochar,slow pyrolysis,goat_biochar,missing,missing,missing,missing,missing,missing,missing,$/ton biochar,Russiagoat_biochar
18512,0.026255,0.026255,0.026255,0.026255,0.026255,,,,272.6502254734744,218.0924048099002,193.00388877635916,188.73314514080923,186.82987919534685,SSP1,Upper CI,Russia,biochar,slow pyrolysis,goat_biochar,missing,missing,missing,missing,missing,missing,missing,$/ton biochar,Russiagoat_biochar
18513,0.027336,0.027336,0.027336,0.027336,0.027336,,,,183.4408563780673,168.80464282562957,156.18951534322636,154.58088786190248,154.15045496401527,SSP1,Lower CI,Russia,biochar,slow pyrolysis,pork_biochar,missing,missing,missing,missing,missing,missing,missing,$/ton biochar,Russiapork_biochar
18513,0.035336,0.035336,0.035336,0.035336,0.035336,,,,214.38176470588235,171.55823529411765,159.96588235294118,158.93470588235292,158.5194117647059,SSP1,Median,Russia,biochar,slow pyrolysis,pork_biochar,missing,missing,missing,missing,missing,missing,missing,$/ton biochar,Russiapork_biochar
18513,0.027336,0.027336,0.027336,0.027336,0.027336,,,,260.54754698327724,205.75127874299778,183.91772923881697,181.24022668918107,180.17858528366278,SSP1,Upper CI,Russia,biochar,slow pyrolysis,pork_biochar,missing,missing,missing,missing,missing,missing,missing,$/ton biochar,Russiapork_biochar
18514,0.027239,0.027239,0.027239,0.027239,0.027239,,,,144.07217016463832,148.85567984485624,144.75627124845226,144.51090297103946,144.40961758306065,SSP1,Lower CI,Russia,biochar,slow pyrolysis,poultry_biochar,missing,missing,missing,missing,missing,missing,missing,$/ton biochar,Russiapoultry_biochar
18514,0.035239,0.035239,0.035239,0.035239,0.035239,,,,157.44941176470587,150.50470588235294,149.4970588235294,149.28529411764706,149.20117647058822,SSP1,Median,Russia,biochar,slow pyrolysis,poultry_biochar,missing,missing,missing,missing,missing,missing,missing,$/ton biochar,Russiapoultry_biochar
18514,0.027239,0.027239,0.027239,0.027239,0.027239,,,,196.72598109586588,168.8625946649476,160.92595785371492,160.2644530661122,159.93502637978764,SSP1,Upper CI,Russia,biochar,slow pyrolysis,poultry_biochar,missing,missing,missing,missing,missing,missing,missing,$/ton biochar,Russiapoultry_biochar
19395,0.02755,0.02755,0.02755,0.02755,0.02755,,,,151.52173167963878,148.33823899928115,145.21326041080516,145.05484138076721,144.98145004913968,SSP1,Lower CI,South Africa,biochar,slow pyrolysis,beef_biochar,missing,missing,missing,missing,missing,missing,missing,$/ton biochar,South Africabeef_biochar
19395,0.03565,0.03565,0.03565,0.03565,0.03565,,,,153.29764705882351,150.77117647058822,150.34882352941176,150.22999999999996,150.17999999999998,SSP1,Median,South Africa,biochar,slow pyrolysis,beef_biochar,missing,missing,missing,missing,missing,missing,missing,$/ton biochar,South Africabeef_biochar
19395,0.02755,0.02755,0.02755,0.02755,0.02755,,,,155.81255403464695,165.2659962948365,160.2387519730957,159.79073137465068,159.59427750503986,SSP1,Upper CI,South Africa,biochar,slow pyrolysis,beef_biochar,missing,missing,missing,missing,missing,missing,missing,$/ton biochar,South Africabeef_biochar
19396,0.029725,0.029725,0.029725,0.029725,0.029725,,,,206.1380817726402,192.7690476348656,181.9528133499276,178.51519222799024,176.87267187641282,SSP1,Lower CI,South Africa,biochar,slow pyrolysis,dairy_biochar,missing,missing,missing,missing,missing,missing,missing,$/ton biochar,South Africadairy_biochar
19396,0.038525,0.038525,0.038525,0.038525,0.038525,,,,232.73823529411766,199.8105882352941,188.69882352941173,184.77294117647057,183.0176470588235,SSP1,Median,South Africa,biochar,slow pyrolysis,dairy_biochar,missing,missing,missing,missing,missing,missing,missing,$/ton biochar,South Africadairy_biochar
19396,0.029725,0.029725,0.029725,0.029725,0.029725,,,,253.61401906769584,235.6220896200364,214.24638169651192,209.65595328284573,207.6800216220392,SSP1,Upper CI,South Africa,biochar,slow pyrolysis,dairy_biochar,missing,missing,missing,missing,missing,missing,missing,$/ton biochar,South Africadairy_biochar
19397,0.026255,0.026255,0.026255,0.026255,0.026255,,,,151.59023671241997,145.3542137304808,141.75503477148266,141.22888057519629,141.00378931196843,SSP1,Lower CI,South Africa,biochar,slow pyrolysis,goat_biochar,missing,missing,missing,missing,missing,missing,missing,$/ton biochar,South Africagoat_biochar
19397,0.034055,0.034055,0.034055,0.034055,0.034055,,,,161.29882352941175,148.41235294117644,146.72764705882352,146.2341176470588,146.0264705882353,SSP1,Median,South Africa,biochar,slow pyrolysis,goat_biochar,missing,missing,missing,missing,missing,missing,missing,$/ton biochar,South Africagoat_biochar
19397,0.026255,0.026255,0.026255,0.026255,0.026255,,,,176.68825068253804,170.57268823030347,161.1361726588579,159.8081472885808,159.23701564159194,SSP1,Upper CI,South Africa,biochar,slow pyrolysis,goat_biochar,missing,missing,missing,missing,missing,missing,missing,$/ton biochar,South Africagoat_biochar
19398,0.027336,0.027336,0.027336,0.027336,0.027336,,,,198.16139406036183,184.213687699458,173.67675855807622,170.1400119484573,168.44478408077475,SSP1,Lower CI,South Africa,biochar,slow pyrolysis,pork_biochar,missing,missing,missing,missing,missing,missing,missing,$/ton biochar,South Africapork_biochar
19398,0.035336,0.035336,0.035336,0.035336,0.035336,,,,224.8476470588235,191.70470588235295,180.53117647058824,176.5064705882353,174.6470588235294,SSP1,Median,South Africa,biochar,slow pyrolysis,pork_biochar,missing,missing,missing,missing,missing,missing,missing,$/ton biochar,South Africapork_biochar
19398,0.027336,0.027336,0.027336,0.027336,0.027336,,,,245.60516056148685,225.89282210446353,204.84051698371943,200.10580848497915,197.866051832538,SSP1,Upper CI,South Africa,biochar,slow pyrolysis,pork_biochar,missing,missing,missing,missing,missing,missing,missing,$/ton biochar,South Africapork_biochar
19399,0.027239,0.027239,0.027239,0.027239,0.027239,,,,149.6539237825151,146.55184557508983,143.47312706864642,143.31523126775886,143.24143575685667,SSP1,Lower CI,South Africa,biochar,slow pyrolysis,poultry_biochar,missing,missing,missing,missing,missing,missing,missing,$/ton biochar,South Africapoultry_biochar
19399,0.035239,0.035239,0.035239,0.035239,0.035239,,,,151.3705882352941,148.93235294117645,148.53235294117644,148.41941176470587,148.3705882352941,SSP1,Median,South Africa,biochar,slow pyrolysis,poultry_biochar,missing,missing,missing,missing,missing,missing,missing,$/ton biochar,South Africapoultry_biochar
19399,0.027239,0.027239,0.027239,0.027239,0.027239,,,,153.7840594107622,163.09835050334158,158.20594413878388,157.77108452171484,157.57918343818972,SSP1,Upper CI,South Africa,biochar,slow pyrolysis,poultry_biochar,missing,missing,missing,missing,missing,missing,missing,$/ton biochar,South Africapoultry_biochar
20119,0.02755,0.02755,0.02755,0.02755,0.02755,,,,148.60917209235302,151.70728986302487,147.39500569672973,147.11955957745633,146.92825456551017,SSP1,Lower CI,South America_Northern,biochar,slow pyrolysis,beef_biochar,missing,missing,missing,missing,missing,missing,missing,$/ton biochar,South America_Northernbeef_biochar
20119,0.03565,0.03565,0.03565,0.03565,0.03565,,,,166.74470588235295,153.73999999999998,152.3641176470588,151.9676470588235,151.80529411764704,SSP1,Median,South America_Northern,biochar,slow pyrolysis,beef_biochar,missing,missing,missing,missing,missing,missing,missing,$/ton biochar,South America_Northernbeef_biochar
20119,0.02755,0.02755,0.02755,0.02755,0.02755,,,,210.65284471436965,173.49506307815153,163.73446798748083,162.90607509746624,162.4971324313938,SSP1,Upper CI,South America_Northern,biochar,slow pyrolysis,beef_biochar,missing,missing,missing,missing,missing,missing,missing,$/ton biochar,South America_Northernbeef_biochar
20120,0.029725,0.029725,0.029725,0.029725,0.029725,,,,236.1745977188396,215.86553324545594,206.36061844267437,204.00937255142327,202.48944433071188,SSP1,Lower CI,South America_Northern,biochar,slow pyrolysis,dairy_biochar,missing,missing,missing,missing,missing,missing,missing,$/ton biochar,South America_Northerndairy_biochar
20120,0.038525,0.038525,0.038525,0.038525,0.038525,,,,273.03470588235297,228.89529411764707,216.4876470588235,212.04411764705884,210.16235294117644,SSP1,Median,South America_Northern,biochar,slow pyrolysis,dairy_biochar,missing,missing,missing,missing,missing,missing,missing,$/ton biochar,South America_Northerndairy_biochar
20120,0.029725,0.029725,0.029725,0.029725,0.029725,,,,319.2835535416646,265.6067020486617,240.31182737775913,236.27489989439715,234.01309436897844,SSP1,Upper CI,South America_Northern,biochar,slow pyrolysis,dairy_biochar,missing,missing,missing,missing,missing,missing,missing,$/ton biochar,South America_Northerndairy_biochar
20121,0.026255,0.026255,0.026255,0.026255,0.026255,,,,234.11558188893602,213.33247726034438,202.8379212474005,200.23694310769568,198.56901006199027,SSP1,Lower CI,South America_Northern,biochar,slow pyrolysis,goat_biochar,missing,missing,missing,missing,missing,missing,missing,$/ton biochar,South America_Northerngoat_biochar
20121,0.034055,0.034055,0.034055,0.034055,0.034055,,,,270.9476470588235,226.60529411764705,214.0176470588235,209.40882352941176,207.37647058823526,SSP1,Median,South America_Northern,biochar,slow pyrolysis,goat_biochar,missing,missing,missing,missing,missing,missing,missing,$/ton biochar,South America_Northerngoat_biochar
20121,0.026255,0.026255,0.026255,0.026255,0.026255,,,,317.23046853123196,263.12438548475365,237.51458649253757,233.22633862605048,230.80003018568775,SSP1,Upper CI,South America_Northern,biochar,slow pyrolysis,goat_biochar,missing,missing,missing,missing,missing,missing,missing,$/ton biochar,South America_Northerngoat_biochar
20122,0.027336,0.027336,0.027336,0.027336,0.027336,,,,222.53754582270656,201.80457224168399,192.5501629079471,190.19833926470298,188.54127431938707,SSP1,Lower CI,South America_Northern,biochar,slow pyrolysis,pork_biochar,missing,missing,missing,missing,missing,missing,missing,$/ton biochar,South America_Northernpork_biochar
20122,0.035336,0.035336,0.035336,0.035336,0.035336,,,,259.48941176470584,215.0335294117647,202.3811764705882,197.75529411764703,195.73,SSP1,Median,South America_Northern,biochar,slow pyrolysis,pork_biochar,missing,missing,missing,missing,missing,missing,missing,$/ton biochar,South America_Northernpork_biochar
20122,0.027336,0.027336,0.027336,0.027336,0.027336,,,,305.6306894714111,249.47095717008077,224.37590520350793,220.1946019117676,217.80349348247046,SSP1,Upper CI,South America_Northern,biochar,slow pyrolysis,pork_biochar,missing,missing,missing,missing,missing,missing,missing,$/ton biochar,South America_Northernpork_biochar
20123,0.027239,0.027239,0.027239,0.027239,0.027239,,,,147.43158334650093,150.14058839325784,145.79926352351848,145.51794435995882,145.32277875036635,SSP1,Lower CI,South America_Northern,biochar,slow pyrolysis,poultry_biochar,missing,missing,missing,missing,missing,missing,missing,$/ton biochar,South America_Northernpoultry_biochar
20123,0.035239,0.035239,0.035239,0.035239,0.035239,,,,166.47294117647058,152.10470588235293,150.67764705882354,150.2676470588235,150.10117647058823,SSP1,Median,South America_Northern,biochar,slow pyrolysis,poultry_biochar,missing,missing,missing,missing,missing,missing,missing,$/ton biochar,South America_Northernpoultry_biochar
20123,0.027239,0.027239,0.027239,0.027239,0.027239,,,,210.20203009887723,171.98882337144804,162.00705226595514,161.16186988152722,160.74675685334876,SSP1,Upper CI,South America_Northern,biochar,slow pyrolysis,poultry_biochar,missing,missing,missing,missing,missing,missing,missing,$/ton biochar,South America_Northernpoultry_biochar
20839,0.02755,0.02755,0.02755,0.02755,0.02755,,,,146.4232567374936,150.57770388215778,146.83610727494926,146.4867852182584,146.36121142820292,SSP1,Lower CI,South America_Southern,biochar,slow pyrolysis,beef_biochar,missing,missing,missing,missing,missing,missing,missing,$/ton biochar,South America_Southernbeef_biochar
20839,0.03565,0.03565,0.03565,0.03565,0.03565,,,,159.32529411764705,152.88411764705882,151.69176470588235,151.35470588235296,151.2476470588235,SSP1,Median,South America_Southern,biochar,slow pyrolysis,beef_biochar,missing,missing,missing,missing,missing,missing,missing,$/ton biochar,South America_Southernbeef_biochar
20839,0.02755,0.02755,0.02755,0.02755,0.02755,,,,184.63960040536347,169.73845298058728,162.67801037210955,161.9389732956735,161.64869569254012,SSP1,Upper CI,South America_Southern,biochar,slow pyrolysis,beef_biochar,missing,missing,missing,missing,missing,missing,missing,$/ton biochar,South America_Southernbeef_biochar
20840,0.029725,0.029725,0.029725,0.029725,0.029725,,,,221.64541477729173,210.69836907863677,197.58110675345668,193.4403344291844,191.93126671833048,SSP1,Lower CI,South America_Southern,biochar,slow pyrolysis,dairy_biochar,missing,missing,missing,missing,missing,missing,missing,$/ton biochar,South America_Southerndairy_biochar
20840,0.038525,0.038525,0.038525,0.038525,0.038525,,,,255.9664705882353,218.52764705882353,205.1511764705882,200.25764705882352,198.59352941176473,SSP1,Median,South America_Southern,biochar,slow pyrolysis,dairy_biochar,missing,missing,missing,missing,missing,missing,missing,$/ton biochar,South America_Southerndairy_biochar
20840,0.029725,0.029725,0.029725,0.029725,0.029725,,,,287.69391295380075,253.96468974489264,229.11969820010367,223.9508110816515,222.0163493807407,SSP1,Upper CI,South America_Southern,biochar,slow pyrolysis,dairy_biochar,missing,missing,missing,missing,missing,missing,missing,$/ton biochar,South America_Southerndairy_biochar
20841,0.026255,0.026255,0.026255,0.026255,0.026255,,,,192.7268527708752,183.57255860251976,170.48524264639966,166.2860743004307,164.67142853535938,SSP1,Lower CI,South America_Southern,biochar,slow pyrolysis,goat_biochar,missing,missing,missing,missing,missing,missing,missing,$/ton biochar,South America_Southerngoat_biochar
20841,0.034055,0.034055,0.034055,0.034055,0.034055,,,,226.9805882352941,189.5735294117647,176.2270588235294,171.32941176470587,169.58647058823527,SSP1,Median,South America_Southern,biochar,slow pyrolysis,goat_biochar,missing,missing,missing,missing,missing,missing,missing,$/ton biochar,South America_Southerngoat_biochar
20841,0.026255,0.026255,0.026255,0.026255,0.026255,,,,258.7489455484524,220.5621864955194,197.08305456722266,192.264575854368,190.41792130984186,SSP1,Upper CI,South America_Southern,biochar,slow pyrolysis,goat_biochar,missing,missing,missing,missing,missing,missing,missing,$/ton biochar,South America_Southerngoat_biochar
20842,0.027336,0.027336,0.027336,0.027336,0.027336,,,,195.93130789571012,186.70471456070337,173.394193295927,169.14331119562158,167.61160295251,SSP1,Lower CI,South America_Southern,biochar,slow pyrolysis,pork_biochar,missing,missing,missing,missing,missing,missing,missing,$/ton biochar,South America_Southernpork_biochar
20842,0.035336,0.035336,0.035336,0.035336,0.035336,,,,229.99470588235292,192.78470588235294,179.23941176470586,174.31058823529412,172.65647058823527,SSP1,Median,South America_Southern,biochar,slow pyrolysis,pork_biochar,missing,missing,missing,missing,missing,missing,missing,$/ton biochar,South America_Southernpork_biochar
20842,0.027336,0.027336,0.027336,0.027336,0.027336,,,,261.9865072303403,224.08634426282597,200.60011010964578,195.74424298394487,193.9879016914528,SSP1,Upper CI,South America_Southern,biochar,slow pyrolysis,pork_biochar,missing,missing,missing,missing,missing,missing,missing,$/ton biochar,South America_Southernpork_biochar
20843,0.027239,0.027239,0.027239,0.027239,0.027239,,,,144.5922161309553,148.63480168467225,145.009265744141,144.6779736572982,144.56337285898806,SSP1,Lower CI,South America_Southern,biochar,slow pyrolysis,poultry_biochar,missing,missing,missing,missing,missing,missing,missing,$/ton biochar,South America_Southernpoultry_biochar
20843,0.035239,0.035239,0.035239,0.035239,0.035239,,,,157.20647058823528,150.90941176470588,149.78294117647056,149.47117647058823,149.37705882352938,SSP1,Median,South America_Southern,biochar,slow pyrolysis,poultry_biochar,missing,missing,missing,missing,missing,missing,missing,$/ton biochar,South America_Southernpoultry_biochar
20843,0.027239,0.027239,0.027239,0.027239,0.027239,,,,181.80946454131362,167.18833557022958,160.45643085028624,159.76332665229927,159.50189029890666,SSP1,Upper CI,South America_Southern,biochar,slow pyrolysis,poultry_biochar,missing,missing,missing,missing,missing,missing,missing,$/ton biochar,South America_Southernpoultry_biochar
21597,0.02755,0.02755,0.02755,0.02755,0.02755,,,,221.97907901530604,161.20235255837756,153.11700089495233,152.24411917284098,152.07560274038568,SSP1,Lower CI,South Asia,biochar,slow pyrolysis,beef_biochar,missing,missing,missing,missing,missing,missing,missing,$/ton biochar,South Asiabeef_biochar
21597,0.03565,0.03565,0.03565,0.03565,0.03565,,,,287.05705882352936,161.4611764705882,157.58176470588234,156.75294117647059,156.62352941176468,SSP1,Median,South Asia,biochar,slow pyrolysis,beef_biochar,missing,missing,missing,missing,missing,missing,missing,$/ton biochar,South Asiabeef_biochar
21597,0.02755,0.02755,0.02755,0.02755,0.02755,,,,355.7422655225089,213.73419646123025,185.1480145849238,181.3445495578092,180.8174622750942,SSP1,Upper CI,South Asia,biochar,slow pyrolysis,beef_biochar,missing,missing,missing,missing,missing,missing,missing,$/ton biochar,South Asiabeef_biochar
21598,0.029725,0.029725,0.029725,0.029725,0.029725,,,,286.9683664653665,227.19463785676763,209.73649101419656,206.12995191905142,205.54704857566023,SSP1,Lower CI,South Asia,biochar,slow pyrolysis,dairy_biochar,missing,missing,missing,missing,missing,missing,missing,$/ton biochar,South Asiadairy_biochar
21598,0.038525,0.038525,0.038525,0.038525,0.038525,,,,360.3529411764706,233.26529411764704,218.0976470588235,214.18529411764703,213.58705882352942,SSP1,Median,South Asia,biochar,slow pyrolysis,dairy_biochar,missing,missing,missing,missing,missing,missing,missing,$/ton biochar,South Asiadairy_biochar
21598,0.029725,0.029725,0.029725,0.029725,0.029725,,,,431.8610452993393,291.7914013589186,253.08282787125236,246.83147222955537,245.88118671845743,SSP1,Upper CI,South Asia,biochar,slow pyrolysis,dairy_biochar,missing,missing,missing,missing,missing,missing,missing,$/ton biochar,South Asiadairy_biochar
21599,0.026255,0.026255,0.026255,0.026255,0.026255,,,,220.83264019451516,160.08336463284985,148.1888214912062,147.10558891164743,146.94356295435492,SSP1,Lower CI,South Asia,biochar,slow pyrolysis,goat_biochar,missing,missing,missing,missing,missing,missing,missing,$/ton biochar,South Asiagoat_biochar
21599,0.034055,0.034055,0.034055,0.034055,0.034055,,,,289.15588235294115,162.08588235294116,152.39117647058822,151.44823529411764,151.33823529411762,SSP1,Median,South Asia,biochar,slow pyrolysis,goat_biochar,missing,missing,missing,missing,missing,missing,missing,$/ton biochar,South Asiagoat_biochar
21599,0.026255,0.026255,0.026255,0.026255,0.026255,,,,358.93660350296386,213.73843928871878,181.84826829207546,177.7601076827798,177.26708720044385,SSP1,Upper CI,South Asia,biochar,slow pyrolysis,goat_biochar,missing,missing,missing,missing,missing,missing,missing,$/ton biochar,South Asiagoat_biochar
21600,0.027336,0.027336,0.027336,0.027336,0.027336,,,,367.15268761752725,306.39964412358404,286.6146470902086,282.7019950199641,282.13318477441476,SSP1,Lower CI,South Asia,biochar,slow pyrolysis,pork_biochar,missing,missing,missing,missing,missing,missing,missing,$/ton biochar,South Asiapork_biochar
21600,0.035336,0.035336,0.035336,0.035336,0.035336,,,,440.61529411764707,313.31352941176465,298.10294117647055,294.25529411764705,293.69882352941175,SSP1,Median,South Asia,biochar,slow pyrolysis,pork_biochar,missing,missing,missing,missing,missing,missing,missing,$/ton biochar,South Asiapork_biochar
21600,0.027336,0.027336,0.027336,0.027336,0.027336,,,,512.0232787690275,382.26812058229837,341.20795352898637,335.0972619459801,334.18935392527555,SSP1,Upper CI,South Asia,biochar,slow pyrolysis,pork_biochar,missing,missing,missing,missing,missing,missing,missing,$/ton biochar,South Asiapork_biochar
21601,0.027239,0.027239,0.027239,0.027239,0.027239,,,,221.13215051542275,160.02213009463233,151.6427552818669,150.77856409703205,150.621084889498,SSP1,Lower CI,South Asia,biochar,slow pyrolysis,poultry_biochar,missing,missing,missing,missing,missing,missing,missing,$/ton biochar,South Asiapoultry_biochar
21601,0.035239,0.035239,0.035239,0.035239,0.035239,,,,286.7341176470588,160.01588235294116,156.0364705882353,155.20882352941177,155.08941176470586,SSP1,Median,South Asia,biochar,slow pyrolysis,poultry_biochar,missing,missing,missing,missing,missing,missing,missing,$/ton biochar,South Asiapoultry_biochar
21601,0.027239,0.027239,0.027239,0.027239,0.027239,,,,355.5265049467621,212.68845814066177,183.76331282958822,179.96056902990293,179.45643833031616,SSP1,Upper CI,South Asia,biochar,slow pyrolysis,poultry_biochar,missing,missing,missing,missing,missing,missing,missing,$/ton biochar,South Asiapoultry_biochar
22343,0.02755,0.02755,0.02755,0.02755,0.02755,,,,139.06773354697134,151.86561257783364,147.34974325419785,146.855077290567,146.60623946033934,SSP1,Lower CI,South Korea,biochar,slow pyrolysis,beef_biochar,missing,missing,missing,missing,missing,missing,missing,$/ton biochar,South Koreabeef_biochar
22343,0.03565,0.03565,0.03565,0.03565,0.03565,,,,161.9635294117647,153.86705882352942,152.28823529411764,151.84529411764706,151.65294117647056,SSP1,Median,South Korea,biochar,slow pyrolysis,beef_biochar,missing,missing,missing,missing,missing,missing,missing,$/ton biochar,South Koreabeef_biochar
22343,0.02755,0.02755,0.02755,0.02755,0.02755,,,,221.3663841000875,170.28536781432325,162.52375519781452,161.61916419550107,161.20750666969167,SSP1,Upper CI,South Korea,biochar,slow pyrolysis,beef_biochar,missing,missing,missing,missing,missing,missing,missing,$/ton biochar,South Koreabeef_biochar
22344,0.029725,0.029725,0.029725,0.029725,0.029725,,,,215.14969300749436,207.6282187974961,195.4390095410931,191.34986024467457,189.29984423546193,SSP1,Lower CI,South Korea,biochar,slow pyrolysis,dairy_biochar,missing,missing,missing,missing,missing,missing,missing,$/ton biochar,South Koreadairy_biochar
22344,0.038525,0.038525,0.038525,0.038525,0.038525,,,,254.05588235294113,215.95117647058822,202.3505882352941,197.5441176470588,195.4411764705882,SSP1,Median,South Korea,biochar,slow pyrolysis,dairy_biochar,missing,missing,missing,missing,missing,missing,missing,$/ton biochar,South Koreadairy_biochar
22344,0.029725,0.029725,0.029725,0.029725,0.029725,,,,313.7553490093123,246.05585963387645,223.71417931339604,218.46661034356072,216.04498548590027,SSP1,Upper CI,South Korea,biochar,slow pyrolysis,dairy_biochar,missing,missing,missing,missing,missing,missing,missing,$/ton biochar,South Koreadairy_biochar
22345,0.026255,0.026255,0.026255,0.026255,0.026255,,,,260.7269334465377,251.05700178207903,238.34279830073396,233.68705169017687,230.9589365747647,SSP1,Lower CI,South Korea,biochar,slow pyrolysis,goat_biochar,missing,missing,missing,missing,missing,missing,missing,$/ton biochar,South Koreagoat_biochar
22345,0.034055,0.034055,0.034055,0.034055,0.034055,,,,299.6641176470588,261.92823529411766,248.35764705882352,243.2805882352941,240.63,SSP1,Median,South Korea,biochar,slow pyrolysis,goat_biochar,missing,missing,missing,missing,missing,missing,missing,$/ton biochar,South Koreagoat_biochar
22345,0.026255,0.026255,0.026255,0.026255,0.026255,,,,359.4194531080842,298.8457433159602,274.18209334013295,268.20879970301195,264.94669810015785,SSP1,Upper CI,South Korea,biochar,slow pyrolysis,goat_biochar,missing,missing,missing,missing,missing,missing,missing,$/ton biochar,South Koreagoat_biochar
22346,0.027336,0.027336,0.027336,0.027336,0.027336,,,,153.85261213502028,154.33787339637618,149.41851978557187,148.62010039626105,148.2472463284926,SSP1,Lower CI,South Korea,biochar,slow pyrolysis,pork_biochar,missing,missing,missing,missing,missing,missing,missing,$/ton biochar,South Koreapork_biochar
22346,0.035336,0.035336,0.035336,0.035336,0.035336,,,,183.4905882352941,156.66411764705882,154.0505882352941,153.29588235294116,153.00529411764705,SSP1,Median,South Korea,biochar,slow pyrolysis,pork_biochar,missing,missing,missing,missing,missing,missing,missing,$/ton biochar,South Koreapork_biochar
22346,0.027336,0.027336,0.027336,0.027336,0.027336,,,,241.99965677254275,177.85828346636887,166.98117061690485,165.26893985141695,164.54451837738978,SSP1,Upper CI,South Korea,biochar,slow pyrolysis,pork_biochar,missing,missing,missing,missing,missing,missing,missing,$/ton biochar,South Koreapork_biochar
22347,0.027239,0.027239,0.027239,0.027239,0.027239,,,,133.6755680011214,147.39863405432564,143.72076041788233,143.43975893316986,143.31598699778849,SSP1,Lower CI,South Korea,biochar,slow pyrolysis,poultry_biochar,missing,missing,missing,missing,missing,missing,missing,$/ton biochar,South Koreapoultry_biochar
22347,0.035239,0.035239,0.035239,0.035239,0.035239,,,,153.8905882352941,149.58882352941174,148.8905882352941,148.70588235294116,148.63470588235293,SSP1,Median,South Korea,biochar,slow pyrolysis,poultry_biochar,missing,missing,missing,missing,missing,missing,missing,$/ton biochar,South Koreapoultry_biochar
22347,0.027239,0.027239,0.027239,0.027239,0.027239,,,,201.2570370408954,162.22826790645863,157.560044535678,157.13541134546796,156.96178390004425,SSP1,Upper CI,South Korea,biochar,slow pyrolysis,poultry_biochar,missing,missing,missing,missing,missing,missing,missing,$/ton biochar,South Koreapoultry_biochar
23036,0.02755,0.02755,0.02755,0.02755,0.02755,,,,183.14264816747746,161.71447285029004,154.17423392738306,153.14239518590887,152.79948170255395,SSP1,Lower CI,Southeast Asia,biochar,slow pyrolysis,beef_biochar,missing,missing,missing,missing,missing,missing,missing,$/ton biochar,Southeast Asiabeef_biochar
23036,0.03565,0.03565,0.03565,0.03565,0.03565,,,,220.15176470588236,162.42058823529413,158.3429411764706,157.4329411764706,157.13117647058823,SSP1,Median,Southeast Asia,biochar,slow pyrolysis,beef_biochar,missing,missing,missing,missing,missing,missing,missing,$/ton biochar,Southeast Asiabeef_biochar
23036,0.02755,0.02755,0.02755,0.02755,0.02755,,,,279.95197368126196,198.57815460069028,178.43158650605346,175.70317756950897,174.7392179878485,SSP1,Upper CI,Southeast Asia,biochar,slow pyrolysis,beef_biochar,missing,missing,missing,missing,missing,missing,missing,$/ton biochar,Southeast Asiabeef_biochar
23037,0.029725,0.029725,0.029725,0.029725,0.029725,,,,300.5354424132053,277.5916055636991,261.9307373153065,257.89417239400285,256.35602045424514,SSP1,Lower CI,Southeast Asia,biochar,slow pyrolysis,dairy_biochar,missing,missing,missing,missing,missing,missing,missing,$/ton biochar,Southeast Asiadairy_biochar
23037,0.038525,0.038525,0.038525,0.038525,0.038525,,,,344.56764705882347,287.12999999999994,272.8929411764706,268.83882352941174,267.295294117647,SSP1,Median,Southeast Asia,biochar,slow pyrolysis,dairy_biochar,missing,missing,missing,missing,missing,missing,missing,$/ton biochar,Southeast Asiadairy_biochar
23037,0.029725,0.029725,0.029725,0.029725,0.029725,,,,406.2879189313325,337.64957090688915,306.01130602834667,300.63455825615193,298.45271019590973,SSP1,Upper CI,Southeast Asia,biochar,slow pyrolysis,dairy_biochar,missing,missing,missing,missing,missing,missing,missing,$/ton biochar,Southeast Asiadairy_biochar
23038,0.026255,0.026255,0.026255,0.026255,0.026255,,,,227.1810545302282,205.69635461595033,191.610329945469,188.1123231523749,187.2813703383902,SSP1,Lower CI,Southeast Asia,biochar,slow pyrolysis,goat_biochar,missing,missing,missing,missing,missing,missing,missing,$/ton biochar,Southeast Asiagoat_biochar
23038,0.034055,0.034055,0.034055,0.034055,0.034055,,,,271.1905882352941,213.36941176470586,199.40529411764706,195.65705882352938,194.79,SSP1,Median,Southeast Asia,biochar,slow pyrolysis,goat_biochar,missing,missing,missing,missing,missing,missing,missing,$/ton biochar,Southeast Asiagoat_biochar
23038,0.026255,0.026255,0.026255,0.026255,0.026255,,,,332.76802110002376,253.11815518797124,224.25344714431424,219.13182545443627,217.69850582260054,SSP1,Upper CI,Southeast Asia,biochar,slow pyrolysis,goat_biochar,missing,missing,missing,missing,missing,missing,missing,$/ton biochar,Southeast Asiagoat_biochar
23039,0.027336,0.027336,0.027336,0.027336,0.027336,,,,192.15196132906607,171.99859659674317,158.82775274780633,156.57178978672093,156.0832425430234,SSP1,Lower CI,Southeast Asia,biochar,slow pyrolysis,pork_biochar,missing,missing,missing,missing,missing,missing,missing,$/ton biochar,Southeast Asiapork_biochar
23039,0.035336,0.035336,0.035336,0.035336,0.035336,,,,233.38999999999996,175.7070588235294,161.77,159.98941176470586,159.72058823529412,SSP1,Median,Southeast Asia,biochar,slow pyrolysis,pork_biochar,missing,missing,missing,missing,missing,missing,missing,$/ton biochar,Southeast Asiapork_biochar
23039,0.027336,0.027336,0.027336,0.027336,0.027336,,,,294.2196353095893,211.03199163855086,185.65100886210084,182.02016067767542,181.01248501115612,SSP1,Upper CI,Southeast Asia,biochar,slow pyrolysis,pork_biochar,missing,missing,missing,missing,missing,missing,missing,$/ton biochar,Southeast Asiapork_biochar
23040,0.027239,0.027239,0.027239,0.027239,0.027239,,,,154.94051791765065,150.54452464725037,146.51972229725575,145.90118672583418,145.72104731116403,SSP1,Lower CI,Southeast Asia,biochar,slow pyrolysis,poultry_biochar,missing,missing,missing,missing,missing,missing,missing,$/ton biochar,Southeast Asiapoultry_biochar
23040,0.035239,0.035239,0.035239,0.035239,0.035239,,,,180.88176470588235,152.2764705882353,150.6735294117647,150.34235294117644,150.26058823529408,SSP1,Median,Southeast Asia,biochar,slow pyrolysis,poultry_biochar,missing,missing,missing,missing,missing,missing,missing,$/ton biochar,Southeast Asiapoultry_biochar
23040,0.027239,0.027239,0.027239,0.027239,0.027239,,,,239.02217115797959,176.48786750961236,163.59018482348725,162.06841079738564,161.6203149179381,SSP1,Upper CI,Southeast Asia,biochar,slow pyrolysis,poultry_biochar,missing,missing,missing,missing,missing,missing,missing,$/ton biochar,Southeast Asiapoultry_biochar
23898,0.02755,0.02755,0.02755,0.02755,0.02755,,,,224.98062587886557,207.72307007317656,195.40601571533225,191.82790263112457,190.3175489378641,SSP1,Lower CI,Taiwan,biochar,slow pyrolysis,beef_biochar,missing,missing,missing,missing,missing,missing,missing,$/ton biochar,Taiwanbeef_biochar
23898,0.03565,0.03565,0.03565,0.03565,0.03565,,,,255.43529411764703,216.5335294117647,204.22294117647058,199.53647058823526,198.03941176470587,SSP1,Median,Taiwan,biochar,slow pyrolysis,beef_biochar,missing,missing,missing,missing,missing,missing,missing,$/ton biochar,Taiwanbeef_biochar
23898,0.02755,0.02755,0.02755,0.02755,0.02755,,,,277.5484497513865,249.72728286799995,226.53417004318166,221.50169489209514,219.41180090733712,SSP1,Upper CI,Taiwan,biochar,slow pyrolysis,beef_biochar,missing,missing,missing,missing,missing,missing,missing,$/ton biochar,Taiwanbeef_biochar
23899,0.029725,0.029725,0.029725,0.029725,0.029725,,,,256.92106112053676,238.2605729687863,224.97216059093313,221.08097894101581,219.35081858595552,SSP1,Lower CI,Taiwan,biochar,slow pyrolysis,dairy_biochar,missing,missing,missing,missing,missing,missing,missing,$/ton biochar,Taiwandairy_biochar
23899,0.038525,0.038525,0.038525,0.038525,0.038525,,,,287.1958823529411,248.6476470588235,236.23764705882348,231.41941176470587,229.68588235294115,SSP1,Median,Taiwan,biochar,slow pyrolysis,dairy_biochar,missing,missing,missing,missing,missing,missing,missing,$/ton biochar,Taiwandairy_biochar
23899,0.029725,0.029725,0.029725,0.029725,0.029725,,,,309.30683803912706,286.8279760508214,262.17044002826185,256.97895913947957,254.6358068010414,SSP1,Upper CI,Taiwan,biochar,slow pyrolysis,dairy_biochar,missing,missing,missing,missing,missing,missing,missing,$/ton biochar,Taiwandairy_biochar
23900,0.026255,0.026255,0.026255,0.026255,0.026255,,,,251.25330860503257,232.77346212218453,219.4912759482378,215.72834170302676,214.38469242481852,SSP1,Lower CI,Taiwan,biochar,slow pyrolysis,goat_biochar,missing,missing,missing,missing,missing,missing,missing,$/ton biochar,Taiwangoat_biochar
23900,0.034055,0.034055,0.034055,0.034055,0.034055,,,,281.5452941176471,242.6311764705882,230.34999999999997,225.83941176470586,224.62470588235288,SSP1,Median,Taiwan,biochar,slow pyrolysis,goat_biochar,missing,missing,missing,missing,missing,missing,missing,$/ton biochar,Taiwangoat_biochar
23900,0.026255,0.026255,0.026255,0.026255,0.026255,,,,303.7950947563119,280.011479054286,255.67764046043087,250.78466139294844,249.01419302409784,SSP1,Upper CI,Taiwan,biochar,slow pyrolysis,goat_biochar,missing,missing,missing,missing,missing,missing,missing,$/ton biochar,Taiwangoat_biochar
23901,0.027336,0.027336,0.027336,0.027336,0.027336,,,,165.49568386186252,153.72342042261323,149.12536295332998,148.48244673749045,148.16326390700618,SSP1,Lower CI,Taiwan,biochar,slow pyrolysis,pork_biochar,missing,missing,missing,missing,missing,missing,missing,$/ton biochar,Taiwanpork_biochar
23901,0.035336,0.035336,0.035336,0.035336,0.035336,,,,181.64941176470586,156.2405882352941,153.89176470588234,153.14941176470586,152.90058823529412,SSP1,Median,Taiwan,biochar,slow pyrolysis,pork_biochar,missing,missing,missing,missing,missing,missing,missing,$/ton biochar,Taiwanpork_biochar
23901,0.027336,0.027336,0.027336,0.027336,0.027336,,,,198.83540857511224,178.50489330287695,167.98931196927063,166.28238298387177,165.60422835305576,SSP1,Upper CI,Taiwan,biochar,slow pyrolysis,pork_biochar,missing,missing,missing,missing,missing,missing,missing,$/ton biochar,Taiwanpork_biochar
23902,0.027239,0.027239,0.027239,0.027239,0.027239,,,,150.64546724235015,147.24896884402438,143.78318946751938,143.5518828218417,143.43868091793192,SSP1,Lower CI,Taiwan,biochar,slow pyrolysis,poultry_biochar,missing,missing,missing,missing,missing,missing,missing,$/ton biochar,Taiwanpoultry_biochar
23902,0.035239,0.035239,0.035239,0.035239,0.035239,,,,153.53411764705882,149.43411764705883,148.8435294117647,148.66294117647058,148.60176470588235,SSP1,Median,Taiwan,biochar,slow pyrolysis,poultry_biochar,missing,missing,missing,missing,missing,missing,missing,$/ton biochar,Taiwanpoultry_biochar
23902,0.027239,0.027239,0.027239,0.027239,0.027239,,,,157.22478485849018,162.80130566577952,157.96071146127315,157.50223482521707,157.3165512802104,SSP1,Upper CI,Taiwan,biochar,slow pyrolysis,poultry_biochar,missing,missing,missing,missing,missing,missing,missing,$/ton biochar,Taiwanpoultry_biochar
24584,0.02755,0.02755,0.02755,0.02755,0.02755,,,,131.0729021451991,150.57078588903693,147.80299997228377,147.04478317788292,146.89349759102387,SSP1,Lower CI,Argentina,biochar,slow pyrolysis,beef_biochar,missing,missing,missing,missing,missing,missing,missing,$/ton biochar,Argentinabeef_biochar
24584,0.03565,0.03565,0.03565,0.03565,0.03565,,,,174.33941176470586,153.9241176470588,152.49882352941177,152.0770588235294,151.9064705882353,SSP1,Median,Argentina,biochar,slow pyrolysis,beef_biochar,missing,missing,missing,missing,missing,missing,missing,$/ton biochar,Argentinabeef_biochar
24584,0.02755,0.02755,0.02755,0.02755,0.02755,,,,311.2405432329522,187.05791999331603,166.90789786053352,165.11775552180748,164.54445906532285,SSP1,Upper CI,Argentina,biochar,slow pyrolysis,beef_biochar,missing,missing,missing,missing,missing,missing,missing,$/ton biochar,Argentinabeef_biochar
24585,0.029725,0.029725,0.029725,0.029725,0.029725,,,,227.6378284855918,225.78619150730844,212.7273962530464,208.71203822958608,207.019323824684,SSP1,Lower CI,Argentina,biochar,slow pyrolysis,dairy_biochar,missing,missing,missing,missing,missing,missing,missing,$/ton biochar,Argentinadairy_biochar
24585,0.038525,0.038525,0.038525,0.038525,0.038525,,,,285.65588235294115,235.39411764705878,223.09823529411761,218.57235294117643,216.63,SSP1,Median,Argentina,biochar,slow pyrolysis,dairy_biochar,missing,missing,missing,missing,missing,missing,missing,$/ton biochar,Argentinadairy_biochar
24585,0.029725,0.029725,0.029725,0.029725,0.029725,,,,422.4904068085256,288.8889457475934,253.89619507822292,248.06820944843236,245.61045945704976,SSP1,Upper CI,Argentina,biochar,slow pyrolysis,dairy_biochar,missing,missing,missing,missing,missing,missing,missing,$/ton biochar,Argentinadairy_biochar
24586,0.026255,0.026255,0.026255,0.026255,0.026255,,,,217.8956085114479,215.64540830935346,202.07821137468147,197.85602528104735,195.96083229252167,SSP1,Lower CI,Argentina,biochar,slow pyrolysis,goat_biochar,missing,missing,missing,missing,missing,missing,missing,$/ton biochar,Argentinagoat_biochar
24586,0.034055,0.034055,0.034055,0.034055,0.034055,,,,275.9011764705882,225.26882352941178,212.65882352941173,207.88176470588235,205.71294117647057,SSP1,Median,Argentina,biochar,slow pyrolysis,goat_biochar,missing,missing,missing,missing,missing,missing,missing,$/ton biochar,Argentinagoat_biochar
24586,0.026255,0.026255,0.026255,0.026255,0.026255,,,,412.7006940095605,277.3063563965289,242.14996199993152,236.01926883659965,233.30734108209128,SSP1,Upper CI,Argentina,biochar,slow pyrolysis,goat_biochar,missing,missing,missing,missing,missing,missing,missing,$/ton biochar,Argentinagoat_biochar
24587,0.027336,0.027336,0.027336,0.027336,0.027336,,,,229.01402612347982,226.34832995603006,212.21438673814254,207.9591271197926,206.0732755670177,SSP1,Lower CI,Argentina,biochar,slow pyrolysis,pork_biochar,missing,missing,missing,missing,missing,missing,missing,$/ton biochar,Argentinapork_biochar
24587,0.035336,0.035336,0.035336,0.035336,0.035336,,,,287.0417647058823,236.35176470588235,223.71941176470585,218.94117647058826,216.78882352941176,SSP1,Median,Argentina,biochar,slow pyrolysis,pork_biochar,missing,missing,missing,missing,missing,missing,missing,$/ton biochar,Argentinapork_biochar
24587,0.027336,0.027336,0.027336,0.027336,0.027336,,,,423.8453016076125,289.7841406322052,254.3340962339937,248.21183263252934,245.5165696342206,SSP1,Upper CI,Argentina,biochar,slow pyrolysis,pork_biochar,missing,missing,missing,missing,missing,missing,missing,$/ton biochar,Argentinapork_biochar
24588,0.027239,0.027239,0.027239,0.027239,0.027239,,,,145.07491355719827,151.88547733738042,148.61302045481807,147.7635167525262,147.46907196060275,SSP1,Lower CI,Argentina,biochar,slow pyrolysis,poultry_biochar,missing,missing,missing,missing,missing,missing,missing,$/ton biochar,Argentinapoultry_biochar
24588,0.035239,0.035239,0.035239,0.035239,0.035239,,,,193.2335294117647,155.7105882352941,153.3270588235294,152.59235294117644,152.29470588235293,SSP1,Median,Argentina,biochar,slow pyrolysis,poultry_biochar,missing,missing,missing,missing,missing,missing,missing,$/ton biochar,Argentinapoultry_biochar
24588,0.027239,0.027239,0.027239,0.027239,0.027239,,,,329.644750308348,194.54440501556067,171.3053077185565,168.777659718062,167.84857509822078,SSP1,Upper CI,Argentina,biochar,slow pyrolysis,poultry_biochar,missing,missing,missing,missing,missing,missing,missing,$/ton biochar,Argentinapoultry_biochar
25353,0.02755,0.02755,0.02755,0.02755,0.02755,,,,153.5070151189251,149.22143388026026,145.8275970122414,145.5695964420825,145.45651208065172,SSP1,Lower CI,Colombia,biochar,slow pyrolysis,beef_biochar,missing,missing,missing,missing,missing,missing,missing,$/ton biochar,Colombiabeef_biochar
25353,0.03565,0.03565,0.03565,0.03565,0.03565,,,,156.72117647058823,151.76117647058823,150.82235294117646,150.59235294117644,150.50764705882352,SSP1,Median,Colombia,biochar,slow pyrolysis,beef_biochar,missing,missing,missing,missing,missing,missing,missing,$/ton biochar,Colombiabeef_biochar
25353,0.02755,0.02755,0.02755,0.02755,0.02755,,,,160.8297916037639,167.61440925699466,161.3283163004521,160.73380913067285,160.42101113916252,SSP1,Upper CI,Colombia,biochar,slow pyrolysis,beef_biochar,missing,missing,missing,missing,missing,missing,missing,$/ton biochar,Colombiabeef_biochar
25354,0.029725,0.029725,0.029725,0.029725,0.029725,,,,205.59863480963017,189.35188661781493,174.6019173981692,170.62595546766815,169.37776942922903,SSP1,Lower CI,Colombia,biochar,slow pyrolysis,dairy_biochar,missing,missing,missing,missing,missing,missing,missing,$/ton biochar,Colombiadairy_biochar
25354,0.038525,0.038525,0.038525,0.038525,0.038525,,,,233.45999999999998,195.48,179.70999999999998,174.6905882352941,174.0035294117647,SSP1,Median,Colombia,biochar,slow pyrolysis,dairy_biochar,missing,missing,missing,missing,missing,missing,missing,$/ton biochar,Colombiadairy_biochar
25354,0.029725,0.029725,0.029725,0.029725,0.029725,,,,253.74506266936143,227.99556436257726,203.93634885570074,199.54556156019564,197.79102314043047,SSP1,Upper CI,Colombia,biochar,slow pyrolysis,dairy_biochar,missing,missing,missing,missing,missing,missing,missing,$/ton biochar,Colombiadairy_biochar
25355,0.026255,0.026255,0.026255,0.026255,0.026255,,,,259.1766665950213,237.873632705337,222.3381603331177,217.20410290975994,214.9565184301989,SSP1,Lower CI,Colombia,biochar,slow pyrolysis,goat_biochar,missing,missing,missing,missing,missing,missing,missing,$/ton biochar,Colombiagoat_biochar
25355,0.034055,0.034055,0.034055,0.034055,0.034055,,,,287.37470588235294,248.9794117647059,233.05764705882348,227.5505882352941,225.29235294117643,SSP1,Median,Colombia,biochar,slow pyrolysis,goat_biochar,missing,missing,missing,missing,missing,missing,missing,$/ton biochar,Colombiagoat_biochar
25355,0.026255,0.026255,0.026255,0.026255,0.026255,,,,307.8161065142224,289.6831516083884,261.8643783665727,255.94475157940408,253.06007599704554,SSP1,Upper CI,Colombia,biochar,slow pyrolysis,goat_biochar,missing,missing,missing,missing,missing,missing,missing,$/ton biochar,Colombiagoat_biochar
25356,0.027336,0.027336,0.027336,0.027336,0.027336,,,,208.38395169498992,190.37228384447863,176.00025609882283,171.33124149387712,169.28830922562332,SSP1,Lower CI,Colombia,biochar,slow pyrolysis,pork_biochar,missing,missing,missing,missing,missing,missing,missing,$/ton biochar,Colombiapork_biochar
25356,0.035336,0.035336,0.035336,0.035336,0.035336,,,,236.6947058823529,198.44352941176467,182.66,177.31647058823526,175.12882352941176,SSP1,Median,Colombia,biochar,slow pyrolysis,pork_biochar,missing,missing,missing,missing,missing,missing,missing,$/ton biochar,Colombiapork_biochar
25356,0.027336,0.027336,0.027336,0.027336,0.027336,,,,256.9851239352621,231.04826517512905,205.783768668979,200.16231887763988,197.43633473722497,SSP1,Upper CI,Colombia,biochar,slow pyrolysis,pork_biochar,missing,missing,missing,missing,missing,missing,missing,$/ton biochar,Colombiapork_biochar
25357,0.027239,0.027239,0.027239,0.027239,0.027239,,,,151.59235033808824,147.3803364978125,144.03077793193245,143.78291632512858,143.67422805422038,SSP1,Lower CI,Colombia,biochar,slow pyrolysis,poultry_biochar,missing,missing,missing,missing,missing,missing,missing,$/ton biochar,Colombiapoultry_biochar
25357,0.035239,0.035239,0.035239,0.035239,0.035239,,,,154.52117647058822,149.8270588235294,148.95117647058822,148.73823529411763,148.6611764705882,SSP1,Median,Colombia,biochar,slow pyrolysis,poultry_biochar,missing,missing,missing,missing,missing,missing,missing,$/ton biochar,Colombiapoultry_biochar
25357,0.027239,0.027239,0.027239,0.027239,0.027239,,,,158.0121874770378,165.19299683552083,159.14594033432138,158.5860620030447,158.29481219345755,SSP1,Upper CI,Colombia,biochar,slow pyrolysis,poultry_biochar,missing,missing,missing,missing,missing,missing,missing,$/ton biochar,Colombiapoultry_biochar
